lat,lon,predicted_yield,predicted_lower,predicted_upper,productive_probability
5.046111478514725,-1.567917027872959,1.5538461538461539,0.0,2.5,0.6167967382452497
5.046111478514725,-1.5579170278729593,1.5538461538461539,0.0,2.5,0.6112817858638195
5.046111478514725,-1.5479170278729595,1.5538461538461539,0.0,2.5,0.6246513056411674
5.046111478514725,-1.5379170278729597,1.5538461538461539,0.0,2.5,0.6359391066015588
5.046111478514725,-1.52791702787296,1.5538461538461539,0.0,2.5,0.6504766335278235
5.046111478514725,-1.5179170278729601,1.5538461538461539,0.0,2.5,0.6513728470694209
5.046111478514725,-1.5079170278729603,1.5538461538461539,0.0,2.5,0.655934604920689
5.046111478514725,-1.4979170278729605,1.5538461538461539,0.0,2.5,0.6506486704029971
5.056111478514725,-1.567917027872959,1.5538461538461539,0.0,2.5,0.6169513403752295
5.056111478514725,-1.5579170278729593,1.5538461538461539,0.0,2.5,0.6181370726392134
5.056111478514725,-1.5479170278729595,1.5538461538461539,0.0,2.5,0.6095925901839752
5.056111478514725,-1.5379170278729597,1.5538461538461539,0.0,2.5,0.6045077363415065
5.056111478514725,-1.52791702787296,1.5538461538461539,0.0,2.5,0.6096823528381107
5.056111478514725,-1.5179170278729601,1.5538461538461539,0.0,2.5,0.6303229421164804
5.056111478514725,-1.5079170278729603,1.5538461538461539,0.0,2.5,0.6453836751920127
5.056111478514725,-1.4979170278729605,1.5538461538461539,0.0,2.5,0.6565459011247614
5.056111478514725,-1.4879170278729608,1.5538461538461539,0.0,2.5,0.6577204327777131
5.056111478514725,-1.477917027872961,1.5538461538461539,0.0,2.5,0.6541163460276237
5.056111478514725,-1.4679170278729612,1.5538461538461539,0.0,2.5,0.6531360641635416
5.056111478514725,-1.4579170278729614,1.5538461538461539,0.0,2.5,0.65007419544583
5.066111478514725,-1.567917027872959,1.5538461538461539,0.0,2.5,0.6135610744386878
5.066111478514725,-1.5579170278729593,1.5538461538461539,0.0,2.5,0.6107414580620265
5.066111478514725,-1.5479170278729595,1.5538461538461539,0.0,2.5,0.6172181474025751
5.066111478514725,-1.5379170278729597,1.5538461538461539,0.0,2.5,0.6056922457626331
5.066111478514725,-1.52791702787296,1.5538461538461539,0.0,2.5,0.5939743426892168
5.066111478514725,-1.5179170278729601,1.5538461538461539,0.0,2.5,0.5608135713084722
5.066111478514725,-1.5079170278729603,1.5538461538461539,0.0,2.5,0.567807918993955
5.066111478514725,-1.4979170278729605,1.5538461538461539,0.0,2.5,0.5662319280492285
5.066111478514725,-1.4879170278729608,1.5538461538461539,0.0,2.5,0.59695143817741
5.066111478514725,-1.477917027872961,1.5538461538461539,0.0,2.5,0.6337065660105028
5.066111478514725,-1.4679170278729612,1.5538461538461539,0.0,2.5,0.6386789146621936
5.066111478514725,-1.4579170278729614,1.5538461538461539,0.0,2.5,0.6403683280800696
5.066111478514725,-1.4479170278729616,1.5538461538461539,0.0,2.5,0.6531525709094436
5.066111478514725,-1.4379170278729618,1.5538461538461539,0.0,2.5,0.6427326341941616
5.066111478514725,-1.427917027872962,1.5538461538461539,0.0,2.5,0.6449738259065925
5.076111478514725,-1.567917027872959,1.5538461538461539,0.0,2.5,0.5706740694362574
5.076111478514725,-1.5579170278729593,1.5538461538461539,0.0,2.5,0.5877383205266214
5.076111478514725,-1.5479170278729595,1.5538461538461539,0.0,2.5,0.5851635091982137
5.076111478514725,-1.5379170278729597,1.5538461538461539,0.0,2.5,0.5828216658448153
5.076111478514725,-1.52791702787296,1.5538461538461539,0.0,2.5,0.5833718732840744
5.076111478514725,-1.5179170278729601,1.5538461538461539,0.0,2.5,0.5734230034400668
5.076111478514725,-1.5079170278729603,1.5538461538461539,0.0,2.5,0.5600742856016343
5.076111478514725,-1.4979170278729605,1.5538461538461539,0.0,2.5,0.5553324721693331
5.076111478514725,-1.4879170278729608,1.379413595041905,0.0,2.5,0.5585246501860828
5.076111478514725,-1.477917027872961,0.9440000000000001,0.0,2.5,0.5491572941704587
5.076111478514725,-1.4679170278729612,1.5538461538461539,0.0,2.5,0.5682294962310042
5.076111478514725,-1.4579170278729614,1.5538461538461539,0.0,2.5,0.5894235672759284
5.076111478514725,-1.4479170278729616,1.5538461538461539,0.0,2.5,0.6016031375026891
5.076111478514725,-1.4379170278729618,1.5538461538461539,0.0,2.5,0.6203331055341961
5.076111478514725,-1.427917027872962,1.5538461538461539,0.0,2.5,0.6302629286385834
5.076111478514725,-1.4179170278729623,1.5538461538461539,0.0,2.5,0.6465535425552384
5.076111478514725,-1.4079170278729625,1.5538461538461539,0.0,2.5,0.6289317810217282
5.076111478514725,-1.3979170278729627,1.5538461538461539,0.0,2.5,0.6310960214317006
5.076111478514725,-1.387917027872963,1.5538461538461539,0.0,2.5,0.63000810050557
5.076111478514725,-1.377917027872963,1.5538461538461539,0.0,2.5,0.6198612969115653
5.076111478514725,-1.3679170278729633,1.5538461538461539,0.0,2.5,0.6223877531928989
5.086111478514725,-1.567917027872959,1.5538461538461539,0.0,2.5,0.5607705304567531
5.086111478514725,-1.5579170278729593,1.5538461538461539,0.0,2.5,0.5780713176140401
5.086111478514725,-1.5479170278729595,1.5538461538461539,0.0,2.5,0.5691017634982222
5.086111478514725,-1.5379170278729597,1.5538461538461539,0.0,2.5,0.576866121045403
5.086111478514725,-1.52791702787296,1.5538461538461539,0.0,2.5,0.5820578002176224
5.086111478514725,-1.5179170278729601,1.5538461538461539,0.0,2.5,0.5686967345156343
5.086111478514725,-1.5079170278729603,1.5538461538461539,0.0,2.5,0.5705724348704331
5.086111478514725,-1.4979170278729605,1.5538461538461539,0.0,2.5,0.5636453922440604
5.086111478514725,-1.4879170278729608,1.5285659943233987,0.0,2.5,0.5600820276781772
5.086111478514725,-1.477917027872961,0.9440000000000001,0.0,2.5,0.5571976346685582
5.086111478514725,-1.4679170278729612,0.9440000000000001,0.0,2.5,0.5458611520281209
5.086111478514725,-1.4579170278729614,1.1761500164830254,0.0,2.5,0.5472557098512499
5.086111478514725,-1.4479170278729616,1.5538461538461539,0.0,2.5,0.5672691291153916
5.086111478514725,-1.4379170278729618,1.5538461538461539,0.0,2.5,0.5896837588448857
5.086111478514725,-1.427917027872962,1.5538461538461539,0.0,2.5,0.5899057208567726
5.086111478514725,-1.4179170278729623,1.5538461538461539,0.0,2.5,0.5979029014719263
5.086111478514725,-1.4079170278729625,1.5538461538461539,0.0,2.5,0.6004387487288821
5.086111478514725,-1.3979170278729627,1.5538461538461539,0.0,2.5,0.6117584020341472
5.086111478514725,-1.387917027872963,1.5538461538461539,0.0,2.5,0.5967139507050176
5.086111478514725,-1.377917027872963,1.5538461538461539,0.0,2.5,0.629344835146842
5.086111478514725,-1.3679170278729633,1.5538461538461539,0.0,2.5,0.6360617200139964
5.086111478514725,-1.3579170278729635,1.5538461538461539,0.0,2.5,0.6363196157279027
5.096111478514724,-1.567917027872959,1.5538461538461539,0.0,2.5,0.5405713415067329
5.096111478514724,-1.5579170278729593,1.5538461538461539,0.0,2.5,0.5506324885042763
5.096111478514724,-1.5479170278729595,1.5538461538461539,0.0,2.5,0.5490564996723876
5.096111478514724,-1.5379170278729597,1.5538461538461539,0.0,2.5,0.580083545009598
5.096111478514724,-1.52791702787296,1.5538461538461539,0.0,2.5,0.58302222490206
5.096111478514724,-1.5179170278729601,1.5538461538461539,0.0,2.5,0.5962584797537418
5.096111478514724,-1.5079170278729603,1.5538461538461539,0.0,2.5,0.616740154133805
5.096111478514724,-1.4979170278729605,1.5538461538461539,0.0,2.5,0.5996655421293714
5.096111478514724,-1.4879170278729608,1.5538461538461539,0.0,2.5,0.5897865981769915
5.096111478514724,-1.477917027872961,1.5538461538461539,0.0,2.5,0.5881378246827135
5.096111478514724,-1.4679170278729612,1.5538461538461539,0.0,2.5,0.583360411169283
5.096111478514724,-1.4579170278729614,1.5538461538461539,0.0,2.5,0.5546061443862379
5.096111478514724,-1.4479170278729616,0.9440000000000001,0.0,2.5,0.5444156340372412
5.096111478514724,-1.4379170278729618,1.5538461538461539,0.0,2.5,0.5407022264842656
5.096111478514724,-1.427917027872962,1.5538461538461539,0.0,2.5,0.5398470955611607
5.096111478514724,-1.4179170278729623,1.5538461538461539,0.0,2.5,0.5532651535236606
5.096111478514724,-1.4079170278729625,1.5538461538461539,0.0,2.5,0.597493214562952
5.096111478514724,-1.3979170278729627,1.5538461538461539,0.0,2.5,0.6087382668733237
5.096111478514724,-1.387917027872963,1.5538461538461539,0.0,2.5,0.5939459623590229
5.096111478514724,-1.377917027872963,1.5538461538461539,0.0,2.5,0.5984670717760372
5.096111478514724,-1.3679170278729633,1.5538461538461539,0.0,2.5,0.6038263334965502
5.096111478514724,-1.3579170278729635,1.5538461538461539,0.0,2.5,0.5940339372317912
5.096111478514724,-1.3479170278729637,1.5538461538461539,0.0,2.5,0.6005945533735313
5.096111478514724,-1.337917027872964,1.5538461538461539,0.0,2.5,0.6001272504568099
5.096111478514724,-1.3279170278729642,1.5538461538461539,0.0,2.5,0.6293204230576697
5.106111478514724,-1.567917027872959,1.5538461538461539,0.0,2.5,0.5290735955353528
5.106111478514724,-1.5579170278729593,1.5538461538461539,0.0,2.5,0.5483850719862581
5.106111478514724,-1.5479170278729595,1.5538461538461539,0.0,2.5,0.5648109214982057
5.106111478514724,-1.5379170278729597,1.5538461538461539,0.0,2.5,0.5982095066075103
5.106111478514724,-1.52791702787296,1.5538461538461539,0.0,2.5,0.6115696535879763
5.106111478514724,-1.5179170278729601,1.5538461538461539,0.0,2.5,0.6359910085802863
5.106111478514724,-1.5079170278729603,1.5538461538461539,0.0,2.5,0.636725535598054
5.106111478514724,-1.4979170278729605,1.5538461538461539,0.0,2.5,0.6331396676095293
5.106111478514724,-1.4879170278729608,1.5538461538461539,0.0,2.5,0.6354889388175085
5.106111478514724,-1.477917027872961,1.5538461538461539,0.0,2.5,0.6360046002796471
5.106111478514724,-1.4679170278729612,1.5538461538461539,0.0,2.5,0.6313225734227919
5.106111478514724,-1.4579170278729614,1.5538461538461539,0.0,2.5,0.6397590601449733
5.106111478514724,-1.4479170278729616,1.5538461538461539,0.0,2.5,0.6389131160413605
5.106111478514724,-1.4379170278729618,1.5538461538461539,0.0,2.5,0.60924989488701
5.106111478514724,-1.427917027872962,1.5538461538461539,0.0,2.5,0.6028808196512149
5.106111478514724,-1.4179170278729623,1.5538461538461539,0.0,2.5,0.5693636306805646
5.106111478514724,-1.4079170278729625,1.5538461538461539,0.0,2.5,0.5564029648752548
5.106111478514724,-1.3979170278729627,1.5538461538461539,0.0,2.5,0.5581775591798976
5.106111478514724,-1.387917027872963,1.5538461538461539,0.0,2.5,0.5907792418053637
5.106111478514724,-1.377917027872963,1.5538461538461539,0.0,2.5,0.6031434391098576
5.106111478514724,-1.3679170278729633,1.5538461538461539,0.0,2.5,0.6186115123957745
5.106111478514724,-1.3579170278729635,1.5538461538461539,0.0,2.5,0.62171030961985
5.106111478514724,-1.3479170278729637,1.5538461538461539,0.0,2.5,0.6253110576113544
5.106111478514724,-1.337917027872964,1.5538461538461539,0.0,2.5,0.6009403005428708
5.106111478514724,-1.3279170278729642,0.9440000000000001,0.0,2.5,0.5803276405554479
5.106111478514724,-1.3179170278729644,0.9440000000000001,0.0,2.5,0.5869863801723979
5.106111478514724,-1.3079170278729646,0.9440000000000001,0.0,2.5,0.6028236379106023
5.106111478514724,-1.2979170278729648,0.9440000000000001,0.0,2.5,0.6029065223654996
5.106111478514724,-1.287917027872965,0.9440000000000001,0.0,2.5,0.6022092434539349
5.106111478514724,-1.2779170278729652,0.9440000000000001,0.0,2.5,0.6046116895368003
5.106111478514724,-1.2679170278729655,0.9440000000000001,0.0,2.5,0.633825145268658
5.106111478514724,-1.2579170278729657,0.9440000000000001,0.0,2.5,0.592128731847765
5.106111478514724,-1.2479170278729659,0.9440000000000001,0.0,2.5,0.6359586329335044
5.106111478514724,-1.237917027872966,0.9440000000000001,0.0,2.5,0.6151240798578311
5.116111478514724,-1.567917027872959,1.5538461538461539,0.0,2.5,0.5504704779952514
5.116111478514724,-1.5579170278729593,1.5538461538461539,0.0,2.5,0.5707092666418059
5.116111478514724,-1.5479170278729595,1.5538461538461539,0.0,2.5,0.5982241644144638
5.116111478514724,-1.5379170278729597,1.5538461538461539,0.0,2.5,0.6268479434610942
5.116111478514724,-1.52791702787296,1.5538461538461539,0.0,2.5,0.6233118090700412
5.116111478514724,-1.5179170278729601,1.5538461538461539,0.0,2.5,0.6450042335269213
5.116111478514724,-1.5079170278729603,1.5538461538461539,0.0,2.5,0.6409001355004258
5.116111478514724,-1.4979170278729605,1.5538461538461539,0.0,2.5,0.641327170041325
5.116111478514724,-1.4879170278729608,1.5538461538461539,0.0,2.5,0.6402225532094842
5.116111478514724,-1.477917027872961,1.5538461538461539,0.0,2.5,0.630455628081211
5.116111478514724,-1.4679170278729612,1.5538461538461539,0.0,2.5,0.6284377786758829
5.116111478514724,-1.4579170278729614,1.5538461538461539,0.0,2.5,0.6345462267763163
5.116111478514724,-1.4479170278729616,1.5538461538461539,0.0,2.5,0.6290396002106755
5.116111478514724,-1.4379170278729618,1.5538461538461539,0.0,2.5,0.6344077843979457
5.116111478514724,-1.427917027872962,1.5538461538461539,0.0,2.5,0.6351399974955739
5.116111478514724,-1.4179170278729623,1.5538461538461539,0.0,2.5,0.6388621872720841
5.116111478514724,-1.4079170278729625,1.5538461538461539,0.0,2.5,0.6369391019089065
5.116111478514724,-1.3979170278729627,1.5538461538461539,0.0,2.5,0.6278542195240723
5.116111478514724,-1.387917027872963,1.5538461538461539,0.0,2.5,0.617966711210196
5.116111478514724,-1.377917027872963,1.5538461538461539,0.0,2.5,0.5873488020750987
5.116111478514724,-1.3679170278729633,1.5538461538461539,0.0,2.5,0.5815610218735009
5.116111478514724,-1.3579170278729635,1.5538461538461539,0.0,2.5,0.6121026128272683
5.116111478514724,-1.3479170278729637,1.5538461538461539,0.0,2.5,0.6391630180180453
5.116111478514724,-1.337917027872964,1.5538461538461539,0.0,2.5,0.6398547344544075
5.116111478514724,-1.3279170278729642,1.5538461538461539,0.0,2.5,0.643111155662003
5.116111478514724,-1.3179170278729644,1.325470895914462,0.0,2.5,0.6330046981769342
5.116111478514724,-1.3079170278729646,0.9440000000000001,0.0,2.5,0.5956848713214007
5.116111478514724,-1.2979170278729648,0.9440000000000001,0.0,2.5,0.5729700534496885
5.116111478514724,-1.287917027872965,0.9440000000000001,0.0,2.5,0.5619313977928058
5.116111478514724,-1.2779170278729652,0.9440000000000001,0.0,2.5,0.5824456625977537
5.116111478514724,-1.2679170278729655,0.9440000000000001,0.0,2.5,0.6182138366485274
5.116111478514724,-1.2579170278729657,0.9440000000000001,0.0,2.5,0.6518774193283906
5.116111478514724,-1.2479170278729659,0.9440000000000001,0.0,2.5,0.6363798811999141
5.116111478514724,-1.237917027872966,0.9440000000000001,0.0,2.5,0.6205079682535896
5.116111478514724,-1.2279170278729663,0.9440000000000001,0.0,2.5,0.6534739426576359
5.126111478514724,-1.567917027872959,1.5538461538461539,0.0,2.5,0.5738175797184178
5.126111478514724,-1.5579170278729593,1.5538461538461539,0.0,2.5,0.5838746680585607
5.126111478514724,-1.5479170278729595,1.5538461538461539,0.0,2.5,0.6128956554905233
5.126111478514724,-1.5379170278729597,1.5538461538461539,0.0,2.5,0.610158757348229
5.126111478514724,-1.52791702787296,1.5538461538461539,0.0,2.5,0.6078686897920742
5.126111478514724,-1.5179170278729601,1.5538461538461539,0.0,2.5,0.6178529840093318
5.126111478514724,-1.5079170278729603,1.5538461538461539,0.0,2.5,0.6241886093222692
5.126111478514724,-1.4979170278729605,1.5538461538461539,0.0,2.5,0.6297143956364671
5.126111478514724,-1.4879170278729608,1.5538461538461539,0.0,2.5,0.6333295715868518
5.126111478514724,-1.477917027872961,1.5538461538461539,0.0,2.5,0.629009672750971
5.126111478514724,-1.4679170278729612,1.5538461538461539,0.0,2.5,0.6356836316991232
5.126111478514724,-1.4579170278729614,1.5538461538461539,0.0,2.5,0.6350023823587592
5.126111478514724,-1.4479170278729616,1.5538461538461539,0.0,2.5,0.6331183280701308
5.126111478514724,-1.4379170278729618,1.5538461538461539,0.0,2.5,0.6192364285329449
5.126111478514724,-1.427917027872962,1.5538461538461539,0.0,2.5,0.6139486912519686
5.126111478514724,-1.4179170278729623,1.5538461538461539,0.0,2.5,0.6239057576946224
5.126111478514724,-1.4079170278729625,1.5538461538461539,0.0,2.5,0.6284097258142364
5.126111478514724,-1.3979170278729627,1.5538461538461539,0.0,2.5,0.6271494023426585
5.126111478514724,-1.387917027872963,1.5538461538461539,0.0,2.5,0.6216236751011707
5.126111478514724,-1.377917027872963,1.5538461538461539,0.0,2.5,0.6269944472313628
5.126111478514724,-1.3679170278729633,1.5538461538461539,0.0,2.5,0.6145734018007005
5.126111478514724,-1.3579170278729635,1.5538461538461539,0.0,2.5,0.6114023867985616
5.126111478514724,-1.3479170278729637,1.5538461538461539,0.0,2.5,0.6039867103925854
5.126111478514724,-1.337917027872964,1.5538461538461539,0.0,2.5,0.6232077768819831
5.126111478514724,-1.3279170278729642,1.5538461538461539,0.0,2.5,0.649325465453653
5.126111478514724,-1.3179170278729644,1.5538461538461539,0.0,2.5,0.6489835481931223
5.126111478514724,-1.3079170278729646,0.9440000000000001,0.0,2.5,0.6479867530406522
5.126111478514724,-1.2979170278729648,0.9440000000000001,0.0,2.5,0.6578787949914956
5.126111478514724,-1.287917027872965,0.9440000000000001,0.0,2.5,0.5679536777715619
5.126111478514724,-1.2779170278729652,0.9440000000000001,0.0,2.5,0.5817423678402307
5.126111478514724,-1.2679170278729655,0.9440000000000001,0.0,2.5,0.5638810147116052
5.126111478514724,-1.2579170278729657,0.9440000000000001,0.0,2.5,0.5859250034955537
5.126111478514724,-1.2479170278729659,0.9440000000000001,0.0,2.5,0.6067575160459989
5.126111478514724,-1.237917027872966,0.9440000000000001,0.0,2.5,0.6318802722957251
5.126111478514724,-1.2279170278729663,0.9440000000000001,0.0,2.5,0.6574691537958389
5.126111478514724,-1.2179170278729665,0.9440000000000001,0.0,2.5,0.6650666587198447
5.126111478514724,-1.2079170278729667,0.9440000000000001,0.0,2.5,0.6556777744718051
5.1361114785147235,-1.567917027872959,1.5538461538461539,0.0,2.5,0.5734217841068056
5.1361114785147235,-1.5579170278729593,1.5538461538461539,0.0,2.5,0.5974865744885584
5.1361114785147235,-1.5479170278729595,1.5538461538461539,0.0,2.5,0.5910041148522385
5.1361114785147235,-1.5379170278729597,1.5538461538461539,0.0,2.5,0.5971980970688845
5.1361114785147235,-1.52791702787296,1.5538461538461539,0.0,2.5,0.6055190237267675
5.1361114785147235,-1.5179170278729601,1.5538461538461539,0.0,2.5,0.5934989773834297
5.1361114785147235,-1.5079170278729603,1.5538461538461539,0.0,2.5,0.5665708074062779
5.1361114785147235,-1.4979170278729605,1.5538461538461539,0.0,2.5,0.5507450662384993
5.1361114785147235,-1.4879170278729608,1.5538461538461539,0.0,2.5,0.5659481274756304
5.1361114785147235,-1.477917027872961,0.9440000000000001,0.0,2.5,0.5609212348669259
5.1361114785147235,-1.4679170278729612,0.9440000000000001,0.0,2.5,0.5596394309153101
5.1361114785147235,-1.4579170278729614,1.5538461538461539,0.0,2.5,0.5697019381166922
5.1361114785147235,-1.4479170278729616,1.5538461538461539,0.0,2.5,0.6064189490597334
5.1361114785147235,-1.4379170278729618,1.5538461538461539,0.0,2.5,0.6174187352661002
5.1361114785147235,-1.427917027872962,1.5538461538461539,0.0,2.5,0.6210794444409771
5.1361114785147235,-1.4179170278729623,1.5538461538461539,0.0,2.5,0.6215639522406305
5.1361114785147235,-1.4079170278729625,1.5538461538461539,0.0,2.5,0.6236207978227313
5.1361114785147235,-1.3979170278729627,1.5538461538461539,0.0,2.5,0.613845948440358
5.1361114785147235,-1.387917027872963,1.5538461538461539,0.0,2.5,0.6234010909016647
5.1361114785147235,-1.377917027872963,1.5538461538461539,0.0,2.5,0.6252414257992879
5.1361114785147235,-1.3679170278729633,1.5538461538461539,0.0,2.5,0.6197570392844612
5.1361114785147235,-1.3579170278729635,1.5538461538461539,0.0,2.5,0.6206468902352338
5.1361114785147235,-1.3479170278729637,1.5538461538461539,0.0,2.5,0.6088135635111034
5.1361114785147235,-1.337917027872964,0.9440000000000001,0.0,2.5,0.5672033976815578
5.1361114785147235,-1.3279170278729642,0.9440000000000001,0.0,2.5,0.572469340682657
5.1361114785147235,-1.3179170278729644,0.9440000000000001,0.0,2.5,0.5641936941542958
5.1361114785147235,-1.3079170278729646,0.9440000000000001,0.0,2.5,0.5617704823616496
5.1361114785147235,-1.2979170278729648,0.9440000000000001,0.0,2.5,0.5869093077811812
5.1361114785147235,-1.287917027872965,0.9440000000000001,0.0,2.5,0.5140999977848062
5.1361114785147235,-1.2779170278729652,0.9440000000000001,0.0,2.5,0.5345048337659829
5.1361114785147235,-1.2679170278729655,0.9440000000000001,0.0,2.5,0.534101178730049
5.1361114785147235,-1.2579170278729657,0.9440000000000001,0.0,2.5,0.5746736938219252
5.1361114785147235,-1.2479170278729659,0.9440000000000001,0.0,2.5,0.601772879702836
5.1361114785147235,-1.237917027872966,0.9440000000000001,0.0,2.5,0.6286481841083607
5.1361114785147235,-1.2279170278729663,0.9440000000000001,0.0,2.5,0.6324261934534894
5.1361114785147235,-1.2179170278729665,0.9440000000000001,0.0,2.5,0.6310456839785885
5.1361114785147235,-1.2079170278729667,0.9440000000000001,0.0,2.5,0.6374151997985286
5.1361114785147235,-1.197917027872967,0.9440000000000001,0.0,2.5,0.6239938378815476
5.146111478514723,-1.5579170278729593,1.5538461538461539,0.0,2.5,0.5802537136947039
5.146111478514723,-1.5479170278729595,1.5538461538461539,0.0,2.5,0.5940768908424224
5.146111478514723,-1.5379170278729597,1.5538461538461539,0.0,2.5,0.5863321037855647
5.146111478514723,-1.52791702787296,1.5538461538461539,0.0,2.5,0.5342175711177322
5.146111478514723,-1.5179170278729601,1.5538461538461539,0.0,2.5,0.5310767594116025
5.146111478514723,-1.5079170278729603,1.4973052140931555,0.0,2.5,0.5332029054916365
5.146111478514723,-1.4979170278729605,0.9440000000000001,0.0,2.5,0.5300879242944768
5.146111478514723,-1.4879170278729608,0.9440000000000001,0.0,2.5,0.5253314417062527
5.146111478514723,-1.477917027872961,0.9440000000000001,0.0,2.5,0.5185076805812492
5.146111478514723,-1.4679170278729612,0.9440000000000001,0.0,2.5,0.5148047144485596
5.146111478514723,-1.4579170278729614,0.9440000000000001,0.0,2.5,0.5267634579552147
5.146111478514723,-1.4479170278729616,0.9440000000000001,0.0,2.5,0.5222743610602512
5.146111478514723,-1.4379170278729618,1.5538461538461539,0.0,2.5,0.5212278245146539
5.146111478514723,-1.427917027872962,1.5538461538461539,0.0,2.5,0.5210136735653289
5.146111478514723,-1.4179170278729623,1.5538461538461539,0.0,2.5,0.5296748792010288
5.146111478514723,-1.4079170278729625,1.5538461538461539,0.0,2.5,0.5598096157342483
5.146111478514723,-1.3979170278729627,1.5538461538461539,0.0,2.5,0.5722079409204652
5.146111478514723,-1.387917027872963,1.5538461538461539,0.0,2.5,0.5740019364490503
5.146111478514723,-1.377917027872963,1.5538461538461539,0.0,2.5,0.5708670929824881
5.146111478514723,-1.3679170278729633,1.5538461538461539,0.0,2.5,0.5676611156122365
5.146111478514723,-1.3579170278729635,1.5538461538461539,0.0,2.5,0.5676999579004771
5.146111478514723,-1.3479170278729637,1.5538461538461539,0.0,2.5,0.5722527200322147
5.146111478514723,-1.337917027872964,0.9440000000000001,0.0,2.5,0.5550531636016377
5.146111478514723,-1.3279170278729642,0.9440000000000001,0.0,2.5,0.5504174018559361
5.146111478514723,-1.3179170278729644,0.9440000000000001,0.0,2.5,0.532592997654968
5.146111478514723,-1.3079170278729646,0.9440000000000001,0.0,2.5,0.5047804591552733
5.146111478514723,-1.2979170278729648,0.9440000000000001,0.0,2.5,0.49474598442727813
5.146111478514723,-1.287917027872965,0.9440000000000001,0.0,2.5,0.5062488841245865
5.146111478514723,-1.2779170278729652,0.9440000000000001,0.0,2.5,0.5167537674838927
5.146111478514723,-1.2679170278729655,0.9440000000000001,0.0,2.5,0.5301712439557131
5.146111478514723,-1.2579170278729657,0.9440000000000001,0.0,2.5,0.5707683873262125
5.146111478514723,-1.2479170278729659,0.9440000000000001,0.0,2.5,0.6095776640715828
5.146111478514723,-1.237917027872966,0.9440000000000001,0.0,2.5,0.6192509965839156
5.146111478514723,-1.2279170278729663,0.9440000000000001,0.0,2.5,0.6251073473499046
5.146111478514723,-1.2179170278729665,0.9440000000000001,0.0,2.5,0.6296692144256433
5.146111478514723,-1.2079170278729667,0.9440000000000001,0.0,2.5,0.6260956795050023
5.146111478514723,-1.197917027872967,0.9440000000000001,0.0,2.5,0.624895211142088
5.146111478514723,-1.1879170278729672,0.9440000000000001,0.0,2.5,0.6422598142838574
5.146111478514723,-1.1779170278729674,0.9440000000000001,0.0,2.5,0.6321937768272035
5.146111478514723,-1.1679170278729676,0.9440000000000001,0.0,2.5,0.6183047082351539
5.156111478514723,-1.5379170278729597,1.5538461538461539,0.0,2.5,0.5620381876115705
5.156111478514723,-1.52791702787296,1.5538461538461539,0.0,2.5,0.5378775249270459
5.156111478514723,-1.5179170278729601,1.5538461538461539,0.0,2.5,0.5286213463960086
5.156111478514723,-1.5079170278729603,0.9440000000000001,0.0,2.5,0.52541636679766
5.156111478514723,-1.4979170278729605,0.9440000000000001,0.0,2.5,0.5197307090025373
5.156111478514723,-1.4879170278729608,0.9440000000000001,0.0,2.5,0.514555454112079
5.156111478514723,-1.477917027872961,0.9440000000000001,0.0,2.5,0.5134063190238006
5.156111478514723,-1.4679170278729612,0.9440000000000001,0.0,2.5,0.4955685221150885
5.156111478514723,-1.4579170278729614,0.9440000000000001,0.0,2.5,0.48727158130808834
5.156111478514723,-1.4479170278729616,0.9440000000000001,0.0,2.5,0.5048382772623984
5.156111478514723,-1.4379170278729618,1.4170176194007218,0.0,2.5,0.5190434763818667
5.156111478514723,-1.427917027872962,1.5538461538461539,0.0,2.5,0.5114303983845143
5.156111478514723,-1.4179170278729623,1.5538461538461539,0.0,2.5,0.5118018314662258
5.156111478514723,-1.4079170278729625,1.5538461538461539,0.0,2.5,0.5124513224119637
5.156111478514723,-1.3979170278729627,1.5538461538461539,0.0,2.5,0.52107954647725
5.156111478514723,-1.387917027872963,1.5538461538461539,0.0,2.5,0.5176311987587158
5.156111478514723,-1.377917027872963,0.9440000000000001,0.0,2.5,0.507670895968151
5.156111478514723,-1.3679170278729633,0.9440000000000001,0.0,2.5,0.5122397355845477
5.156111478514723,-1.3579170278729635,0.9440000000000001,0.0,2.5,0.511249192146546
5.156111478514723,-1.3479170278729637,0.9440000000000001,0.0,2.5,0.5173634903586084
5.156111478514723,-1.337917027872964,0.9440000000000001,0.0,2.5,0.5224463539741723
5.156111478514723,-1.3279170278729642,0.9440000000000001,0.0,2.5,0.5423574955542669
5.156111478514723,-1.3179170278729644,0.9440000000000001,0.0,2.5,0.5470920304694532
5.156111478514723,-1.3079170278729646,0.9440000000000001,0.0,2.5,0.5414712643116458
5.156111478514723,-1.2979170278729648,0.9440000000000001,0.0,2.5,0.49129963436934665
5.156111478514723,-1.287917027872965,0.9440000000000001,0.0,2.5,0.5031208224447422
5.156111478514723,-1.2779170278729652,0.9440000000000001,0.0,2.5,0.5174492389907941
5.156111478514723,-1.2679170278729655,0.9440000000000001,0.0,2.5,0.5503016185922487
5.156111478514723,-1.2579170278729657,0.9440000000000001,0.0,2.5,0.6146135999959228
5.156111478514723,-1.2479170278729659,0.9440000000000001,0.0,2.5,0.622519830524912
5.156111478514723,-1.237917027872966,0.9440000000000001,0.0,2.5,0.605162765507163
5.156111478514723,-1.2279170278729663,0.9440000000000001,0.0,2.5,0.5879412886132198
5.156111478514723,-1.2179170278729665,0.9440000000000001,0.0,2.5,0.603564990938385
5.156111478514723,-1.2079170278729667,0.9440000000000001,0.0,2.5,0.6056642491492379
5.156111478514723,-1.197917027872967,0.9440000000000001,0.0,2.5,0.6024628043213827
5.156111478514723,-1.1879170278729672,0.9440000000000001,0.0,2.5,0.5994469443116607
5.156111478514723,-1.1779170278729674,0.9440000000000001,0.0,2.5,0.6204442027011642
5.156111478514723,-1.1679170278729676,0.9440000000000001,0.0,2.5,0.62572960943422
5.156111478514723,-1.1579170278729678,0.9440000000000001,0.0,2.5,0.6042681283249183
5.166111478514723,-1.52791702787296,1.5538461538461539,0.0,2.5,0.5770191438325645
5.166111478514723,-1.5179170278729601,1.5538461538461539,0.0,2.5,0.5209437717190212
5.166111478514723,-1.5079170278729603,0.9821384851257848,0.0,2.5,0.527775135810044
5.166111478514723,-1.4979170278729605,0.9440000000000001,0.0,2.5,0.5257498538706503
5.166111478514723,-1.4879170278729608,0.9440000000000001,0.0,2.5,0.5132589534192491
5.166111478514723,-1.477917027872961,0.9440000000000001,0.0,2.5,0.5118094832102658
5.166111478514723,-1.4679170278729612,0.9440000000000001,0.0,2.5,0.5000735640374058
5.166111478514723,-1.4579170278729614,0.9440000000000001,0.0,2.5,0.49045146265824147
5.166111478514723,-1.4479170278729616,0.9440000000000001,0.0,2.5,0.48660029910179425
5.166111478514723,-1.4379170278729618,0.9440000000000001,0.0,2.5,0.4859413378765372
5.166111478514723,-1.427917027872962,1.1796966539464884,0.0,2.5,0.4834345139427317
5.166111478514723,-1.4179170278729623,1.5538461538461539,0.0,2.5,0.4805583543798597
5.166111478514723,-1.4079170278729625,1.5538461538461539,0.0,2.5,0.4851911572815759
5.166111478514723,-1.3979170278729627,1.337257939812246,0.0,2.5,0.49055675535844556
5.166111478514723,-1.387917027872963,1.5538461538461539,0.0,2.5,0.5140329801430199
5.166111478514723,-1.377917027872963,1.5538461538461539,0.0,2.5,0.5219059409874586
5.166111478514723,-1.3679170278729633,1.2703289281375831,0.0,2.5,0.5191178767213274
5.166111478514723,-1.3579170278729635,0.9440000000000001,0.0,2.5,0.5171791012111232
5.166111478514723,-1.3479170278729637,0.9440000000000001,0.0,2.5,0.521828815982886
5.166111478514723,-1.337917027872964,0.9440000000000001,0.0,2.5,0.5274283220228767
5.166111478514723,-1.3279170278729642,0.9440000000000001,0.0,2.5,0.532186478762791
5.166111478514723,-1.3179170278729644,0.9440000000000001,0.0,2.5,0.5419566134523635
5.166111478514723,-1.3079170278729646,0.9440000000000001,0.0,2.5,0.5447082594076816
5.166111478514723,-1.2979170278729648,0.9440000000000001,0.0,2.5,0.4849749624113572
5.166111478514723,-1.287917027872965,0.9440000000000001,0.0,2.5,0.49479215709535446
5.166111478514723,-1.2779170278729652,0.9440000000000001,0.0,2.5,0.5127192470141042
5.166111478514723,-1.2679170278729655,0.9440000000000001,0.0,2.5,0.5153973872025479
5.166111478514723,-1.2579170278729657,0.9440000000000001,0.0,2.5,0.5290496405973903
5.166111478514723,-1.2479170278729659,0.9440000000000001,0.0,2.5,0.6131963664468094
5.166111478514723,-1.237917027872966,0.9440000000000001,0.0,2.5,0.6129469333292561
5.166111478514723,-1.2279170278729663,0.9440000000000001,0.0,2.5,0.5934382698053499
5.166111478514723,-1.2179170278729665,0.9440000000000001,0.0,2.5,0.5805141126784218
5.166111478514723,-1.2079170278729667,0.9440000000000001,0.0,2.5,0.5776485456175878
5.166111478514723,-1.197917027872967,0.9440000000000001,0.0,2.5,0.5953579874928693
5.166111478514723,-1.1879170278729672,0.9440000000000001,0.0,2.5,0.5859445328174877
5.166111478514723,-1.1779170278729674,0.9440000000000001,0.0,2.5,0.5894899361340386
5.166111478514723,-1.1679170278729676,0.9440000000000001,0.0,2.5,0.5964360332908684
5.166111478514723,-1.1579170278729678,0.9440000000000001,0.0,2.5,0.6133878550164547
5.166111478514723,-1.147917027872968,0.9440000000000001,0.0,2.5,0.6063244167918109
5.166111478514723,-1.1379170278729682,0.9440000000000001,0.0,2.5,0.5687900374196605
5.176111478514723,-1.5079170278729603,1.4924906913099107,0.0,2.5,0.5329112300138569
5.176111478514723,-1.4979170278729605,1.5029393475099,0.0,2.5,0.5363811996842047
5.176111478514723,-1.4879170278729608,0.9440000000000001,0.0,2.5,0.5346208767200307
5.176111478514723,-1.477917027872961,0.9440000000000001,0.0,2.5,0.5295528647174925
5.176111478514723,-1.4679170278729612,0.9440000000000001,0.0,2.5,0.51182843439273
5.176111478514723,-1.4579170278729614,0.9440000000000001,0.0,2.5,0.4954280421933558
5.176111478514723,-1.4479170278729616,0.9440000000000001,0.0,2.5,0.49991935448244673
5.176111478514723,-1.4379170278729618,0.9440000000000001,0.0,2.5,0.499755341399332
5.176111478514723,-1.427917027872962,1.5538461538461539,0.0,2.5,0.4943945138506725
5.176111478514723,-1.4179170278729623,1.5538461538461539,0.0,2.5,0.5011755477093538
5.176111478514723,-1.4079170278729625,1.5538461538461539,0.0,2.5,0.5073020299227926
5.176111478514723,-1.3979170278729627,1.5538461538461539,0.0,2.5,0.5047415744119935
5.176111478514723,-1.387917027872963,1.5538461538461539,0.0,2.5,0.5065856576657249
5.176111478514723,-1.377917027872963,1.5538461538461539,0.0,2.5,0.5173416220644558
5.176111478514723,-1.3679170278729633,1.5538461538461539,0.0,2.5,0.5389434802243988
5.176111478514723,-1.3579170278729635,1.5538461538461539,0.0,2.5,0.5615226015365287
5.176111478514723,-1.3479170278729637,1.5538461538461539,0.0,2.5,0.5730594492923421
5.176111478514723,-1.337917027872964,1.5538461538461539,0.0,2.5,0.5782157150446252
5.176111478514723,-1.3279170278729642,1.5538461538461539,0.0,2.5,0.5747616295515304
5.176111478514723,-1.3179170278729644,0.9440000000000001,0.0,2.5,0.5599278979157843
5.176111478514723,-1.3079170278729646,0.9440000000000001,0.0,2.5,0.5645740852188151
5.176111478514723,-1.2979170278729648,0.9440000000000001,0.0,2.5,0.47957728893054746
5.176111478514723,-1.287917027872965,0.9440000000000001,0.0,2.5,0.450126319758893
5.176111478514723,-1.2779170278729652,0.9440000000000001,0.0,2.5,0.47151587326325883
5.176111478514723,-1.2679170278729655,0.9440000000000001,0.0,2.5,0.4747715450522377
5.176111478514723,-1.2579170278729657,0.9440000000000001,0.0,2.5,0.48802690812061067
5.176111478514723,-1.2479170278729659,0.9440000000000001,0.0,2.5,0.4977758028641122
5.176111478514723,-1.237917027872966,0.9440000000000001,0.0,2.5,0.518932942428767
5.176111478514723,-1.2279170278729663,0.9440000000000001,0.0,2.5,0.5681573683003829
5.176111478514723,-1.2179170278729665,0.9440000000000001,0.0,2.5,0.5731975904155857
5.176111478514723,-1.2079170278729667,0.9440000000000001,0.0,2.5,0.5750677505120191
5.176111478514723,-1.197917027872967,0.9440000000000001,0.0,2.5,0.5708253600095206
5.176111478514723,-1.1879170278729672,0.9440000000000001,0.0,2.5,0.5852410396203066
5.176111478514723,-1.1779170278729674,0.9440000000000001,0.0,2.5,0.5745483726341072
5.176111478514723,-1.1679170278729676,0.9440000000000001,0.0,2.5,0.5786332994523663
5.176111478514723,-1.1579170278729678,0.9440000000000001,0.0,2.5,0.5805817051953831
5.176111478514723,-1.147917027872968,0.9440000000000001,0.0,2.5,0.5115076171891405
5.176111478514723,-1.1379170278729682,0.9440000000000001,0.0,2.5,0.5108751712909216
5.176111478514723,-1.1279170278729684,0.9440000000000001,0.0,2.5,0.5254840067037108
5.176111478514723,-1.1179170278729686,0.9440000000000001,0.0,2.5,0.5441332649192572
5.186111478514722,-1.4879170278729608,0.9440000000000001,0.0,2.5,0.5286219226737117
5.186111478514722,-1.477917027872961,0.9440000000000001,0.0,2.5,0.5331839783116572
5.186111478514722,-1.4679170278729612,0.9440000000000001,0.0,2.5,0.5363676213176478
5.186111478514722,-1.4579170278729614,0.9440000000000001,0.0,2.5,0.5277893840527459
5.186111478514722,-1.4479170278729616,1.2493224078526055,0.0,2.5,0.518789781266838
5.186111478514722,-1.4379170278729618,1.5538461538461539,0.0,2.5,0.5223721759082939
5.186111478514722,-1.427917027872962,1.5538461538461539,0.0,2.5,0.5263473925875336
5.186111478514722,-1.4179170278729623,1.5538461538461539,0.0,2.5,0.5401523241686834
5.186111478514722,-1.4079170278729625,1.5538461538461539,0.0,2.5,0.5655615566523655
5.186111478514722,-1.3979170278729627,1.5538461538461539,0.0,2.5,0.5632281975728832
5.186111478514722,-1.387917027872963,1.5538461538461539,0.0,2.5,0.5563693090475839
5.186111478514722,-1.377917027872963,1.5538461538461539,0.0,2.5,0.554800165696992
5.186111478514722,-1.3679170278729633,1.5538461538461539,0.0,2.5,0.553323022063691
5.186111478514722,-1.3579170278729635,1.5538461538461539,0.0,2.5,0.5572484317087947
5.186111478514722,-1.3479170278729637,1.5538461538461539,0.0,2.5,0.5516917300896845
5.186111478514722,-1.337917027872964,1.5538461538461539,0.0,2.5,0.5538730986222451
5.186111478514722,-1.3279170278729642,1.5538461538461539,0.0,2.5,0.5563680530208065
5.186111478514722,-1.3179170278729644,1.4671290309014278,0.0,2.5,0.5644569890982218
5.186111478514722,-1.3079170278729646,0.9440000000000001,0.0,2.5,0.5633438842294826
5.186111478514722,-1.2979170278729648,0.9440000000000001,0.0,2.5,0.4763792747107965
5.186111478514722,-1.287917027872965,0.9440000000000001,0.0,2.5,0.4199432999384308
5.186111478514722,-1.2779170278729652,0.9440000000000001,0.0,2.5,0.4227933526525648
5.186111478514722,-1.2679170278729655,0.930389096489844,0.0,2.5,0.40521670635875034
5.186111478514722,-1.2579170278729657,0.9440000000000001,0.0,2.5,0.44261473287245195
5.186111478514722,-1.2479170278729659,0.9440000000000001,0.0,2.5,0.4953033108792839
5.186111478514722,-1.237917027872966,0.9440000000000001,0.0,2.5,0.48208108729707305
5.186111478514722,-1.2279170278729663,0.9440000000000001,0.0,2.5,0.4952989178340338
5.186111478514722,-1.2179170278729665,0.9440000000000001,0.0,2.5,0.48837915225817086
5.186111478514722,-1.2079170278729667,0.9440000000000001,0.0,2.5,0.5401644626223828
5.186111478514722,-1.197917027872967,0.9440000000000001,0.0,2.5,0.5440018352319858
5.186111478514722,-1.1879170278729672,0.9440000000000001,0.0,2.5,0.5195916548572901
5.186111478514722,-1.1779170278729674,0.9440000000000001,0.0,2.5,0.5256150711940789
5.186111478514722,-1.1679170278729676,0.9440000000000001,0.0,2.5,0.559934061308251
5.186111478514722,-1.1579170278729678,0.9440000000000001,0.0,2.5,0.5414878523693459
5.186111478514722,-1.147917027872968,0.9440000000000001,0.0,2.5,0.4947256667868247
5.186111478514722,-1.1379170278729682,0.9440000000000001,0.0,2.5,0.47454273706116046
5.186111478514722,-1.1279170278729684,0.9440000000000001,0.0,2.5,0.5546694714965383
5.186111478514722,-1.1179170278729686,0.9440000000000001,0.0,2.5,0.5460230821802796
5.186111478514722,-1.1079170278729689,0.9440000000000001,0.0,2.5,0.5359348387634505
5.196111478514722,-1.477917027872961,0.9440000000000001,0.0,2.5,0.5427938441364188
5.196111478514722,-1.4679170278729612,0.9440000000000001,0.0,2.5,0.5379141710858232
5.196111478514722,-1.4579170278729614,1.5538461538461539,0.0,2.5,0.5388880500630974
5.196111478514722,-1.4479170278729616,1.5538461538461539,0.0,2.5,0.5395840919311503
5.196111478514722,-1.4379170278729618,1.5538461538461539,0.0,2.5,0.5415726399198579
5.196111478514722,-1.427917027872962,1.5538461538461539,0.0,2.5,0.5501873171923601
5.196111478514722,-1.4179170278729623,1.5538461538461539,0.0,2.5,0.5364595272587307
5.196111478514722,-1.4079170278729625,1.5538461538461539,0.0,2.5,0.5331261939253973
5.196111478514722,-1.3979170278729627,1.5538461538461539,0.0,2.5,0.5313533505353942
5.196111478514722,-1.387917027872963,1.5538461538461539,0.0,2.5,0.5332075999179229
5.196111478514722,-1.377917027872963,1.5538461538461539,0.0,2.5,0.5491560103170717
5.196111478514722,-1.3679170278729633,1.5538461538461539,0.0,2.5,0.552380475435341
5.196111478514722,-1.3579170278729635,1.5538461538461539,0.0,2.5,0.5510590095007811
5.196111478514722,-1.3479170278729637,1.5538461538461539,0.0,2.5,0.5551081416052001
5.196111478514722,-1.337917027872964,1.5538461538461539,0.0,2.5,0.5639207992958478
5.196111478514722,-1.3279170278729642,1.5538461538461539,0.0,2.5,0.555827667549822
5.196111478514722,-1.3179170278729644,1.5538461538461539,0.0,2.5,0.5569509296221585
5.196111478514722,-1.3079170278729646,0.9440000000000001,0.0,2.5,0.5451788061901404
5.196111478514722,-1.2979170278729648,0.9440000000000001,0.0,2.5,0.42800730415254085
5.196111478514722,-1.287917027872965,0.9440000000000001,0.0,2.5,0.4066167878226845
5.196111478514722,-1.2779170278729652,0.9440000000000001,0.0,2.5,0.39906332475287604
5.196111478514722,-1.2679170278729655,0.9440000000000001,0.0,2.5,0.4430886314109555
5.196111478514722,-1.2579170278729657,0.9440000000000001,0.0,2.5,0.45015331009058884
5.196111478514722,-1.2479170278729659,0.9440000000000001,0.0,2.5,0.4643200237069512
5.196111478514722,-1.237917027872966,0.9440000000000001,0.0,2.5,0.4253055518113584
5.196111478514722,-1.2279170278729663,0.9440000000000001,0.0,2.5,0.4216539901532029
5.196111478514722,-1.2179170278729665,0.9440000000000001,0.0,2.5,0.4650280777580785
5.196111478514722,-1.2079170278729667,0.9440000000000001,0.0,2.5,0.49677556245624477
5.196111478514722,-1.197917027872967,0.9440000000000001,0.0,2.5,0.4887898357201854
5.196111478514722,-1.1879170278729672,0.9440000000000001,0.0,2.5,0.5276958527790905
5.196111478514722,-1.1779170278729674,0.9440000000000001,0.0,2.5,0.5313100175588388
5.196111478514722,-1.1679170278729676,0.9440000000000001,0.0,2.5,0.504443297452142
5.196111478514722,-1.1579170278729678,0.9440000000000001,0.0,2.5,0.49216567111810794
5.196111478514722,-1.147917027872968,0.9440000000000001,0.0,2.5,0.4766689207121445
5.196111478514722,-1.1379170278729682,0.9440000000000001,0.0,2.5,0.4827379729345077
5.196111478514722,-1.1279170278729684,0.9440000000000001,0.0,2.5,0.5431136305352385
5.196111478514722,-1.1179170278729686,0.9440000000000001,0.0,2.5,0.5343300800537759
5.196111478514722,-1.1079170278729689,0.9440000000000001,0.0,2.5,0.527258583514296
5.196111478514722,-1.097917027872969,0.9440000000000001,0.0,2.5,0.5356644040716031
5.196111478514722,-1.0879170278729693,0.9440000000000001,0.0,2.5,0.535130130966061
5.196111478514722,-1.0779170278729695,0.9440000000000001,0.0,2.5,0.5377235241650056
5.196111478514722,-1.0679170278729697,0.9440000000000001,0.0,2.5,0.540184828188119
5.206111478514722,-1.4579170278729614,0.9440000000000001,0.0,2.5,0.5268560037120315
5.206111478514722,-1.4479170278729616,0.9440000000000001,0.0,2.5,0.5072218866131765
5.206111478514722,-1.4379170278729618,1.2386429740313762,0.0,2.5,0.495048438133574
5.206111478514722,-1.427917027872962,1.5538461538461539,0.0,2.5,0.4790412270776007
5.206111478514722,-1.4179170278729623,1.5538461538461539,0.0,2.5,0.48256652063510774
5.206111478514722,-1.4079170278729625,1.5538461538461539,0.0,2.5,0.47267213869613517
5.206111478514722,-1.3979170278729627,1.434631231169267,0.0,2.5,0.4717905928931767
5.206111478514722,-1.387917027872963,0.9440000000000001,0.0,2.5,0.4622767197612669
5.206111478514722,-1.377917027872963,0.9440000000000001,0.0,2.5,0.4679235688261712
5.206111478514722,-1.3679170278729633,0.9440000000000001,0.0,2.5,0.4668741484046747
5.206111478514722,-1.3579170278729635,0.9440000000000001,0.0,2.5,0.4616847931270368
5.206111478514722,-1.3479170278729637,0.9440000000000001,0.0,2.5,0.4589171909045052
5.206111478514722,-1.337917027872964,0.9440000000000001,0.0,2.5,0.46161690396605887
5.206111478514722,-1.3279170278729642,0.9440000000000001,0.0,2.5,0.4679557638461604
5.206111478514722,-1.3179170278729644,0.9440000000000001,0.0,2.5,0.4806417430949826
5.206111478514722,-1.3079170278729646,0.9440000000000001,0.0,2.5,0.4239898259862181
5.206111478514722,-1.2979170278729648,0.9440000000000001,0.0,2.5,0.41719347707841775
5.206111478514722,-1.287917027872965,0.9440000000000001,0.0,2.5,0.4256901171658268
5.206111478514722,-1.2779170278729652,0.9440000000000001,0.0,2.5,0.42399026477257495
5.206111478514722,-1.2679170278729655,0.9440000000000001,0.0,2.5,0.4616649740491372
5.206111478514722,-1.2579170278729657,0.9440000000000001,0.0,2.5,0.46226747575786853
5.206111478514722,-1.2479170278729659,0.9440000000000001,0.0,2.5,0.4774715764667682
5.206111478514722,-1.237917027872966,0.9440000000000001,0.0,2.5,0.4738563334508946
5.206111478514722,-1.2279170278729663,0.9440000000000001,0.0,2.5,0.47968585748101117
5.206111478514722,-1.2179170278729665,0.9440000000000001,0.0,2.5,0.4643372673509045
5.206111478514722,-1.2079170278729667,0.9440000000000001,0.0,2.5,0.42331136950574205
5.206111478514722,-1.197917027872967,0.9440000000000001,0.0,2.5,0.43640767025086374
5.206111478514722,-1.1879170278729672,0.9440000000000001,0.0,2.5,0.438850622620562
5.206111478514722,-1.1779170278729674,0.9440000000000001,0.0,2.5,0.4792852349628896
5.206111478514722,-1.1679170278729676,0.9440000000000001,0.0,2.5,0.518918688185445
5.206111478514722,-1.1579170278729678,0.9440000000000001,0.0,2.5,0.519010295253239
5.206111478514722,-1.147917027872968,0.9440000000000001,0.0,2.5,0.4817184790563775
5.206111478514722,-1.1379170278729682,0.9440000000000001,0.0,2.5,0.45988739744805834
5.206111478514722,-1.1279170278729684,0.9440000000000001,0.0,2.5,0.48700591149636313
5.206111478514722,-1.1179170278729686,0.9440000000000001,0.0,2.5,0.5351947557722053
5.206111478514722,-1.1079170278729689,0.9440000000000001,0.0,2.5,0.5161533587529351
5.206111478514722,-1.097917027872969,0.9440000000000001,0.0,2.5,0.5277165954988795
5.206111478514722,-1.0879170278729693,0.9440000000000001,0.0,2.5,0.531179471406594
5.206111478514722,-1.0779170278729695,0.9440000000000001,0.0,2.5,0.535737195819795
5.206111478514722,-1.0679170278729697,0.9440000000000001,0.0,2.5,0.5393383820887451
5.206111478514722,-1.05791702787297,0.9440000000000001,0.0,2.5,0.5386209257529156
5.206111478514722,-1.0479170278729701,0.9440000000000001,0.0,2.5,0.5451114181218627
5.206111478514722,-1.0379170278729704,0.9440000000000001,0.0,2.5,0.5367370759103057
5.206111478514722,-1.0279170278729706,0.9440000000000001,0.0,2.5,0.5367379129433999
5.206111478514722,-1.0179170278729708,0.9440000000000001,0.0,2.5,0.5374632137435429
5.206111478514722,-1.007917027872971,1.5538461538461539,0.0,2.5,0.5803874886042032
5.206111478514722,-0.9979170278729712,1.5538461538461539,0.0,2.5,0.6157562120403964
5.206111478514722,-0.9879170278729714,1.5538461538461539,0.0,2.5,0.6194514401525186
5.206111478514722,-0.9779170278729716,1.5538461538461539,0.0,2.5,0.6243541978882314
5.206111478514722,-0.9679170278729718,1.5538461538461539,0.0,2.5,0.6135647123301311
5.206111478514722,-0.9579170278729721,1.5538461538461539,0.0,2.5,0.6458494989716101
5.206111478514722,-0.9479170278729723,1.5538461538461539,0.0,2.5,0.5996040559163991
5.206111478514722,-0.9379170278729725,1.5538461538461539,0.0,2.5,0.6205862333186799
5.206111478514722,-0.9279170278729727,1.5538461538461539,0.0,2.5,0.6140725408380078
5.206111478514722,-0.9179170278729729,1.5538461538461539,0.0,2.5,0.6544518232288425
5.206111478514722,-0.9079170278729731,1.5538461538461539,0.0,2.5,0.6457355018703086
5.206111478514722,-0.8979170278729733,1.5538461538461539,0.0,2.5,0.6407965402047866
5.206111478514722,-0.8879170278729736,1.5538461538461539,0.0,2.5,0.6432648946351665
5.206111478514722,-0.8779170278729738,1.5538461538461539,0.0,2.5,0.6424632068714534
5.206111478514722,-0.867917027872974,1.5538461538461539,0.0,2.5,0.6424632068714534
5.206111478514722,-0.8579170278729742,1.5538461538461539,0.0,2.5,0.6424632068714534
5.216111478514722,-1.4479170278729616,1.5538461538461539,0.0,2.5,0.5693290091730326
5.216111478514722,-1.4379170278729618,1.5538461538461539,0.0,2.5,0.5929764348358486
5.216111478514722,-1.427917027872962,1.5538461538461539,0.0,2.5,0.5300536918870936
5.216111478514722,-1.4179170278729623,1.5538461538461539,0.0,2.5,0.52569725824326
5.216111478514722,-1.4079170278729625,1.5538461538461539,0.0,2.5,0.5142113943655
5.216111478514722,-1.3979170278729627,1.5538461538461539,0.0,2.5,0.5225617502468621
5.216111478514722,-1.387917027872963,1.5538461538461539,0.0,2.5,0.5152740760022209
5.216111478514722,-1.377917027872963,1.5538461538461539,0.0,2.5,0.5055546957920235
5.216111478514722,-1.3679170278729633,1.5538461538461539,0.0,2.5,0.5008289740612856
5.216111478514722,-1.3579170278729635,1.5538461538461539,0.0,2.5,0.5057736242580941
5.216111478514722,-1.3479170278729637,1.5538461538461539,0.0,2.5,0.4907728282397413
5.216111478514722,-1.337917027872964,1.2454375055673759,0.0,2.5,0.4685898608088774
5.216111478514722,-1.3279170278729642,1.1352734073051498,0.0,2.5,0.46782019990709034
5.216111478514722,-1.3179170278729644,1.5538461538461539,0.0,2.5,0.5256733340064941
5.216111478514722,-1.3079170278729646,0.9440000000000001,0.0,2.5,0.47450672383653264
5.216111478514722,-1.2979170278729648,0.9440000000000001,0.0,2.5,0.45919265032138395
5.216111478514722,-1.287917027872965,0.9440000000000001,0.0,2.5,0.4505048534846669
5.216111478514722,-1.2779170278729652,0.9440000000000001,0.0,2.5,0.47553332552196015
5.216111478514722,-1.2679170278729655,0.9440000000000001,0.0,2.5,0.46192469308585704
5.216111478514722,-1.2579170278729657,0.9440000000000001,0.0,2.5,0.4635182430216895
5.216111478514722,-1.2479170278729659,0.9440000000000001,0.0,2.5,0.486791500276076
5.216111478514722,-1.237917027872966,0.9440000000000001,0.0,2.5,0.4857432828578437
5.216111478514722,-1.2279170278729663,0.9440000000000001,0.0,2.5,0.4894345580397978
5.216111478514722,-1.2179170278729665,0.9440000000000001,0.0,2.5,0.5196036297709877
5.216111478514722,-1.2079170278729667,0.9440000000000001,0.0,2.5,0.49639733170040834
5.216111478514722,-1.197917027872967,0.9440000000000001,0.0,2.5,0.4785424900517137
5.216111478514722,-1.1879170278729672,0.9440000000000001,0.0,2.5,0.4714348292199815
5.216111478514722,-1.1779170278729674,0.9440000000000001,0.0,2.5,0.4379784806444883
5.216111478514722,-1.1679170278729676,0.9440000000000001,0.0,2.5,0.44003280318085386
5.216111478514722,-1.1579170278729678,0.9440000000000001,0.0,2.5,0.47221798707994056
5.216111478514722,-1.147917027872968,0.9188631093884259,0.0,2.5,0.4124931297805764
5.216111478514722,-1.1379170278729682,0.9,0.0,2.5,0.3931357685325425
5.216111478514722,-1.1279170278729684,0.9233331920354747,0.0,2.5,0.4180290176992726
5.216111478514722,-1.1179170278729686,0.9440000000000001,0.0,2.5,0.4758035822432288
5.216111478514722,-1.1079170278729689,0.9440000000000001,0.0,2.5,0.4758240657524176
5.216111478514722,-1.097917027872969,0.9440000000000001,0.0,2.5,0.48950340459970515
5.216111478514722,-1.0879170278729693,0.9440000000000001,0.0,2.5,0.5228406585074764
5.216111478514722,-1.0779170278729695,0.9440000000000001,0.0,2.5,0.5299322819938006
5.216111478514722,-1.0679170278729697,0.9440000000000001,0.0,2.5,0.5360104800610362
5.216111478514722,-1.05791702787297,0.9440000000000001,0.0,2.5,0.54401605504472
5.216111478514722,-1.0479170278729701,0.9440000000000001,0.0,2.5,0.5575325548676474
5.216111478514722,-1.0379170278729704,0.9440000000000001,0.0,2.5,0.5482876569968594
5.216111478514722,-1.0279170278729706,0.9440000000000001,0.0,2.5,0.5549498233327216
5.216111478514722,-1.0179170278729708,0.9786504711557248,0.0,2.5,0.541162583234814
5.216111478514722,-1.007917027872971,1.5538461538461539,0.0,2.5,0.5657065562782271
5.216111478514722,-0.9979170278729712,1.5538461538461539,0.0,2.5,0.5887972738398741
5.216111478514722,-0.9879170278729714,1.5538461538461539,0.0,2.5,0.6278141961475943
5.216111478514722,-0.9779170278729716,1.5538461538461539,0.0,2.5,0.6090617382214049
5.216111478514722,-0.9679170278729718,1.5538461538461539,0.0,2.5,0.6294742422566968
5.216111478514722,-0.9579170278729721,1.5538461538461539,0.0,2.5,0.6123664782830441
5.216111478514722,-0.9479170278729723,1.5538461538461539,0.0,2.5,0.6283025334477208
5.216111478514722,-0.9379170278729725,1.5538461538461539,0.0,2.5,0.5828536394254109
5.216111478514722,-0.9279170278729727,1.5538461538461539,0.0,2.5,0.6250130550600264
5.216111478514722,-0.9179170278729729,1.5538461538461539,0.0,2.5,0.6201671638421414
5.216111478514722,-0.9079170278729731,1.5538461538461539,0.0,2.5,0.64488436933994
5.216111478514722,-0.8979170278729733,1.5538461538461539,0.0,2.5,0.6431264325186634
5.216111478514722,-0.8879170278729736,1.5538461538461539,0.0,2.5,0.6435672927337172
5.216111478514722,-0.8779170278729738,1.5538461538461539,0.0,2.5,0.6459174126377939
5.216111478514722,-0.867917027872974,1.5538461538461539,0.0,2.5,0.6462774904241826
5.216111478514722,-0.8579170278729742,1.5538461538461539,0.0,2.5,0.6454758026604696
5.216111478514722,-0.8479170278729744,2.2883333333333336,0.0,2.5,0.6459174126377939
5.216111478514722,-0.8379170278729746,2.2883333333333336,0.0,2.5,0.6459174126377939
5.216111478514722,-0.8279170278729748,1.5538461538461539,0.0,2.5,0.645256824897288
5.216111478514722,-0.817917027872975,2.2883333333333336,0.0,2.5,0.645256824897288
5.216111478514722,-0.8079170278729753,2.2883333333333336,0.0,2.5,0.6438441854920837
5.226111478514722,-1.4379170278729618,1.5538461538461539,0.0,2.5,0.5829849518331384
5.226111478514722,-1.427917027872962,1.5538461538461539,0.0,2.5,0.5959998010979157
5.226111478514722,-1.4179170278729623,1.5538461538461539,0.0,2.5,0.5881057749970515
5.226111478514722,-1.4079170278729625,1.5538461538461539,0.0,2.5,0.5917730542788631
5.226111478514722,-1.3979170278729627,1.5538461538461539,0.0,2.5,0.5618042537996314
5.226111478514722,-1.387917027872963,1.5538461538461539,0.0,2.5,0.5631328783219709
5.226111478514722,-1.377917027872963,1.5538461538461539,0.0,2.5,0.5756850924213331
5.226111478514722,-1.3679170278729633,1.5538461538461539,0.0,2.5,0.5172310567024775
5.226111478514722,-1.3579170278729635,1.5538461538461539,0.0,2.5,0.5128853617372835
5.226111478514722,-1.3479170278729637,1.5538461538461539,0.0,2.5,0.5434824062287403
5.226111478514722,-1.337917027872964,1.5538461538461539,0.0,2.5,0.5299956780752089
5.226111478514722,-1.3279170278729642,1.5538461538461539,0.0,2.5,0.526884636310861
5.226111478514722,-1.3179170278729644,1.5538461538461539,0.0,2.5,0.4800581387885018
5.226111478514722,-1.3079170278729646,1.0908279970217822,0.0,2.5,0.4783390452706875
5.226111478514722,-1.2979170278729648,0.9440000000000001,0.0,2.5,0.4784458695274256
5.226111478514722,-1.287917027872965,0.9440000000000001,0.0,2.5,0.46877725877781246
5.226111478514722,-1.2779170278729652,0.9440000000000001,0.0,2.5,0.4869947158726374
5.226111478514722,-1.2679170278729655,0.9440000000000001,0.0,2.5,0.4748164369601828
5.226111478514722,-1.2579170278729657,0.9440000000000001,0.0,2.5,0.4898564902910336
5.226111478514722,-1.2479170278729659,0.9440000000000001,0.0,2.5,0.4866602662872532
5.226111478514722,-1.237917027872966,0.9440000000000001,0.0,2.5,0.5083759338742446
5.226111478514722,-1.2279170278729663,0.9440000000000001,0.0,2.5,0.5234328190518438
5.226111478514722,-1.2179170278729665,0.9440000000000001,0.0,2.5,0.5381359742815972
5.226111478514722,-1.2079170278729667,0.9440000000000001,0.0,2.5,0.5334360304479233
5.226111478514722,-1.197917027872967,0.9440000000000001,0.0,2.5,0.5296405654874798
5.226111478514722,-1.1879170278729672,0.9440000000000001,0.0,2.5,0.5192090709708972
5.226111478514722,-1.1779170278729674,0.9440000000000001,0.0,2.5,0.5077090051946606
5.226111478514722,-1.1679170278729676,0.9440000000000001,0.0,2.5,0.5079429012965181
5.226111478514722,-1.1579170278729678,0.9440000000000001,0.0,2.5,0.4940782497844788
5.226111478514722,-1.147917027872968,0.9440000000000001,0.0,2.5,0.471292717596421
5.226111478514722,-1.1379170278729682,0.9,0.0,2.5,0.40763686760185786
5.226111478514722,-1.1279170278729684,0.9,0.0,2.5,0.40864856622663204
5.226111478514722,-1.1179170278729686,0.9,0.0,2.5,0.3813166374237104
5.226111478514722,-1.1079170278729689,0.9011253271687398,0.0,2.5,0.37810337437359787
5.226111478514722,-1.097917027872969,0.9440000000000001,0.0,2.5,0.4575671565561077
5.226111478514722,-1.0879170278729693,0.9440000000000001,0.0,2.5,0.4756279096289963
5.226111478514722,-1.0779170278729695,0.9440000000000001,0.0,2.5,0.5071031320021107
5.226111478514722,-1.0679170278729697,0.9440000000000001,0.0,2.5,0.5264162198740455
5.226111478514722,-1.05791702787297,0.9440000000000001,0.0,2.5,0.5477819192472221
5.226111478514722,-1.0479170278729701,0.9440000000000001,0.0,2.5,0.5460243057351909
5.226111478514722,-1.0379170278729704,0.9440000000000001,0.0,2.5,0.5653847587761771
5.226111478514722,-1.0279170278729706,0.9440000000000001,0.0,2.5,0.5506501227715979
5.226111478514722,-1.0179170278729708,1.5538461538461539,0.0,2.5,0.5549887789890828
5.226111478514722,-1.007917027872971,1.0364971665609057,0.0,2.5,0.5349316921692269
5.226111478514722,-0.9979170278729712,1.5538461538461539,0.0,2.5,0.5507690154309363
5.226111478514722,-0.9879170278729714,1.5538461538461539,0.0,2.5,0.6093151112851639
5.226111478514722,-0.9779170278729716,1.5538461538461539,0.0,2.5,0.6211181068191853
5.226111478514722,-0.9679170278729718,1.5538461538461539,0.0,2.5,0.6216199628071482
5.226111478514722,-0.9579170278729721,1.5538461538461539,0.0,2.5,0.6110775013860785
5.226111478514722,-0.9479170278729723,1.5538461538461539,0.0,2.5,0.6411392370749409
5.226111478514722,-0.9379170278729725,1.5538461538461539,0.0,2.5,0.5870336664351256
5.226111478514722,-0.9279170278729727,1.5538461538461539,0.0,2.5,0.6095960316108964
5.226111478514722,-0.9179170278729729,1.5538461538461539,0.0,2.5,0.6242878100655308
5.226111478514722,-0.9079170278729731,1.5538461538461539,0.0,2.5,0.6291454424549803
5.226111478514722,-0.8979170278729733,1.5538461538461539,0.0,2.5,0.6389302985923562
5.226111478514722,-0.8879170278729736,1.5538461538461539,0.0,2.5,0.6496187661386309
5.226111478514722,-0.8779170278729738,1.5538461538461539,0.0,2.5,0.6496180163763603
5.226111478514722,-0.867917027872974,1.5538461538461539,0.0,2.5,0.6585304022861328
5.226111478514722,-0.8579170278729742,2.260828540156544,0.0,2.5,0.6649132424134085
5.226111478514722,-0.8479170278729744,2.2883333333333336,0.0,2.5,0.665541094191631
5.226111478514722,-0.8379170278729746,2.2883333333333336,0.0,2.5,0.6595226555381392
5.226111478514722,-0.8279170278729748,2.237763323156286,0.0,2.5,0.6595226555381392
5.226111478514722,-0.817917027872975,2.2883333333333336,0.0,2.5,0.6595226555381392
5.226111478514722,-0.8079170278729753,2.2883333333333336,0.0,2.5,0.6578698145456269
5.226111478514722,-0.7979170278729755,2.2883333333333336,0.0,2.5,0.6440016945206095
5.236111478514721,-1.427917027872962,1.5538461538461539,0.0,2.5,0.5740965570549512
5.236111478514721,-1.4179170278729623,1.5538461538461539,0.0,2.5,0.5930483822440836
5.236111478514721,-1.4079170278729625,1.5538461538461539,0.0,2.5,0.5653525506697354
5.236111478514721,-1.3979170278729627,1.5538461538461539,0.0,2.5,0.5560818985164022
5.236111478514721,-1.387917027872963,1.5538461538461539,0.0,2.5,0.5637737240811282
5.236111478514721,-1.377917027872963,1.5538461538461539,0.0,2.5,0.5596199896742264
5.236111478514721,-1.3679170278729633,1.5538461538461539,0.0,2.5,0.5307421743767425
5.236111478514721,-1.3579170278729635,1.5538461538461539,0.0,2.5,0.4988057623994362
5.236111478514721,-1.3479170278729637,1.5538461538461539,0.0,2.5,0.4726626082751405
5.236111478514721,-1.337917027872964,1.5538461538461539,0.0,2.5,0.5080193268483452
5.236111478514721,-1.3279170278729642,1.5538461538461539,0.0,2.5,0.5040350347110119
5.236111478514721,-1.3179170278729644,1.5538461538461539,0.0,2.5,0.49508452258716773
5.236111478514721,-1.3079170278729646,1.5538461538461539,0.0,2.5,0.48598745503528334
5.236111478514721,-1.2979170278729648,0.9440000000000001,0.0,2.5,0.478426342381677
5.236111478514721,-1.287917027872965,0.9440000000000001,0.0,2.5,0.47385631213151747
5.236111478514721,-1.2779170278729652,0.9440000000000001,0.0,2.5,0.48504203585533956
5.236111478514721,-1.2679170278729655,0.9440000000000001,0.0,2.5,0.48782301537329203
5.236111478514721,-1.2579170278729657,0.9440000000000001,0.0,2.5,0.48549228505851366
5.236111478514721,-1.2479170278729659,0.9440000000000001,0.0,2.5,0.4840179347947799
5.236111478514721,-1.237917027872966,0.9440000000000001,0.0,2.5,0.5011421170631494
5.236111478514721,-1.2279170278729663,0.9440000000000001,0.0,2.5,0.5065893075180025
5.236111478514721,-1.2179170278729665,0.9440000000000001,0.0,2.5,0.5232051007201886
5.236111478514721,-1.2079170278729667,0.9440000000000001,0.0,2.5,0.553188713622547
5.236111478514721,-1.197917027872967,0.9440000000000001,0.0,2.5,0.5444552579394907
5.236111478514721,-1.1879170278729672,0.9440000000000001,0.0,2.5,0.4921952670256825
5.236111478514721,-1.1779170278729674,0.9440000000000001,0.0,2.5,0.4860092059438946
5.236111478514721,-1.1679170278729676,0.9440000000000001,0.0,2.5,0.4897260411489081
5.236111478514721,-1.1579170278729678,0.9440000000000001,0.0,2.5,0.4745532644013172
5.236111478514721,-1.147917027872968,0.9,0.0,2.5,0.419407181677535
5.236111478514721,-1.1379170278729682,0.9,0.0,2.5,0.3899145728048951
5.236111478514721,-1.1279170278729684,0.9,0.0,2.5,0.35542068268894794
5.236111478514721,-1.1179170278729686,0.9,0.0,2.5,0.32853928537389143
5.236111478514721,-1.1079170278729689,0.9,0.0,2.5,0.3569033342651927
5.236111478514721,-1.097917027872969,0.9440000000000001,0.0,2.5,0.36237113723463876
5.236111478514721,-1.0879170278729693,0.9440000000000001,0.0,2.5,0.3735308893064061
5.236111478514721,-1.0779170278729695,0.9440000000000001,0.0,2.5,0.4163948905165335
5.236111478514721,-1.0679170278729697,0.9440000000000001,0.0,2.5,0.48212424682153
5.236111478514721,-1.05791702787297,0.9440000000000001,0.0,2.5,0.5230371428833727
5.236111478514721,-1.0479170278729701,0.9440000000000001,0.0,2.5,0.522692644666351
5.236111478514721,-1.0379170278729704,0.9440000000000001,0.0,2.5,0.5551949518862829
5.236111478514721,-1.0279170278729706,0.9440000000000001,0.0,2.5,0.5576971452074182
5.236111478514721,-1.0179170278729708,1.5538461538461539,0.0,2.5,0.5626514333790333
5.236111478514721,-1.007917027872971,1.5538461538461539,0.0,2.5,0.5527418355113111
5.236111478514721,-0.9979170278729712,1.5538461538461539,0.0,2.5,0.5583561067282162
5.236111478514721,-0.9879170278729714,1.5538461538461539,0.0,2.5,0.5556733948993416
5.236111478514721,-0.9779170278729716,1.5538461538461539,0.0,2.5,0.6255929163028727
5.236111478514721,-0.9679170278729718,1.5538461538461539,0.0,2.5,0.6018878655702784
5.236111478514721,-0.9579170278729721,1.5538461538461539,0.0,2.5,0.6224919837913365
5.236111478514721,-0.9479170278729723,1.5538461538461539,0.0,2.5,0.6180262617781664
5.236111478514721,-0.9379170278729725,1.5538461538461539,0.0,2.5,0.6191660050593074
5.236111478514721,-0.9279170278729727,1.5538461538461539,0.0,2.5,0.5962261143768955
5.236111478514721,-0.9179170278729729,1.5538461538461539,0.0,2.5,0.6322746259057441
5.236111478514721,-0.9079170278729731,1.5538461538461539,0.0,2.5,0.6387241924562541
5.236111478514721,-0.8979170278729733,1.5538461538461539,0.0,2.5,0.6279823804190157
5.236111478514721,-0.8879170278729736,1.5538461538461539,0.0,2.5,0.6296899071661086
5.236111478514721,-0.8779170278729738,1.5538461538461539,0.0,2.5,0.6192126661975668
5.236111478514721,-0.867917027872974,1.5538461538461539,0.0,2.5,0.6261514417077709
5.236111478514721,-0.8579170278729742,1.5538461538461539,0.0,2.5,0.6245181909317643
5.236111478514721,-0.8479170278729744,2.2883333333333336,0.0,2.5,0.64285790343273
5.236111478514721,-0.8379170278729746,2.2883333333333336,0.0,2.5,0.6449523544025664
5.236111478514721,-0.8279170278729748,1.5538461538461539,0.0,2.5,0.6461774110919087
5.236111478514721,-0.817917027872975,2.1771925265828314,0.0,2.5,0.6250834096428712
5.236111478514721,-0.8079170278729753,2.2883333333333336,0.0,2.5,0.6173772399682061
5.236111478514721,-0.7979170278729755,2.2883333333333336,0.0,2.5,0.6182261014635935
5.236111478514721,-0.7879170278729757,2.2883333333333336,0.0,2.5,0.6167281861684432
5.246111478514721,-1.427917027872962,1.5538461538461539,0.0,2.5,0.5694877966905626
5.246111478514721,-1.4179170278729623,1.5538461538461539,0.0,2.5,0.5872105028334303
5.246111478514721,-1.4079170278729625,1.5538461538461539,0.0,2.5,0.5601791610393151
5.246111478514721,-1.3979170278729627,1.5538461538461539,0.0,2.5,0.5523864017523212
5.246111478514721,-1.387917027872963,1.5538461538461539,0.0,2.5,0.5595935166104259
5.246111478514721,-1.377917027872963,1.5538461538461539,0.0,2.5,0.5349552474035784
5.246111478514721,-1.3679170278729633,1.5538461538461539,0.0,2.5,0.500919070228614
5.246111478514721,-1.3579170278729635,1.5538461538461539,0.0,2.5,0.4942077235727993
5.246111478514721,-1.3479170278729637,1.5538461538461539,0.0,2.5,0.4747431519355805
5.246111478514721,-1.337917027872964,1.5538461538461539,0.0,2.5,0.47378823402560793
5.246111478514721,-1.3279170278729642,1.5538461538461539,0.0,2.5,0.5146754010823859
5.246111478514721,-1.3179170278729644,1.5538461538461539,0.0,2.5,0.4845403919841232
5.246111478514721,-1.3079170278729646,1.236437932452608,0.0,2.5,0.47348769844647404
5.246111478514721,-1.2979170278729648,0.9440000000000001,0.0,2.5,0.4699539788909356
5.246111478514721,-1.287917027872965,0.9440000000000001,0.0,2.5,0.45749292612981485
5.246111478514721,-1.2779170278729652,0.9440000000000001,0.0,2.5,0.4653243130146422
5.246111478514721,-1.2679170278729655,0.9440000000000001,0.0,2.5,0.45334379766940175
5.246111478514721,-1.2579170278729657,0.9440000000000001,0.0,2.5,0.4658561937874225
5.246111478514721,-1.2479170278729659,0.9440000000000001,0.0,2.5,0.46953188749974467
5.246111478514721,-1.237917027872966,0.9440000000000001,0.0,2.5,0.48058083668618384
5.246111478514721,-1.2279170278729663,0.9440000000000001,0.0,2.5,0.49491130815386347
5.246111478514721,-1.2179170278729665,0.9440000000000001,0.0,2.5,0.49511290540015473
5.246111478514721,-1.2079170278729667,0.9440000000000001,0.0,2.5,0.5032444561711874
5.246111478514721,-1.197917027872967,0.9440000000000001,0.0,2.5,0.510667735009638
5.246111478514721,-1.1879170278729672,0.9440000000000001,0.0,2.5,0.5014520763887288
5.246111478514721,-1.1779170278729674,0.9440000000000001,0.0,2.5,0.49115770442735157
5.246111478514721,-1.1679170278729676,0.9440000000000001,0.0,2.5,0.4834199249983852
5.246111478514721,-1.1579170278729678,0.9440000000000001,0.0,2.5,0.4661417537217016
5.246111478514721,-1.147917027872968,0.9,0.0,2.5,0.4248332733203542
5.246111478514721,-1.1379170278729682,0.9,0.0,2.5,0.38474774954299834
5.246111478514721,-1.1279170278729684,0.9,0.0,2.5,0.36132073192153735
5.246111478514721,-1.1179170278729686,0.9,0.0,2.5,0.33942278355297506
5.246111478514721,-1.1079170278729689,0.9,0.0,2.5,0.34124637606539615
5.246111478514721,-1.097917027872969,0.9440000000000001,0.0,2.5,0.35022805174579213
5.246111478514721,-1.0879170278729693,0.9440000000000001,0.0,2.5,0.35037847156103213
5.246111478514721,-1.0779170278729695,0.9440000000000001,0.0,2.5,0.3799754748239877
5.246111478514721,-1.0679170278729697,0.9440000000000001,0.0,2.5,0.35538139372298827
5.246111478514721,-1.05791702787297,0.9440000000000001,0.0,2.5,0.4212245489777132
5.246111478514721,-1.0479170278729701,0.9440000000000001,0.0,2.5,0.4908007106172213
5.246111478514721,-1.0379170278729704,0.9440000000000001,0.0,2.5,0.5304842573325321
5.246111478514721,-1.0279170278729706,0.9440000000000001,0.0,2.5,0.5356851911318643
5.246111478514721,-1.0179170278729708,1.5538461538461539,0.0,2.5,0.5551694292299116
5.246111478514721,-1.007917027872971,1.5538461538461539,0.0,2.5,0.5565017435779871
5.246111478514721,-0.9979170278729712,1.5538461538461539,0.0,2.5,0.541545232226945
5.246111478514721,-0.9879170278729714,1.5538461538461539,0.0,2.5,0.5400880649854014
5.246111478514721,-0.9779170278729716,1.5538461538461539,0.0,2.5,0.5736861792039772
5.246111478514721,-0.9679170278729718,1.5538461538461539,0.0,2.5,0.6322368721521079
5.246111478514721,-0.9579170278729721,1.5538461538461539,0.0,2.5,0.6276453195510636
5.246111478514721,-0.9479170278729723,1.5538461538461539,0.0,2.5,0.6353665760781746
5.246111478514721,-0.9379170278729725,1.5538461538461539,0.0,2.5,0.6712735886189921
5.246111478514721,-0.9279170278729727,1.5538461538461539,0.0,2.5,0.6144265453537007
5.246111478514721,-0.9179170278729729,1.5538461538461539,0.0,2.5,0.6249337673311661
5.246111478514721,-0.9079170278729731,1.5538461538461539,0.0,2.5,0.6428732529587999
5.246111478514721,-0.8979170278729733,1.5538461538461539,0.0,2.5,0.6519651219027636
5.246111478514721,-0.8879170278729736,1.5538461538461539,0.0,2.5,0.6433812243951308
5.246111478514721,-0.8779170278729738,1.5538461538461539,0.0,2.5,0.6545334100091457
5.246111478514721,-0.867917027872974,1.5538461538461539,0.0,2.5,0.6465499920491091
5.246111478514721,-0.8579170278729742,1.5538461538461539,0.0,2.5,0.6462421776391793
5.246111478514721,-0.8479170278729744,2.2883333333333336,0.0,2.5,0.6527255174979046
5.246111478514721,-0.8379170278729746,2.2883333333333336,0.0,2.5,0.6473137567331162
5.246111478514721,-0.8279170278729748,1.5538461538461539,0.0,2.5,0.6426126703911336
5.246111478514721,-0.817917027872975,2.2883333333333336,0.0,2.5,0.6491015224389247
5.246111478514721,-0.8079170278729753,2.2883333333333336,0.0,2.5,0.6447272786005139
5.246111478514721,-0.7979170278729755,2.2883333333333336,0.0,2.5,0.6447215449191558
5.246111478514721,-0.7879170278729757,2.2883333333333336,0.0,2.5,0.6447215449191558
5.246111478514721,-0.7779170278729759,2.2883333333333336,0.0,2.5,0.6356207872884405
5.256111478514721,-1.427917027872962,1.5538461538461539,0.0,2.5,0.5644606995227432
5.256111478514721,-1.4179170278729623,1.5538461538461539,0.0,2.5,0.5741593362574346
5.256111478514721,-1.4079170278729625,1.5538461538461539,0.0,2.5,0.5672135587838733
5.256111478514721,-1.3979170278729627,1.5538461538461539,0.0,2.5,0.5565216587160355
5.256111478514721,-1.387917027872963,1.5538461538461539,0.0,2.5,0.5533585226727568
5.256111478514721,-1.377917027872963,1.5538461538461539,0.0,2.5,0.5039994918550335
5.256111478514721,-1.3679170278729633,1.5538461538461539,0.0,2.5,0.5006314795543256
5.256111478514721,-1.3579170278729635,1.5538461538461539,0.0,2.5,0.4859783046155368
5.256111478514721,-1.3479170278729637,1.5538461538461539,0.0,2.5,0.47299259120663273
5.256111478514721,-1.337917027872964,1.5538461538461539,0.0,2.5,0.48344358987703157
5.256111478514721,-1.3279170278729642,1.5538461538461539,0.0,2.5,0.48678343178588374
5.256111478514721,-1.3179170278729644,1.5538461538461539,0.0,2.5,0.4824042701671646
5.256111478514721,-1.3079170278729646,0.9440000000000001,0.0,2.5,0.4602010182309208
5.256111478514721,-1.2979170278729648,0.9440000000000001,0.0,2.5,0.46815106312854843
5.256111478514721,-1.287917027872965,0.9440000000000001,0.0,2.5,0.46226337487631874
5.256111478514721,-1.2779170278729652,0.9440000000000001,0.0,2.5,0.4802370140365927
5.256111478514721,-1.2679170278729655,0.9440000000000001,0.0,2.5,0.47094026593634786
5.256111478514721,-1.2579170278729657,0.9440000000000001,0.0,2.5,0.4703215171529076
5.256111478514721,-1.2479170278729659,0.9440000000000001,0.0,2.5,0.45816282368884087
5.256111478514721,-1.237917027872966,0.9440000000000001,0.0,2.5,0.46183353787426756
5.256111478514721,-1.2279170278729663,0.9440000000000001,0.0,2.5,0.4632803604831616
5.256111478514721,-1.2179170278729665,0.9440000000000001,0.0,2.5,0.4784739899957118
5.256111478514721,-1.2079170278729667,0.9440000000000001,0.0,2.5,0.4925352663203293
5.256111478514721,-1.197917027872967,0.9440000000000001,0.0,2.5,0.48892951985535554
5.256111478514721,-1.1879170278729672,0.9440000000000001,0.0,2.5,0.48667781060696136
5.256111478514721,-1.1779170278729674,0.9440000000000001,0.0,2.5,0.4851260395211158
5.256111478514721,-1.1679170278729676,0.9440000000000001,0.0,2.5,0.513823351819369
5.256111478514721,-1.1579170278729678,0.9440000000000001,0.0,2.5,0.4646787085181929
5.256111478514721,-1.147917027872968,0.9440000000000001,0.0,2.5,0.4479050977972862
5.256111478514721,-1.1379170278729682,0.9,0.0,2.5,0.39863059760238606
5.256111478514721,-1.1279170278729684,0.9,0.0,2.5,0.38553220356567347
5.256111478514721,-1.1179170278729686,0.9,0.0,2.5,0.35797357291404946
5.256111478514721,-1.1079170278729689,0.9,0.0,2.5,0.35549941737863483
5.256111478514721,-1.097917027872969,0.9440000000000001,0.0,2.5,0.35507424731060766
5.256111478514721,-1.0879170278729693,0.9440000000000001,0.0,2.5,0.3450508446734975
5.256111478514721,-1.0779170278729695,0.9440000000000001,0.0,2.5,0.34824918297651697
5.256111478514721,-1.0679170278729697,0.9440000000000001,0.0,2.5,0.3656792135804963
5.256111478514721,-1.05791702787297,0.9440000000000001,0.0,2.5,0.3819763575886126
5.256111478514721,-1.0479170278729701,0.9,0.0,2.5,0.37338790730537563
5.256111478514721,-1.0379170278729704,0.9440000000000001,0.0,2.5,0.4085774219063376
5.256111478514721,-1.0279170278729706,0.9440000000000001,0.0,2.5,0.4552359492111162
5.256111478514721,-1.0179170278729708,1.1787183121131315,0.0,2.5,0.5532949569719793
5.256111478514721,-1.007917027872971,1.5538461538461539,0.0,2.5,0.5597518829412355
5.256111478514721,-0.9979170278729712,1.5538461538461539,0.0,2.5,0.5748533982123617
5.256111478514721,-0.9879170278729714,1.5538461538461539,0.0,2.5,0.5910738494031261
5.256111478514721,-0.9779170278729716,1.5538461538461539,0.0,2.5,0.567342638041103
5.256111478514721,-0.9679170278729718,1.5538461538461539,0.0,2.5,0.5910492413636116
5.256111478514721,-0.9579170278729721,1.5538461538461539,0.0,2.5,0.623734305013516
5.256111478514721,-0.9479170278729723,1.5538461538461539,0.0,2.5,0.6403538628107296
5.256111478514721,-0.9379170278729725,1.5538461538461539,0.0,2.5,0.6798313957263853
5.256111478514721,-0.9279170278729727,1.5538461538461539,0.0,2.5,0.650158498136665
5.256111478514721,-0.9179170278729729,1.5538461538461539,0.0,2.5,0.6027425434029015
5.256111478514721,-0.9079170278729731,1.5538461538461539,0.0,2.5,0.6077549522746643
5.256111478514721,-0.8979170278729733,1.5538461538461539,0.0,2.5,0.6149018356134093
5.256111478514721,-0.8879170278729736,1.5538461538461539,0.0,2.5,0.6314944277014283
5.256111478514721,-0.8779170278729738,1.5538461538461539,0.0,2.5,0.6441789042813006
5.256111478514721,-0.867917027872974,1.5538461538461539,0.0,2.5,0.6429163163115467
5.256111478514721,-0.8579170278729742,1.5538461538461539,0.0,2.5,0.6100170718991949
5.256111478514721,-0.8479170278729744,1.5538461538461539,0.0,2.5,0.5999545855436775
5.256111478514721,-0.8379170278729746,2.2883333333333336,0.0,2.5,0.6122450660452202
5.256111478514721,-0.8279170278729748,1.5538461538461539,0.0,2.5,0.6098811204669888
5.256111478514721,-0.817917027872975,1.5538461538461539,0.0,2.5,0.6120359435442333
5.256111478514721,-0.8079170278729753,2.2616998687963434,0.0,2.5,0.6098627030870155
5.256111478514721,-0.7979170278729755,2.2883333333333336,0.0,2.5,0.6088933153319135
5.256111478514721,-0.7879170278729757,2.2883333333333336,0.0,2.5,0.6165789072017813
5.256111478514721,-0.7779170278729759,2.2883333333333336,0.0,2.5,0.6297222916460385
5.256111478514721,-0.7679170278729761,2.2883333333333336,0.0,2.5,0.643289378060463
5.266111478514721,-1.427917027872962,1.5538461538461539,0.0,2.5,0.5687126493311707
5.266111478514721,-1.4179170278729623,1.5538461538461539,0.0,2.5,0.5642634366347158
5.266111478514721,-1.4079170278729625,1.5538461538461539,0.0,2.5,0.5621869751558066
5.266111478514721,-1.3979170278729627,1.5538461538461539,0.0,2.5,0.5581159533076621
5.266111478514721,-1.387917027872963,1.5538461538461539,0.0,2.5,0.5407166166743588
5.266111478514721,-1.377917027872963,1.5538461538461539,0.0,2.5,0.5008721251664613
5.266111478514721,-1.3679170278729633,1.5538461538461539,0.0,2.5,0.49339761876068866
5.266111478514721,-1.3579170278729635,1.5538461538461539,0.0,2.5,0.48121506011841697
5.266111478514721,-1.3479170278729637,1.5538461538461539,0.0,2.5,0.5231748213004067
5.266111478514721,-1.337917027872964,1.5538461538461539,0.0,2.5,0.5534637414898107
5.266111478514721,-1.3279170278729642,1.5538461538461539,0.0,2.5,0.5454472226043655
5.266111478514721,-1.3179170278729644,1.5538461538461539,0.0,2.5,0.5080857731593781
5.266111478514721,-1.3079170278729646,1.032491177365984,0.0,2.5,0.4730950848588849
5.266111478514721,-1.2979170278729648,0.9440000000000001,0.0,2.5,0.460197137849894
5.266111478514721,-1.287917027872965,0.9440000000000001,0.0,2.5,0.4638740953928424
5.266111478514721,-1.2779170278729652,0.9440000000000001,0.0,2.5,0.4748427739703033
5.266111478514721,-1.2679170278729655,0.9440000000000001,0.0,2.5,0.4812420087371067
5.266111478514721,-1.2579170278729657,0.9440000000000001,0.0,2.5,0.48438389442836355
5.266111478514721,-1.2479170278729659,0.9440000000000001,0.0,2.5,0.4890206751906006
5.266111478514721,-1.237917027872966,0.9440000000000001,0.0,2.5,0.47345510761692167
5.266111478514721,-1.2279170278729663,0.9440000000000001,0.0,2.5,0.4790647232916452
5.266111478514721,-1.2179170278729665,0.9440000000000001,0.0,2.5,0.4863553640695296
5.266111478514721,-1.2079170278729667,0.9440000000000001,0.0,2.5,0.4786109466475643
5.266111478514721,-1.197917027872967,0.9440000000000001,0.0,2.5,0.45992729176803965
5.266111478514721,-1.1879170278729672,0.9440000000000001,0.0,2.5,0.4658356607832557
5.266111478514721,-1.1779170278729674,0.9440000000000001,0.0,2.5,0.47400136135780274
5.266111478514721,-1.1679170278729676,0.9440000000000001,0.0,2.5,0.4923343673836219
5.266111478514721,-1.1579170278729678,0.9440000000000001,0.0,2.5,0.5234816115956455
5.266111478514721,-1.147917027872968,0.9440000000000001,0.0,2.5,0.47029728960841444
5.266111478514721,-1.1379170278729682,0.9440000000000001,0.0,2.5,0.4464429932414093
5.266111478514721,-1.1279170278729684,0.9,0.0,2.5,0.38184286473460116
5.266111478514721,-1.1179170278729686,0.9,0.0,2.5,0.35636756975359674
5.266111478514721,-1.1079170278729689,0.9440000000000001,0.0,2.5,0.3585714441722496
5.266111478514721,-1.097917027872969,0.9440000000000001,0.0,2.5,0.34783082376534946
5.266111478514721,-1.0879170278729693,0.9440000000000001,0.0,2.5,0.3466181036867997
5.266111478514721,-1.0779170278729695,0.9440000000000001,0.0,2.5,0.3595919897126136
5.266111478514721,-1.0679170278729697,0.9440000000000001,0.0,2.5,0.36319808485608934
5.266111478514721,-1.05791702787297,0.9440000000000001,0.0,2.5,0.36934784123407866
5.266111478514721,-1.0479170278729701,0.9016628341166082,0.0,2.5,0.3788069572463382
5.266111478514721,-1.0379170278729704,0.9440000000000001,0.0,2.5,0.3999618133720832
5.266111478514721,-1.0279170278729706,0.9440000000000001,0.0,2.5,0.39293133429173877
5.266111478514721,-1.0179170278729708,0.9440000000000001,0.0,2.5,0.42899076550878534
5.266111478514721,-1.007917027872971,0.9440000000000001,0.0,2.5,0.5007679023601742
5.266111478514721,-0.9979170278729712,1.5538461538461539,0.0,2.5,0.5686542051535989
5.266111478514721,-0.9879170278729714,1.5538461538461539,0.0,2.5,0.6013818223923537
5.266111478514721,-0.9779170278729716,1.5538461538461539,0.0,2.5,0.5471351806203543
5.266111478514721,-0.9679170278729718,1.5538461538461539,0.0,2.5,0.5812396975179158
5.266111478514721,-0.9579170278729721,1.5538461538461539,0.0,2.5,0.5820960254497702
5.266111478514721,-0.9479170278729723,1.5538461538461539,0.0,2.5,0.6319349646097714
5.266111478514721,-0.9379170278729725,1.5538461538461539,0.0,2.5,0.6345751952027882
5.266111478514721,-0.9279170278729727,1.5538461538461539,0.0,2.5,0.6908897637763167
5.266111478514721,-0.9179170278729729,1.5538461538461539,0.0,2.5,0.6280336443913275
5.266111478514721,-0.9079170278729731,1.5538461538461539,0.0,2.5,0.6071944677627376
5.266111478514721,-0.8979170278729733,1.5538461538461539,0.0,2.5,0.5889916360368705
5.266111478514721,-0.8879170278729736,1.5538461538461539,0.0,2.5,0.5839423725078201
5.266111478514721,-0.8779170278729738,1.5538461538461539,0.0,2.5,0.6128812468233032
5.266111478514721,-0.867917027872974,1.5538461538461539,0.0,2.5,0.6128788661695692
5.266111478514721,-0.8579170278729742,1.5538461538461539,0.0,2.5,0.6136456306334115
5.266111478514721,-0.8479170278729744,1.5538461538461539,0.0,2.5,0.5971753647652797
5.266111478514721,-0.8379170278729746,1.5538461538461539,0.0,2.5,0.5806859325578612
5.266111478514721,-0.8279170278729748,1.5538461538461539,0.0,2.5,0.5823821150457089
5.266111478514721,-0.817917027872975,1.5538461538461539,0.0,2.5,0.5698362211396318
5.266111478514721,-0.8079170278729753,1.5538461538461539,0.0,2.5,0.5769703471233095
5.266111478514721,-0.7979170278729755,1.5538461538461539,0.0,2.5,0.5737991180184445
5.266111478514721,-0.7879170278729757,2.230125459108703,0.0,2.5,0.5913400214797947
5.266111478514721,-0.7779170278729759,1.5538461538461539,0.0,2.5,0.5841165166737545
5.266111478514721,-0.7679170278729761,1.5538461538461539,0.0,2.5,0.6197875712168043
5.266111478514721,-0.7579170278729763,1.5538461538461539,0.0,2.5,0.6315960929066401
5.2761114785147205,-1.4379170278729618,1.5538461538461539,0.0,2.5,0.5928956470750844
5.2761114785147205,-1.427917027872962,1.5538461538461539,0.0,2.5,0.6052615741029842
5.2761114785147205,-1.4179170278729623,1.5538461538461539,0.0,2.5,0.5604215612394556
5.2761114785147205,-1.4079170278729625,1.5538461538461539,0.0,2.5,0.5661657910101007
5.2761114785147205,-1.3979170278729627,1.5538461538461539,0.0,2.5,0.5550984652794979
5.2761114785147205,-1.387917027872963,1.5538461538461539,0.0,2.5,0.49987466903129674
5.2761114785147205,-1.377917027872963,1.5538461538461539,0.0,2.5,0.4810938582586435
5.2761114785147205,-1.3679170278729633,1.5538461538461539,0.0,2.5,0.5282638925128392
5.2761114785147205,-1.3579170278729635,1.5538461538461539,0.0,2.5,0.5540015707695013
5.2761114785147205,-1.3479170278729637,1.5538461538461539,0.0,2.5,0.5532954358893103
5.2761114785147205,-1.337917027872964,1.5538461538461539,0.0,2.5,0.5372596821404496
5.2761114785147205,-1.3279170278729642,1.5538461538461539,0.0,2.5,0.5263968656013772
5.2761114785147205,-1.3179170278729644,1.5538461538461539,0.0,2.5,0.5580126634203911
5.2761114785147205,-1.3079170278729646,1.5538461538461539,0.0,2.5,0.5437342909844398
5.2761114785147205,-1.2979170278729648,1.5538461538461539,0.0,2.5,0.5093892389752124
5.2761114785147205,-1.287917027872965,1.234316498475876,0.0,2.5,0.48789600614518075
5.2761114785147205,-1.2779170278729652,1.5538461538461539,0.0,2.5,0.4846848169723073
5.2761114785147205,-1.2679170278729655,0.9440000000000001,0.0,2.5,0.4777782409411497
5.2761114785147205,-1.2579170278729657,0.9440000000000001,0.0,2.5,0.47004461136743214
5.2761114785147205,-1.2479170278729659,0.9440000000000001,0.0,2.5,0.47216257805153705
5.2761114785147205,-1.237917027872966,0.9440000000000001,0.0,2.5,0.4828342266965456
5.2761114785147205,-1.2279170278729663,0.9440000000000001,0.0,2.5,0.4785922078151085
5.2761114785147205,-1.2179170278729665,0.9440000000000001,0.0,2.5,0.4798516497607309
5.2761114785147205,-1.2079170278729667,0.9440000000000001,0.0,2.5,0.48687797963588897
5.2761114785147205,-1.197917027872967,0.9440000000000001,0.0,2.5,0.4803184042290629
5.2761114785147205,-1.1879170278729672,0.9440000000000001,0.0,2.5,0.46469720480821874
5.2761114785147205,-1.1779170278729674,0.9440000000000001,0.0,2.5,0.48008345550960846
5.2761114785147205,-1.1679170278729676,0.9440000000000001,0.0,2.5,0.4765319382767344
5.2761114785147205,-1.1579170278729678,0.9440000000000001,0.0,2.5,0.5117586091311771
5.2761114785147205,-1.147917027872968,0.9440000000000001,0.0,2.5,0.5192252279002203
5.2761114785147205,-1.1379170278729682,0.9440000000000001,0.0,2.5,0.45843887260794164
5.2761114785147205,-1.1279170278729684,0.9440000000000001,0.0,2.5,0.43336896003881936
5.2761114785147205,-1.1179170278729686,0.9440000000000001,0.0,2.5,0.3840926757220456
5.2761114785147205,-1.1079170278729689,0.9440000000000001,0.0,2.5,0.35216621866326037
5.2761114785147205,-1.097917027872969,0.9440000000000001,0.0,2.5,0.3498184864703455
5.2761114785147205,-1.0879170278729693,0.9440000000000001,0.0,2.5,0.3468898130705217
5.2761114785147205,-1.0779170278729695,0.9440000000000001,0.0,2.5,0.36174072363880044
5.2761114785147205,-1.0679170278729697,0.9440000000000001,0.0,2.5,0.3666491197505712
5.2761114785147205,-1.05791702787297,0.9440000000000001,0.0,2.5,0.37258079626854573
5.2761114785147205,-1.0479170278729701,0.9,0.0,2.5,0.3717574587692141
5.2761114785147205,-1.0379170278729704,0.9440000000000001,0.0,2.5,0.4026471006216887
5.2761114785147205,-1.0279170278729706,0.9440000000000001,0.0,2.5,0.4038274119095281
5.2761114785147205,-1.0179170278729708,0.9440000000000001,0.0,2.5,0.3980914910309694
5.2761114785147205,-1.007917027872971,0.9440000000000001,0.0,2.5,0.40454828110344154
5.2761114785147205,-0.9979170278729712,0.9440000000000001,0.0,2.5,0.4500799319336694
5.2761114785147205,-0.9879170278729714,0.9440000000000001,0.0,2.5,0.5064596444835919
5.2761114785147205,-0.9779170278729716,1.5538461538461539,0.0,2.5,0.5658914545585924
5.2761114785147205,-0.9679170278729718,1.5538461538461539,0.0,2.5,0.5570183168771702
5.2761114785147205,-0.9579170278729721,1.5538461538461539,0.0,2.5,0.5609982897158927
5.2761114785147205,-0.9479170278729723,1.5538461538461539,0.0,2.5,0.5547263053819714
5.2761114785147205,-0.9379170278729725,1.5538461538461539,0.0,2.5,0.6325626600175253
5.2761114785147205,-0.9279170278729727,1.5538461538461539,0.0,2.5,0.6789121151737
5.2761114785147205,-0.9179170278729729,1.5538461538461539,0.0,2.5,0.669404655934397
5.2761114785147205,-0.9079170278729731,1.5538461538461539,0.0,2.5,0.6452675587246811
5.2761114785147205,-0.8979170278729733,1.5538461538461539,0.0,2.5,0.6055513769939558
5.2761114785147205,-0.8879170278729736,1.5538461538461539,0.0,2.5,0.5993960820076916
5.2761114785147205,-0.8779170278729738,1.5538461538461539,0.0,2.5,0.5768825201698993
5.2761114785147205,-0.867917027872974,1.5538461538461539,0.0,2.5,0.5527391567530223
5.2761114785147205,-0.8579170278729742,1.5538461538461539,0.0,2.5,0.5555921681168952
5.2761114785147205,-0.8479170278729744,1.5538461538461539,0.0,2.5,0.5570689418779368
5.2761114785147205,-0.8379170278729746,1.5538461538461539,0.0,2.5,0.5666241349699613
5.2761114785147205,-0.8279170278729748,1.5538461538461539,0.0,2.5,0.5439977720833068
5.2761114785147205,-0.817917027872975,1.5538461538461539,0.0,2.5,0.5280390358338615
5.2761114785147205,-0.8079170278729753,1.5538461538461539,0.0,2.5,0.528292010588387
5.2761114785147205,-0.7979170278729755,1.5538461538461539,0.0,2.5,0.5250151092047036
5.2761114785147205,-0.7879170278729757,1.5538461538461539,0.0,2.5,0.5493645074592569
5.2761114785147205,-0.7779170278729759,1.5538461538461539,0.0,2.5,0.548341834654534
5.2761114785147205,-0.7679170278729761,1.5538461538461539,0.0,2.5,0.5464962984804418
5.2761114785147205,-0.7579170278729763,1.5538461538461539,0.0,2.5,0.5364400839185723
5.2761114785147205,-0.7479170278729765,1.5538461538461539,0.0,2.5,0.5137932459633582
5.2761114785147205,-0.7379170278729767,1.5538461538461539,0.0,2.5,0.5443683712555114
5.28611147851472,-1.4379170278729618,1.5538461538461539,0.0,2.5,0.6074727895355575
5.28611147851472,-1.427917027872962,1.5538461538461539,0.0,2.5,0.6063979592460889
5.28611147851472,-1.4179170278729623,1.5538461538461539,0.0,2.5,0.5758064111411482
5.28611147851472,-1.4079170278729625,1.5538461538461539,0.0,2.5,0.5683762496937038
5.28611147851472,-1.3979170278729627,1.5538461538461539,0.0,2.5,0.5243342041693267
5.28611147851472,-1.387917027872963,1.5538461538461539,0.0,2.5,0.4872742082401233
5.28611147851472,-1.377917027872963,1.5538461538461539,0.0,2.5,0.548113215011394
5.28611147851472,-1.3679170278729633,1.5538461538461539,0.0,2.5,0.5648962346027809
5.28611147851472,-1.3579170278729635,1.5538461538461539,0.0,2.5,0.5654741170566792
5.28611147851472,-1.3479170278729637,1.5538461538461539,0.0,2.5,0.5535979173463329
5.28611147851472,-1.337917027872964,1.5538461538461539,0.0,2.5,0.5408691721187843
5.28611147851472,-1.3279170278729642,1.5538461538461539,0.0,2.5,0.5209834828172483
5.28611147851472,-1.3179170278729644,1.5538461538461539,0.0,2.5,0.5316685216018606
5.28611147851472,-1.3079170278729646,1.5538461538461539,0.0,2.5,0.5367014338130308
5.28611147851472,-1.2979170278729648,1.5538461538461539,0.0,2.5,0.5389102686156474
5.28611147851472,-1.287917027872965,1.5538461538461539,0.0,2.5,0.5449948679575464
5.28611147851472,-1.2779170278729652,1.5538461538461539,0.0,2.5,0.5268682811251284
5.28611147851472,-1.2679170278729655,1.5538461538461539,0.0,2.5,0.5064698636392485
5.28611147851472,-1.2579170278729657,0.9440000000000001,0.0,2.5,0.4805045856362839
5.28611147851472,-1.2479170278729659,0.9440000000000001,0.0,2.5,0.453259461973782
5.28611147851472,-1.237917027872966,0.9440000000000001,0.0,2.5,0.44931278909013816
5.28611147851472,-1.2279170278729663,0.9440000000000001,0.0,2.5,0.4592184736399622
5.28611147851472,-1.2179170278729665,0.9440000000000001,0.0,2.5,0.48671559479651555
5.28611147851472,-1.2079170278729667,0.9440000000000001,0.0,2.5,0.4712962257695008
5.28611147851472,-1.197917027872967,0.9440000000000001,0.0,2.5,0.48425274890527903
5.28611147851472,-1.1879170278729672,0.9440000000000001,0.0,2.5,0.4634225179525519
5.28611147851472,-1.1779170278729674,0.9440000000000001,0.0,2.5,0.4639236826935461
5.28611147851472,-1.1679170278729676,0.9440000000000001,0.0,2.5,0.4541878663737505
5.28611147851472,-1.1579170278729678,0.9440000000000001,0.0,2.5,0.45855291624958017
5.28611147851472,-1.147917027872968,0.9440000000000001,0.0,2.5,0.4599306031981873
5.28611147851472,-1.1379170278729682,0.9440000000000001,0.0,2.5,0.5065482086697625
5.28611147851472,-1.1279170278729684,0.9440000000000001,0.0,2.5,0.44233368943541884
5.28611147851472,-1.1179170278729686,0.9440000000000001,0.0,2.5,0.413536336377597
5.28611147851472,-1.1079170278729689,0.9440000000000001,0.0,2.5,0.3856760608072727
5.28611147851472,-1.097917027872969,0.9440000000000001,0.0,2.5,0.3632613363335043
5.28611147851472,-1.0879170278729693,0.9440000000000001,0.0,2.5,0.3692722409071466
5.28611147851472,-1.0779170278729695,0.9440000000000001,0.0,2.5,0.37223455644209663
5.28611147851472,-1.0679170278729697,0.9440000000000001,0.0,2.5,0.3775314514401012
5.28611147851472,-1.05791702787297,0.9440000000000001,0.0,2.5,0.37535223996896483
5.28611147851472,-1.0479170278729701,0.9440000000000001,0.0,2.5,0.4087488650577274
5.28611147851472,-1.0379170278729704,0.9440000000000001,0.0,2.5,0.41465896055233514
5.28611147851472,-1.0279170278729706,0.9440000000000001,0.0,2.5,0.4054825751742894
5.28611147851472,-1.0179170278729708,0.9440000000000001,0.0,2.5,0.41252581834765056
5.28611147851472,-1.007917027872971,0.9440000000000001,0.0,2.5,0.4192305947310755
5.28611147851472,-0.9979170278729712,0.9440000000000001,0.0,2.5,0.43984775747727783
5.28611147851472,-0.9879170278729714,0.9440000000000001,0.0,2.5,0.44908562831112686
5.28611147851472,-0.9779170278729716,0.9440000000000001,0.0,2.5,0.5009709348808844
5.28611147851472,-0.9679170278729718,0.9440000000000001,0.0,2.5,0.5333635610345224
5.28611147851472,-0.9579170278729721,1.5538461538461539,0.0,2.5,0.566435909258664
5.28611147851472,-0.9479170278729723,0.9440000000000001,0.0,2.5,0.5042370414508217
5.28611147851472,-0.9379170278729725,1.5538461538461539,0.0,2.5,0.5680000744259421
5.28611147851472,-0.9279170278729727,1.5538461538461539,0.0,2.5,0.6147970501913639
5.28611147851472,-0.9179170278729729,1.5538461538461539,0.0,2.5,0.6691204061852521
5.28611147851472,-0.9079170278729731,1.5538461538461539,0.0,2.5,0.6519234975377248
5.28611147851472,-0.8979170278729733,1.5538461538461539,0.0,2.5,0.6595712758875159
5.28611147851472,-0.8879170278729736,1.5538461538461539,0.0,2.5,0.5973401858662934
5.28611147851472,-0.8779170278729738,1.5538461538461539,0.0,2.5,0.540513843132729
5.28611147851472,-0.867917027872974,1.5538461538461539,0.0,2.5,0.5331665584998703
5.28611147851472,-0.8579170278729742,1.5538461538461539,0.0,2.5,0.5273961686539888
5.28611147851472,-0.8479170278729744,1.5538461538461539,0.0,2.5,0.5300027072545764
5.28611147851472,-0.8379170278729746,1.5538461538461539,0.0,2.5,0.5428254979856457
5.28611147851472,-0.8279170278729748,1.5538461538461539,0.0,2.5,0.5428453474389089
5.28611147851472,-0.817917027872975,1.5538461538461539,0.0,2.5,0.5078661472705319
5.28611147851472,-0.8079170278729753,1.5538461538461539,0.0,2.5,0.5105734291079981
5.28611147851472,-0.7979170278729755,1.5538461538461539,0.0,2.5,0.491332885762733
5.28611147851472,-0.7879170278729757,1.5538461538461539,0.0,2.5,0.5273496002561046
5.28611147851472,-0.7779170278729759,1.5538461538461539,0.0,2.5,0.5205749084201351
5.28611147851472,-0.7679170278729761,1.5538461538461539,0.0,2.5,0.5375038463699308
5.28611147851472,-0.7579170278729763,1.5538461538461539,0.0,2.5,0.5343906986616836
5.28611147851472,-0.7479170278729765,1.5538461538461539,0.0,2.5,0.5245675717207334
5.28611147851472,-0.7379170278729767,1.5538461538461539,0.0,2.5,0.5030078944408714
5.29611147851472,-1.4479170278729616,1.5538461538461539,0.0,2.5,0.6547781861843913
5.29611147851472,-1.4379170278729618,1.5538461538461539,0.0,2.5,0.6412461815234292
5.29611147851472,-1.427917027872962,1.5538461538461539,0.0,2.5,0.6087886477584811
5.29611147851472,-1.4179170278729623,1.5538461538461539,0.0,2.5,0.6155978677672639
5.29611147851472,-1.4079170278729625,1.5538461538461539,0.0,2.5,0.55922491844582
5.29611147851472,-1.3979170278729627,1.5538461538461539,0.0,2.5,0.5437280896286102
5.29611147851472,-1.387917027872963,1.5538461538461539,0.0,2.5,0.5514044339818137
5.29611147851472,-1.377917027872963,1.5538461538461539,0.0,2.5,0.574914487389958
5.29611147851472,-1.3679170278729633,1.5538461538461539,0.0,2.5,0.5848758717295989
5.29611147851472,-1.3579170278729635,1.5538461538461539,0.0,2.5,0.5387857611995561
5.29611147851472,-1.3479170278729637,1.5538461538461539,0.0,2.5,0.5302353515877788
5.29611147851472,-1.337917027872964,1.5538461538461539,0.0,2.5,0.5058404103043403
5.29611147851472,-1.3279170278729642,1.5538461538461539,0.0,2.5,0.5047436971248519
5.29611147851472,-1.3179170278729644,1.5538461538461539,0.0,2.5,0.5183608911954933
5.29611147851472,-1.3079170278729646,1.5538461538461539,0.0,2.5,0.5201350144250907
5.29611147851472,-1.2979170278729648,1.5538461538461539,0.0,2.5,0.5497201072529586
5.29611147851472,-1.287917027872965,1.5538461538461539,0.0,2.5,0.5391452860578867
5.29611147851472,-1.2779170278729652,1.5538461538461539,0.0,2.5,0.5290121742749296
5.29611147851472,-1.2679170278729655,1.5538461538461539,0.0,2.5,0.5526884046379098
5.29611147851472,-1.2579170278729657,1.5538461538461539,0.0,2.5,0.5284576567445919
5.29611147851472,-1.2479170278729659,0.9440000000000001,0.0,2.5,0.510564946720312
5.29611147851472,-1.237917027872966,0.9440000000000001,0.0,2.5,0.48816250983336884
5.29611147851472,-1.2279170278729663,0.9440000000000001,0.0,2.5,0.4573443678119645
5.29611147851472,-1.2179170278729665,0.9440000000000001,0.0,2.5,0.47106521580507776
5.29611147851472,-1.2079170278729667,0.9440000000000001,0.0,2.5,0.45469382620986504
5.29611147851472,-1.197917027872967,0.9440000000000001,0.0,2.5,0.43309347581713725
5.29611147851472,-1.1879170278729672,0.9440000000000001,0.0,2.5,0.42518056244755115
5.29611147851472,-1.1779170278729674,0.9440000000000001,0.0,2.5,0.46639402050128276
5.29611147851472,-1.1679170278729676,0.9440000000000001,0.0,2.5,0.42973613059580845
5.29611147851472,-1.1579170278729678,0.9440000000000001,0.0,2.5,0.4245898814600634
5.29611147851472,-1.147917027872968,0.9440000000000001,0.0,2.5,0.42958095076782266
5.29611147851472,-1.1379170278729682,0.9440000000000001,0.0,2.5,0.4777810239957902
5.29611147851472,-1.1279170278729684,0.9440000000000001,0.0,2.5,0.5170338293788563
5.29611147851472,-1.1179170278729686,0.9440000000000001,0.0,2.5,0.43645680162114076
5.29611147851472,-1.1079170278729689,0.9440000000000001,0.0,2.5,0.4072232500234434
5.29611147851472,-1.097917027872969,0.9440000000000001,0.0,2.5,0.3853712458535786
5.29611147851472,-1.0879170278729693,0.9440000000000001,0.0,2.5,0.3877859791240417
5.29611147851472,-1.0779170278729695,0.9440000000000001,0.0,2.5,0.38997628556806535
5.29611147851472,-1.0679170278729697,0.9440000000000001,0.0,2.5,0.3881329342265567
5.29611147851472,-1.05791702787297,0.9440000000000001,0.0,2.5,0.4033971000001064
5.29611147851472,-1.0479170278729701,0.9440000000000001,0.0,2.5,0.4378290664063614
5.29611147851472,-1.0379170278729704,0.9440000000000001,0.0,2.5,0.4278227136795843
5.29611147851472,-1.0279170278729706,0.9440000000000001,0.0,2.5,0.41602304248624206
5.29611147851472,-1.0179170278729708,0.9440000000000001,0.0,2.5,0.42006305726092813
5.29611147851472,-1.007917027872971,0.9440000000000001,0.0,2.5,0.45201905549123855
5.29611147851472,-0.9979170278729712,0.9440000000000001,0.0,2.5,0.4606582218894265
5.29611147851472,-0.9879170278729714,0.9440000000000001,0.0,2.5,0.4811150892977946
5.29611147851472,-0.9779170278729716,0.9440000000000001,0.0,2.5,0.5163704076137596
5.29611147851472,-0.9679170278729718,0.9440000000000001,0.0,2.5,0.5209629348201736
5.29611147851472,-0.9579170278729721,0.9440000000000001,0.0,2.5,0.5320666727996484
5.29611147851472,-0.9479170278729723,0.9440000000000001,0.0,2.5,0.545508284425191
5.29611147851472,-0.9379170278729725,0.9440000000000001,0.0,2.5,0.5630380844211343
5.29611147851472,-0.9279170278729727,0.9440000000000001,0.0,2.5,0.5459877061325229
5.29611147851472,-0.9179170278729729,1.5538461538461539,0.0,2.5,0.6138379161692692
5.29611147851472,-0.9079170278729731,1.5538461538461539,0.0,2.5,0.6340027528153023
5.29611147851472,-0.8979170278729733,1.5538461538461539,0.0,2.5,0.6255420698253125
5.29611147851472,-0.8879170278729736,1.5538461538461539,0.0,2.5,0.6146979147197984
5.29611147851472,-0.8779170278729738,1.5538461538461539,0.0,2.5,0.5940079995261495
5.29611147851472,-0.867917027872974,1.5538461538461539,0.0,2.5,0.5835981373594634
5.29611147851472,-0.8579170278729742,1.5538461538461539,0.0,2.5,0.5839731975424195
5.29611147851472,-0.8479170278729744,2.2883333333333336,0.0,2.5,0.5831428100234013
5.29611147851472,-0.8379170278729746,1.5538461538461539,0.0,2.5,0.5682933900833796
5.29611147851472,-0.8279170278729748,1.5538461538461539,0.0,2.5,0.5696524099769029
5.29611147851472,-0.817917027872975,1.5538461538461539,0.0,2.5,0.567121871326951
5.29611147851472,-0.8079170278729753,1.5538461538461539,0.0,2.5,0.5369790530141972
5.29611147851472,-0.7979170278729755,1.5538461538461539,0.0,2.5,0.4965526088517004
5.29611147851472,-0.7879170278729757,1.5538461538461539,0.0,2.5,0.5215832769620987
5.29611147851472,-0.7779170278729759,1.5538461538461539,0.0,2.5,0.5185424433667848
5.29611147851472,-0.7679170278729761,1.5538461538461539,0.0,2.5,0.5324144168485877
5.29611147851472,-0.7579170278729763,1.5538461538461539,0.0,2.5,0.5232586724916546
5.29611147851472,-0.7479170278729765,1.5538461538461539,0.0,2.5,0.5070029769819915
5.29611147851472,-0.7379170278729767,1.5538461538461539,0.0,2.5,0.5078057090821967
5.29611147851472,-0.727917027872977,1.5538461538461539,0.0,2.5,0.5134621386710115
5.30611147851472,-1.4879170278729608,1.5538461538461539,0.0,2.5,0.6772657060042939
5.30611147851472,-1.477917027872961,1.5538461538461539,0.0,2.5,0.681595977144512
5.30611147851472,-1.4679170278729612,1.5538461538461539,0.0,2.5,0.6820042234792432
5.30611147851472,-1.4579170278729614,1.5538461538461539,0.0,2.5,0.6638039145997106
5.30611147851472,-1.4479170278729616,1.5538461538461539,0.0,2.5,0.6604806298434162
5.30611147851472,-1.4379170278729618,1.5538461538461539,0.0,2.5,0.6547243409803053
5.30611147851472,-1.427917027872962,1.5538461538461539,0.0,2.5,0.6351164674130241
5.30611147851472,-1.4179170278729623,1.5538461538461539,0.0,2.5,0.6172173418862563
5.30611147851472,-1.4079170278729625,1.5538461538461539,0.0,2.5,0.5695951245792614
5.30611147851472,-1.3979170278729627,1.5538461538461539,0.0,2.5,0.5714508522030972
5.30611147851472,-1.387917027872963,1.5538461538461539,0.0,2.5,0.5774343266826412
5.30611147851472,-1.377917027872963,1.5538461538461539,0.0,2.5,0.5646586451699277
5.30611147851472,-1.3679170278729633,1.5538461538461539,0.0,2.5,0.5342263918407963
5.30611147851472,-1.3579170278729635,1.5538461538461539,0.0,2.5,0.535567913834484
5.30611147851472,-1.3479170278729637,1.5538461538461539,0.0,2.5,0.5325466985861004
5.30611147851472,-1.337917027872964,1.5538461538461539,0.0,2.5,0.5094623959712141
5.30611147851472,-1.3279170278729642,1.5538461538461539,0.0,2.5,0.5130830285476736
5.30611147851472,-1.3179170278729644,1.5538461538461539,0.0,2.5,0.5177501657939306
5.30611147851472,-1.3079170278729646,1.5538461538461539,0.0,2.5,0.5016268645139235
5.30611147851472,-1.2979170278729648,1.5538461538461539,0.0,2.5,0.5132473740006035
5.30611147851472,-1.287917027872965,1.5538461538461539,0.0,2.5,0.5324485869435903
5.30611147851472,-1.2779170278729652,1.5538461538461539,0.0,2.5,0.5496610506437786
5.30611147851472,-1.2679170278729655,1.5538461538461539,0.0,2.5,0.5464807605716101
5.30611147851472,-1.2579170278729657,1.5538461538461539,0.0,2.5,0.5240845943303002
5.30611147851472,-1.2479170278729659,1.5538461538461539,0.0,2.5,0.534745713056652
5.30611147851472,-1.237917027872966,1.3404203079969255,0.0,2.5,0.5421137925636574
5.30611147851472,-1.2279170278729663,0.9440000000000001,0.0,2.5,0.5234572857839529
5.30611147851472,-1.2179170278729665,0.9440000000000001,0.0,2.5,0.4856618810151689
5.30611147851472,-1.2079170278729667,0.9440000000000001,0.0,2.5,0.4434801524882887
5.30611147851472,-1.197917027872967,0.9440000000000001,0.0,2.5,0.44034242887056263
5.30611147851472,-1.1879170278729672,0.9440000000000001,0.0,2.5,0.4163321534075255
5.30611147851472,-1.1779170278729674,0.9440000000000001,0.0,2.5,0.43751799949374315
5.30611147851472,-1.1679170278729676,0.9440000000000001,0.0,2.5,0.42393353585737126
5.30611147851472,-1.1579170278729678,0.9440000000000001,0.0,2.5,0.40872197428433327
5.30611147851472,-1.147917027872968,0.9440000000000001,0.0,2.5,0.39886073310601067
5.30611147851472,-1.1379170278729682,0.9440000000000001,0.0,2.5,0.4250558109473517
5.30611147851472,-1.1279170278729684,0.9440000000000001,0.0,2.5,0.5038369945051611
5.30611147851472,-1.1179170278729686,0.9440000000000001,0.0,2.5,0.5061023580471339
5.30611147851472,-1.1079170278729689,0.9440000000000001,0.0,2.5,0.42873766300445754
5.30611147851472,-1.097917027872969,0.9440000000000001,0.0,2.5,0.38423755109651625
5.30611147851472,-1.0879170278729693,0.9440000000000001,0.0,2.5,0.38387962048010893
5.30611147851472,-1.0779170278729695,0.9440000000000001,0.0,2.5,0.3915690532204319
5.30611147851472,-1.0679170278729697,0.9440000000000001,0.0,2.5,0.4038037488896566
5.30611147851472,-1.05791702787297,0.9440000000000001,0.0,2.5,0.43324537993832035
5.30611147851472,-1.0479170278729701,0.9440000000000001,0.0,2.5,0.42802410847155253
5.30611147851472,-1.0379170278729704,0.9440000000000001,0.0,2.5,0.4137528124039865
5.30611147851472,-1.0279170278729706,0.9440000000000001,0.0,2.5,0.41482825262797346
5.30611147851472,-1.0179170278729708,0.9440000000000001,0.0,2.5,0.44161359038279235
5.30611147851472,-1.007917027872971,0.9440000000000001,0.0,2.5,0.4655535143925525
5.30611147851472,-0.9979170278729712,0.9440000000000001,0.0,2.5,0.4821728638420831
5.30611147851472,-0.9879170278729714,0.9440000000000001,0.0,2.5,0.5130271092677827
5.30611147851472,-0.9779170278729716,0.9440000000000001,0.0,2.5,0.5166223746967118
5.30611147851472,-0.9679170278729718,0.9440000000000001,0.0,2.5,0.5182857578918021
5.30611147851472,-0.9579170278729721,0.9440000000000001,0.0,2.5,0.5324466509127062
5.30611147851472,-0.9479170278729723,0.9440000000000001,0.0,2.5,0.5437580408241904
5.30611147851472,-0.9379170278729725,0.9440000000000001,0.0,2.5,0.5472674026693263
5.30611147851472,-0.9279170278729727,0.9440000000000001,0.0,2.5,0.5476088933019443
5.30611147851472,-0.9179170278729729,0.9440000000000001,0.0,2.5,0.5564409721392464
5.30611147851472,-0.9079170278729731,1.5538461538461539,0.0,2.5,0.5897298764933868
5.30611147851472,-0.8979170278729733,1.5538461538461539,0.0,2.5,0.6314699210271976
5.30611147851472,-0.8879170278729736,1.5538461538461539,0.0,2.5,0.6016293572751528
5.30611147851472,-0.8779170278729738,1.5538461538461539,0.0,2.5,0.5967618430119062
5.30611147851472,-0.867917027872974,2.2883333333333336,0.0,2.5,0.6096993141374415
5.30611147851472,-0.8579170278729742,2.2883333333333336,0.0,2.5,0.6155307303444002
5.30611147851472,-0.8479170278729744,2.2883333333333336,0.0,2.5,0.6161251662319628
5.30611147851472,-0.8379170278729746,2.2883333333333336,0.0,2.5,0.619027127502447
5.30611147851472,-0.8279170278729748,1.5538461538461539,0.0,2.5,0.6215577549631498
5.30611147851472,-0.817917027872975,1.5538461538461539,0.0,2.5,0.6120665390594556
5.30611147851472,-0.8079170278729753,1.5538461538461539,0.0,2.5,0.5393390998256422
5.30611147851472,-0.7979170278729755,1.5538461538461539,0.0,2.5,0.5668347777930066
5.30611147851472,-0.7879170278729757,1.5538461538461539,0.0,2.5,0.5214967590945735
5.30611147851472,-0.7779170278729759,1.5538461538461539,0.0,2.5,0.49262746996106427
5.30611147851472,-0.7679170278729761,1.5538461538461539,0.0,2.5,0.49394960515616476
5.30611147851472,-0.7579170278729763,1.5538461538461539,0.0,2.5,0.4858375342153467
5.30611147851472,-0.7479170278729765,1.5538461538461539,0.0,2.5,0.49159349045698536
5.30611147851472,-0.7379170278729767,1.5538461538461539,0.0,2.5,0.47520792328639433
5.30611147851472,-0.727917027872977,0.9440000000000001,0.0,2.5,0.46493608236504325
5.30611147851472,-0.7179170278729772,0.9440000000000001,0.0,2.5,0.44675711473021684
5.31611147851472,-1.4979170278729605,1.5538461538461539,0.0,2.5,0.6833491168756468
5.31611147851472,-1.4879170278729608,1.5538461538461539,0.0,2.5,0.6832578699705005
5.31611147851472,-1.477917027872961,1.5538461538461539,0.0,2.5,0.6812344114260591
5.31611147851472,-1.4679170278729612,1.5538461538461539,0.0,2.5,0.6769770909101097
5.31611147851472,-1.4579170278729614,1.5538461538461539,0.0,2.5,0.6634473900625963
5.31611147851472,-1.4479170278729616,1.5538461538461539,0.0,2.5,0.6524053250201154
5.31611147851472,-1.4379170278729618,1.5538461538461539,0.0,2.5,0.6482685483115933
5.31611147851472,-1.427917027872962,1.5538461538461539,0.0,2.5,0.6343020479370622
5.31611147851472,-1.4179170278729623,1.5538461538461539,0.0,2.5,0.5940926830551918
5.31611147851472,-1.4079170278729625,2.2883333333333336,0.0,2.5,0.6106444277559139
5.31611147851472,-1.3979170278729627,2.1707411029057258,0.0,2.5,0.5811029116606057
5.31611147851472,-1.387917027872963,2.166257529905235,0.0,2.5,0.5769715262030093
5.31611147851472,-1.377917027872963,1.5538461538461539,0.0,2.5,0.541220542823005
5.31611147851472,-1.3679170278729633,1.5538461538461539,0.0,2.5,0.5271741497869572
5.31611147851472,-1.3579170278729635,1.5538461538461539,0.0,2.5,0.5365543735974637
5.31611147851472,-1.3479170278729637,1.5538461538461539,0.0,2.5,0.5154660576752746
5.31611147851472,-1.337917027872964,1.5538461538461539,0.0,2.5,0.5098385894146923
5.31611147851472,-1.3279170278729642,1.5538461538461539,0.0,2.5,0.5137811571488909
5.31611147851472,-1.3179170278729644,1.5538461538461539,0.0,2.5,0.5165573932667988
5.31611147851472,-1.3079170278729646,1.5538461538461539,0.0,2.5,0.5188933420155788
5.31611147851472,-1.2979170278729648,1.5538461538461539,0.0,2.5,0.4965392275914373
5.31611147851472,-1.287917027872965,1.5538461538461539,0.0,2.5,0.5014633053124496
5.31611147851472,-1.2779170278729652,1.5538461538461539,0.0,2.5,0.5256454944824813
5.31611147851472,-1.2679170278729655,1.5538461538461539,0.0,2.5,0.5310465190147002
5.31611147851472,-1.2579170278729657,1.5538461538461539,0.0,2.5,0.5516989205539837
5.31611147851472,-1.2479170278729659,1.5538461538461539,0.0,2.5,0.5407764958220185
5.31611147851472,-1.237917027872966,1.5538461538461539,0.0,2.5,0.5285911340207364
5.31611147851472,-1.2279170278729663,0.9440000000000001,0.0,2.5,0.5326879854381346
5.31611147851472,-1.2179170278729665,0.9440000000000001,0.0,2.5,0.5172788206897475
5.31611147851472,-1.2079170278729667,0.9440000000000001,0.0,2.5,0.48470847177558396
5.31611147851472,-1.197917027872967,0.9440000000000001,0.0,2.5,0.4336928626977458
5.31611147851472,-1.1879170278729672,0.9440000000000001,0.0,2.5,0.4286611338718244
5.31611147851472,-1.1779170278729674,0.9440000000000001,0.0,2.5,0.4497453119607141
5.31611147851472,-1.1679170278729676,0.9440000000000001,0.0,2.5,0.4391299409808449
5.31611147851472,-1.1579170278729678,0.9440000000000001,0.0,2.5,0.4186509329561383
5.31611147851472,-1.147917027872968,0.9440000000000001,0.0,2.5,0.4002329262663734
5.31611147851472,-1.1379170278729682,0.9440000000000001,0.0,2.5,0.3823079258024373
5.31611147851472,-1.1279170278729684,0.9440000000000001,0.0,2.5,0.42511765784860583
5.31611147851472,-1.1179170278729686,0.9440000000000001,0.0,2.5,0.49552600139273306
5.31611147851472,-1.1079170278729689,0.9440000000000001,0.0,2.5,0.46904619962386684
5.31611147851472,-1.097917027872969,0.9440000000000001,0.0,2.5,0.40196630646477727
5.31611147851472,-1.0879170278729693,0.9440000000000001,0.0,2.5,0.38047491873698114
5.31611147851472,-1.0779170278729695,0.9440000000000001,0.0,2.5,0.39177738750270286
5.31611147851472,-1.0679170278729697,0.9440000000000001,0.0,2.5,0.39912225776860977
5.31611147851472,-1.05791702787297,0.9440000000000001,0.0,2.5,0.42418538007778595
5.31611147851472,-1.0479170278729701,0.9440000000000001,0.0,2.5,0.41350503904332825
5.31611147851472,-1.0379170278729704,0.9440000000000001,0.0,2.5,0.42215324254984343
5.31611147851472,-1.0279170278729706,0.9440000000000001,0.0,2.5,0.4317050888339935
5.31611147851472,-1.0179170278729708,0.9440000000000001,0.0,2.5,0.46004838144474
5.31611147851472,-1.007917027872971,0.9440000000000001,0.0,2.5,0.48621074929434127
5.31611147851472,-0.9979170278729712,0.9440000000000001,0.0,2.5,0.49626732318987316
5.31611147851472,-0.9879170278729714,0.9440000000000001,0.0,2.5,0.5145364588020389
5.31611147851472,-0.9779170278729716,0.9440000000000001,0.0,2.5,0.5195410801645962
5.31611147851472,-0.9679170278729718,0.9440000000000001,0.0,2.5,0.5165136309928596
5.31611147851472,-0.9579170278729721,0.9440000000000001,0.0,2.5,0.5184534578831911
5.31611147851472,-0.9479170278729723,0.9440000000000001,0.0,2.5,0.5263117289540589
5.31611147851472,-0.9379170278729725,0.9440000000000001,0.0,2.5,0.5272149560386092
5.31611147851472,-0.9279170278729727,0.9440000000000001,0.0,2.5,0.5302166789997387
5.31611147851472,-0.9179170278729729,0.9440000000000001,0.0,2.5,0.5370629864636391
5.31611147851472,-0.9079170278729731,1.5538461538461539,0.0,2.5,0.5433481008292901
5.31611147851472,-0.8979170278729733,1.5538461538461539,0.0,2.5,0.5543994553406741
5.31611147851472,-0.8879170278729736,1.5538461538461539,0.0,2.5,0.6124512031188076
5.31611147851472,-0.8779170278729738,2.2883333333333336,0.0,2.5,0.6191347787724573
5.31611147851472,-0.867917027872974,2.2883333333333336,0.0,2.5,0.6321754114202346
5.31611147851472,-0.8579170278729742,2.2883333333333336,0.0,2.5,0.6070847659828751
5.31611147851472,-0.8479170278729744,2.2883333333333336,0.0,2.5,0.6025287358495472
5.31611147851472,-0.8379170278729746,2.2883333333333336,0.0,2.5,0.6035748818245724
5.31611147851472,-0.8279170278729748,1.5538461538461539,0.0,2.5,0.6144729284509722
5.31611147851472,-0.817917027872975,1.5538461538461539,0.0,2.5,0.5840829298577472
5.31611147851472,-0.8079170278729753,1.5538461538461539,0.0,2.5,0.5370194601663967
5.31611147851472,-0.7979170278729755,1.5538461538461539,0.0,2.5,0.5447301872061354
5.31611147851472,-0.7879170278729757,1.5538461538461539,0.0,2.5,0.5267602195399722
5.31611147851472,-0.7779170278729759,1.5538461538461539,0.0,2.5,0.4898695727457383
5.31611147851472,-0.7679170278729761,1.5538461538461539,0.0,2.5,0.48036643359233416
5.31611147851472,-0.7579170278729763,1.5538461538461539,0.0,2.5,0.467987835884211
5.31611147851472,-0.7479170278729765,1.5538461538461539,0.0,2.5,0.4619521798561171
5.31611147851472,-0.7379170278729767,1.5538461538461539,0.0,2.5,0.4479192979265949
5.31611147851472,-0.727917027872977,0.9440000000000001,0.0,2.5,0.44955175395416036
5.31611147851472,-0.7179170278729772,0.9440000000000001,0.0,2.5,0.438058312132147
5.31611147851472,-0.7079170278729774,0.9440000000000001,0.0,2.5,0.4481032562098456
5.31611147851472,-0.6979170278729776,0.9440000000000001,0.0,2.5,0.4549843318362913
5.31611147851472,-0.6879170278729778,0.9440000000000001,0.0,2.5,0.4830203683811888
5.326111478514719,-1.4979170278729605,1.5538461538461539,0.0,2.5,0.6823295673491087
5.326111478514719,-1.4879170278729608,1.5538461538461539,0.0,2.5,0.6826346761167947
5.326111478514719,-1.477917027872961,1.5538461538461539,0.0,2.5,0.6751582566549699
5.326111478514719,-1.4679170278729612,1.5538461538461539,0.0,2.5,0.6681400034033271
5.326111478514719,-1.4579170278729614,1.5538461538461539,0.0,2.5,0.6589416934370419
5.326111478514719,-1.4479170278729616,1.5538461538461539,0.0,2.5,0.6570108036384366
5.326111478514719,-1.4379170278729618,1.5538461538461539,0.0,2.5,0.6376775168777078
5.326111478514719,-1.427917027872962,1.5538461538461539,0.0,2.5,0.6364322825389956
5.326111478514719,-1.4179170278729623,2.2883333333333336,0.0,2.5,0.6069610944602298
5.326111478514719,-1.4079170278729625,2.2883333333333336,0.0,2.5,0.614619285868731
5.326111478514719,-1.3979170278729627,2.233534416526736,0.0,2.5,0.5867529339539187
5.326111478514719,-1.387917027872963,1.5538461538461539,0.0,2.5,0.5442309843869233
5.326111478514719,-1.377917027872963,1.5538461538461539,0.0,2.5,0.5622260710275145
5.326111478514719,-1.3679170278729633,1.5538461538461539,0.0,2.5,0.5497902362401796
5.326111478514719,-1.3579170278729635,1.5538461538461539,0.0,2.5,0.5460973239966171
5.326111478514719,-1.3479170278729637,1.5538461538461539,0.0,2.5,0.5139992169424292
5.326111478514719,-1.337917027872964,1.5538461538461539,0.0,2.5,0.5087093283075727
5.326111478514719,-1.3279170278729642,1.5538461538461539,0.0,2.5,0.503105890525268
5.326111478514719,-1.3179170278729644,1.5538461538461539,0.0,2.5,0.5044871783599412
5.326111478514719,-1.3079170278729646,1.5538461538461539,0.0,2.5,0.5073383927471163
5.326111478514719,-1.2979170278729648,1.5538461538461539,0.0,2.5,0.5109886413078396
5.326111478514719,-1.287917027872965,1.5538461538461539,0.0,2.5,0.5030733546807605
5.326111478514719,-1.2779170278729652,1.5538461538461539,0.0,2.5,0.5127151536605519
5.326111478514719,-1.2679170278729655,1.5538461538461539,0.0,2.5,0.5125821762513938
5.326111478514719,-1.2579170278729657,1.5538461538461539,0.0,2.5,0.5510704175274532
5.326111478514719,-1.2479170278729659,1.5538461538461539,0.0,2.5,0.554194319835627
5.326111478514719,-1.237917027872966,1.5538461538461539,0.0,2.5,0.5566666526227321
5.326111478514719,-1.2279170278729663,1.5538461538461539,0.0,2.5,0.5383960349670396
5.326111478514719,-1.2179170278729665,1.053679212231282,0.0,2.5,0.5239630490585566
5.326111478514719,-1.2079170278729667,0.9440000000000001,0.0,2.5,0.4888317272683641
5.326111478514719,-1.197917027872967,0.9440000000000001,0.0,2.5,0.4378123894931801
5.326111478514719,-1.1879170278729672,0.9440000000000001,0.0,2.5,0.43776496674530774
5.326111478514719,-1.1779170278729674,0.9440000000000001,0.0,2.5,0.43277446056224583
5.326111478514719,-1.1679170278729676,1.5538461538461539,0.0,2.5,0.44808089605613866
5.326111478514719,-1.1579170278729678,0.9786245058309851,0.0,2.5,0.4354973701623633
5.326111478514719,-1.147917027872968,0.9440000000000001,0.0,2.5,0.4050178336346508
5.326111478514719,-1.1379170278729682,0.9440000000000001,0.0,2.5,0.39913060034841147
5.326111478514719,-1.1279170278729684,0.9440000000000001,0.0,2.5,0.38678710370389324
5.326111478514719,-1.1179170278729686,0.9440000000000001,0.0,2.5,0.435411202651812
5.326111478514719,-1.1079170278729689,0.9440000000000001,0.0,2.5,0.46185449676009305
5.326111478514719,-1.097917027872969,0.9440000000000001,0.0,2.5,0.4427935088267851
5.326111478514719,-1.0879170278729693,0.9440000000000001,0.0,2.5,0.4035664921250728
5.326111478514719,-1.0779170278729695,0.9440000000000001,0.0,2.5,0.40776981300468224
5.326111478514719,-1.0679170278729697,0.9440000000000001,0.0,2.5,0.4284164512104128
5.326111478514719,-1.05791702787297,0.9440000000000001,0.0,2.5,0.4152628969048262
5.326111478514719,-1.0479170278729701,0.9440000000000001,0.0,2.5,0.41575709891319707
5.326111478514719,-1.0379170278729704,0.9440000000000001,0.0,2.5,0.431781678685212
5.326111478514719,-1.0279170278729706,0.9440000000000001,0.0,2.5,0.44219758327510816
5.326111478514719,-1.0179170278729708,0.9440000000000001,0.0,2.5,0.47370012246481386
5.326111478514719,-1.007917027872971,0.9440000000000001,0.0,2.5,0.4836263290986334
5.326111478514719,-0.9979170278729712,0.9440000000000001,0.0,2.5,0.4808440756965413
5.326111478514719,-0.9879170278729714,0.9440000000000001,0.0,2.5,0.4732074850766867
5.326111478514719,-0.9779170278729716,0.9440000000000001,0.0,2.5,0.4883607503956687
5.326111478514719,-0.9679170278729718,0.9440000000000001,0.0,2.5,0.5037543984666304
5.326111478514719,-0.9579170278729721,0.9440000000000001,0.0,2.5,0.5074546862996808
5.326111478514719,-0.9479170278729723,0.9440000000000001,0.0,2.5,0.5046232760377065
5.326111478514719,-0.9379170278729725,0.9440000000000001,0.0,2.5,0.5055440183994893
5.326111478514719,-0.9279170278729727,0.9440000000000001,0.0,2.5,0.4850431560925808
5.326111478514719,-0.9179170278729729,0.9440000000000001,0.0,2.5,0.5141516503598363
5.326111478514719,-0.9079170278729731,1.5538461538461539,0.0,2.5,0.5289830457936551
5.326111478514719,-0.8979170278729733,1.5538461538461539,0.0,2.5,0.5335632904040086
5.326111478514719,-0.8879170278729736,1.5538461538461539,0.0,2.5,0.545655920192738
5.326111478514719,-0.8779170278729738,2.2883333333333336,0.0,2.5,0.5568946010018004
5.326111478514719,-0.867917027872974,2.2883333333333336,0.0,2.5,0.6299426733798548
5.326111478514719,-0.8579170278729742,2.2883333333333336,0.0,2.5,0.6264886786537835
5.326111478514719,-0.8479170278729744,2.2883333333333336,0.0,2.5,0.6207796668583874
5.326111478514719,-0.8379170278729746,2.249357456207888,0.0,2.5,0.6080267942021909
5.326111478514719,-0.8279170278729748,1.5538461538461539,0.0,2.5,0.6175299662991376
5.326111478514719,-0.817917027872975,1.5538461538461539,0.0,2.5,0.5642610259607491
5.326111478514719,-0.8079170278729753,1.5538461538461539,0.0,2.5,0.5673160386967191
5.326111478514719,-0.7979170278729755,1.5538461538461539,0.0,2.5,0.557408301853468
5.326111478514719,-0.7879170278729757,1.5538461538461539,0.0,2.5,0.5347255773407497
5.326111478514719,-0.7779170278729759,1.5538461538461539,0.0,2.5,0.506769225292585
5.326111478514719,-0.7679170278729761,1.5538461538461539,0.0,2.5,0.5002089810760353
5.326111478514719,-0.7579170278729763,1.5538461538461539,0.0,2.5,0.4799360414414436
5.326111478514719,-0.7479170278729765,1.5538461538461539,0.0,2.5,0.46709450288875587
5.326111478514719,-0.7379170278729767,1.5538461538461539,0.0,2.5,0.47649748798496405
5.326111478514719,-0.727917027872977,0.9440000000000001,0.0,2.5,0.4909689149589633
5.326111478514719,-0.7179170278729772,0.9440000000000001,0.0,2.5,0.4754983450392506
5.326111478514719,-0.7079170278729774,0.9440000000000001,0.0,2.5,0.4539449590855567
5.326111478514719,-0.6979170278729776,0.9440000000000001,0.0,2.5,0.4420526228389468
5.326111478514719,-0.6879170278729778,0.9440000000000001,0.0,2.5,0.4689242218673713
5.326111478514719,-0.677917027872978,0.9440000000000001,0.0,2.5,0.5048544639876955
5.326111478514719,-0.6679170278729782,0.9440000000000001,0.0,2.5,0.6392891320340989
5.326111478514719,-0.6579170278729785,0.9440000000000001,0.0,2.5,0.6101961296750045
5.326111478514719,-0.6479170278729787,0.9440000000000001,0.0,2.5,0.629705579315399
5.336111478514719,-1.6079170278729582,1.5538461538461539,0.0,2.5,0.6382809777022695
5.336111478514719,-1.5979170278729584,1.5538461538461539,0.0,2.5,0.6535119494269451
5.336111478514719,-1.5079170278729603,1.5538461538461539,0.0,2.5,0.6421619559766089
5.336111478514719,-1.4979170278729605,1.6710799391637283,0.0,2.5,0.6898761012363035
5.336111478514719,-1.4879170278729608,2.2883333333333336,0.0,2.5,0.6941875771431785
5.336111478514719,-1.477917027872961,1.5538461538461539,0.0,2.5,0.6837535155900667
5.336111478514719,-1.4679170278729612,1.5538461538461539,0.0,2.5,0.6657826799248793
5.336111478514719,-1.4579170278729614,1.5538461538461539,0.0,2.5,0.6433093449871228
5.336111478514719,-1.4479170278729616,1.5538461538461539,0.0,2.5,0.6650277866022247
5.336111478514719,-1.4379170278729618,1.5538461538461539,0.0,2.5,0.6479569655223947
5.336111478514719,-1.427917027872962,1.5538461538461539,0.0,2.5,0.6406740124385487
5.336111478514719,-1.4179170278729623,2.2883333333333336,0.0,2.5,0.6250389090515152
5.336111478514719,-1.4079170278729625,2.2883333333333336,0.0,2.5,0.601794989550278
5.336111478514719,-1.3979170278729627,1.5538461538461539,0.0,2.5,0.5639579812049114
5.336111478514719,-1.387917027872963,1.5538461538461539,0.0,2.5,0.5664134242615068
5.336111478514719,-1.377917027872963,1.5538461538461539,0.0,2.5,0.5585356232409516
5.336111478514719,-1.3679170278729633,1.5538461538461539,0.0,2.5,0.550861840731932
5.336111478514719,-1.3579170278729635,1.5538461538461539,0.0,2.5,0.5434240579561722
5.336111478514719,-1.3479170278729637,1.5538461538461539,0.0,2.5,0.5328722764742028
5.336111478514719,-1.337917027872964,1.5538461538461539,0.0,2.5,0.5279149823992494
5.336111478514719,-1.3279170278729642,1.5538461538461539,0.0,2.5,0.5229538491711105
5.336111478514719,-1.3179170278729644,1.5538461538461539,0.0,2.5,0.5236482976267239
5.336111478514719,-1.3079170278729646,1.5538461538461539,0.0,2.5,0.5135016341845731
5.336111478514719,-1.2979170278729648,1.5538461538461539,0.0,2.5,0.5074495755183346
5.336111478514719,-1.287917027872965,1.5538461538461539,0.0,2.5,0.5081015428586982
5.336111478514719,-1.2779170278729652,1.5538461538461539,0.0,2.5,0.5190831072284008
5.336111478514719,-1.2679170278729655,1.5538461538461539,0.0,2.5,0.5204841169588145
5.336111478514719,-1.2579170278729657,1.5538461538461539,0.0,2.5,0.5370885166492609
5.336111478514719,-1.2479170278729659,1.5538461538461539,0.0,2.5,0.5551080806717152
5.336111478514719,-1.237917027872966,1.5538461538461539,0.0,2.5,0.5514830885867553
5.336111478514719,-1.2279170278729663,1.5538461538461539,0.0,2.5,0.5399435368975922
5.336111478514719,-1.2179170278729665,1.5538461538461539,0.0,2.5,0.519481941223056
5.336111478514719,-1.2079170278729667,0.9440000000000001,0.0,2.5,0.49244995094062327
5.336111478514719,-1.197917027872967,0.9440000000000001,0.0,2.5,0.48890911688436733
5.336111478514719,-1.1879170278729672,0.9440000000000001,0.0,2.5,0.4434523982796307
5.336111478514719,-1.1779170278729674,1.475715371906547,0.0,2.5,0.45074557991117803
5.336111478514719,-1.1679170278729676,1.5538461538461539,0.0,2.5,0.44640687305106286
5.336111478514719,-1.1579170278729678,1.5538461538461539,0.0,2.5,0.4256277416023167
5.336111478514719,-1.147917027872968,0.9440000000000001,0.0,2.5,0.4074021558467948
5.336111478514719,-1.1379170278729682,0.9440000000000001,0.0,2.5,0.41151372337489617
5.336111478514719,-1.1279170278729684,0.9440000000000001,0.0,2.5,0.4034767672234892
5.336111478514719,-1.1179170278729686,0.9440000000000001,0.0,2.5,0.4018038521259925
5.336111478514719,-1.1079170278729689,0.9440000000000001,0.0,2.5,0.4547371103544998
5.336111478514719,-1.097917027872969,0.9440000000000001,0.0,2.5,0.45392200350625095
5.336111478514719,-1.0879170278729693,0.9440000000000001,0.0,2.5,0.4307544411972473
5.336111478514719,-1.0779170278729695,0.9440000000000001,0.0,2.5,0.4306731038755902
5.336111478514719,-1.0679170278729697,0.9440000000000001,0.0,2.5,0.41280727127384287
5.336111478514719,-1.05791702787297,0.9075908581490474,0.0,2.5,0.40037415306689744
5.336111478514719,-1.0479170278729701,0.9,0.0,2.5,0.39807850727122907
5.336111478514719,-1.0379170278729704,0.9440000000000001,0.0,2.5,0.3974891094966155
5.336111478514719,-1.0279170278729706,0.9440000000000001,0.0,2.5,0.40665238329479225
5.336111478514719,-1.0179170278729708,0.9440000000000001,0.0,2.5,0.4124121485618741
5.336111478514719,-1.007917027872971,0.9440000000000001,0.0,2.5,0.41871052334414827
5.336111478514719,-0.9979170278729712,0.9440000000000001,0.0,2.5,0.43365166651223624
5.336111478514719,-0.9879170278729714,0.9440000000000001,0.0,2.5,0.4387984200435442
5.336111478514719,-0.9779170278729716,0.9440000000000001,0.0,2.5,0.4453639946008488
5.336111478514719,-0.9679170278729718,0.9440000000000001,0.0,2.5,0.4491086723280547
5.336111478514719,-0.9579170278729721,0.9440000000000001,0.0,2.5,0.44980878208341163
5.336111478514719,-0.9479170278729723,0.9440000000000001,0.0,2.5,0.4637475472659676
5.336111478514719,-0.9379170278729725,0.9440000000000001,0.0,2.5,0.4731300248032711
5.336111478514719,-0.9279170278729727,1.5538461538461539,0.0,2.5,0.4706780841852519
5.336111478514719,-0.9179170278729729,1.5538461538461539,0.0,2.5,0.4675373536417771
5.336111478514719,-0.9079170278729731,1.5538461538461539,0.0,2.5,0.47252900230428346
5.336111478514719,-0.8979170278729733,1.5538461538461539,0.0,2.5,0.48257372846732977
5.336111478514719,-0.8879170278729736,1.5538461538461539,0.0,2.5,0.5141778624951905
5.336111478514719,-0.8779170278729738,1.5538461538461539,0.0,2.5,0.5348726639514415
5.336111478514719,-0.867917027872974,2.2883333333333336,0.0,2.5,0.5651899950019067
5.336111478514719,-0.8579170278729742,2.2883333333333336,0.0,2.5,0.6167500695698226
5.336111478514719,-0.8479170278729744,2.2883333333333336,0.0,2.5,0.6498429901278823
5.336111478514719,-0.8379170278729746,2.2128511589996855,0.0,2.5,0.6056932152971168
5.336111478514719,-0.8279170278729748,1.5538461538461539,0.0,2.5,0.5569517625945827
5.336111478514719,-0.817917027872975,1.5538461538461539,0.0,2.5,0.5374391137245489
5.336111478514719,-0.8079170278729753,1.5538461538461539,0.0,2.5,0.5297984972281462
5.336111478514719,-0.7979170278729755,1.5538461538461539,0.0,2.5,0.5224294691923953
5.336111478514719,-0.7879170278729757,1.5538461538461539,0.0,2.5,0.5355726620137783
5.336111478514719,-0.7779170278729759,1.5538461538461539,0.0,2.5,0.5285981878931726
5.336111478514719,-0.7679170278729761,1.5538461538461539,0.0,2.5,0.5031864620535771
5.336111478514719,-0.7579170278729763,1.5538461538461539,0.0,2.5,0.5198730825485224
5.336111478514719,-0.7479170278729765,1.5538461538461539,0.0,2.5,0.49626526520622993
5.336111478514719,-0.7379170278729767,1.5538461538461539,0.0,2.5,0.4985614261839399
5.336111478514719,-0.727917027872977,0.9440000000000001,0.0,2.5,0.46849820618702315
5.336111478514719,-0.7179170278729772,0.9440000000000001,0.0,2.5,0.4543116340974396
5.336111478514719,-0.7079170278729774,0.9440000000000001,0.0,2.5,0.4521392294251532
5.336111478514719,-0.6979170278729776,0.9440000000000001,0.0,2.5,0.44789791161748593
5.336111478514719,-0.6879170278729778,0.9440000000000001,0.0,2.5,0.46398874667343915
5.336111478514719,-0.677917027872978,0.9440000000000001,0.0,2.5,0.46418930210703924
5.336111478514719,-0.6679170278729782,0.9440000000000001,0.0,2.5,0.5904755492501719
5.336111478514719,-0.6579170278729785,0.9440000000000001,0.0,2.5,0.5925609076895962
5.336111478514719,-0.6479170278729787,0.9440000000000001,0.0,2.5,0.5906400428049322
5.336111478514719,-0.6379170278729789,0.9440000000000001,0.0,2.5,0.5921166073012544
5.336111478514719,-0.6279170278729791,0.9440000000000001,0.0,2.5,0.6066280686430807
5.346111478514719,-1.617917027872958,1.5538461538461539,0.0,2.5,0.6457183612655444
5.346111478514719,-1.6079170278729582,1.5538461538461539,0.0,2.5,0.654481976619843
5.346111478514719,-1.5979170278729584,1.5538461538461539,0.0,2.5,0.6718313492840146
5.346111478514719,-1.5079170278729603,1.5538461538461539,0.0,2.5,0.6399917656359576
5.346111478514719,-1.4979170278729605,2.2883333333333336,0.0,2.5,0.7113084018187166
5.346111478514719,-1.4879170278729608,2.2883333333333336,0.0,2.5,0.6839194216122517
5.346111478514719,-1.477917027872961,2.2883333333333336,0.0,2.5,0.6894932699098696
5.346111478514719,-1.4679170278729612,2.2883333333333336,0.0,2.5,0.6833706483579419
5.346111478514719,-1.4579170278729614,2.2883333333333336,0.0,2.5,0.6847975593135888
5.346111478514719,-1.4479170278729616,1.5538461538461539,0.0,2.5,0.6657807369506282
5.346111478514719,-1.4379170278729618,2.198873287459467,0.0,2.5,0.6689395496177424
5.346111478514719,-1.427917027872962,2.2883333333333336,0.0,2.5,0.6351092990232722
5.346111478514719,-1.4179170278729623,2.2883333333333336,0.0,2.5,0.6075766688696626
5.346111478514719,-1.4079170278729625,1.5538461538461539,0.0,2.5,0.5719661424720041
5.346111478514719,-1.3979170278729627,1.5538461538461539,0.0,2.5,0.5559390563238675
5.346111478514719,-1.387917027872963,1.5538461538461539,0.0,2.5,0.5449701053826778
5.346111478514719,-1.377917027872963,1.5538461538461539,0.0,2.5,0.5533973583096419
5.346111478514719,-1.3679170278729633,1.5538461538461539,0.0,2.5,0.534659621956516
5.346111478514719,-1.3579170278729635,1.5538461538461539,0.0,2.5,0.5236729959485565
5.346111478514719,-1.3479170278729637,1.5538461538461539,0.0,2.5,0.5243010863043976
5.346111478514719,-1.337917027872964,1.5538461538461539,0.0,2.5,0.5265656050472646
5.346111478514719,-1.3279170278729642,1.5538461538461539,0.0,2.5,0.5050576555549997
5.346111478514719,-1.3179170278729644,1.5538461538461539,0.0,2.5,0.5167425902185868
5.346111478514719,-1.3079170278729646,1.5538461538461539,0.0,2.5,0.5226632540796959
5.346111478514719,-1.2979170278729648,1.5538461538461539,0.0,2.5,0.5171761367033644
5.346111478514719,-1.287917027872965,1.5538461538461539,0.0,2.5,0.5063141547553623
5.346111478514719,-1.2779170278729652,1.5538461538461539,0.0,2.5,0.5151064413173548
5.346111478514719,-1.2679170278729655,1.5538461538461539,0.0,2.5,0.5244468978017663
5.346111478514719,-1.2579170278729657,1.5538461538461539,0.0,2.5,0.5181812290357296
5.346111478514719,-1.2479170278729659,1.5538461538461539,0.0,2.5,0.5177188269489109
5.346111478514719,-1.237917027872966,1.5538461538461539,0.0,2.5,0.5218118323166631
5.346111478514719,-1.2279170278729663,1.5538461538461539,0.0,2.5,0.5233851977931704
5.346111478514719,-1.2179170278729665,1.5538461538461539,0.0,2.5,0.5012732470286095
5.346111478514719,-1.2079170278729667,1.5538461538461539,0.0,2.5,0.5213303516710738
5.346111478514719,-1.197917027872967,1.5538461538461539,0.0,2.5,0.5252670590130212
5.346111478514719,-1.1879170278729672,1.5538461538461539,0.0,2.5,0.4877694074183745
5.346111478514719,-1.1779170278729674,1.5538461538461539,0.0,2.5,0.4711626743950873
5.346111478514719,-1.1679170278729676,1.5538461538461539,0.0,2.5,0.4579408589127677
5.346111478514719,-1.1579170278729678,1.5538461538461539,0.0,2.5,0.4505483326882341
5.346111478514719,-1.147917027872968,1.5538461538461539,0.0,2.5,0.42804578701041757
5.346111478514719,-1.1379170278729682,0.9440000000000001,0.0,2.5,0.4091107259162588
5.346111478514719,-1.1279170278729684,0.9440000000000001,0.0,2.5,0.39796862034125297
5.346111478514719,-1.1179170278729686,0.9440000000000001,0.0,2.5,0.3903401704437066
5.346111478514719,-1.1079170278729689,0.9440000000000001,0.0,2.5,0.41294744433495456
5.346111478514719,-1.097917027872969,0.9440000000000001,0.0,2.5,0.4451782198683537
5.346111478514719,-1.0879170278729693,0.9440000000000001,0.0,2.5,0.45480709433044986
5.346111478514719,-1.0779170278729695,0.9440000000000001,0.0,2.5,0.39458201421495703
5.346111478514719,-1.0679170278729697,0.9440000000000001,0.0,2.5,0.3753556158454147
5.346111478514719,-1.05791702787297,0.9128661150644178,0.0,2.5,0.3963390750187214
5.346111478514719,-1.0479170278729701,0.9,0.0,2.5,0.3712323214960496
5.346111478514719,-1.0379170278729704,0.9178885173964132,0.0,2.5,0.37892554308730847
5.346111478514719,-1.0279170278729706,0.9440000000000001,0.0,2.5,0.3742866692806935
5.346111478514719,-1.0179170278729708,0.9440000000000001,0.0,2.5,0.37381390180940993
5.346111478514719,-1.007917027872971,0.9440000000000001,0.0,2.5,0.3844002325556864
5.346111478514719,-0.9979170278729712,0.9440000000000001,0.0,2.5,0.38912255945682905
5.346111478514719,-0.9879170278729714,0.9440000000000001,0.0,2.5,0.38938207682466586
5.346111478514719,-0.9779170278729716,0.9440000000000001,0.0,2.5,0.39046703849995185
5.346111478514719,-0.9679170278729718,0.9440000000000001,0.0,2.5,0.3991251662830108
5.346111478514719,-0.9579170278729721,0.9440000000000001,0.0,2.5,0.40535097273462367
5.346111478514719,-0.9479170278729723,0.9440000000000001,0.0,2.5,0.4261260910453623
5.346111478514719,-0.9379170278729725,1.444115261850684,0.0,2.5,0.43158537240440636
5.346111478514719,-0.9279170278729727,1.5538461538461539,0.0,2.5,0.42967686247765396
5.346111478514719,-0.9179170278729729,1.5538461538461539,0.0,2.5,0.45112075218692316
5.346111478514719,-0.9079170278729731,1.5538461538461539,0.0,2.5,0.45289598701197503
5.346111478514719,-0.8979170278729733,1.5538461538461539,0.0,2.5,0.46041589901922947
5.346111478514719,-0.8879170278729736,1.5538461538461539,0.0,2.5,0.4686370957267813
5.346111478514719,-0.8779170278729738,1.5538461538461539,0.0,2.5,0.49704559965128586
5.346111478514719,-0.867917027872974,2.2883333333333336,0.0,2.5,0.5247241847456473
5.346111478514719,-0.8579170278729742,2.2883333333333336,0.0,2.5,0.6083846114119522
5.346111478514719,-0.8479170278729744,2.2883333333333336,0.0,2.5,0.6231494324066681
5.346111478514719,-0.8379170278729746,2.193802982004515,0.0,2.5,0.6025418354961964
5.346111478514719,-0.8279170278729748,1.5538461538461539,0.0,2.5,0.5272830089172719
5.346111478514719,-0.817917027872975,1.5538461538461539,0.0,2.5,0.5396855973414785
5.346111478514719,-0.8079170278729753,1.5538461538461539,0.0,2.5,0.5669147179808028
5.346111478514719,-0.7979170278729755,1.5538461538461539,0.0,2.5,0.5603489892136724
5.346111478514719,-0.7879170278729757,1.5538461538461539,0.0,2.5,0.5798649665058846
5.346111478514719,-0.7779170278729759,1.5538461538461539,0.0,2.5,0.5701903585766558
5.346111478514719,-0.7679170278729761,1.5538461538461539,0.0,2.5,0.5626361923343459
5.346111478514719,-0.7579170278729763,1.5538461538461539,0.0,2.5,0.5595543407579705
5.346111478514719,-0.7479170278729765,1.5538461538461539,0.0,2.5,0.5639421791267747
5.346111478514719,-0.7379170278729767,1.5538461538461539,0.0,2.5,0.5034235142864879
5.346111478514719,-0.727917027872977,0.9440000000000001,0.0,2.5,0.4668332905006989
5.346111478514719,-0.7179170278729772,0.9440000000000001,0.0,2.5,0.46450737912975504
5.346111478514719,-0.7079170278729774,0.9440000000000001,0.0,2.5,0.47281599364723337
5.346111478514719,-0.6979170278729776,0.9440000000000001,0.0,2.5,0.46588266817656687
5.346111478514719,-0.6879170278729778,0.9440000000000001,0.0,2.5,0.47281385499026396
5.346111478514719,-0.677917027872978,0.9440000000000001,0.0,2.5,0.4745102343700136
5.346111478514719,-0.6679170278729782,0.9440000000000001,0.0,2.5,0.5109832005845257
5.346111478514719,-0.6579170278729785,0.9440000000000001,0.0,2.5,0.5895723331838622
5.346111478514719,-0.6479170278729787,0.9440000000000001,0.0,2.5,0.6007181271236258
5.346111478514719,-0.6379170278729789,0.9440000000000001,0.0,2.5,0.5916933021365993
5.346111478514719,-0.6279170278729791,0.9440000000000001,0.0,2.5,0.6007817782228393
5.346111478514719,-0.6179170278729793,0.9440000000000001,0.0,2.5,0.6201370562569782
5.356111478514719,-1.617917027872958,0.9440000000000001,0.0,2.5,0.6492935652509515
5.356111478514719,-1.6079170278729582,1.5538461538461539,0.0,2.5,0.6717370758080182
5.356111478514719,-1.5979170278729584,1.5538461538461539,0.0,2.5,0.6739307110478671
5.356111478514719,-1.5879170278729586,1.5538461538461539,0.0,2.5,0.6739307110478671
5.356111478514719,-1.5179170278729601,1.5538461538461539,0.0,2.5,0.6345891124006521
5.356111478514719,-1.5079170278729603,1.5538461538461539,0.0,2.5,0.7079236550484573
5.356111478514719,-1.4979170278729605,2.2883333333333336,0.0,2.5,0.7045618890727949
5.356111478514719,-1.4879170278729608,2.2883333333333336,0.0,2.5,0.6893485904118973
5.356111478514719,-1.477917027872961,2.2883333333333336,0.0,2.5,0.6902454589372868
5.356111478514719,-1.4679170278729612,2.2883333333333336,0.0,2.5,0.6885295492223648
5.356111478514719,-1.4579170278729614,2.2883333333333336,0.0,2.5,0.6751229782200483
5.356111478514719,-1.4479170278729616,2.2883333333333336,0.0,2.5,0.6701516273469981
5.356111478514719,-1.4379170278729618,2.2883333333333336,0.0,2.5,0.6562424648447347
5.356111478514719,-1.427917027872962,2.2883333333333336,0.0,2.5,0.6160032170453602
5.356111478514719,-1.4179170278729623,2.2883333333333336,0.0,2.5,0.5826066125228451
5.356111478514719,-1.4079170278729625,1.5538461538461539,0.0,2.5,0.5625270654118985
5.356111478514719,-1.3979170278729627,1.5538461538461539,0.0,2.5,0.5481152805166318
5.356111478514719,-1.387917027872963,1.5538461538461539,0.0,2.5,0.5621857823472383
5.356111478514719,-1.377917027872963,1.5538461538461539,0.0,2.5,0.5417674135889794
5.356111478514719,-1.3679170278729633,1.5538461538461539,0.0,2.5,0.5267044758185474
5.356111478514719,-1.3579170278729635,1.5538461538461539,0.0,2.5,0.5193108888021097
5.356111478514719,-1.3479170278729637,1.5538461538461539,0.0,2.5,0.5097126771650626
5.356111478514719,-1.337917027872964,1.5538461538461539,0.0,2.5,0.4999026998767704
5.356111478514719,-1.3279170278729642,1.5538461538461539,0.0,2.5,0.49622449235701394
5.356111478514719,-1.3179170278729644,1.5538461538461539,0.0,2.5,0.49032278901179166
5.356111478514719,-1.3079170278729646,1.5538461538461539,0.0,2.5,0.4930200259286123
5.356111478514719,-1.2979170278729648,1.5538461538461539,0.0,2.5,0.5049414173351796
5.356111478514719,-1.287917027872965,1.5538461538461539,0.0,2.5,0.5099561247877495
5.356111478514719,-1.2779170278729652,1.5538461538461539,0.0,2.5,0.5259448296519518
5.356111478514719,-1.2679170278729655,1.5538461538461539,0.0,2.5,0.5179501744611896
5.356111478514719,-1.2579170278729657,1.5538461538461539,0.0,2.5,0.5060846851776327
5.356111478514719,-1.2479170278729659,1.5538461538461539,0.0,2.5,0.5056502855602208
5.356111478514719,-1.237917027872966,1.5538461538461539,0.0,2.5,0.5030340776857126
5.356111478514719,-1.2279170278729663,1.5538461538461539,0.0,2.5,0.5356711469072307
5.356111478514719,-1.2179170278729665,1.5538461538461539,0.0,2.5,0.557041474341315
5.356111478514719,-1.2079170278729667,1.5538461538461539,0.0,2.5,0.5399353745644235
5.356111478514719,-1.197917027872967,1.5538461538461539,0.0,2.5,0.5332187621194283
5.356111478514719,-1.1879170278729672,1.5538461538461539,0.0,2.5,0.49448468422209674
5.356111478514719,-1.1779170278729674,1.5538461538461539,0.0,2.5,0.45555584511558056
5.356111478514719,-1.1679170278729676,1.5538461538461539,0.0,2.5,0.42662077843156626
5.356111478514719,-1.1579170278729678,1.5538461538461539,0.0,2.5,0.43166302192405276
5.356111478514719,-1.147917027872968,1.5538461538461539,0.0,2.5,0.44012219580179957
5.356111478514719,-1.1379170278729682,1.5538461538461539,0.0,2.5,0.42296352349774463
5.356111478514719,-1.1279170278729684,1.5538461538461539,0.0,2.5,0.4256109607731861
5.356111478514719,-1.1179170278729686,1.0995650760784184,0.0,2.5,0.4046636031585702
5.356111478514719,-1.1079170278729689,0.9440000000000001,0.0,2.5,0.3902766035007196
5.356111478514719,-1.097917027872969,0.9440000000000001,0.0,2.5,0.40672939852174317
5.356111478514719,-1.0879170278729693,0.9440000000000001,0.0,2.5,0.44846551979234417
5.356111478514719,-1.0779170278729695,0.9440000000000001,0.0,2.5,0.439012139061871
5.356111478514719,-1.0679170278729697,0.9440000000000001,0.0,2.5,0.39043847473180404
5.356111478514719,-1.05791702787297,0.9059719417467554,0.0,2.5,0.38613355294568763
5.356111478514719,-1.0479170278729701,0.9,0.0,2.5,0.36891425077771733
5.356111478514719,-1.0379170278729704,0.9,0.0,2.5,0.32586920492327054
5.356111478514719,-1.0279170278729706,0.9440000000000001,0.0,2.5,0.34736021363703384
5.356111478514719,-1.0179170278729708,0.9440000000000001,0.0,2.5,0.35095857019348947
5.356111478514719,-1.007917027872971,0.9440000000000001,0.0,2.5,0.34692795794859155
5.356111478514719,-0.9979170278729712,0.9440000000000001,0.0,2.5,0.3541624762367988
5.356111478514719,-0.9879170278729714,0.9440000000000001,0.0,2.5,0.35583170603349357
5.356111478514719,-0.9779170278729716,0.9440000000000001,0.0,2.5,0.38111750684995094
5.356111478514719,-0.9679170278729718,0.9440000000000001,0.0,2.5,0.38737417914759786
5.356111478514719,-0.9579170278729721,0.9440000000000001,0.0,2.5,0.3920837852669901
5.356111478514719,-0.9479170278729723,0.9440000000000001,0.0,2.5,0.4027509984611405
5.356111478514719,-0.9379170278729725,1.5538461538461539,0.0,2.5,0.4144565250598408
5.356111478514719,-0.9279170278729727,1.5538461538461539,0.0,2.5,0.41479021391835924
5.356111478514719,-0.9179170278729729,1.5538461538461539,0.0,2.5,0.43486872663168297
5.356111478514719,-0.9079170278729731,1.5538461538461539,0.0,2.5,0.4355632961739461
5.356111478514719,-0.8979170278729733,1.5538461538461539,0.0,2.5,0.43072962306344476
5.356111478514719,-0.8879170278729736,1.5538461538461539,0.0,2.5,0.43112530289304535
5.356111478514719,-0.8779170278729738,1.5538461538461539,0.0,2.5,0.46650370655856305
5.356111478514719,-0.867917027872974,2.160923266961402,0.0,2.5,0.5125305672817474
5.356111478514719,-0.8579170278729742,2.2883333333333336,0.0,2.5,0.619026049835287
5.356111478514719,-0.8479170278729744,2.2883333333333336,0.0,2.5,0.6021012149933
5.356111478514719,-0.8379170278729746,1.5538461538461539,0.0,2.5,0.5880871222794088
5.356111478514719,-0.8279170278729748,1.5538461538461539,0.0,2.5,0.5576988872421731
5.356111478514719,-0.817917027872975,1.5538461538461539,0.0,2.5,0.5537422532432288
5.356111478514719,-0.8079170278729753,1.5538461538461539,0.0,2.5,0.5565132972136815
5.356111478514719,-0.7979170278729755,1.5538461538461539,0.0,2.5,0.5659443696956605
5.356111478514719,-0.7879170278729757,1.5538461538461539,0.0,2.5,0.5730034198301978
5.356111478514719,-0.7779170278729759,1.5538461538461539,0.0,2.5,0.5689668366780198
5.356111478514719,-0.7679170278729761,1.5538461538461539,0.0,2.5,0.5812860715747199
5.356111478514719,-0.7579170278729763,1.5538461538461539,0.0,2.5,0.5582656313722861
5.356111478514719,-0.7479170278729765,1.5538461538461539,0.0,2.5,0.5005734759313026
5.356111478514719,-0.7379170278729767,0.9440000000000001,0.0,2.5,0.5036850837183793
5.356111478514719,-0.727917027872977,0.9440000000000001,0.0,2.5,0.4607436026359157
5.356111478514719,-0.7179170278729772,0.9440000000000001,0.0,2.5,0.4639932184629111
5.356111478514719,-0.7079170278729774,0.9440000000000001,0.0,2.5,0.45578421399843005
5.356111478514719,-0.6979170278729776,0.9440000000000001,0.0,2.5,0.4712407561060575
5.356111478514719,-0.6879170278729778,0.9440000000000001,0.0,2.5,0.472234407538083
5.356111478514719,-0.677917027872978,0.9440000000000001,0.0,2.5,0.48968682585944207
5.356111478514719,-0.6679170278729782,0.9440000000000001,0.0,2.5,0.49933169268819244
5.356111478514719,-0.6579170278729785,0.9440000000000001,0.0,2.5,0.5686157860166298
5.356111478514719,-0.6479170278729787,0.9440000000000001,0.0,2.5,0.6332863245388439
5.356111478514719,-0.6379170278729789,0.9440000000000001,0.0,2.5,0.6294613496012473
5.356111478514719,-0.6279170278729791,0.9440000000000001,0.0,2.5,0.620369491186438
5.356111478514719,-0.6179170278729793,0.9440000000000001,0.0,2.5,0.5675050771124305
5.356111478514719,-0.6079170278729795,0.9440000000000001,0.0,2.5,0.5225671061134677
5.356111478514719,-0.5979170278729797,0.9440000000000001,0.0,2.5,0.5178674373593413
5.356111478514719,-0.58791702787298,0.9440000000000001,0.0,2.5,0.48105720682779585
5.366111478514719,-1.6279170278729578,1.04212727449128,0.0,2.5,0.6717108298158071
5.366111478514719,-1.617917027872958,0.9440000000000001,0.0,2.5,0.6646641761110982
5.366111478514719,-1.6079170278729582,0.9440000000000001,0.0,2.5,0.6820150490674204
5.366111478514719,-1.5979170278729584,0.9440000000000001,0.0,2.5,0.681067857056881
5.366111478514719,-1.5879170278729586,0.9440000000000001,0.0,2.5,0.6778285939911877
5.366111478514719,-1.5779170278729588,0.9440000000000001,0.0,2.5,0.6742856492059115
5.366111478514719,-1.5179170278729601,1.5538461538461539,0.0,2.5,0.6352542975308589
5.366111478514719,-1.5079170278729603,1.5538461538461539,0.0,2.5,0.72372048099829
5.366111478514719,-1.4979170278729605,2.2883333333333336,0.0,2.5,0.7058846491480207
5.366111478514719,-1.4879170278729608,2.2883333333333336,0.0,2.5,0.6878650734497584
5.366111478514719,-1.477917027872961,2.2883333333333336,0.0,2.5,0.6937432811543484
5.366111478514719,-1.4679170278729612,2.2883333333333336,0.0,2.5,0.689576115156196
5.366111478514719,-1.4579170278729614,2.2883333333333336,0.0,2.5,0.6781153633506655
5.366111478514719,-1.4479170278729616,2.2883333333333336,0.0,2.5,0.6630054944349305
5.366111478514719,-1.4379170278729618,1.5538461538461539,0.0,2.5,0.6210322724654137
5.366111478514719,-1.427917027872962,2.264705944153724,0.0,2.5,0.577152234964294
5.366111478514719,-1.4179170278729623,1.5538461538461539,0.0,2.5,0.5605521575688747
5.366111478514719,-1.4079170278729625,1.5538461538461539,0.0,2.5,0.5617160649077002
5.366111478514719,-1.3979170278729627,1.5538461538461539,0.0,2.5,0.5578013984413801
5.366111478514719,-1.387917027872963,1.5538461538461539,0.0,2.5,0.5583893249075925
5.366111478514719,-1.377917027872963,1.5538461538461539,0.0,2.5,0.5563135785975277
5.366111478514719,-1.3679170278729633,1.5538461538461539,0.0,2.5,0.5402726342896628
5.366111478514719,-1.3579170278729635,1.5538461538461539,0.0,2.5,0.5326978004554754
5.366111478514719,-1.3479170278729637,1.5538461538461539,0.0,2.5,0.5165784622657861
5.366111478514719,-1.337917027872964,1.5538461538461539,0.0,2.5,0.5110237675730731
5.366111478514719,-1.3279170278729642,1.5538461538461539,0.0,2.5,0.5056838446234581
5.366111478514719,-1.3179170278729644,1.5538461538461539,0.0,2.5,0.4970029832337008
5.366111478514719,-1.3079170278729646,1.5538461538461539,0.0,2.5,0.48919696718939054
5.366111478514719,-1.2979170278729648,1.5538461538461539,0.0,2.5,0.4963393218478681
5.366111478514719,-1.287917027872965,1.5538461538461539,0.0,2.5,0.49726055232515987
5.366111478514719,-1.2779170278729652,1.5538461538461539,0.0,2.5,0.5029282381589583
5.366111478514719,-1.2679170278729655,1.5538461538461539,0.0,2.5,0.5206143966242829
5.366111478514719,-1.2579170278729657,1.5538461538461539,0.0,2.5,0.49356284058742167
5.366111478514719,-1.2479170278729659,1.5538461538461539,0.0,2.5,0.5017857140882006
5.366111478514719,-1.237917027872966,1.5538461538461539,0.0,2.5,0.5040544815296046
5.366111478514719,-1.2279170278729663,1.5538461538461539,0.0,2.5,0.5288135053171162
5.366111478514719,-1.2179170278729665,1.5538461538461539,0.0,2.5,0.5209257352450419
5.366111478514719,-1.2079170278729667,1.5538461538461539,0.0,2.5,0.5243647291060259
5.366111478514719,-1.197917027872967,1.5538461538461539,0.0,2.5,0.5195564888693286
5.366111478514719,-1.1879170278729672,1.5538461538461539,0.0,2.5,0.4709375099865261
5.366111478514719,-1.1779170278729674,1.5538461538461539,0.0,2.5,0.4639441583340363
5.366111478514719,-1.1679170278729676,1.5538461538461539,0.0,2.5,0.4352531808424937
5.366111478514719,-1.1579170278729678,1.5538461538461539,0.0,2.5,0.43964196881247425
5.366111478514719,-1.147917027872968,1.5538461538461539,0.0,2.5,0.44904134534584794
5.366111478514719,-1.1379170278729682,1.5538461538461539,0.0,2.5,0.46108691041463
5.366111478514719,-1.1279170278729684,1.5538461538461539,0.0,2.5,0.45215240255194816
5.366111478514719,-1.1179170278729686,1.5538461538461539,0.0,2.5,0.4301723279777441
5.366111478514719,-1.1079170278729689,1.5538461538461539,0.0,2.5,0.41347694739904667
5.366111478514719,-1.097917027872969,1.5538461538461539,0.0,2.5,0.42261241328883703
5.366111478514719,-1.0879170278729693,0.9440000000000001,0.0,2.5,0.4514271029726107
5.366111478514719,-1.0779170278729695,0.9440000000000001,0.0,2.5,0.4491249240923784
5.366111478514719,-1.0679170278729697,0.9440000000000001,0.0,2.5,0.46682942078760636
5.366111478514719,-1.05791702787297,0.9440000000000001,0.0,2.5,0.41520215912958786
5.366111478514719,-1.0479170278729701,0.9296242175176873,0.0,2.5,0.40600104228377487
5.366111478514719,-1.0379170278729704,0.9440000000000001,0.0,2.5,0.4001449301617172
5.366111478514719,-1.0279170278729706,0.9440000000000001,0.0,2.5,0.34424155424455477
5.366111478514719,-1.0179170278729708,0.9440000000000001,0.0,2.5,0.31997863867179055
5.366111478514719,-1.007917027872971,0.9440000000000001,0.0,2.5,0.3389247173490513
5.366111478514719,-0.9979170278729712,0.9440000000000001,0.0,2.5,0.35015237388066695
5.366111478514719,-0.9879170278729714,0.9440000000000001,0.0,2.5,0.3601877777651347
5.366111478514719,-0.9779170278729716,0.9440000000000001,0.0,2.5,0.3585506269196491
5.366111478514719,-0.9679170278729718,0.9440000000000001,0.0,2.5,0.3626069653751541
5.366111478514719,-0.9579170278729721,0.9440000000000001,0.0,2.5,0.36626831931388226
5.366111478514719,-0.9479170278729723,0.9440000000000001,0.0,2.5,0.3774941257654951
5.366111478514719,-0.9379170278729725,1.5538461538461539,0.0,2.5,0.38205251578817084
5.366111478514719,-0.9279170278729727,1.5538461538461539,0.0,2.5,0.39162147681308573
5.366111478514719,-0.9179170278729729,1.5538461538461539,0.0,2.5,0.39997230143584345
5.366111478514719,-0.9079170278729731,1.5538461538461539,0.0,2.5,0.4207934602777261
5.366111478514719,-0.8979170278729733,1.5538461538461539,0.0,2.5,0.4375702866383538
5.366111478514719,-0.8879170278729736,1.5538461538461539,0.0,2.5,0.4421403343008754
5.366111478514719,-0.8779170278729738,1.5538461538461539,0.0,2.5,0.4607549671694272
5.366111478514719,-0.867917027872974,1.5538461538461539,0.0,2.5,0.5016116703394228
5.366111478514719,-0.8579170278729742,2.2883333333333336,0.0,2.5,0.5744494181251409
5.366111478514719,-0.8479170278729744,1.5538461538461539,0.0,2.5,0.44576995102365363
5.366111478514719,-0.8379170278729746,1.5538461538461539,0.0,2.5,0.45087469840045674
5.366111478514719,-0.8279170278729748,1.5538461538461539,0.0,2.5,0.43754379049013864
5.366111478514719,-0.817917027872975,1.5538461538461539,0.0,2.5,0.43592263245089974
5.366111478514719,-0.8079170278729753,1.5538461538461539,0.0,2.5,0.5650570197280473
5.366111478514719,-0.7979170278729755,1.5538461538461539,0.0,2.5,0.5820353495277188
5.366111478514719,-0.7879170278729757,2.028497802108658,0.0,2.5,0.5827630436873291
5.366111478514719,-0.7779170278729759,1.5538461538461539,0.0,2.5,0.5858711152493681
5.366111478514719,-0.7679170278729761,1.5538461538461539,0.0,2.5,0.5586703059460089
5.366111478514719,-0.7579170278729763,1.5538461538461539,0.0,2.5,0.4998487835145621
5.366111478514719,-0.7479170278729765,1.5538461538461539,0.0,2.5,0.5039307673333844
5.366111478514719,-0.7379170278729767,0.9440000000000001,0.0,2.5,0.48472796726929385
5.366111478514719,-0.727917027872977,0.9440000000000001,0.0,2.5,0.48740972754885337
5.366111478514719,-0.7179170278729772,0.9440000000000001,0.0,2.5,0.45661766461008646
5.366111478514719,-0.7079170278729774,0.9440000000000001,0.0,2.5,0.45851474061427866
5.366111478514719,-0.6979170278729776,0.9440000000000001,0.0,2.5,0.4643656995408816
5.366111478514719,-0.6879170278729778,0.9440000000000001,0.0,2.5,0.47884596144389024
5.366111478514719,-0.677917027872978,0.9440000000000001,0.0,2.5,0.478824522119953
5.366111478514719,-0.6679170278729782,0.9440000000000001,0.0,2.5,0.4799631093748843
5.366111478514719,-0.6579170278729785,0.9440000000000001,0.0,2.5,0.5474759066148654
5.366111478514719,-0.6479170278729787,0.9440000000000001,0.0,2.5,0.5991758503848704
5.366111478514719,-0.6379170278729789,0.9440000000000001,0.0,2.5,0.6078013183571422
5.366111478514719,-0.6279170278729791,0.9440000000000001,0.0,2.5,0.5716430629773925
5.366111478514719,-0.6179170278729793,0.9440000000000001,0.0,2.5,0.48117610556848395
5.366111478514719,-0.6079170278729795,0.9440000000000001,0.0,2.5,0.575047892884517
5.366111478514719,-0.5979170278729797,0.9440000000000001,0.0,2.5,0.5461712096925293
5.366111478514719,-0.58791702787298,0.9440000000000001,0.0,2.5,0.4822329870260417
5.366111478514719,-0.5779170278729802,0.9440000000000001,0.0,2.5,0.4948117303525643
5.366111478514719,-0.5679170278729804,0.9440000000000001,0.0,2.5,0.4947944858642238
5.366111478514719,-0.5579170278729806,0.9440000000000001,0.0,2.5,0.4567388858757001
5.366111478514719,-0.5479170278729808,0.9440000000000001,0.0,2.5,0.45647184973539223
5.366111478514719,-0.537917027872981,0.9440000000000001,0.0,2.5,0.4137895735778245
5.376111478514718,-1.6279170278729578,0.9440000000000001,0.0,2.5,0.6855700366681547
5.376111478514718,-1.617917027872958,0.9440000000000001,0.0,2.5,0.6694884157409643
5.376111478514718,-1.6079170278729582,0.9440000000000001,0.0,2.5,0.686059486986473
5.376111478514718,-1.5979170278729584,0.9440000000000001,0.0,2.5,0.6834602677273878
5.376111478514718,-1.5879170278729586,0.9440000000000001,0.0,2.5,0.679109664065582
5.376111478514718,-1.5779170278729588,0.9440000000000001,0.0,2.5,0.6764970959888245
5.376111478514718,-1.52791702787296,1.5538461538461539,0.0,2.5,0.662976299736613
5.376111478514718,-1.5179170278729601,1.5538461538461539,0.0,2.5,0.6606055920858918
5.376111478514718,-1.5079170278729603,1.5538461538461539,0.0,2.5,0.712471402362954
5.376111478514718,-1.4979170278729605,2.228211358552729,0.0,2.5,0.7010994849784467
5.376111478514718,-1.4879170278729608,2.2883333333333336,0.0,2.5,0.7061414015259785
5.376111478514718,-1.477917027872961,2.2883333333333336,0.0,2.5,0.6979324905479153
5.376111478514718,-1.4679170278729612,2.2883333333333336,0.0,2.5,0.6784962304163784
5.376111478514718,-1.4579170278729614,2.2883333333333336,0.0,2.5,0.6938826875808953
5.376111478514718,-1.4479170278729616,2.2592263428746753,0.0,2.5,0.648513811296984
5.376111478514718,-1.4379170278729618,1.5538461538461539,0.0,2.5,0.5715857850278643
5.376111478514718,-1.427917027872962,1.5538461538461539,0.0,2.5,0.5672313319471022
5.376111478514718,-1.4179170278729623,2.234015763298446,0.0,2.5,0.5679751248897328
5.376111478514718,-1.4079170278729625,1.5538461538461539,0.0,2.5,0.5519414538302004
5.376111478514718,-1.3979170278729627,1.5538461538461539,0.0,2.5,0.568021798766876
5.376111478514718,-1.387917027872963,1.5538461538461539,0.0,2.5,0.553299550986049
5.376111478514718,-1.377917027872963,1.5538461538461539,0.0,2.5,0.5524410845503129
5.376111478514718,-1.3679170278729633,1.5538461538461539,0.0,2.5,0.5419814702684782
5.376111478514718,-1.3579170278729635,1.5538461538461539,0.0,2.5,0.5413563071021594
5.376111478514718,-1.3479170278729637,1.5538461538461539,0.0,2.5,0.529349535060742
5.376111478514718,-1.337917027872964,1.5538461538461539,0.0,2.5,0.5198052044739583
5.376111478514718,-1.3279170278729642,1.5538461538461539,0.0,2.5,0.5260615063306886
5.376111478514718,-1.3179170278729644,1.5538461538461539,0.0,2.5,0.5109943604379833
5.376111478514718,-1.3079170278729646,1.5538461538461539,0.0,2.5,0.512946961622342
5.376111478514718,-1.2979170278729648,1.5538461538461539,0.0,2.5,0.5073485599768448
5.376111478514718,-1.287917027872965,1.5538461538461539,0.0,2.5,0.506384295646261
5.376111478514718,-1.2779170278729652,1.5538461538461539,0.0,2.5,0.4924085668583093
5.376111478514718,-1.2679170278729655,1.5538461538461539,0.0,2.5,0.5044684151229888
5.376111478514718,-1.2579170278729657,1.5538461538461539,0.0,2.5,0.5017124624758996
5.376111478514718,-1.2479170278729659,1.5538461538461539,0.0,2.5,0.48394299504073046
5.376111478514718,-1.237917027872966,1.5538461538461539,0.0,2.5,0.48705877829439953
5.376111478514718,-1.2279170278729663,1.5538461538461539,0.0,2.5,0.4855965065238736
5.376111478514718,-1.2179170278729665,1.5538461538461539,0.0,2.5,0.5088519206114268
5.376111478514718,-1.2079170278729667,1.5538461538461539,0.0,2.5,0.514501040223829
5.376111478514718,-1.197917027872967,1.5538461538461539,0.0,2.5,0.5126732127247444
5.376111478514718,-1.1879170278729672,1.5538461538461539,0.0,2.5,0.5082253673798465
5.376111478514718,-1.1779170278729674,1.5538461538461539,0.0,2.5,0.4884354287398443
5.376111478514718,-1.1679170278729676,1.5538461538461539,0.0,2.5,0.47859460974777485
5.376111478514718,-1.1579170278729678,1.5538461538461539,0.0,2.5,0.45807358802696496
5.376111478514718,-1.147917027872968,1.5538461538461539,0.0,2.5,0.4678415469775035
5.376111478514718,-1.1379170278729682,1.5538461538461539,0.0,2.5,0.4744086028698815
5.376111478514718,-1.1279170278729684,1.5538461538461539,0.0,2.5,0.4764800137364501
5.376111478514718,-1.1179170278729686,1.5538461538461539,0.0,2.5,0.48383530496853455
5.376111478514718,-1.1079170278729689,1.5538461538461539,0.0,2.5,0.4408734398398636
5.376111478514718,-1.097917027872969,1.5538461538461539,0.0,2.5,0.4626856008954239
5.376111478514718,-1.0879170278729693,1.5538461538461539,0.0,2.5,0.46403637107334067
5.376111478514718,-1.0779170278729695,0.9440000000000001,0.0,2.5,0.4490894251257831
5.376111478514718,-1.0679170278729697,0.9440000000000001,0.0,2.5,0.44092123060396526
5.376111478514718,-1.05791702787297,0.9440000000000001,0.0,2.5,0.45936764659050816
5.376111478514718,-1.0479170278729701,0.9440000000000001,0.0,2.5,0.4633329898238725
5.376111478514718,-1.0379170278729704,0.9440000000000001,0.0,2.5,0.40724331103906675
5.376111478514718,-1.0279170278729706,0.9440000000000001,0.0,2.5,0.40930256633029544
5.376111478514718,-1.0179170278729708,0.9440000000000001,0.0,2.5,0.37527694232375963
5.376111478514718,-1.007917027872971,0.9440000000000001,0.0,2.5,0.34726672404442366
5.376111478514718,-0.9979170278729712,0.9440000000000001,0.0,2.5,0.32945265980816785
5.376111478514718,-0.9879170278729714,0.9440000000000001,0.0,2.5,0.32438737384697747
5.376111478514718,-0.9779170278729716,0.9440000000000001,0.0,2.5,0.3542736320418207
5.376111478514718,-0.9679170278729718,0.9440000000000001,0.0,2.5,0.3531914046770598
5.376111478514718,-0.9579170278729721,0.9440000000000001,0.0,2.5,0.35851373172108497
5.376111478514718,-0.9479170278729723,0.9858641422162366,0.0,2.5,0.36072275160195444
5.376111478514718,-0.9379170278729725,1.5538461538461539,0.0,2.5,0.371909619433318
5.376111478514718,-0.9279170278729727,1.5538461538461539,0.0,2.5,0.3848691762968157
5.376111478514718,-0.9179170278729729,1.5538461538461539,0.0,2.5,0.3894283160817619
5.376111478514718,-0.9079170278729731,1.5538461538461539,0.0,2.5,0.3887826418146882
5.376111478514718,-0.8979170278729733,1.5538461538461539,0.0,2.5,0.3982950926709228
5.376111478514718,-0.8879170278729736,1.5538461538461539,0.0,2.5,0.42038827423050257
5.376111478514718,-0.8779170278729738,1.5538461538461539,0.0,2.5,0.4526104987207455
5.376111478514718,-0.867917027872974,1.5538461538461539,0.0,2.5,0.5351585768948862
5.376111478514718,-0.8579170278729742,1.5538461538461539,0.0,2.5,0.511404891074239
5.376111478514718,-0.8479170278729744,1.5538461538461539,0.0,2.5,0.43909637733331475
5.376111478514718,-0.8379170278729746,1.5538461538461539,0.0,2.5,0.4739432440738199
5.376111478514718,-0.8279170278729748,1.5538461538461539,0.0,2.5,0.4720968379714185
5.376111478514718,-0.817917027872975,1.5538461538461539,0.0,2.5,0.46750487670922203
5.376111478514718,-0.8079170278729753,1.5538461538461539,0.0,2.5,0.5164576673121319
5.376111478514718,-0.7979170278729755,1.5538461538461539,0.0,2.5,0.5445289037593902
5.376111478514718,-0.7879170278729757,1.5538461538461539,0.0,2.5,0.5679849709833722
5.376111478514718,-0.7779170278729759,1.5538461538461539,0.0,2.5,0.571139578181219
5.376111478514718,-0.7679170278729761,1.5538461538461539,0.0,2.5,0.55780807746449
5.376111478514718,-0.7579170278729763,1.5538461538461539,0.0,2.5,0.5214185367729729
5.376111478514718,-0.7479170278729765,1.5538461538461539,0.0,2.5,0.49312831136610746
5.376111478514718,-0.7379170278729767,0.9440000000000001,0.0,2.5,0.49547476565491433
5.376111478514718,-0.727917027872977,0.9440000000000001,0.0,2.5,0.49335528030282083
5.376111478514718,-0.7179170278729772,0.9440000000000001,0.0,2.5,0.47774649518319545
5.376111478514718,-0.7079170278729774,0.9440000000000001,0.0,2.5,0.45644555506884776
5.376111478514718,-0.6979170278729776,0.9440000000000001,0.0,2.5,0.4595670380970041
5.376111478514718,-0.6879170278729778,0.9440000000000001,0.0,2.5,0.47466379734295494
5.376111478514718,-0.677917027872978,0.9440000000000001,0.0,2.5,0.4760197151369715
5.376111478514718,-0.6679170278729782,0.9440000000000001,0.0,2.5,0.49154463195255527
5.376111478514718,-0.6579170278729785,0.9440000000000001,0.0,2.5,0.4956724179519229
5.376111478514718,-0.6479170278729787,0.9440000000000001,0.0,2.5,0.4953625288625672
5.376111478514718,-0.6379170278729789,0.9440000000000001,0.0,2.5,0.5092645557647807
5.376111478514718,-0.6279170278729791,0.9440000000000001,0.0,2.5,0.4227431977256365
5.376111478514718,-0.6179170278729793,0.9440000000000001,0.0,2.5,0.44067345796478424
5.376111478514718,-0.6079170278729795,0.9440000000000001,0.0,2.5,0.5751442113392276
5.376111478514718,-0.5979170278729797,1.5538461538461539,0.0,2.5,0.6069599475166416
5.376111478514718,-0.58791702787298,1.5538461538461539,0.0,2.5,0.5919029646122931
5.376111478514718,-0.5779170278729802,0.9440000000000001,0.0,2.5,0.4815827535587034
5.376111478514718,-0.5679170278729804,0.9440000000000001,0.0,2.5,0.4925535651086318
5.376111478514718,-0.5579170278729806,0.9440000000000001,0.0,2.5,0.45438445568076286
5.376111478514718,-0.5479170278729808,0.9440000000000001,0.0,2.5,0.4634660707342446
5.376111478514718,-0.537917027872981,0.9440000000000001,0.0,2.5,0.47857181755539957
5.376111478514718,-0.5279170278729812,0.9440000000000001,0.0,2.5,0.4513341382025792
5.376111478514718,-0.5179170278729814,0.9440000000000001,0.0,2.5,0.44376795220816934
5.376111478514718,-0.5079170278729817,0.9440000000000001,0.0,2.5,0.44309899974765776
5.386111478514718,-1.6279170278729578,0.9440000000000001,0.0,2.5,0.6865263602424124
5.386111478514718,-1.617917027872958,0.9440000000000001,0.0,2.5,0.6764838443617387
5.386111478514718,-1.6079170278729582,0.9440000000000001,0.0,2.5,0.6899872749129706
5.386111478514718,-1.5979170278729584,0.9440000000000001,0.0,2.5,0.6836620006693175
5.386111478514718,-1.5879170278729586,0.9440000000000001,0.0,2.5,0.6695929951972297
5.386111478514718,-1.5779170278729588,0.9440000000000001,0.0,2.5,0.6719001552337566
5.386111478514718,-1.567917027872959,0.9440000000000001,0.0,2.5,0.6763931760876318
5.386111478514718,-1.5579170278729593,0.9440000000000001,0.0,2.5,0.6543653664280928
5.386111478514718,-1.5479170278729595,0.9440000000000001,0.0,2.5,0.6719404999906132
5.386111478514718,-1.5379170278729597,1.5538461538461539,0.0,2.5,0.6512480551923591
5.386111478514718,-1.52791702787296,1.5538461538461539,0.0,2.5,0.6630465951838981
5.386111478514718,-1.5179170278729601,1.5538461538461539,0.0,2.5,0.7133507655600084
5.386111478514718,-1.5079170278729603,1.5538461538461539,0.0,2.5,0.7188314038085478
5.386111478514718,-1.4979170278729605,2.2883333333333336,0.0,2.5,0.7082296554477839
5.386111478514718,-1.4879170278729608,2.2883333333333336,0.0,2.5,0.7131266995445772
5.386111478514718,-1.477917027872961,2.2883333333333336,0.0,2.5,0.7125608567210766
5.386111478514718,-1.4679170278729612,2.2883333333333336,0.0,2.5,0.6913950861839856
5.386111478514718,-1.4579170278729614,2.2883333333333336,0.0,2.5,0.6585583431075968
5.386111478514718,-1.4479170278729616,1.5538461538461539,0.0,2.5,0.5775194670159803
5.386111478514718,-1.4379170278729618,1.5538461538461539,0.0,2.5,0.5842560941782001
5.386111478514718,-1.427917027872962,1.5538461538461539,0.0,2.5,0.5745927201285806
5.386111478514718,-1.4179170278729623,2.2511358860255597,0.0,2.5,0.5683019164709162
5.386111478514718,-1.4079170278729625,2.2883333333333336,0.0,2.5,0.6171666474026876
5.386111478514718,-1.3979170278729627,2.2883333333333336,0.0,2.5,0.5948114056686226
5.386111478514718,-1.387917027872963,2.199106991185122,0.0,2.5,0.5799648239567735
5.386111478514718,-1.377917027872963,1.5538461538461539,0.0,2.5,0.5643673262987875
5.386111478514718,-1.3679170278729633,1.5538461538461539,0.0,2.5,0.5516834833331662
5.386111478514718,-1.3579170278729635,1.5538461538461539,0.0,2.5,0.5552551567770424
5.386111478514718,-1.3479170278729637,1.5538461538461539,0.0,2.5,0.5422617314643234
5.386111478514718,-1.337917027872964,1.5538461538461539,0.0,2.5,0.534386315208003
5.386111478514718,-1.3279170278729642,1.5538461538461539,0.0,2.5,0.5325158365072304
5.386111478514718,-1.3179170278729644,1.5538461538461539,0.0,2.5,0.520797650764411
5.386111478514718,-1.3079170278729646,1.5538461538461539,0.0,2.5,0.5151792898086393
5.386111478514718,-1.2979170278729648,1.5538461538461539,0.0,2.5,0.5143153373236246
5.386111478514718,-1.287917027872965,1.5538461538461539,0.0,2.5,0.5012330645843117
5.386111478514718,-1.2779170278729652,1.5538461538461539,0.0,2.5,0.4786814993078645
5.386111478514718,-1.2679170278729655,1.5538461538461539,0.0,2.5,0.4791761747823829
5.386111478514718,-1.2579170278729657,1.5538461538461539,0.0,2.5,0.4869287238625452
5.386111478514718,-1.2479170278729659,1.5538461538461539,0.0,2.5,0.4763860918360275
5.386111478514718,-1.237917027872966,1.5538461538461539,0.0,2.5,0.48248881359677825
5.386111478514718,-1.2279170278729663,1.5538461538461539,0.0,2.5,0.47882372634328163
5.386111478514718,-1.2179170278729665,1.5538461538461539,0.0,2.5,0.5065025842760891
5.386111478514718,-1.2079170278729667,1.5538461538461539,0.0,2.5,0.4984998047966641
5.386111478514718,-1.197917027872967,1.5538461538461539,0.0,2.5,0.5282374722524882
5.386111478514718,-1.1879170278729672,1.5538461538461539,0.0,2.5,0.5057021393349156
5.386111478514718,-1.1779170278729674,1.5538461538461539,0.0,2.5,0.49784691035916817
5.386111478514718,-1.1679170278729676,1.5538461538461539,0.0,2.5,0.4629745971698252
5.386111478514718,-1.1579170278729678,1.5538461538461539,0.0,2.5,0.4398675900765209
5.386111478514718,-1.147917027872968,1.5538461538461539,0.0,2.5,0.4287149906520624
5.386111478514718,-1.1379170278729682,1.5538461538461539,0.0,2.5,0.4488452323450497
5.386111478514718,-1.1279170278729684,1.5538461538461539,0.0,2.5,0.46096023520917073
5.386111478514718,-1.1179170278729686,1.5538461538461539,0.0,2.5,0.4260522909104992
5.386111478514718,-1.1079170278729689,1.5538461538461539,0.0,2.5,0.4306385068663326
5.386111478514718,-1.097917027872969,1.5538461538461539,0.0,2.5,0.45287417974315636
5.386111478514718,-1.0879170278729693,1.5538461538461539,0.0,2.5,0.4515246938859693
5.386111478514718,-1.0779170278729695,1.5538461538461539,0.0,2.5,0.47279130982783435
5.386111478514718,-1.0679170278729697,0.9440000000000001,0.0,2.5,0.46207010120059977
5.386111478514718,-1.05791702787297,0.9440000000000001,0.0,2.5,0.4450614841936015
5.386111478514718,-1.0479170278729701,0.9,0.0,2.5,0.44884650401749143
5.386111478514718,-1.0379170278729704,0.9440000000000001,0.0,2.5,0.45732357866787593
5.386111478514718,-1.0279170278729706,0.9440000000000001,0.0,2.5,0.4746012356436458
5.386111478514718,-1.0179170278729708,0.9440000000000001,0.0,2.5,0.41489275512754575
5.386111478514718,-1.007917027872971,0.9440000000000001,0.0,2.5,0.4013104177369145
5.386111478514718,-0.9979170278729712,0.9440000000000001,0.0,2.5,0.35981715083658544
5.386111478514718,-0.9879170278729714,0.9440000000000001,0.0,2.5,0.3287717244223047
5.386111478514718,-0.9779170278729716,0.9440000000000001,0.0,2.5,0.32334381914692345
5.386111478514718,-0.9679170278729718,0.9440000000000001,0.0,2.5,0.3363821526360582
5.386111478514718,-0.9579170278729721,0.9440000000000001,0.0,2.5,0.3371511813448272
5.386111478514718,-0.9479170278729723,1.5538461538461539,0.0,2.5,0.3588450042568826
5.386111478514718,-0.9379170278729725,1.5538461538461539,0.0,2.5,0.39680384126044504
5.386111478514718,-0.9279170278729727,1.5538461538461539,0.0,2.5,0.40104468083924094
5.386111478514718,-0.9179170278729729,1.5538461538461539,0.0,2.5,0.4005161532991926
5.386111478514718,-0.9079170278729731,1.5538461538461539,0.0,2.5,0.3954444478546263
5.386111478514718,-0.8979170278729733,1.5538461538461539,0.0,2.5,0.3911373486913889
5.386111478514718,-0.8879170278729736,1.5538461538461539,0.0,2.5,0.373750229008532
5.386111478514718,-0.8779170278729738,1.5538461538461539,0.0,2.5,0.41497423115014725
5.386111478514718,-0.867917027872974,1.5538461538461539,0.0,2.5,0.5121115989117832
5.386111478514718,-0.8579170278729742,1.5538461538461539,0.0,2.5,0.48084636071894127
5.386111478514718,-0.8479170278729744,1.5538461538461539,0.0,2.5,0.4149186624883003
5.386111478514718,-0.8379170278729746,1.5538461538461539,0.0,2.5,0.5010833827947283
5.386111478514718,-0.8279170278729748,1.5538461538461539,0.0,2.5,0.4884777990280537
5.386111478514718,-0.817917027872975,1.5538461538461539,0.0,2.5,0.4764115407730616
5.386111478514718,-0.8079170278729753,1.5538461538461539,0.0,2.5,0.4834295779816608
5.386111478514718,-0.7979170278729755,1.5538461538461539,0.0,2.5,0.5069977361849286
5.386111478514718,-0.7879170278729757,1.5538461538461539,0.0,2.5,0.5435399239322447
5.386111478514718,-0.7779170278729759,1.5538461538461539,0.0,2.5,0.5554512375938493
5.386111478514718,-0.7679170278729761,1.5538461538461539,0.0,2.5,0.5074861656179458
5.386111478514718,-0.7579170278729763,1.5538461538461539,0.0,2.5,0.5165447327981205
5.386111478514718,-0.7479170278729765,1.5538461538461539,0.0,2.5,0.4938812567535116
5.386111478514718,-0.7379170278729767,0.9440000000000001,0.0,2.5,0.4848128967204958
5.386111478514718,-0.727917027872977,0.9440000000000001,0.0,2.5,0.49236279245170017
5.386111478514718,-0.7179170278729772,0.9440000000000001,0.0,2.5,0.49695822145686736
5.386111478514718,-0.7079170278729774,0.9440000000000001,0.0,2.5,0.4707590086256115
5.386111478514718,-0.6979170278729776,0.9440000000000001,0.0,2.5,0.4337376269350985
5.386111478514718,-0.6879170278729778,0.9440000000000001,0.0,2.5,0.4600312856791126
5.386111478514718,-0.677917027872978,0.9440000000000001,0.0,2.5,0.47505450833137247
5.386111478514718,-0.6679170278729782,0.9440000000000001,0.0,2.5,0.458120822525749
5.386111478514718,-0.6579170278729785,0.9440000000000001,0.0,2.5,0.48570237664175836
5.386111478514718,-0.6479170278729787,0.9440000000000001,0.0,2.5,0.48937842729400527
5.386111478514718,-0.6379170278729789,0.9440000000000001,0.0,2.5,0.4554135923200591
5.386111478514718,-0.6279170278729791,0.9440000000000001,0.0,2.5,0.3848943493817708
5.386111478514718,-0.6179170278729793,0.9440000000000001,0.0,2.5,0.43328529326624426
5.386111478514718,-0.6079170278729795,0.9440000000000001,0.0,2.5,0.5458719971089135
5.386111478514718,-0.5979170278729797,1.5538461538461539,0.0,2.5,0.6092837373698838
5.386111478514718,-0.58791702787298,1.5538461538461539,0.0,2.5,0.6282412419255853
5.386111478514718,-0.5779170278729802,1.5538461538461539,0.0,2.5,0.6001018861834578
5.386111478514718,-0.5679170278729804,0.9440000000000001,0.0,2.5,0.49052852756189375
5.386111478514718,-0.5579170278729806,0.9440000000000001,0.0,2.5,0.4714690715011919
5.386111478514718,-0.5479170278729808,0.9440000000000001,0.0,2.5,0.45832211739066137
5.386111478514718,-0.537917027872981,0.9440000000000001,0.0,2.5,0.4509634548831382
5.386111478514718,-0.5279170278729812,0.9440000000000001,0.0,2.5,0.4582602802226847
5.386111478514718,-0.5179170278729814,0.9440000000000001,0.0,2.5,0.4425994272679126
5.386111478514718,-0.5079170278729817,0.9440000000000001,0.0,2.5,0.44288220176128884
5.386111478514718,-0.49791702787298187,0.9440000000000001,0.0,2.5,0.4597056462140044
5.396111478514718,-1.6279170278729578,0.9440000000000001,0.0,2.5,0.6920541380201902
5.396111478514718,-1.617917027872958,0.9440000000000001,0.0,2.5,0.6806203546022951
5.396111478514718,-1.6079170278729582,0.9440000000000001,0.0,2.5,0.7017014632014196
5.396111478514718,-1.5979170278729584,0.9440000000000001,0.0,2.5,0.6864245605500592
5.396111478514718,-1.5879170278729586,0.9440000000000001,0.0,2.5,0.6824218795925941
5.396111478514718,-1.5779170278729588,0.9440000000000001,0.0,2.5,0.6709737273462044
5.396111478514718,-1.567917027872959,0.9440000000000001,0.0,2.5,0.6813724818247072
5.396111478514718,-1.5579170278729593,0.9440000000000001,0.0,2.5,0.6609571877959877
5.396111478514718,-1.5479170278729595,0.9440000000000001,0.0,2.5,0.6640723005628808
5.396111478514718,-1.5379170278729597,1.3124435431282602,0.0,2.5,0.6563411057760534
5.396111478514718,-1.52791702787296,1.5538461538461539,0.0,2.5,0.6572191182877802
5.396111478514718,-1.5179170278729601,1.5538461538461539,0.0,2.5,0.7082033151732068
5.396111478514718,-1.5079170278729603,1.5538461538461539,0.0,2.5,0.7012289779271333
5.396111478514718,-1.4979170278729605,2.2883333333333336,0.0,2.5,0.7100781764660504
5.396111478514718,-1.4879170278729608,2.2883333333333336,0.0,2.5,0.7276645128378234
5.396111478514718,-1.477917027872961,2.2883333333333336,0.0,2.5,0.687187913281822
5.396111478514718,-1.4679170278729612,2.2883333333333336,0.0,2.5,0.6713443315262815
5.396111478514718,-1.4579170278729614,2.2604754144616903,0.0,2.5,0.6146772995775078
5.396111478514718,-1.4479170278729616,1.5538461538461539,0.0,2.5,0.578750766620036
5.396111478514718,-1.4379170278729618,1.5538461538461539,0.0,2.5,0.5826016624481279
5.396111478514718,-1.427917027872962,1.5538461538461539,0.0,2.5,0.5641446831553959
5.396111478514718,-1.4179170278729623,2.2883333333333336,0.0,2.5,0.6215190916241645
5.396111478514718,-1.4079170278729625,2.2883333333333336,0.0,2.5,0.6426320137866345
5.396111478514718,-1.3979170278729627,2.2883333333333336,0.0,2.5,0.628607751166868
5.396111478514718,-1.387917027872963,2.2883333333333336,0.0,2.5,0.6084860736993689
5.396111478514718,-1.377917027872963,2.2883333333333336,0.0,2.5,0.6056499998494722
5.396111478514718,-1.3679170278729633,2.2883333333333336,0.0,2.5,0.599889814711904
5.396111478514718,-1.3579170278729635,1.5538461538461539,0.0,2.5,0.5671131677481703
5.396111478514718,-1.3479170278729637,1.5538461538461539,0.0,2.5,0.5387505028159991
5.396111478514718,-1.337917027872964,1.5538461538461539,0.0,2.5,0.5260930448099673
5.396111478514718,-1.3279170278729642,1.5538461538461539,0.0,2.5,0.5119343708923249
5.396111478514718,-1.3179170278729644,1.5538461538461539,0.0,2.5,0.5077986000330079
5.396111478514718,-1.3079170278729646,1.5538461538461539,0.0,2.5,0.4967130605026143
5.396111478514718,-1.2979170278729648,1.5538461538461539,0.0,2.5,0.5361625984400508
5.396111478514718,-1.287917027872965,1.5538461538461539,0.0,2.5,0.5097826960747814
5.396111478514718,-1.2779170278729652,1.5538461538461539,0.0,2.5,0.5072818787012798
5.396111478514718,-1.2679170278729655,1.5538461538461539,0.0,2.5,0.513328675563588
5.396111478514718,-1.2579170278729657,1.5538461538461539,0.0,2.5,0.5251796468773479
5.396111478514718,-1.2479170278729659,1.5538461538461539,0.0,2.5,0.5407306261756861
5.396111478514718,-1.237917027872966,1.5538461538461539,0.0,2.5,0.5241510498626236
5.396111478514718,-1.2279170278729663,1.5538461538461539,0.0,2.5,0.5173500240467365
5.396111478514718,-1.2179170278729665,1.5538461538461539,0.0,2.5,0.5279424584214993
5.396111478514718,-1.2079170278729667,1.5538461538461539,0.0,2.5,0.5254151224714833
5.396111478514718,-1.197917027872967,1.5538461538461539,0.0,2.5,0.5514797348247071
5.396111478514718,-1.1879170278729672,1.5538461538461539,0.0,2.5,0.5469000722277149
5.396111478514718,-1.1779170278729674,1.5538461538461539,0.0,2.5,0.5365393441682645
5.396111478514718,-1.1679170278729676,1.5538461538461539,0.0,2.5,0.48640447074342047
5.396111478514718,-1.1579170278729678,1.5538461538461539,0.0,2.5,0.48288664363812434
5.396111478514718,-1.147917027872968,1.5538461538461539,0.0,2.5,0.44694711055402936
5.396111478514718,-1.1379170278729682,1.5538461538461539,0.0,2.5,0.4216716447523079
5.396111478514718,-1.1279170278729684,1.5538461538461539,0.0,2.5,0.43427178544143413
5.396111478514718,-1.1179170278729686,1.5538461538461539,0.0,2.5,0.4651391171894113
5.396111478514718,-1.1079170278729689,1.5538461538461539,0.0,2.5,0.4178645529705774
5.396111478514718,-1.097917027872969,1.5538461538461539,0.0,2.5,0.44297950561065375
5.396111478514718,-1.0879170278729693,1.5538461538461539,0.0,2.5,0.4204844988386133
5.396111478514718,-1.0779170278729695,1.5538461538461539,0.0,2.5,0.44577952072164845
5.396111478514718,-1.0679170278729697,0.9440000000000001,0.0,2.5,0.48180315125449064
5.396111478514718,-1.05791702787297,0.9440000000000001,0.0,2.5,0.4679724689802246
5.396111478514718,-1.0479170278729701,0.9440000000000001,0.0,2.5,0.472714006108278
5.396111478514718,-1.0379170278729704,0.9440000000000001,0.0,2.5,0.46855692538363136
5.396111478514718,-1.0279170278729706,0.9440000000000001,0.0,2.5,0.4788973529063125
5.396111478514718,-1.0179170278729708,0.9440000000000001,0.0,2.5,0.44263307572715926
5.396111478514718,-1.007917027872971,0.9440000000000001,0.0,2.5,0.4055666291218508
5.396111478514718,-0.9979170278729712,0.9440000000000001,0.0,2.5,0.37183692548948133
5.396111478514718,-0.9879170278729714,0.9440000000000001,0.0,2.5,0.34544257082631885
5.396111478514718,-0.9779170278729716,0.9440000000000001,0.0,2.5,0.3215249446262041
5.396111478514718,-0.9679170278729718,0.9440000000000001,0.0,2.5,0.332866153446303
5.396111478514718,-0.9579170278729721,0.9440000000000001,0.0,2.5,0.33761263441512324
5.396111478514718,-0.9479170278729723,1.5538461538461539,0.0,2.5,0.3443421320342344
5.396111478514718,-0.9379170278729725,1.5538461538461539,0.0,2.5,0.3700532665222888
5.396111478514718,-0.9279170278729727,0.9440000000000001,0.0,2.5,0.3820783719690401
5.396111478514718,-0.9179170278729729,1.5538461538461539,0.0,2.5,0.4115579681958247
5.396111478514718,-0.9079170278729731,1.5538461538461539,0.0,2.5,0.40103645175051594
5.396111478514718,-0.8979170278729733,1.5538461538461539,0.0,2.5,0.36171144499591895
5.396111478514718,-0.8879170278729736,1.5538461538461539,0.0,2.5,0.3435627951040052
5.396111478514718,-0.8779170278729738,1.5538461538461539,0.0,2.5,0.3893922046065504
5.396111478514718,-0.867917027872974,1.5538461538461539,0.0,2.5,0.4801240143014633
5.396111478514718,-0.8579170278729742,1.5538461538461539,0.0,2.5,0.46840180550550486
5.396111478514718,-0.8479170278729744,1.5538461538461539,0.0,2.5,0.4147163436546029
5.396111478514718,-0.8379170278729746,1.5538461538461539,0.0,2.5,0.48948596046576937
5.396111478514718,-0.8279170278729748,1.5538461538461539,0.0,2.5,0.4677978695247891
5.396111478514718,-0.817917027872975,1.5538461538461539,0.0,2.5,0.45066576461203056
5.396111478514718,-0.8079170278729753,1.5538461538461539,0.0,2.5,0.48296166260446444
5.396111478514718,-0.7979170278729755,1.5538461538461539,0.0,2.5,0.4989592680510615
5.396111478514718,-0.7879170278729757,1.5538461538461539,0.0,2.5,0.47927598223841605
5.396111478514718,-0.7779170278729759,1.5538461538461539,0.0,2.5,0.49589913077551906
5.396111478514718,-0.7679170278729761,1.5538461538461539,0.0,2.5,0.5083345274215968
5.396111478514718,-0.7579170278729763,1.5538461538461539,0.0,2.5,0.5117747892865361
5.396111478514718,-0.7479170278729765,0.9846397677424464,0.0,2.5,0.5047403322010574
5.396111478514718,-0.7379170278729767,0.9440000000000001,0.0,2.5,0.509352826913965
5.396111478514718,-0.727917027872977,0.9440000000000001,0.0,2.5,0.4951677095801048
5.396111478514718,-0.7179170278729772,0.9440000000000001,0.0,2.5,0.5033576346047774
5.396111478514718,-0.7079170278729774,0.9440000000000001,0.0,2.5,0.5004831596533826
5.396111478514718,-0.6979170278729776,0.9440000000000001,0.0,2.5,0.4495922781226632
5.396111478514718,-0.6879170278729778,0.9440000000000001,0.0,2.5,0.45628189305371064
5.396111478514718,-0.677917027872978,0.9440000000000001,0.0,2.5,0.4592921358296747
5.396111478514718,-0.6679170278729782,0.9440000000000001,0.0,2.5,0.45679343518055265
5.396111478514718,-0.6579170278729785,0.9440000000000001,0.0,2.5,0.4652441654386815
5.396111478514718,-0.6479170278729787,0.9440000000000001,0.0,2.5,0.5187359118793673
5.396111478514718,-0.6379170278729789,0.9440000000000001,0.0,2.5,0.4711200448093475
5.396111478514718,-0.6279170278729791,0.9440000000000001,0.0,2.5,0.45773132954775936
5.396111478514718,-0.6179170278729793,0.9440000000000001,0.0,2.5,0.512876650268007
5.396111478514718,-0.6079170278729795,1.5538461538461539,0.0,2.5,0.5723114704513638
5.396111478514718,-0.5979170278729797,1.5538461538461539,0.0,2.5,0.5875396419551853
5.396111478514718,-0.58791702787298,1.5538461538461539,0.0,2.5,0.5937784266035665
5.396111478514718,-0.5779170278729802,1.5538461538461539,0.0,2.5,0.5472475349586226
5.396111478514718,-0.5679170278729804,0.9440000000000001,0.0,2.5,0.4639438074308716
5.396111478514718,-0.5579170278729806,0.9440000000000001,0.0,2.5,0.46593901559239953
5.396111478514718,-0.5479170278729808,0.9440000000000001,0.0,2.5,0.4166457245761107
5.396111478514718,-0.537917027872981,0.9440000000000001,0.0,2.5,0.42914090208537864
5.396111478514718,-0.5279170278729812,0.9440000000000001,0.0,2.5,0.46000457457502925
5.396111478514718,-0.5179170278729814,0.9440000000000001,0.0,2.5,0.4480304317121846
5.396111478514718,-0.5079170278729817,0.9440000000000001,0.0,2.5,0.5143010208550122
5.396111478514718,-0.49791702787298187,0.9440000000000001,0.0,2.5,0.5302424526950357
5.396111478514718,-0.4879170278729821,0.9440000000000001,0.0,2.5,0.46291013948798243
5.406111478514718,-1.6279170278729578,0.9440000000000001,0.0,2.5,0.6883047661076178
5.406111478514718,-1.617917027872958,0.9440000000000001,0.0,2.5,0.6828147990467396
5.406111478514718,-1.6079170278729582,0.9440000000000001,0.0,2.5,0.706637860063291
5.406111478514718,-1.5979170278729584,0.9440000000000001,0.0,2.5,0.6988058758921536
5.406111478514718,-1.5879170278729586,0.9440000000000001,0.0,2.5,0.688427678579631
5.406111478514718,-1.5779170278729588,0.9440000000000001,0.0,2.5,0.6824218795925941
5.406111478514718,-1.567917027872959,0.9440000000000001,0.0,2.5,0.6866262168950169
5.406111478514718,-1.5579170278729593,0.9440000000000001,0.0,2.5,0.6555389348442413
5.406111478514718,-1.5479170278729595,0.9440000000000001,0.0,2.5,0.661188925596654
5.406111478514718,-1.5379170278729597,1.5538461538461539,0.0,2.5,0.6967808955099497
5.406111478514718,-1.52791702787296,0.9440000000000001,0.0,2.5,0.582139547150996
5.406111478514718,-1.5179170278729601,1.5538461538461539,0.0,2.5,0.6548981834580636
5.406111478514718,-1.5079170278729603,1.5538461538461539,0.0,2.5,0.7165409430119137
5.406111478514718,-1.4979170278729605,2.2883333333333336,0.0,2.5,0.6979654668402718
5.406111478514718,-1.4879170278729608,2.2883333333333336,0.0,2.5,0.7231342533390627
5.406111478514718,-1.477917027872961,2.2883333333333336,0.0,2.5,0.7000329529178317
5.406111478514718,-1.4679170278729612,2.2883333333333336,0.0,2.5,0.6311141898455005
5.406111478514718,-1.4579170278729614,2.163408769755011,0.0,2.5,0.5978799236053135
5.406111478514718,-1.4479170278729616,1.5538461538461539,0.0,2.5,0.5863313291803379
5.406111478514718,-1.4379170278729618,1.5538461538461539,0.0,2.5,0.5646470058558283
5.406111478514718,-1.427917027872962,2.2883333333333336,0.0,2.5,0.6388350931088919
5.406111478514718,-1.4179170278729623,2.2883333333333336,0.0,2.5,0.6242722890239878
5.406111478514718,-1.4079170278729625,2.2883333333333336,0.0,2.5,0.6194174221631981
5.406111478514718,-1.3979170278729627,2.2883333333333336,0.0,2.5,0.6244868682733973
5.406111478514718,-1.387917027872963,2.2883333333333336,0.0,2.5,0.6189325947081147
5.406111478514718,-1.377917027872963,2.2883333333333336,0.0,2.5,0.6131302241962573
5.406111478514718,-1.3679170278729633,2.2883333333333336,0.0,2.5,0.6057017356093046
5.406111478514718,-1.3579170278729635,2.2883333333333336,0.0,2.5,0.6363929857205048
5.406111478514718,-1.3479170278729637,2.2883333333333336,0.0,2.5,0.6007830963152477
5.406111478514718,-1.337917027872964,1.5538461538461539,0.0,2.5,0.5498171891206537
5.406111478514718,-1.3279170278729642,1.5538461538461539,0.0,2.5,0.542579382283261
5.406111478514718,-1.3179170278729644,1.5538461538461539,0.0,2.5,0.5339236170716857
5.406111478514718,-1.3079170278729646,1.5538461538461539,0.0,2.5,0.5111319333663412
5.406111478514718,-1.2979170278729648,1.5538461538461539,0.0,2.5,0.5375034982206477
5.406111478514718,-1.287917027872965,1.5538461538461539,0.0,2.5,0.5227056295496284
5.406111478514718,-1.2779170278729652,1.5538461538461539,0.0,2.5,0.5406345874298336
5.406111478514718,-1.2679170278729655,1.5538461538461539,0.0,2.5,0.5425443150507576
5.406111478514718,-1.2579170278729657,1.5538461538461539,0.0,2.5,0.5416283724151711
5.406111478514718,-1.2479170278729659,1.5538461538461539,0.0,2.5,0.5500903919206451
5.406111478514718,-1.237917027872966,1.5538461538461539,0.0,2.5,0.548382740133938
5.406111478514718,-1.2279170278729663,1.5538461538461539,0.0,2.5,0.5682431931492581
5.406111478514718,-1.2179170278729665,1.5538461538461539,0.0,2.5,0.5694198541641691
5.406111478514718,-1.2079170278729667,1.5538461538461539,0.0,2.5,0.6019983429560815
5.406111478514718,-1.197917027872967,1.5538461538461539,0.0,2.5,0.5952357174161998
5.406111478514718,-1.1879170278729672,1.5538461538461539,0.0,2.5,0.6123562730881495
5.406111478514718,-1.1779170278729674,1.5538461538461539,0.0,2.5,0.60780990448895
5.406111478514718,-1.1679170278729676,1.5538461538461539,0.0,2.5,0.6011030338582478
5.406111478514718,-1.1579170278729678,1.5538461538461539,0.0,2.5,0.5696370330647066
5.406111478514718,-1.147917027872968,1.5538461538461539,0.0,2.5,0.563853057430635
5.406111478514718,-1.1379170278729682,1.5538461538461539,0.0,2.5,0.48974188149329717
5.406111478514718,-1.1279170278729684,1.5538461538461539,0.0,2.5,0.4188222660740681
5.406111478514718,-1.1179170278729686,1.5538461538461539,0.0,2.5,0.42741219953090537
5.406111478514718,-1.1079170278729689,1.5538461538461539,0.0,2.5,0.4253482560703545
5.406111478514718,-1.097917027872969,1.5538461538461539,0.0,2.5,0.43539426904049633
5.406111478514718,-1.0879170278729693,1.5538461538461539,0.0,2.5,0.41739327884165967
5.406111478514718,-1.0779170278729695,1.5538461538461539,0.0,2.5,0.4319571656156364
5.406111478514718,-1.0679170278729697,0.9440000000000001,0.0,2.5,0.40340263611424093
5.406111478514718,-1.05791702787297,0.9440000000000001,0.0,2.5,0.40104430104420496
5.406111478514718,-1.0479170278729701,0.9,0.0,2.5,0.3818418615067
5.406111478514718,-1.0379170278729704,0.9440000000000001,0.0,2.5,0.3649716057741566
5.406111478514718,-1.0279170278729706,0.9440000000000001,0.0,2.5,0.3557441660277192
5.406111478514718,-1.0179170278729708,0.9440000000000001,0.0,2.5,0.3582541203234088
5.406111478514718,-1.007917027872971,0.9440000000000001,0.0,2.5,0.3549711383243521
5.406111478514718,-0.9979170278729712,0.9440000000000001,0.0,2.5,0.3525933670719663
5.406111478514718,-0.9879170278729714,0.9440000000000001,0.0,2.5,0.3536451789285114
5.406111478514718,-0.9779170278729716,0.9440000000000001,0.0,2.5,0.3483051468541662
5.406111478514718,-0.9679170278729718,0.9440000000000001,0.0,2.5,0.3475617036892741
5.406111478514718,-0.9579170278729721,0.9440000000000001,0.0,2.5,0.3475617036892741
5.406111478514718,-0.9479170278729723,1.5538461538461539,0.0,2.5,0.3456854255706647
5.406111478514718,-0.9379170278729725,0.9440000000000001,0.0,2.5,0.3316160685560655
5.406111478514718,-0.9279170278729727,0.9440000000000001,0.0,2.5,0.3301511348313288
5.406111478514718,-0.9179170278729729,1.188637623954213,0.0,2.5,0.331545692654458
5.406111478514718,-0.9079170278729731,1.5538461538461539,0.0,2.5,0.33294100023985773
5.406111478514718,-0.8979170278729733,1.5538461538461539,0.0,2.5,0.3614627321754728
5.406111478514718,-0.8879170278729736,1.3308961337874783,0.0,2.5,0.3173373950624056
5.406111478514718,-0.8779170278729738,1.5538461538461539,0.0,2.5,0.3535238287869432
5.406111478514718,-0.867917027872974,1.5538461538461539,0.0,2.5,0.45865592784921955
5.406111478514718,-0.8579170278729742,0.9440000000000001,0.0,2.5,0.4435320765877702
5.406111478514718,-0.8479170278729744,0.9440000000000001,0.0,2.5,0.4299950323436262
5.406111478514718,-0.8379170278729746,1.5538461538461539,0.0,2.5,0.5005681746594194
5.406111478514718,-0.8279170278729748,1.5538461538461539,0.0,2.5,0.46242375339116315
5.406111478514718,-0.817917027872975,1.5538461538461539,0.0,2.5,0.4395861202047706
5.406111478514718,-0.8079170278729753,1.5538461538461539,0.0,2.5,0.40731263007641094
5.406111478514718,-0.7979170278729755,1.5538461538461539,0.0,2.5,0.44453523001599893
5.406111478514718,-0.7879170278729757,1.5538461538461539,0.0,2.5,0.493277236946655
5.406111478514718,-0.7779170278729759,1.5538461538461539,0.0,2.5,0.49506173163725226
5.406111478514718,-0.7679170278729761,1.5538461538461539,0.0,2.5,0.5170587552444067
5.406111478514718,-0.7579170278729763,0.9440000000000001,0.0,2.5,0.5097150204285021
5.406111478514718,-0.7479170278729765,0.9440000000000001,0.0,2.5,0.5211597155836108
5.406111478514718,-0.7379170278729767,0.9440000000000001,0.0,2.5,0.5268498191452977
5.406111478514718,-0.727917027872977,0.9440000000000001,0.0,2.5,0.5076612294965716
5.406111478514718,-0.7179170278729772,0.9440000000000001,0.0,2.5,0.5050366093139088
5.406111478514718,-0.7079170278729774,0.9440000000000001,0.0,2.5,0.5035484520284024
5.406111478514718,-0.6979170278729776,0.9440000000000001,0.0,2.5,0.4558678604244393
5.406111478514718,-0.6879170278729778,0.9440000000000001,0.0,2.5,0.47995099135632435
5.406111478514718,-0.677917027872978,0.9440000000000001,0.0,2.5,0.48983109372051115
5.406111478514718,-0.6679170278729782,0.9440000000000001,0.0,2.5,0.42895260784241285
5.406111478514718,-0.6579170278729785,0.9440000000000001,0.0,2.5,0.46840246440378425
5.406111478514718,-0.6479170278729787,0.9440000000000001,0.0,2.5,0.5057499275345065
5.406111478514718,-0.6379170278729789,0.9440000000000001,0.0,2.5,0.4838181392811748
5.406111478514718,-0.6279170278729791,0.9440000000000001,0.0,2.5,0.5193559065768568
5.406111478514718,-0.6179170278729793,1.5538461538461539,0.0,2.5,0.572977605528988
5.406111478514718,-0.6079170278729795,1.5538461538461539,0.0,2.5,0.6046260952730681
5.406111478514718,-0.5979170278729797,1.5538461538461539,0.0,2.5,0.5965326195998731
5.406111478514718,-0.58791702787298,1.5538461538461539,0.0,2.5,0.5894633695832326
5.406111478514718,-0.5779170278729802,1.5538461538461539,0.0,2.5,0.5565800940404826
5.406111478514718,-0.5679170278729804,0.9440000000000001,0.0,2.5,0.46847949984931453
5.406111478514718,-0.5579170278729806,0.9440000000000001,0.0,2.5,0.4800550157228285
5.406111478514718,-0.5479170278729808,0.9440000000000001,0.0,2.5,0.4678365648068112
5.406111478514718,-0.537917027872981,0.9440000000000001,0.0,2.5,0.4423154486207848
5.406111478514718,-0.5279170278729812,0.9440000000000001,0.0,2.5,0.44120657963477367
5.406111478514718,-0.5179170278729814,0.9440000000000001,0.0,2.5,0.45834934780029024
5.406111478514718,-0.5079170278729817,0.9440000000000001,0.0,2.5,0.5090275755399161
5.406111478514718,-0.49791702787298187,0.9440000000000001,0.0,2.5,0.5027663504960113
5.406111478514718,-0.4879170278729821,0.9440000000000001,0.0,2.5,0.4617836572745437
5.4161114785147175,-1.6279170278729578,0.9440000000000001,0.0,2.5,0.6830662987661347
5.4161114785147175,-1.617917027872958,0.9440000000000001,0.0,2.5,0.6870040169474111
5.4161114785147175,-1.6079170278729582,0.9440000000000001,0.0,2.5,0.7071656378410688
5.4161114785147175,-1.5979170278729584,0.9440000000000001,0.0,2.5,0.7092763059201084
5.4161114785147175,-1.5879170278729586,0.9440000000000001,0.0,2.5,0.7009463843442876
5.4161114785147175,-1.5779170278729588,0.9440000000000001,0.0,2.5,0.6858769000478084
5.4161114785147175,-1.567917027872959,0.9440000000000001,0.0,2.5,0.6994573184692701
5.4161114785147175,-1.5579170278729593,0.9440000000000001,0.0,2.5,0.5104981957726191
5.4161114785147175,-1.5479170278729595,0.9440000000000001,0.0,2.5,0.5751611403692906
5.4161114785147175,-1.5379170278729597,0.9440000000000001,0.0,2.5,0.5493898982659005
5.4161114785147175,-1.52791702787296,0.9440000000000001,0.0,2.5,0.55769096767196
5.4161114785147175,-1.5179170278729601,1.5538461538461539,0.0,2.5,0.627392860639504
5.4161114785147175,-1.5079170278729603,1.5538461538461539,0.0,2.5,0.6785956724997103
5.4161114785147175,-1.4979170278729605,2.2883333333333336,0.0,2.5,0.7278754084598023
5.4161114785147175,-1.4879170278729608,2.2883333333333336,0.0,2.5,0.7148818287629924
5.4161114785147175,-1.477917027872961,2.2883333333333336,0.0,2.5,0.7179269951252181
5.4161114785147175,-1.4679170278729612,2.2883333333333336,0.0,2.5,0.6987812842122615
5.4161114785147175,-1.4579170278729614,2.2883333333333336,0.0,2.5,0.6545350339719183
5.4161114785147175,-1.4479170278729616,2.1803778344333047,0.0,2.5,0.6409891958313138
5.4161114785147175,-1.4379170278729618,2.2883333333333336,0.0,2.5,0.6724204104029395
5.4161114785147175,-1.427917027872962,2.2883333333333336,0.0,2.5,0.6261922547584189
5.4161114785147175,-1.4179170278729623,2.2883333333333336,0.0,2.5,0.6321924683468564
5.4161114785147175,-1.4079170278729625,2.2883333333333336,0.0,2.5,0.6563584431561049
5.4161114785147175,-1.3979170278729627,2.2883333333333336,0.0,2.5,0.6302319720325843
5.4161114785147175,-1.387917027872963,2.2883333333333336,0.0,2.5,0.6377161952845696
5.4161114785147175,-1.377917027872963,2.2883333333333336,0.0,2.5,0.6352090742287347
5.4161114785147175,-1.3679170278729633,2.2883333333333336,0.0,2.5,0.6001760095696509
5.4161114785147175,-1.3579170278729635,1.5538461538461539,0.0,2.5,0.5593387734792636
5.4161114785147175,-1.3479170278729637,1.5538461538461539,0.0,2.5,0.5504900191283146
5.4161114785147175,-1.337917027872964,1.5538461538461539,0.0,2.5,0.5389544103078772
5.4161114785147175,-1.3279170278729642,1.5538461538461539,0.0,2.5,0.5151948655597275
5.4161114785147175,-1.3179170278729644,1.5538461538461539,0.0,2.5,0.5369293823765513
5.4161114785147175,-1.3079170278729646,1.5538461538461539,0.0,2.5,0.5132656043050038
5.4161114785147175,-1.2979170278729648,1.5538461538461539,0.0,2.5,0.5309855017520333
5.4161114785147175,-1.287917027872965,1.5538461538461539,0.0,2.5,0.5240584797679506
5.4161114785147175,-1.2779170278729652,1.5538461538461539,0.0,2.5,0.5500719015330635
5.4161114785147175,-1.2679170278729655,1.5538461538461539,0.0,2.5,0.5583318103056686
5.4161114785147175,-1.2579170278729657,1.5538461538461539,0.0,2.5,0.5515946955622442
5.4161114785147175,-1.2479170278729659,1.5538461538461539,0.0,2.5,0.547996989357805
5.4161114785147175,-1.237917027872966,1.5538461538461539,0.0,2.5,0.5659291516596353
5.4161114785147175,-1.2279170278729663,1.5538461538461539,0.0,2.5,0.582746777065714
5.4161114785147175,-1.2179170278729665,1.5538461538461539,0.0,2.5,0.5966535966479205
5.4161114785147175,-1.2079170278729667,1.5538461538461539,0.0,2.5,0.5979903092848612
5.4161114785147175,-1.197917027872967,1.5538461538461539,0.0,2.5,0.5916300876381994
5.4161114785147175,-1.1879170278729672,1.5538461538461539,0.0,2.5,0.6196731315606174
5.4161114785147175,-1.1779170278729674,1.5538461538461539,0.0,2.5,0.6304102674101775
5.4161114785147175,-1.1679170278729676,1.5538461538461539,0.0,2.5,0.5401291306007691
5.4161114785147175,-1.1579170278729678,1.5538461538461539,0.0,2.5,0.5066213524365454
5.4161114785147175,-1.147917027872968,1.5538461538461539,0.0,2.5,0.4602362512030486
5.4161114785147175,-1.1379170278729682,1.5538461538461539,0.0,2.5,0.44924271149904293
5.4161114785147175,-1.1279170278729684,1.5538461538461539,0.0,2.5,0.4500197358974902
5.4161114785147175,-1.1179170278729686,1.5538461538461539,0.0,2.5,0.4224807920022266
5.4161114785147175,-1.1079170278729689,1.5538461538461539,0.0,2.5,0.3911623516921699
5.4161114785147175,-1.097917027872969,1.5538461538461539,0.0,2.5,0.37255668953055326
5.4161114785147175,-1.0879170278729693,1.5538461538461539,0.0,2.5,0.37592293128308796
5.4161114785147175,-1.0779170278729695,1.5538461538461539,0.0,2.5,0.3842275676980379
5.4161114785147175,-1.0679170278729697,0.9440000000000001,0.0,2.5,0.38055981158674596
5.4161114785147175,-1.05791702787297,0.9440000000000001,0.0,2.5,0.3818202081015034
5.4161114785147175,-1.0479170278729701,0.9440000000000001,0.0,2.5,0.37808313002380617
5.4161114785147175,-1.0379170278729704,0.9440000000000001,0.0,2.5,0.3774330836786874
5.4161114785147175,-1.0279170278729706,0.9440000000000001,0.0,2.5,0.37296190986346134
5.4161114785147175,-1.0179170278729708,0.9440000000000001,0.0,2.5,0.37256546545792707
5.4161114785147175,-1.007917027872971,0.9440000000000001,0.0,2.5,0.3658405575262655
5.4161114785147175,-0.9979170278729712,0.9440000000000001,0.0,2.5,0.3564065329541457
5.4161114785147175,-0.9879170278729714,0.9440000000000001,0.0,2.5,0.3576323394057586
5.4161114785147175,-0.9779170278729716,0.9440000000000001,0.0,2.5,0.357416498368489
5.4161114785147175,-0.9679170278729718,0.9440000000000001,0.0,2.5,0.33834475077688925
5.4161114785147175,-0.9579170278729721,0.9440000000000001,0.0,2.5,0.33333092510273477
5.4161114785147175,-0.9479170278729723,1.5538461538461539,0.0,2.5,0.33127548089437414
5.4161114785147175,-0.9379170278729725,0.9440000000000001,0.0,2.5,0.3305685373404007
5.4161114785147175,-0.9279170278729727,0.9440000000000001,0.0,2.5,0.32214557659209236
5.4161114785147175,-0.9179170278729729,0.9440000000000001,0.0,2.5,0.31906627052022124
5.4161114785147175,-0.9079170278729731,1.5538461538461539,0.0,2.5,0.31908039483910133
5.4161114785147175,-0.8979170278729733,1.5538461538461539,0.0,2.5,0.32442391477670524
5.4161114785147175,-0.8879170278729736,1.5538461538461539,0.0,2.5,0.3307124807325335
5.4161114785147175,-0.8779170278729738,0.9440000000000001,0.0,2.5,0.32888184353022915
5.4161114785147175,-0.867917027872974,0.9440000000000001,0.0,2.5,0.4181331666547443
5.4161114785147175,-0.8579170278729742,0.9440000000000001,0.0,2.5,0.4594134829971932
5.4161114785147175,-0.8479170278729744,0.9440000000000001,0.0,2.5,0.43895022159497044
5.4161114785147175,-0.8379170278729746,1.5538461538461539,0.0,2.5,0.5172422549122683
5.4161114785147175,-0.8279170278729748,1.5538461538461539,0.0,2.5,0.5060930252859058
5.4161114785147175,-0.817917027872975,1.1035329347560707,0.0,2.5,0.43919105937882535
5.4161114785147175,-0.8079170278729753,1.5538461538461539,0.0,2.5,0.4235977489529062
5.4161114785147175,-0.7979170278729755,1.5538461538461539,0.0,2.5,0.4399942786474162
5.4161114785147175,-0.7879170278729757,1.5538461538461539,0.0,2.5,0.45801337283631793
5.4161114785147175,-0.7779170278729759,1.5538461538461539,0.0,2.5,0.49324752610567096
5.4161114785147175,-0.7679170278729761,1.5538461538461539,0.0,2.5,0.5073174065495019
5.4161114785147175,-0.7579170278729763,0.9440000000000001,0.0,2.5,0.5077571921669276
5.4161114785147175,-0.7479170278729765,0.9440000000000001,0.0,2.5,0.5035450542564861
5.4161114785147175,-0.7379170278729767,0.9440000000000001,0.0,2.5,0.5026281799389203
5.4161114785147175,-0.727917027872977,0.9440000000000001,0.0,2.5,0.5034811343101174
5.4161114785147175,-0.7179170278729772,0.9440000000000001,0.0,2.5,0.5057054226579449
5.4161114785147175,-0.7079170278729774,0.9440000000000001,0.0,2.5,0.4758370096909139
5.4161114785147175,-0.6979170278729776,0.9440000000000001,0.0,2.5,0.4727571176733006
5.4161114785147175,-0.6879170278729778,0.9440000000000001,0.0,2.5,0.48926800315874547
5.4161114785147175,-0.677917027872978,0.9440000000000001,0.0,2.5,0.48787067152465585
5.4161114785147175,-0.6679170278729782,0.9440000000000001,0.0,2.5,0.42486449508327273
5.4161114785147175,-0.6579170278729785,0.9440000000000001,0.0,2.5,0.4665540677360002
5.4161114785147175,-0.6479170278729787,0.9440000000000001,0.0,2.5,0.5086910370432277
5.4161114785147175,-0.6379170278729789,0.9440000000000001,0.0,2.5,0.5037080613074899
5.4161114785147175,-0.6279170278729791,1.5538461538461539,0.0,2.5,0.5569143973819723
5.4161114785147175,-0.6179170278729793,1.5538461538461539,0.0,2.5,0.6015722537934218
5.4161114785147175,-0.6079170278729795,1.5538461538461539,0.0,2.5,0.5994319827119348
5.4161114785147175,-0.5979170278729797,1.5538461538461539,0.0,2.5,0.6047120946211539
5.4161114785147175,-0.58791702787298,1.5538461538461539,0.0,2.5,0.5882855476636364
5.4161114785147175,-0.5779170278729802,1.5538461538461539,0.0,2.5,0.6036842088532721
5.4161114785147175,-0.5679170278729804,0.9440000000000001,0.0,2.5,0.4980209276418927
5.4161114785147175,-0.5579170278729806,0.9440000000000001,0.0,2.5,0.48642394522967586
5.4161114785147175,-0.5479170278729808,0.9440000000000001,0.0,2.5,0.4951056409368248
5.4161114785147175,-0.537917027872981,0.9440000000000001,0.0,2.5,0.45235840706005254
5.4161114785147175,-0.5279170278729812,0.9440000000000001,0.0,2.5,0.43689202480336614
5.4161114785147175,-0.5179170278729814,0.9440000000000001,0.0,2.5,0.48628854475367084
5.4161114785147175,-0.5079170278729817,0.9440000000000001,0.0,2.5,0.4942586949299099
5.4161114785147175,-0.49791702787298187,1.5538461538461539,0.0,2.5,0.5128235379456415
5.4161114785147175,-0.4879170278729821,1.5538461538461539,0.0,2.5,0.460098470748356
5.4161114785147175,-0.4779170278729823,1.2635414081358056,0.0,2.5,0.4508299596664682
5.4161114785147175,-0.4679170278729825,1.5538461538461539,0.0,2.5,0.4597056462140044
5.426111478514717,-1.617917027872958,0.9440000000000001,0.0,2.5,0.6720786024731611
5.426111478514717,-1.6079170278729582,0.9440000000000001,0.0,2.5,0.6990394388378921
5.426111478514717,-1.5979170278729584,0.9440000000000001,0.0,2.5,0.7070069903946848
5.426111478514717,-1.5879170278729586,0.9440000000000001,0.0,2.5,0.695839285412365
5.426111478514717,-1.5779170278729588,0.9440000000000001,0.0,2.5,0.696930165507746
5.426111478514717,-1.567917027872959,0.9440000000000001,0.0,2.5,0.5857162497415086
5.426111478514717,-1.5579170278729593,0.9440000000000001,0.0,2.5,0.5467291877906957
5.426111478514717,-1.5479170278729595,0.9440000000000001,0.0,2.5,0.5543143261310952
5.426111478514717,-1.5379170278729597,0.9440000000000001,0.0,2.5,0.5970585058861307
5.426111478514717,-1.52791702787296,0.9440000000000001,0.0,2.5,0.5561971336067242
5.426111478514717,-1.5179170278729601,1.5538461538461539,0.0,2.5,0.5837987071081208
5.426111478514717,-1.5079170278729603,1.5538461538461539,0.0,2.5,0.6562487220253156
5.426111478514717,-1.4979170278729605,2.2883333333333336,0.0,2.5,0.7230569805560484
5.426111478514717,-1.4879170278729608,2.2883333333333336,0.0,2.5,0.7194962925808077
5.426111478514717,-1.477917027872961,2.2883333333333336,0.0,2.5,0.7201444217759009
5.426111478514717,-1.4679170278729612,2.2883333333333336,0.0,2.5,0.6969939882375826
5.426111478514717,-1.4579170278729614,2.2883333333333336,0.0,2.5,0.6586483449489223
5.426111478514717,-1.4479170278729616,2.2883333333333336,0.0,2.5,0.657819261198675
5.426111478514717,-1.4379170278729618,2.2883333333333336,0.0,2.5,0.6903013346723659
5.426111478514717,-1.427917027872962,2.2883333333333336,0.0,2.5,0.6549887763542996
5.426111478514717,-1.4179170278729623,2.2883333333333336,0.0,2.5,0.6603309919925596
5.426111478514717,-1.4079170278729625,2.2883333333333336,0.0,2.5,0.6842382767459517
5.426111478514717,-1.3979170278729627,2.2883333333333336,0.0,2.5,0.654902441187426
5.426111478514717,-1.387917027872963,1.933640808485868,0.0,2.5,0.5747364460896742
5.426111478514717,-1.377917027872963,1.5538461538461539,0.0,2.5,0.559526860579004
5.426111478514717,-1.3679170278729633,1.8369472202002566,0.0,2.5,0.5742018940436864
5.426111478514717,-1.3579170278729635,1.5538461538461539,0.0,2.5,0.5588780924378995
5.426111478514717,-1.3479170278729637,1.5538461538461539,0.0,2.5,0.5494011762549109
5.426111478514717,-1.337917027872964,1.5538461538461539,0.0,2.5,0.5456873611962384
5.426111478514717,-1.3279170278729642,1.5538461538461539,0.0,2.5,0.5241197482426546
5.426111478514717,-1.3179170278729644,1.5538461538461539,0.0,2.5,0.5362931699444432
5.426111478514717,-1.3079170278729646,1.5538461538461539,0.0,2.5,0.5135227727637851
5.426111478514717,-1.2979170278729648,1.5538461538461539,0.0,2.5,0.5397647100805009
5.426111478514717,-1.287917027872965,1.5538461538461539,0.0,2.5,0.5353389620888109
5.426111478514717,-1.2779170278729652,1.5538461538461539,0.0,2.5,0.5469952032471203
5.426111478514717,-1.2679170278729655,1.5538461538461539,0.0,2.5,0.5668561632179713
5.426111478514717,-1.2579170278729657,1.5538461538461539,0.0,2.5,0.5558925448643744
5.426111478514717,-1.2479170278729659,1.5538461538461539,0.0,2.5,0.5488497210549281
5.426111478514717,-1.237917027872966,1.5538461538461539,0.0,2.5,0.5626223034466904
5.426111478514717,-1.2279170278729663,1.5538461538461539,0.0,2.5,0.5782624939493614
5.426111478514717,-1.2179170278729665,1.5538461538461539,0.0,2.5,0.6049502374438984
5.426111478514717,-1.2079170278729667,1.5538461538461539,0.0,2.5,0.5968896275271722
5.426111478514717,-1.197917027872967,1.5538461538461539,0.0,2.5,0.5938072002628392
5.426111478514717,-1.1879170278729672,1.5538461538461539,0.0,2.5,0.6236394012861474
5.426111478514717,-1.1779170278729674,1.5538461538461539,0.0,2.5,0.6056294650112689
5.426111478514717,-1.1679170278729676,1.5538461538461539,0.0,2.5,0.5380055447908174
5.426111478514717,-1.1579170278729678,1.5538461538461539,0.0,2.5,0.49870287079283115
5.426111478514717,-1.147917027872968,1.5538461538461539,0.0,2.5,0.46260019678127995
5.426111478514717,-1.1379170278729682,1.5538461538461539,0.0,2.5,0.4539342101291724
5.426111478514717,-1.1279170278729684,1.5538461538461539,0.0,2.5,0.4448639942520964
5.426111478514717,-1.1179170278729686,1.5538461538461539,0.0,2.5,0.4373548188920855
5.426111478514717,-1.1079170278729689,1.5538461538461539,0.0,2.5,0.43899984718212237
5.426111478514717,-1.097917027872969,1.5538461538461539,0.0,2.5,0.39063258143469637
5.426111478514717,-1.0879170278729693,1.5538461538461539,0.0,2.5,0.37165911040615796
5.426111478514717,-1.0779170278729695,1.5538461538461539,0.0,2.5,0.391462666458064
5.426111478514717,-1.0679170278729697,0.9440000000000001,0.0,2.5,0.3854128584660389
5.426111478514717,-1.05791702787297,0.9440000000000001,0.0,2.5,0.3837461917993722
5.426111478514717,-1.0479170278729701,0.9440000000000001,0.0,2.5,0.3776218783469084
5.426111478514717,-1.0379170278729704,0.9440000000000001,0.0,2.5,0.38218129931860073
5.426111478514717,-1.0279170278729706,0.9440000000000001,0.0,2.5,0.38108726351424316
5.426111478514717,-1.0179170278729708,0.9440000000000001,0.0,2.5,0.38336864488811107
5.426111478514717,-1.007917027872971,0.9440000000000001,0.0,2.5,0.38455042773502074
5.426111478514717,-0.9979170278729712,1.5538461538461539,0.0,2.5,0.37482341551236975
5.426111478514717,-0.9879170278729714,0.9440000000000001,0.0,2.5,0.37482341551236975
5.426111478514717,-0.9779170278729716,1.5538461538461539,0.0,2.5,0.37913996227495966
5.426111478514717,-0.9679170278729718,1.5538461538461539,0.0,2.5,0.37623166355395166
5.426111478514717,-0.9579170278729721,1.5538461538461539,0.0,2.5,0.374564996887285
5.426111478514717,-0.9479170278729723,1.5538461538461539,0.0,2.5,0.3688182821965285
5.426111478514717,-0.9379170278729725,1.5538461538461539,0.0,2.5,0.3698888713028544
5.426111478514717,-0.9279170278729727,0.9440000000000001,0.0,2.5,0.36188972710425193
5.426111478514717,-0.9179170278729729,1.5538461538461539,0.0,2.5,0.35372098411068925
5.426111478514717,-0.9079170278729731,1.5538461538461539,0.0,2.5,0.3605698920251285
5.426111478514717,-0.8979170278729733,1.5538461538461539,0.0,2.5,0.3507205142737257
5.426111478514717,-0.8879170278729736,1.5538461538461539,0.0,2.5,0.3336407356424542
5.426111478514717,-0.8779170278729738,0.9440000000000001,0.0,2.5,0.31756900748689415
5.426111478514717,-0.867917027872974,0.9440000000000001,0.0,2.5,0.37899350767244694
5.426111478514717,-0.8579170278729742,0.9440000000000001,0.0,2.5,0.48120328545298197
5.426111478514717,-0.8479170278729744,0.9440000000000001,0.0,2.5,0.4531026988123832
5.426111478514717,-0.8379170278729746,1.1107764380023974,0.0,2.5,0.5140502786613003
5.426111478514717,-0.8279170278729748,1.5538461538461539,0.0,2.5,0.49920977416452333
5.426111478514717,-0.817917027872975,1.4554544870562807,0.0,2.5,0.45641299529735185
5.426111478514717,-0.8079170278729753,1.5538461538461539,0.0,2.5,0.44968148866437424
5.426111478514717,-0.7979170278729755,1.5538461538461539,0.0,2.5,0.4289611145541348
5.426111478514717,-0.7879170278729757,1.5538461538461539,0.0,2.5,0.4327107786692911
5.426111478514717,-0.7779170278729759,1.5538461538461539,0.0,2.5,0.4275710628400535
5.426111478514717,-0.7679170278729761,0.9440000000000001,0.0,2.5,0.43990453075726116
5.426111478514717,-0.7579170278729763,0.9440000000000001,0.0,2.5,0.456977773725661
5.426111478514717,-0.7479170278729765,0.9440000000000001,0.0,2.5,0.4939963200648714
5.426111478514717,-0.7379170278729767,0.9440000000000001,0.0,2.5,0.5022935468738653
5.426111478514717,-0.727917027872977,0.9440000000000001,0.0,2.5,0.5204663964255212
5.426111478514717,-0.7179170278729772,0.9440000000000001,0.0,2.5,0.5212993898122992
5.426111478514717,-0.7079170278729774,0.9440000000000001,0.0,2.5,0.5682513188642174
5.426111478514717,-0.6979170278729776,0.9440000000000001,0.0,2.5,0.49064821979180473
5.426111478514717,-0.6879170278729778,0.9440000000000001,0.0,2.5,0.4619566442781132
5.426111478514717,-0.677917027872978,0.9440000000000001,0.0,2.5,0.45466200140717633
5.426111478514717,-0.6679170278729782,0.9440000000000001,0.0,2.5,0.4450428764385645
5.426111478514717,-0.6579170278729785,0.9440000000000001,0.0,2.5,0.5035207825856725
5.426111478514717,-0.6479170278729787,0.9440000000000001,0.0,2.5,0.49342524644265284
5.426111478514717,-0.6379170278729789,1.5538461538461539,0.0,2.5,0.5583244575241731
5.426111478514717,-0.6279170278729791,1.5538461538461539,0.0,2.5,0.5963277461408479
5.426111478514717,-0.6179170278729793,1.5538461538461539,0.0,2.5,0.5869175864301315
5.426111478514717,-0.6079170278729795,1.5538461538461539,0.0,2.5,0.5537433781343669
5.426111478514717,-0.5979170278729797,1.5538461538461539,0.0,2.5,0.6133936669221902
5.426111478514717,-0.58791702787298,1.5538461538461539,0.0,2.5,0.6104745833802889
5.426111478514717,-0.5779170278729802,1.5538461538461539,0.0,2.5,0.5619104545289528
5.426111478514717,-0.5679170278729804,0.970045925409359,0.0,2.5,0.5218021113617604
5.426111478514717,-0.5579170278729806,0.9440000000000001,0.0,2.5,0.4763553279413113
5.426111478514717,-0.5479170278729808,0.9440000000000001,0.0,2.5,0.499626549469556
5.426111478514717,-0.537917027872981,0.9440000000000001,0.0,2.5,0.4746155453045185
5.426111478514717,-0.5279170278729812,0.9440000000000001,0.0,2.5,0.4378704652070863
5.426111478514717,-0.5179170278729814,0.9440000000000001,0.0,2.5,0.4559986435691316
5.426111478514717,-0.5079170278729817,1.5538461538461539,0.0,2.5,0.48723982663652504
5.426111478514717,-0.49791702787298187,0.9440000000000001,0.0,2.5,0.45123072959662086
5.426111478514717,-0.4879170278729821,1.5538461538461539,0.0,2.5,0.45826305271017304
5.426111478514717,-0.4779170278729823,1.5538461538461539,0.0,2.5,0.4508299596664682
5.426111478514717,-0.4679170278729825,1.5538461538461539,0.0,2.5,0.4597056462140044
5.436111478514717,-1.617917027872958,0.9440000000000001,0.0,2.5,0.6883142144095113
5.436111478514717,-1.6079170278729582,0.9440000000000001,0.0,2.5,0.6872064222046894
5.436111478514717,-1.5979170278729584,0.9440000000000001,0.0,2.5,0.6995076519380288
5.436111478514717,-1.5879170278729586,0.9440000000000001,0.0,2.5,0.6982885029233425
5.436111478514717,-1.5779170278729588,0.9440000000000001,0.0,2.5,0.7261095305838174
5.436111478514717,-1.567917027872959,0.9440000000000001,0.0,2.5,0.5505504599922157
5.436111478514717,-1.5579170278729593,0.9440000000000001,0.0,2.5,0.5397868728636315
5.436111478514717,-1.5479170278729595,0.9440000000000001,0.0,2.5,0.5440306408077614
5.436111478514717,-1.5379170278729597,0.9440000000000001,0.0,2.5,0.5705757446153442
5.436111478514717,-1.52791702787296,0.9440000000000001,0.0,2.5,0.5409201829211795
5.436111478514717,-1.5179170278729601,1.5538461538461539,0.0,2.5,0.5489793487717529
5.436111478514717,-1.5079170278729603,1.5538461538461539,0.0,2.5,0.630513128669641
5.436111478514717,-1.4979170278729605,2.2883333333333336,0.0,2.5,0.679156120682607
5.436111478514717,-1.4879170278729608,2.2883333333333336,0.0,2.5,0.7215210324407257
5.436111478514717,-1.477917027872961,2.2883333333333336,0.0,2.5,0.7175545738472329
5.436111478514717,-1.4679170278729612,2.2883333333333336,0.0,2.5,0.7262908926867286
5.436111478514717,-1.4579170278729614,2.2883333333333336,0.0,2.5,0.6780184182416197
5.436111478514717,-1.4479170278729616,2.2883333333333336,0.0,2.5,0.6529437326830587
5.436111478514717,-1.4379170278729618,2.2883333333333336,0.0,2.5,0.6550514551326748
5.436111478514717,-1.427917027872962,2.2883333333333336,0.0,2.5,0.6868555123782233
5.436111478514717,-1.4179170278729623,2.2883333333333336,0.0,2.5,0.6904261973225596
5.436111478514717,-1.4079170278729625,2.2883333333333336,0.0,2.5,0.622014588677131
5.436111478514717,-1.3979170278729627,2.275973632665797,0.0,2.5,0.592584159727563
5.436111478514717,-1.387917027872963,2.1974527473958276,0.0,2.5,0.5803608847321656
5.436111478514717,-1.377917027872963,1.7985629949210051,0.0,2.5,0.5734836846471658
5.436111478514717,-1.3679170278729633,2.16748292047785,0.0,2.5,0.5767609074967872
5.436111478514717,-1.3579170278729635,1.5538461538461539,0.0,2.5,0.5381794725579293
5.436111478514717,-1.3479170278729637,1.5538461538461539,0.0,2.5,0.5458760543898504
5.436111478514717,-1.337917027872964,1.5538461538461539,0.0,2.5,0.5488097128682817
5.436111478514717,-1.3279170278729642,1.5538461538461539,0.0,2.5,0.5309926154053445
5.436111478514717,-1.3179170278729644,1.5538461538461539,0.0,2.5,0.545573871406687
5.436111478514717,-1.3079170278729646,1.5538461538461539,0.0,2.5,0.5269695874218994
5.436111478514717,-1.2979170278729648,1.5538461538461539,0.0,2.5,0.5417246804691411
5.436111478514717,-1.287917027872965,1.5538461538461539,0.0,2.5,0.5371526732223991
5.436111478514717,-1.2779170278729652,1.5538461538461539,0.0,2.5,0.5426318492399623
5.436111478514717,-1.2679170278729655,1.5538461538461539,0.0,2.5,0.5672484801765253
5.436111478514717,-1.2579170278729657,1.5538461538461539,0.0,2.5,0.5494321757489047
5.436111478514717,-1.2479170278729659,1.5538461538461539,0.0,2.5,0.5455748475560657
5.436111478514717,-1.237917027872966,1.5538461538461539,0.0,2.5,0.5711918742729128
5.436111478514717,-1.2279170278729663,1.5538461538461539,0.0,2.5,0.5732059149777988
5.436111478514717,-1.2179170278729665,1.5538461538461539,0.0,2.5,0.6081655915470973
5.436111478514717,-1.2079170278729667,1.5538461538461539,0.0,2.5,0.5865901338248722
5.436111478514717,-1.197917027872967,1.5538461538461539,0.0,2.5,0.5889958596240318
5.436111478514717,-1.1879170278729672,1.5538461538461539,0.0,2.5,0.621480998734138
5.436111478514717,-1.1779170278729674,1.5538461538461539,0.0,2.5,0.5947638251567958
5.436111478514717,-1.1679170278729676,1.5538461538461539,0.0,2.5,0.5382788290320587
5.436111478514717,-1.1579170278729678,1.5538461538461539,0.0,2.5,0.49680998575919993
5.436111478514717,-1.147917027872968,1.5538461538461539,0.0,2.5,0.46778745003287764
5.436111478514717,-1.1379170278729682,1.5538461538461539,0.0,2.5,0.46446303631394625
5.436111478514717,-1.1279170278729684,1.5538461538461539,0.0,2.5,0.4709238904375681
5.436111478514717,-1.1179170278729686,1.5538461538461539,0.0,2.5,0.46501733963597597
5.436111478514717,-1.1079170278729689,1.5538461538461539,0.0,2.5,0.4592516793283941
5.436111478514717,-1.097917027872969,1.5538461538461539,0.0,2.5,0.4445365859370597
5.436111478514717,-1.0879170278729693,1.5538461538461539,0.0,2.5,0.3952702016134815
5.436111478514717,-1.0779170278729695,1.5538461538461539,0.0,2.5,0.38736663504810137
5.436111478514717,-1.0679170278729697,1.5538461538461539,0.0,2.5,0.40071529725583
5.436111478514717,-1.05791702787297,0.9440000000000001,0.0,2.5,0.3735723056549304
5.436111478514717,-1.0479170278729701,0.929745175140752,0.0,2.5,0.38914645926557073
5.436111478514717,-1.0379170278729704,0.9440000000000001,0.0,2.5,0.3839062227278429
5.436111478514717,-1.0279170278729706,0.9440000000000001,0.0,2.5,0.377193109730895
5.436111478514717,-1.0179170278729708,0.9440000000000001,0.0,2.5,0.3718305143110477
5.436111478514717,-1.007917027872971,1.5538461538461539,0.0,2.5,0.37414424168879123
5.436111478514717,-0.9979170278729712,1.5538461538461539,0.0,2.5,0.37675897455497154
5.436111478514717,-0.9879170278729714,1.5538461538461539,0.0,2.5,0.37843946689579266
5.436111478514717,-0.9779170278729716,1.5538461538461539,0.0,2.5,0.38309479267635954
5.436111478514717,-0.9679170278729718,1.5538461538461539,0.0,2.5,0.3845518478910835
5.436111478514717,-0.9579170278729721,1.5538461538461539,0.0,2.5,0.3828354768286548
5.436111478514717,-0.9479170278729723,1.5538461538461539,0.0,2.5,0.3828354768286548
5.436111478514717,-0.9379170278729725,1.5538461538461539,0.0,2.5,0.38476955815349245
5.436111478514717,-0.9279170278729727,1.5538461538461539,0.0,2.5,0.4005043307845695
5.436111478514717,-0.9179170278729729,1.5538461538461539,0.0,2.5,0.4020924742776144
5.436111478514717,-0.9079170278729731,1.5538461538461539,0.0,2.5,0.39715531198187976
5.436111478514717,-0.8979170278729733,1.5538461538461539,0.0,2.5,0.4031741999003063
5.436111478514717,-0.8879170278729736,0.955000883772924,0.0,2.5,0.3192685928967537
5.436111478514717,-0.8779170278729738,1.5538461538461539,0.0,2.5,0.32817413420679165
5.436111478514717,-0.867917027872974,0.9440000000000001,0.0,2.5,0.3574699929879063
5.436111478514717,-0.8579170278729742,0.9440000000000001,0.0,2.5,0.4740137017663307
5.436111478514717,-0.8479170278729744,0.9440000000000001,0.0,2.5,0.44655043940043715
5.436111478514717,-0.8379170278729746,1.5538461538461539,0.0,2.5,0.49049603562430577
5.436111478514717,-0.8279170278729748,1.5538461538461539,0.0,2.5,0.4685198720806378
5.436111478514717,-0.817917027872975,1.4442756151926757,0.0,2.5,0.43702319578170307
5.436111478514717,-0.8079170278729753,1.2838945907463986,0.0,2.5,0.41809666282785496
5.436111478514717,-0.7979170278729755,1.1371522307745119,0.0,2.5,0.4099803610188691
5.436111478514717,-0.7879170278729757,1.5538461538461539,0.0,2.5,0.4350999447499425
5.436111478514717,-0.7779170278729759,0.9440000000000001,0.0,2.5,0.4427425717177496
5.436111478514717,-0.7679170278729761,0.9440000000000001,0.0,2.5,0.4281998688939987
5.436111478514717,-0.7579170278729763,0.9440000000000001,0.0,2.5,0.4303878519318259
5.436111478514717,-0.7479170278729765,0.9440000000000001,0.0,2.5,0.4440420430827219
5.436111478514717,-0.7379170278729767,0.9440000000000001,0.0,2.5,0.4593356960380776
5.436111478514717,-0.727917027872977,0.9440000000000001,0.0,2.5,0.4704023238561045
5.436111478514717,-0.7179170278729772,0.9440000000000001,0.0,2.5,0.4878300076605562
5.436111478514717,-0.7079170278729774,0.9440000000000001,0.0,2.5,0.5069640903887376
5.436111478514717,-0.6979170278729776,0.9440000000000001,0.0,2.5,0.4425422858313908
5.436111478514717,-0.6879170278729778,0.9440000000000001,0.0,2.5,0.3719281436977128
5.436111478514717,-0.677917027872978,0.9440000000000001,0.0,2.5,0.3927762672182248
5.436111478514717,-0.6679170278729782,0.9440000000000001,0.0,2.5,0.4772103104815859
5.436111478514717,-0.6579170278729785,0.9440000000000001,0.0,2.5,0.49870262149916605
5.436111478514717,-0.6479170278729787,0.9440000000000001,0.0,2.5,0.49637059488396373
5.436111478514717,-0.6379170278729789,1.5538461538461539,0.0,2.5,0.6345503283920461
5.436111478514717,-0.6279170278729791,1.5538461538461539,0.0,2.5,0.6549797585506734
5.436111478514717,-0.6179170278729793,1.5538461538461539,0.0,2.5,0.5900089109882305
5.436111478514717,-0.6079170278729795,0.9440000000000001,0.0,2.5,0.49509371473991703
5.436111478514717,-0.5979170278729797,0.9440000000000001,0.0,2.5,0.4892180965070861
5.436111478514717,-0.58791702787298,0.9440000000000001,0.0,2.5,0.510634002661709
5.436111478514717,-0.5779170278729802,0.9440000000000001,0.0,2.5,0.51370884586578
5.436111478514717,-0.5679170278729804,0.9440000000000001,0.0,2.5,0.5111295024155443
5.436111478514717,-0.5579170278729806,0.9440000000000001,0.0,2.5,0.47212174214119906
5.436111478514717,-0.5479170278729808,1.2731184887652283,0.0,2.5,0.4809369863359253
5.436111478514717,-0.537917027872981,1.5538461538461539,0.0,2.5,0.5094042976818794
5.436111478514717,-0.5279170278729812,0.9440000000000001,0.0,2.5,0.44713870534568484
5.436111478514717,-0.5179170278729814,0.9440000000000001,0.0,2.5,0.42326950487300696
5.436111478514717,-0.5079170278729817,0.9440000000000001,0.0,2.5,0.45084572076553653
5.436111478514717,-0.49791702787298187,0.9440000000000001,0.0,2.5,0.41305483960423006
5.436111478514717,-0.4879170278729821,1.5538461538461539,0.0,2.5,0.45826305271017304
5.436111478514717,-0.4779170278729823,1.5538461538461539,0.0,2.5,0.4508299596664682
5.436111478514717,-0.4679170278729825,1.5538461538461539,0.0,2.5,0.4508299596664682
5.436111478514717,-0.4579170278729827,1.5538461538461539,0.0,2.5,0.4597056462140044
5.446111478514717,-1.5979170278729584,0.9440000000000001,0.0,2.5,0.6786235628085138
5.446111478514717,-1.5879170278729586,0.9440000000000001,0.0,2.5,0.6960347037484841
5.446111478514717,-1.5779170278729588,0.9440000000000001,0.0,2.5,0.6901211464493764
5.446111478514717,-1.567917027872959,0.9440000000000001,0.0,2.5,0.6474134915499464
5.446111478514717,-1.5579170278729593,0.9440000000000001,0.0,2.5,0.5248772925205096
5.446111478514717,-1.5479170278729595,0.9440000000000001,0.0,2.5,0.5406973074744281
5.446111478514717,-1.5379170278729597,0.9440000000000001,0.0,2.5,0.5481064743118113
5.446111478514717,-1.52791702787296,1.5538461538461539,0.0,2.5,0.586525727221588
5.446111478514717,-1.5179170278729601,1.5538461538461539,0.0,2.5,0.5578384831969935
5.446111478514717,-1.5079170278729603,1.5538461538461539,0.0,2.5,0.5765609211683408
5.446111478514717,-1.4979170278729605,2.2883333333333336,0.0,2.5,0.660542052968573
5.446111478514717,-1.4879170278729608,2.2883333333333336,0.0,2.5,0.7170559970295413
5.446111478514717,-1.477917027872961,2.5,0.0,2.5,0.7229076063344396
5.446111478514717,-1.4679170278729612,2.5,0.0,2.5,0.7264701555163604
5.446111478514717,-1.4579170278729614,2.2883333333333336,0.0,2.5,0.7021192443052994
5.446111478514717,-1.4479170278729616,2.2883333333333336,0.0,2.5,0.6570294628087918
5.446111478514717,-1.4379170278729618,2.2883333333333336,0.0,2.5,0.6530749301329153
5.446111478514717,-1.427917027872962,2.2883333333333336,0.0,2.5,0.6442337853316125
5.446111478514717,-1.4179170278729623,2.2883333333333336,0.0,2.5,0.6115842250193686
5.446111478514717,-1.4079170278729625,2.2883333333333336,0.0,2.5,0.6184578965307755
5.446111478514717,-1.3979170278729627,2.2883333333333336,0.0,2.5,0.6088008392911458
5.446111478514717,-1.387917027872963,2.2010303075274154,0.0,2.5,0.5811896615776196
5.446111478514717,-1.377917027872963,1.5538461538461539,0.0,2.5,0.5684913527343305
5.446111478514717,-1.3679170278729633,1.5538461538461539,0.0,2.5,0.5687894892690981
5.446111478514717,-1.3579170278729635,1.5538461538461539,0.0,2.5,0.5682222473454114
5.446111478514717,-1.3479170278729637,1.5538461538461539,0.0,2.5,0.5508217796944022
5.446111478514717,-1.337917027872964,1.5538461538461539,0.0,2.5,0.5508192211848986
5.446111478514717,-1.3279170278729642,1.5538461538461539,0.0,2.5,0.5396590768659365
5.446111478514717,-1.3179170278729644,1.5538461538461539,0.0,2.5,0.5400414919543673
5.446111478514717,-1.3079170278729646,1.5538461538461539,0.0,2.5,0.5281066751683903
5.446111478514717,-1.2979170278729648,1.5538461538461539,0.0,2.5,0.5356642863880858
5.446111478514717,-1.287917027872965,1.5538461538461539,0.0,2.5,0.5438540209753333
5.446111478514717,-1.2779170278729652,1.5538461538461539,0.0,2.5,0.5491116829530375
5.446111478514717,-1.2679170278729655,1.5538461538461539,0.0,2.5,0.5703539917419168
5.446111478514717,-1.2579170278729657,1.5538461538461539,0.0,2.5,0.5487725330645761
5.446111478514717,-1.2479170278729659,1.5538461538461539,0.0,2.5,0.5542707763092464
5.446111478514717,-1.237917027872966,1.5538461538461539,0.0,2.5,0.582316813658608
5.446111478514717,-1.2279170278729663,1.5538461538461539,0.0,2.5,0.5847947655114482
5.446111478514717,-1.2179170278729665,2.2883333333333336,0.0,2.5,0.6018681804094779
5.446111478514717,-1.2079170278729667,1.5538461538461539,0.0,2.5,0.5887994523504674
5.446111478514717,-1.197917027872967,1.5538461538461539,0.0,2.5,0.592215460025245
5.446111478514717,-1.1879170278729672,1.5538461538461539,0.0,2.5,0.6076303189603296
5.446111478514717,-1.1779170278729674,1.5538461538461539,0.0,2.5,0.5659194980555782
5.446111478514717,-1.1679170278729676,1.5538461538461539,0.0,2.5,0.5386473471208134
5.446111478514717,-1.1579170278729678,1.5538461538461539,0.0,2.5,0.49838881047372297
5.446111478514717,-1.147917027872968,1.5538461538461539,0.0,2.5,0.4660698154034529
5.446111478514717,-1.1379170278729682,1.5538461538461539,0.0,2.5,0.46232721336220794
5.446111478514717,-1.1279170278729684,1.5538461538461539,0.0,2.5,0.46329735087958046
5.446111478514717,-1.1179170278729686,1.5538461538461539,0.0,2.5,0.45932800976004606
5.446111478514717,-1.1079170278729689,1.5538461538461539,0.0,2.5,0.444533021957225
5.446111478514717,-1.097917027872969,1.5538461538461539,0.0,2.5,0.44882919647691777
5.446111478514717,-1.0879170278729693,1.5538461538461539,0.0,2.5,0.4386863196350426
5.446111478514717,-1.0779170278729695,1.5538461538461539,0.0,2.5,0.4122102438173127
5.446111478514717,-1.0679170278729697,1.5538461538461539,0.0,2.5,0.39441096542918974
5.446111478514717,-1.05791702787297,0.9440000000000001,0.0,2.5,0.39461615200290956
5.446111478514717,-1.0479170278729701,0.9440000000000001,0.0,2.5,0.39773621129541487
5.446111478514717,-1.0379170278729704,0.9440000000000001,0.0,2.5,0.37922237181740903
5.446111478514717,-1.0279170278729706,1.5538461538461539,0.0,2.5,0.39581581444502756
5.446111478514717,-1.0179170278729708,0.9440000000000001,0.0,2.5,0.38827562955875977
5.446111478514717,-1.007917027872971,1.5538461538461539,0.0,2.5,0.42372357255579585
5.446111478514717,-0.9979170278729712,1.5538461538461539,0.0,2.5,0.41471921536310496
5.446111478514717,-0.9879170278729714,1.5538461538461539,0.0,2.5,0.41109637589562825
5.446111478514717,-0.9779170278729716,1.5538461538461539,0.0,2.5,0.41259534566206973
5.446111478514717,-0.9679170278729718,1.5538461538461539,0.0,2.5,0.41178054576792333
5.446111478514717,-0.9579170278729721,1.5538461538461539,0.0,2.5,0.41954417882684764
5.446111478514717,-0.9479170278729723,1.5538461538461539,0.0,2.5,0.41839739983385177
5.446111478514717,-0.9379170278729725,1.5538461538461539,0.0,2.5,0.4281298899605565
5.446111478514717,-0.9279170278729727,1.5538461538461539,0.0,2.5,0.4312511114501809
5.446111478514717,-0.9179170278729729,1.5538461538461539,0.0,2.5,0.4302280273465694
5.446111478514717,-0.9079170278729731,1.5538461538461539,0.0,2.5,0.4243638584947671
5.446111478514717,-0.8979170278729733,1.5538461538461539,0.0,2.5,0.41978215185764217
5.446111478514717,-0.8879170278729736,1.5538461538461539,0.0,2.5,0.39072215676881944
5.446111478514717,-0.8779170278729738,1.5538461538461539,0.0,2.5,0.3255461108867978
5.446111478514717,-0.867917027872974,0.9440000000000001,0.0,2.5,0.32264325208233424
5.446111478514717,-0.8579170278729742,0.9440000000000001,0.0,2.5,0.41306936654540155
5.446111478514717,-0.8479170278729744,1.5538461538461539,0.0,2.5,0.44186013201890795
5.446111478514717,-0.8379170278729746,1.5538461538461539,0.0,2.5,0.45691306196084724
5.446111478514717,-0.8279170278729748,1.5538461538461539,0.0,2.5,0.4569004047903858
5.446111478514717,-0.817917027872975,1.5538461538461539,0.0,2.5,0.4245437524977871
5.446111478514717,-0.8079170278729753,0.9440000000000001,0.0,2.5,0.39663346634571256
5.446111478514717,-0.7979170278729755,0.9440000000000001,0.0,2.5,0.3839560000006013
5.446111478514717,-0.7879170278729757,0.9440000000000001,0.0,2.5,0.4118936575613828
5.446111478514717,-0.7779170278729759,0.9440000000000001,0.0,2.5,0.43321706877479293
5.446111478514717,-0.7679170278729761,0.9440000000000001,0.0,2.5,0.42304178407831355
5.446111478514717,-0.7579170278729763,0.9440000000000001,0.0,2.5,0.43889353143293713
5.446111478514717,-0.7479170278729765,0.9440000000000001,0.0,2.5,0.41866001333570396
5.446111478514717,-0.7379170278729767,0.9440000000000001,0.0,2.5,0.4159636024055004
5.446111478514717,-0.727917027872977,0.9440000000000001,0.0,2.5,0.4133805142006219
5.446111478514717,-0.7179170278729772,0.9440000000000001,0.0,2.5,0.4478605152988801
5.446111478514717,-0.7079170278729774,0.9440000000000001,0.0,2.5,0.43575008603796034
5.446111478514717,-0.6979170278729776,0.9440000000000001,0.0,2.5,0.40021240096647276
5.446111478514717,-0.6879170278729778,0.9440000000000001,0.0,2.5,0.4220910530883961
5.446111478514717,-0.677917027872978,0.9440000000000001,0.0,2.5,0.44825930966922545
5.446111478514717,-0.6679170278729782,0.9440000000000001,0.0,2.5,0.47362025064232893
5.446111478514717,-0.6579170278729785,0.9440000000000001,0.0,2.5,0.5191021961321166
5.446111478514717,-0.6479170278729787,0.9440000000000001,0.0,2.5,0.5469478577113449
5.446111478514717,-0.6379170278729789,1.5538461538461539,0.0,2.5,0.6841372463563533
5.446111478514717,-0.6279170278729791,1.5538461538461539,0.0,2.5,0.6679189201303551
5.446111478514717,-0.6179170278729793,0.9440000000000001,0.0,2.5,0.5158998857874116
5.446111478514717,-0.6079170278729795,0.9440000000000001,0.0,2.5,0.5144855722387585
5.446111478514717,-0.5979170278729797,0.9440000000000001,0.0,2.5,0.48091781535066624
5.446111478514717,-0.58791702787298,0.9440000000000001,0.0,2.5,0.49189778258961714
5.446111478514717,-0.5779170278729802,0.9440000000000001,0.0,2.5,0.4869517796898071
5.446111478514717,-0.5679170278729804,0.9440000000000001,0.0,2.5,0.4891976246238763
5.446111478514717,-0.5579170278729806,1.1367098506461326,0.0,2.5,0.48425509000347206
5.446111478514717,-0.5479170278729808,1.5538461538461539,0.0,2.5,0.49323923139351694
5.446111478514717,-0.537917027872981,1.5538461538461539,0.0,2.5,0.503079137293365
5.446111478514717,-0.5279170278729812,1.5538461538461539,0.0,2.5,0.48225440030288647
5.446111478514717,-0.5179170278729814,0.9440000000000001,0.0,2.5,0.42511117455743647
5.446111478514717,-0.5079170278729817,0.9440000000000001,0.0,2.5,0.426465445135609
5.446111478514717,-0.49791702787298187,0.9440000000000001,0.0,2.5,0.41338510180261206
5.446111478514717,-0.4879170278729821,0.9440000000000001,0.0,2.5,0.4214488492085488
5.446111478514717,-0.4779170278729823,0.9440000000000001,0.0,2.5,0.4255966445996224
5.446111478514717,-0.4679170278729825,1.0236088550694593,0.0,2.5,0.42726331126628897
5.446111478514717,-0.4579170278729827,1.3794749914309135,0.0,2.5,0.42726331126628897
5.446111478514717,-0.44791702787298293,1.5538461538461539,0.0,2.5,0.4253107100819304
5.446111478514717,-0.43791702787298314,1.5538461538461539,0.0,2.5,0.4387872360397919
5.456111478514717,-1.5979170278729584,0.9440000000000001,0.0,2.5,0.6661094636504418
5.456111478514717,-1.5879170278729586,0.9440000000000001,0.0,2.5,0.6702649718237053
5.456111478514717,-1.5779170278729588,0.9440000000000001,0.0,2.5,0.696738337223795
5.456111478514717,-1.567917027872959,0.9440000000000001,0.0,2.5,0.7003102408459044
5.456111478514717,-1.5579170278729593,0.9440000000000001,0.0,2.5,0.505467987397595
5.456111478514717,-1.5479170278729595,0.9440000000000001,0.0,2.5,0.5383993354557798
5.456111478514717,-1.5379170278729597,1.5538461538461539,0.0,2.5,0.5689051702185133
5.456111478514717,-1.52791702787296,1.5538461538461539,0.0,2.5,0.5882876415785444
5.456111478514717,-1.5179170278729601,1.5538461538461539,0.0,2.5,0.5350757742175271
5.456111478514717,-1.5079170278729603,1.5538461538461539,0.0,2.5,0.5546122851639497
5.456111478514717,-1.4979170278729605,2.2883333333333336,0.0,2.5,0.6313968486701156
5.456111478514717,-1.4879170278729608,2.2883333333333336,0.0,2.5,0.7012541827725347
5.456111478514717,-1.477917027872961,2.5,0.0,2.5,0.7253197413499728
5.456111478514717,-1.4679170278729612,2.2883333333333336,0.0,2.5,0.7148412673124978
5.456111478514717,-1.4579170278729614,2.5,0.0,2.5,0.7309303785423846
5.456111478514717,-1.4479170278729616,2.2883333333333336,0.0,2.5,0.6853229508001013
5.456111478514717,-1.4379170278729618,2.2883333333333336,0.0,2.5,0.6520987821122257
5.456111478514717,-1.427917027872962,2.2883333333333336,0.0,2.5,0.6538424557201309
5.456111478514717,-1.4179170278729623,2.2883333333333336,0.0,2.5,0.6140938903548192
5.456111478514717,-1.4079170278729625,2.2883333333333336,0.0,2.5,0.6234211598933757
5.456111478514717,-1.3979170278729627,2.2883333333333336,0.0,2.5,0.6300653670579315
5.456111478514717,-1.387917027872963,2.2883333333333336,0.0,2.5,0.6198749016171012
5.456111478514717,-1.377917027872963,2.2883333333333336,0.0,2.5,0.6187697412382853
5.456111478514717,-1.3679170278729633,2.2883333333333336,0.0,2.5,0.6017077798560129
5.456111478514717,-1.3579170278729635,1.5538461538461539,0.0,2.5,0.5641916351005134
5.456111478514717,-1.3479170278729637,1.5538461538461539,0.0,2.5,0.5489555088955874
5.456111478514717,-1.337917027872964,1.5538461538461539,0.0,2.5,0.5559642929230518
5.456111478514717,-1.3279170278729642,1.5538461538461539,0.0,2.5,0.5513324188683172
5.456111478514717,-1.3179170278729644,1.5538461538461539,0.0,2.5,0.5395428661561051
5.456111478514717,-1.3079170278729646,1.5538461538461539,0.0,2.5,0.5362378671299812
5.456111478514717,-1.2979170278729648,1.5538461538461539,0.0,2.5,0.5418618175193063
5.456111478514717,-1.287917027872965,1.5538461538461539,0.0,2.5,0.5500602114856554
5.456111478514717,-1.2779170278729652,1.5538461538461539,0.0,2.5,0.5567357128430493
5.456111478514717,-1.2679170278729655,1.5538461538461539,0.0,2.5,0.5758963449561197
5.456111478514717,-1.2579170278729657,1.5538461538461539,0.0,2.5,0.5450121651903435
5.456111478514717,-1.2479170278729659,1.5538461538461539,0.0,2.5,0.5561961014722971
5.456111478514717,-1.237917027872966,1.5538461538461539,0.0,2.5,0.5918981746578058
5.456111478514717,-1.2279170278729663,2.1775397165569004,0.0,2.5,0.5992695669268943
5.456111478514717,-1.2179170278729665,2.128842846973566,0.0,2.5,0.585705222166416
5.456111478514717,-1.2079170278729667,1.5538461538461539,0.0,2.5,0.5937609181643227
5.456111478514717,-1.197917027872967,1.5538461538461539,0.0,2.5,0.6052650276018614
5.456111478514717,-1.1879170278729672,1.5538461538461539,0.0,2.5,0.5970494843473386
5.456111478514717,-1.1779170278729674,1.5538461538461539,0.0,2.5,0.5491109765434327
5.456111478514717,-1.1679170278729676,1.5538461538461539,0.0,2.5,0.5355635162823037
5.456111478514717,-1.1579170278729678,1.5538461538461539,0.0,2.5,0.5005952416817188
5.456111478514717,-1.147917027872968,1.5538461538461539,0.0,2.5,0.4932769719579994
5.456111478514717,-1.1379170278729682,1.5538461538461539,0.0,2.5,0.48847184031216406
5.456111478514717,-1.1279170278729684,1.5538461538461539,0.0,2.5,0.47799312726399146
5.456111478514717,-1.1179170278729686,1.5538461538461539,0.0,2.5,0.4589245222680516
5.456111478514717,-1.1079170278729689,1.5538461538461539,0.0,2.5,0.4481671952187105
5.456111478514717,-1.097917027872969,1.5538461538461539,0.0,2.5,0.4582340179555688
5.456111478514717,-1.0879170278729693,1.5538461538461539,0.0,2.5,0.465121403114409
5.456111478514717,-1.0779170278729695,1.5538461538461539,0.0,2.5,0.4406047268726004
5.456111478514717,-1.0679170278729697,1.5538461538461539,0.0,2.5,0.4139434334413445
5.456111478514717,-1.05791702787297,0.9440000000000001,0.0,2.5,0.413840713597013
5.456111478514717,-1.0479170278729701,0.9440000000000001,0.0,2.5,0.4080353811946106
5.456111478514717,-1.0379170278729704,0.9440000000000001,0.0,2.5,0.4002413445254494
5.456111478514717,-1.0279170278729706,1.5538461538461539,0.0,2.5,0.40387778869709395
5.456111478514717,-1.0179170278729708,1.5538461538461539,0.0,2.5,0.4063152807104659
5.456111478514717,-1.007917027872971,1.5538461538461539,0.0,2.5,0.42159418708634033
5.456111478514717,-0.9979170278729712,1.5538461538461539,0.0,2.5,0.4145992103627483
5.456111478514717,-0.9879170278729714,1.5538461538461539,0.0,2.5,0.4172972069897654
5.456111478514717,-0.9779170278729716,1.5538461538461539,0.0,2.5,0.4069815911943995
5.456111478514717,-0.9679170278729718,1.5538461538461539,0.0,2.5,0.3925746372833116
5.456111478514717,-0.9579170278729721,1.5538461538461539,0.0,2.5,0.38352832587074626
5.456111478514717,-0.9479170278729723,1.5538461538461539,0.0,2.5,0.37947542778460125
5.456111478514717,-0.9379170278729725,1.5538461538461539,0.0,2.5,0.3771816591019827
5.456111478514717,-0.9279170278729727,1.5538461538461539,0.0,2.5,0.3866319425638506
5.456111478514717,-0.9179170278729729,1.5538461538461539,0.0,2.5,0.3817463732541169
5.456111478514717,-0.9079170278729731,1.5538461538461539,0.0,2.5,0.3960097826735428
5.456111478514717,-0.8979170278729733,1.5538461538461539,0.0,2.5,0.40078144976343116
5.456111478514717,-0.8879170278729736,1.5538461538461539,0.0,2.5,0.42432651320985343
5.456111478514717,-0.8779170278729738,1.5538461538461539,0.0,2.5,0.32427132718598123
5.456111478514717,-0.867917027872974,0.9440000000000001,0.0,2.5,0.32283846406869554
5.456111478514717,-0.8579170278729742,0.9440000000000001,0.0,2.5,0.3888373472792402
5.456111478514717,-0.8479170278729744,1.5538461538461539,0.0,2.5,0.437092152827319
5.456111478514717,-0.8379170278729746,1.5538461538461539,0.0,2.5,0.44442935710012366
5.456111478514717,-0.8279170278729748,1.5538461538461539,0.0,2.5,0.435850855520955
5.456111478514717,-0.817917027872975,1.5538461538461539,0.0,2.5,0.43997972981181827
5.456111478514717,-0.8079170278729753,1.5538461538461539,0.0,2.5,0.4243507174820863
5.456111478514717,-0.7979170278729755,0.9440000000000001,0.0,2.5,0.39146706329784814
5.456111478514717,-0.7879170278729757,0.9440000000000001,0.0,2.5,0.3909578004571615
5.456111478514717,-0.7779170278729759,0.9440000000000001,0.0,2.5,0.39199153575241485
5.456111478514717,-0.7679170278729761,0.9440000000000001,0.0,2.5,0.36670996854562415
5.456111478514717,-0.7579170278729763,0.9440000000000001,0.0,2.5,0.39648007206868746
5.456111478514717,-0.7479170278729765,0.9440000000000001,0.0,2.5,0.4038500574002078
5.456111478514717,-0.7379170278729767,0.9440000000000001,0.0,2.5,0.4036313826557418
5.456111478514717,-0.727917027872977,0.9440000000000001,0.0,2.5,0.43479136304803895
5.456111478514717,-0.7179170278729772,0.9440000000000001,0.0,2.5,0.4310757260813593
5.456111478514717,-0.7079170278729774,0.9329817632674606,0.0,2.5,0.4079787912172071
5.456111478514717,-0.6979170278729776,0.9440000000000001,0.0,2.5,0.4069622595237589
5.456111478514717,-0.6879170278729778,0.9440000000000001,0.0,2.5,0.4514824571308379
5.456111478514717,-0.677917027872978,0.9440000000000001,0.0,2.5,0.4766465881460031
5.456111478514717,-0.6679170278729782,0.9440000000000001,0.0,2.5,0.5432906031641654
5.456111478514717,-0.6579170278729785,0.9440000000000001,0.0,2.5,0.5937754689738178
5.456111478514717,-0.6479170278729787,1.5538461538461539,0.0,2.5,0.6375956352878359
5.456111478514717,-0.6379170278729789,1.5538461538461539,0.0,2.5,0.7012799399733844
5.456111478514717,-0.6279170278729791,1.5538461538461539,0.0,2.5,0.6298211275361193
5.456111478514717,-0.6179170278729793,0.9440000000000001,0.0,2.5,0.5240331716282226
5.456111478514717,-0.6079170278729795,0.9440000000000001,0.0,2.5,0.5238460257273581
5.456111478514717,-0.5979170278729797,0.9440000000000001,0.0,2.5,0.4694080488868521
5.456111478514717,-0.58791702787298,0.9440000000000001,0.0,2.5,0.48655042211679556
5.456111478514717,-0.5779170278729802,0.9440000000000001,0.0,2.5,0.49579334596806235
5.456111478514717,-0.5679170278729804,1.171353603143938,0.0,2.5,0.49183578209588696
5.456111478514717,-0.5579170278729806,0.9440000000000001,0.0,2.5,0.45902250632536623
5.456111478514717,-0.5479170278729808,1.5538461538461539,0.0,2.5,0.49065305519155394
5.456111478514717,-0.537917027872981,1.5538461538461539,0.0,2.5,0.5231431535721256
5.456111478514717,-0.5279170278729812,1.5538461538461539,0.0,2.5,0.47998633503120847
5.456111478514717,-0.5179170278729814,1.3634691478270615,0.0,2.5,0.4487024537178801
5.456111478514717,-0.5079170278729817,0.9440000000000001,0.0,2.5,0.4186311878772387
5.456111478514717,-0.49791702787298187,0.9440000000000001,0.0,2.5,0.4294720102815063
5.456111478514717,-0.4879170278729821,0.9440000000000001,0.0,2.5,0.4253107100819304
5.456111478514717,-0.4779170278729823,1.0407901717793593,0.0,2.5,0.4255966445996224
5.456111478514717,-0.4679170278729825,1.4892198301610655,0.0,2.5,0.42726331126628897
5.456111478514717,-0.4579170278729827,1.5538461538461539,0.0,2.5,0.42726331126628897
5.456111478514717,-0.44791702787298293,1.5538461538461539,0.0,2.5,0.42726331126628897
5.456111478514717,-0.43791702787298314,1.5538461538461539,0.0,2.5,0.4253107100819304
5.456111478514717,-0.42791702787298336,1.5538461538461539,0.0,2.5,0.4387872360397919
5.4661114785147165,-1.6079170278729582,0.9440000000000001,0.0,2.5,0.6739631003374891
5.4661114785147165,-1.5979170278729584,0.9440000000000001,0.0,2.5,0.6819890877339556
5.4661114785147165,-1.5879170278729586,0.9440000000000001,0.0,2.5,0.6716667131878896
5.4661114785147165,-1.5779170278729588,1.0263128336623824,0.0,2.5,0.6731229773693631
5.4661114785147165,-1.567917027872959,1.5538461538461539,0.0,2.5,0.7008385772562216
5.4661114785147165,-1.5579170278729593,0.9440000000000001,0.0,2.5,0.5471892032810489
5.4661114785147165,-1.5479170278729595,0.9440000000000001,0.0,2.5,0.5496866748468544
5.4661114785147165,-1.5379170278729597,1.5538461538461539,0.0,2.5,0.5676722755354046
5.4661114785147165,-1.52791702787296,1.5538461538461539,0.0,2.5,0.5905829394346678
5.4661114785147165,-1.5179170278729601,1.5538461538461539,0.0,2.5,0.5331410713208707
5.4661114785147165,-1.5079170278729603,1.5538461538461539,0.0,2.5,0.5530810762193498
5.4661114785147165,-1.4979170278729605,2.2883333333333336,0.0,2.5,0.5882041282744767
5.4661114785147165,-1.4879170278729608,2.2883333333333336,0.0,2.5,0.6570956080634788
5.4661114785147165,-1.477917027872961,2.5,0.0,2.5,0.6978531287184253
5.4661114785147165,-1.4679170278729612,2.2883333333333336,0.0,2.5,0.7367587995669226
5.4661114785147165,-1.4579170278729614,2.5,0.0,2.5,0.7287535620729458
5.4661114785147165,-1.4479170278729616,2.5,0.0,2.5,0.7006220787724196
5.4661114785147165,-1.4379170278729618,2.5,0.0,2.5,0.6917709304934633
5.4661114785147165,-1.427917027872962,2.2883333333333336,0.0,2.5,0.6641640981949435
5.4661114785147165,-1.4179170278729623,2.2883333333333336,0.0,2.5,0.6700616414466268
5.4661114785147165,-1.4079170278729625,2.2883333333333336,0.0,2.5,0.6614312546698102
5.4661114785147165,-1.3979170278729627,2.2883333333333336,0.0,2.5,0.6739464953545263
5.4661114785147165,-1.387917027872963,2.2883333333333336,0.0,2.5,0.655540769064601
5.4661114785147165,-1.377917027872963,2.2883333333333336,0.0,2.5,0.6189452201999003
5.4661114785147165,-1.3679170278729633,2.2883333333333336,0.0,2.5,0.6013719564138018
5.4661114785147165,-1.3579170278729635,1.5538461538461539,0.0,2.5,0.573416978806113
5.4661114785147165,-1.3479170278729637,1.5538461538461539,0.0,2.5,0.5653611026621026
5.4661114785147165,-1.337917027872964,1.5538461538461539,0.0,2.5,0.551318698918286
5.4661114785147165,-1.3279170278729642,1.5538461538461539,0.0,2.5,0.5545281344421535
5.4661114785147165,-1.3179170278729644,1.5538461538461539,0.0,2.5,0.5419997735072798
5.4661114785147165,-1.3079170278729646,1.5538461538461539,0.0,2.5,0.5409756534870405
5.4661114785147165,-1.2979170278729648,1.5538461538461539,0.0,2.5,0.5409663823425563
5.4661114785147165,-1.287917027872965,1.5538461538461539,0.0,2.5,0.5473498012909691
5.4661114785147165,-1.2779170278729652,1.5538461538461539,0.0,2.5,0.5675081682423291
5.4661114785147165,-1.2679170278729655,1.5538461538461539,0.0,2.5,0.5784466234131916
5.4661114785147165,-1.2579170278729657,1.5538461538461539,0.0,2.5,0.54880668789025
5.4661114785147165,-1.2479170278729659,1.5538461538461539,0.0,2.5,0.5608792671742641
5.4661114785147165,-1.237917027872966,1.5538461538461539,0.0,2.5,0.5948572899972143
5.4661114785147165,-1.2279170278729663,2.198375187758153,0.0,2.5,0.6019233732971843
5.4661114785147165,-1.2179170278729665,2.196991682600299,0.0,2.5,0.5903271579876823
5.4661114785147165,-1.2079170278729667,2.2500904693575365,0.0,2.5,0.5965664737198781
5.4661114785147165,-1.197917027872967,2.2327778280564905,0.0,2.5,0.6041574556765514
5.4661114785147165,-1.1879170278729672,1.5538461538461539,0.0,2.5,0.5829868458636465
5.4661114785147165,-1.1779170278729674,1.5538461538461539,0.0,2.5,0.550783668714717
5.4661114785147165,-1.1679170278729676,1.5538461538461539,0.0,2.5,0.5060774805380872
5.4661114785147165,-1.1579170278729678,1.5538461538461539,0.0,2.5,0.48861633460729753
5.4661114785147165,-1.147917027872968,1.5538461538461539,0.0,2.5,0.48898889503978826
5.4661114785147165,-1.1379170278729682,1.5538461538461539,0.0,2.5,0.4852181265873844
5.4661114785147165,-1.1279170278729684,1.5538461538461539,0.0,2.5,0.4757397736373527
5.4661114785147165,-1.1179170278729686,1.5538461538461539,0.0,2.5,0.4626846071165869
5.4661114785147165,-1.1079170278729689,1.5538461538461539,0.0,2.5,0.46854546449303097
5.4661114785147165,-1.097917027872969,1.5538461538461539,0.0,2.5,0.4803938611648398
5.4661114785147165,-1.0879170278729693,1.5538461538461539,0.0,2.5,0.47594624795780155
5.4661114785147165,-1.0779170278729695,1.5538461538461539,0.0,2.5,0.48351724854914396
5.4661114785147165,-1.0679170278729697,1.5538461538461539,0.0,2.5,0.44429934359775636
5.4661114785147165,-1.05791702787297,0.9440000000000001,0.0,2.5,0.4138552902658537
5.4661114785147165,-1.0479170278729701,0.9440000000000001,0.0,2.5,0.41321134464526466
5.4661114785147165,-1.0379170278729704,1.5538461538461539,0.0,2.5,0.41466076285012393
5.4661114785147165,-1.0279170278729706,1.5538461538461539,0.0,2.5,0.4265722389658753
5.4661114785147165,-1.0179170278729708,1.5538461538461539,0.0,2.5,0.43936847228668136
5.4661114785147165,-1.007917027872971,1.5538461538461539,0.0,2.5,0.4489706114681946
5.4661114785147165,-0.9979170278729712,1.5538461538461539,0.0,2.5,0.4189313046147549
5.4661114785147165,-0.9879170278729714,1.5538461538461539,0.0,2.5,0.40818768770374303
5.4661114785147165,-0.9779170278729716,1.5538461538461539,0.0,2.5,0.41030900542964444
5.4661114785147165,-0.9679170278729718,1.5538461538461539,0.0,2.5,0.3932323672832459
5.4661114785147165,-0.9579170278729721,1.5538461538461539,0.0,2.5,0.38682736646486976
5.4661114785147165,-0.9479170278729723,1.5538461538461539,0.0,2.5,0.38216702184772317
5.4661114785147165,-0.9379170278729725,1.5538461538461539,0.0,2.5,0.39954793124060006
5.4661114785147165,-0.9279170278729727,1.4999579172395974,0.0,2.5,0.3823954135322463
5.4661114785147165,-0.9179170278729729,1.5538461538461539,0.0,2.5,0.40729910138849446
5.4661114785147165,-0.9079170278729731,1.5538461538461539,0.0,2.5,0.41034650020413577
5.4661114785147165,-0.8979170278729733,1.5538461538461539,0.0,2.5,0.40346368321678044
5.4661114785147165,-0.8879170278729736,1.5538461538461539,0.0,2.5,0.41075484131238105
5.4661114785147165,-0.8779170278729738,1.5538461538461539,0.0,2.5,0.4126640548838556
5.4661114785147165,-0.867917027872974,1.5538461538461539,0.0,2.5,0.31927708101705493
5.4661114785147165,-0.8579170278729742,1.5538461538461539,0.0,2.5,0.3697197103870328
5.4661114785147165,-0.8479170278729744,1.5538461538461539,0.0,2.5,0.4423728380801424
5.4661114785147165,-0.8379170278729746,1.5538461538461539,0.0,2.5,0.42419428070125376
5.4661114785147165,-0.8279170278729748,1.5538461538461539,0.0,2.5,0.4272379294157986
5.4661114785147165,-0.817917027872975,1.5538461538461539,0.0,2.5,0.423411606177666
5.4661114785147165,-0.8079170278729753,1.5538461538461539,0.0,2.5,0.41661533279647445
5.4661114785147165,-0.7979170278729755,0.9440000000000001,0.0,2.5,0.39790679070205404
5.4661114785147165,-0.7879170278729757,0.9440000000000001,0.0,2.5,0.41162290309121546
5.4661114785147165,-0.7779170278729759,0.9440000000000001,0.0,2.5,0.41803297191055466
5.4661114785147165,-0.7679170278729761,0.9440000000000001,0.0,2.5,0.44616100194764546
5.4661114785147165,-0.7579170278729763,0.9440000000000001,0.0,2.5,0.45435468561116676
5.4661114785147165,-0.7479170278729765,0.9440000000000001,0.0,2.5,0.4691528141355558
5.4661114785147165,-0.7379170278729767,0.9440000000000001,0.0,2.5,0.4465322004870917
5.4661114785147165,-0.727917027872977,0.9440000000000001,0.0,2.5,0.4294476487434846
5.4661114785147165,-0.7179170278729772,0.9440000000000001,0.0,2.5,0.41298048849504626
5.4661114785147165,-0.7079170278729774,0.9440000000000001,0.0,2.5,0.4289737413630766
5.4661114785147165,-0.6979170278729776,0.9440000000000001,0.0,2.5,0.4480415892313511
5.4661114785147165,-0.6879170278729778,0.9440000000000001,0.0,2.5,0.4778221520105787
5.4661114785147165,-0.677917027872978,0.9440000000000001,0.0,2.5,0.5217453686335723
5.4661114785147165,-0.6679170278729782,0.9440000000000001,0.0,2.5,0.5500983139268621
5.4661114785147165,-0.6579170278729785,0.9440000000000001,0.0,2.5,0.6145331320997879
5.4661114785147165,-0.6479170278729787,1.5538461538461539,0.0,2.5,0.6165997991126407
5.4661114785147165,-0.6379170278729789,1.5538461538461539,0.0,2.5,0.6784447525423277
5.4661114785147165,-0.6279170278729791,1.5538461538461539,0.0,2.5,0.6208225958435141
5.4661114785147165,-0.6179170278729793,0.9440000000000001,0.0,2.5,0.5538296640000638
5.4661114785147165,-0.6079170278729795,0.9440000000000001,0.0,2.5,0.5380950003569638
5.4661114785147165,-0.5979170278729797,0.9440000000000001,0.0,2.5,0.48566291835177405
5.4661114785147165,-0.58791702787298,0.9440000000000001,0.0,2.5,0.48436135190195645
5.4661114785147165,-0.5779170278729802,0.9440000000000001,0.0,2.5,0.47987616732424754
5.4661114785147165,-0.5679170278729804,1.1103157958542147,0.0,2.5,0.48359975360094365
5.4661114785147165,-0.5579170278729806,1.5538461538461539,0.0,2.5,0.4908958898681195
5.4661114785147165,-0.5479170278729808,1.5538461538461539,0.0,2.5,0.49422709063781906
5.4661114785147165,-0.537917027872981,1.5538461538461539,0.0,2.5,0.5087258174459541
5.4661114785147165,-0.5279170278729812,1.5538461538461539,0.0,2.5,0.5028675251552686
5.4661114785147165,-0.5179170278729814,1.5538461538461539,0.0,2.5,0.45898660174408396
5.4661114785147165,-0.5079170278729817,0.9440000000000001,0.0,2.5,0.4148158241574977
5.4661114785147165,-0.49791702787298187,0.9440000000000001,0.0,2.5,0.40305269796309223
5.4661114785147165,-0.4879170278729821,0.9440000000000001,0.0,2.5,0.4224182369636508
5.4661114785147165,-0.4779170278729823,1.2363017248396022,0.0,2.5,0.4255966445996224
5.4661114785147165,-0.4679170278729825,1.5538461538461539,0.0,2.5,0.42726331126628897
5.4661114785147165,-0.4579170278729827,1.5538461538461539,0.0,2.5,0.42726331126628897
5.4661114785147165,-0.44791702787298293,1.5538461538461539,0.0,2.5,0.42726331126628897
5.4661114785147165,-0.43791702787298314,1.5538461538461539,0.0,2.5,0.42726331126628897
5.4661114785147165,-0.42791702787298336,1.5538461538461539,0.0,2.5,0.4262800978370324
5.4661114785147165,-0.41791702787298357,1.5538461538461539,0.0,2.5,0.4367480089406343
5.476111478514716,-1.6079170278729582,1.5538461538461539,0.0,2.5,0.6557394289452754
5.476111478514716,-1.5979170278729584,1.5538461538461539,0.0,2.5,0.6851755399298236
5.476111478514716,-1.5879170278729586,1.5538461538461539,0.0,2.5,0.6847560469648861
5.476111478514716,-1.5779170278729588,1.5538461538461539,0.0,2.5,0.6751150822360144
5.476111478514716,-1.567917027872959,1.5538461538461539,0.0,2.5,0.6613379512337819
5.476111478514716,-1.5579170278729593,1.5538461538461539,0.0,2.5,0.7068450776670175
5.476111478514716,-1.5479170278729595,1.5538461538461539,0.0,2.5,0.5616731238425423
5.476111478514716,-1.5379170278729597,1.5538461538461539,0.0,2.5,0.590096908979907
5.476111478514716,-1.52791702787296,1.5538461538461539,0.0,2.5,0.5480184494451045
5.476111478514716,-1.5179170278729601,1.5538461538461539,0.0,2.5,0.5502367280897527
5.476111478514716,-1.5079170278729603,2.2883333333333336,0.0,2.5,0.5530810762193498
5.476111478514716,-1.4979170278729605,2.2883333333333336,0.0,2.5,0.5584312126415815
5.476111478514716,-1.4879170278729608,2.5,0.0,2.5,0.625635130637499
5.476111478514716,-1.477917027872961,2.5,0.0,2.5,0.7064190226944775
5.476111478514716,-1.4679170278729612,2.2883333333333336,0.0,2.5,0.7247773881357699
5.476111478514716,-1.4579170278729614,2.5,0.0,2.5,0.7197646111328773
5.476111478514716,-1.4479170278729616,2.5,0.0,2.5,0.73776249379018
5.476111478514716,-1.4379170278729618,2.5,0.0,2.5,0.708675388935747
5.476111478514716,-1.427917027872962,2.5,0.0,2.5,0.7018968770834212
5.476111478514716,-1.4179170278729623,2.2883333333333336,0.0,2.5,0.7226605753401939
5.476111478514716,-1.4079170278729625,2.2883333333333336,0.0,2.5,0.6884726400633907
5.476111478514716,-1.3979170278729627,2.2883333333333336,0.0,2.5,0.6847531846779019
5.476111478514716,-1.387917027872963,2.2883333333333336,0.0,2.5,0.6769125224974076
5.476111478514716,-1.377917027872963,2.2883333333333336,0.0,2.5,0.6173434231407983
5.476111478514716,-1.3679170278729633,2.2883333333333336,0.0,2.5,0.6012424651145241
5.476111478514716,-1.3579170278729635,1.5538461538461539,0.0,2.5,0.5613270686539864
5.476111478514716,-1.3479170278729637,1.5538461538461539,0.0,2.5,0.5765638083558049
5.476111478514716,-1.337917027872964,1.5538461538461539,0.0,2.5,0.5470316679768773
5.476111478514716,-1.3279170278729642,1.5538461538461539,0.0,2.5,0.5549283263085812
5.476111478514716,-1.3179170278729644,1.5538461538461539,0.0,2.5,0.5454661981867599
5.476111478514716,-1.3079170278729646,1.5538461538461539,0.0,2.5,0.5469890533565513
5.476111478514716,-1.2979170278729648,1.5538461538461539,0.0,2.5,0.5391796607528035
5.476111478514716,-1.287917027872965,1.5538461538461539,0.0,2.5,0.5513266891897292
5.476111478514716,-1.2779170278729652,1.5538461538461539,0.0,2.5,0.569867215370194
5.476111478514716,-1.2679170278729655,1.5538461538461539,0.0,2.5,0.5706018415931646
5.476111478514716,-1.2579170278729657,1.5538461538461539,0.0,2.5,0.5488211232770218
5.476111478514716,-1.2479170278729659,1.5538461538461539,0.0,2.5,0.5664296273308753
5.476111478514716,-1.237917027872966,1.5538461538461539,0.0,2.5,0.5975368830385548
5.476111478514716,-1.2279170278729663,2.224293916481987,0.0,2.5,0.6051525530745377
5.476111478514716,-1.2179170278729665,2.199738386667589,0.0,2.5,0.5906879855363417
5.476111478514716,-1.2079170278729667,2.2519000433065024,0.0,2.5,0.5963535404712844
5.476111478514716,-1.197917027872967,2.2340868698064518,0.0,2.5,0.6051130177574988
5.476111478514716,-1.1879170278729672,1.5538461538461539,0.0,2.5,0.5820174581085443
5.476111478514716,-1.1779170278729674,1.5538461538461539,0.0,2.5,0.5202911363199028
5.476111478514716,-1.1679170278729676,1.5538461538461539,0.0,2.5,0.5118641469110752
5.476111478514716,-1.1579170278729678,1.5538461538461539,0.0,2.5,0.5093110256686456
5.476111478514716,-1.147917027872968,1.5538461538461539,0.0,2.5,0.5109776923353122
5.476111478514716,-1.1379170278729682,1.5538461538461539,0.0,2.5,0.5021173552769342
5.476111478514716,-1.1279170278729684,1.5538461538461539,0.0,2.5,0.5029065647513787
5.476111478514716,-1.1179170278729686,1.5538461538461539,0.0,2.5,0.49848666051676777
5.476111478514716,-1.1079170278729689,1.5538461538461539,0.0,2.5,0.4954790038226796
5.476111478514716,-1.097917027872969,1.5538461538461539,0.0,2.5,0.47806342432286414
5.476111478514716,-1.0879170278729693,1.5538461538461539,0.0,2.5,0.49364585490883317
5.476111478514716,-1.0779170278729695,1.5538461538461539,0.0,2.5,0.4937529098610608
5.476111478514716,-1.0679170278729697,1.5538461538461539,0.0,2.5,0.4706705262737944
5.476111478514716,-1.05791702787297,1.5538461538461539,0.0,2.5,0.43190055551461143
5.476111478514716,-1.0479170278729701,0.9440000000000001,0.0,2.5,0.4106245420138615
5.476111478514716,-1.0379170278729704,1.5538461538461539,0.0,2.5,0.42157002253914694
5.476111478514716,-1.0279170278729706,1.5538461538461539,0.0,2.5,0.43058657297334757
5.476111478514716,-1.0179170278729708,1.5538461538461539,0.0,2.5,0.46206018412161265
5.476111478514716,-1.007917027872971,1.5538461538461539,0.0,2.5,0.46214628717666956
5.476111478514716,-0.9979170278729712,1.5538461538461539,0.0,2.5,0.45145676597531453
5.476111478514716,-0.9879170278729714,1.5538461538461539,0.0,2.5,0.4281936276073147
5.476111478514716,-0.9779170278729716,1.5538461538461539,0.0,2.5,0.4174030611530712
5.476111478514716,-0.9679170278729718,1.5538461538461539,0.0,2.5,0.3898082807519943
5.476111478514716,-0.9579170278729721,1.5538461538461539,0.0,2.5,0.38332317934348753
5.476111478514716,-0.9479170278729723,1.5538461538461539,0.0,2.5,0.3927300712990556
5.476111478514716,-0.9379170278729725,1.5538461538461539,0.0,2.5,0.3972348131343587
5.476111478514716,-0.9279170278729727,1.5538461538461539,0.0,2.5,0.39463221750406524
5.476111478514716,-0.9179170278729729,1.5538461538461539,0.0,2.5,0.4098031088534499
5.476111478514716,-0.9079170278729731,1.5538461538461539,0.0,2.5,0.40922391409008885
5.476111478514716,-0.8979170278729733,1.5538461538461539,0.0,2.5,0.42224344199997754
5.476111478514716,-0.8879170278729736,1.5538461538461539,0.0,2.5,0.45920703117392625
5.476111478514716,-0.8779170278729738,1.5538461538461539,0.0,2.5,0.46552018900932574
5.476111478514716,-0.867917027872974,1.5538461538461539,0.0,2.5,0.3680741868657815
5.476111478514716,-0.8579170278729742,1.5538461538461539,0.0,2.5,0.42052848383962965
5.476111478514716,-0.8479170278729744,1.5538461538461539,0.0,2.5,0.4331825725239624
5.476111478514716,-0.8379170278729746,1.5538461538461539,0.0,2.5,0.43626023692305543
5.476111478514716,-0.8279170278729748,1.5538461538461539,0.0,2.5,0.42326869773880527
5.476111478514716,-0.817917027872975,1.5538461538461539,0.0,2.5,0.41014305553169045
5.476111478514716,-0.8079170278729753,1.5538461538461539,0.0,2.5,0.41458282705193455
5.476111478514716,-0.7979170278729755,1.5538461538461539,0.0,2.5,0.43487374274426877
5.476111478514716,-0.7879170278729757,0.9440000000000001,0.0,2.5,0.43267011906366737
5.476111478514716,-0.7779170278729759,0.9440000000000001,0.0,2.5,0.4306268869685469
5.476111478514716,-0.7679170278729761,0.9440000000000001,0.0,2.5,0.4728787048363736
5.476111478514716,-0.7579170278729763,0.9440000000000001,0.0,2.5,0.47245581991688285
5.476111478514716,-0.7479170278729765,0.9440000000000001,0.0,2.5,0.4673273843405715
5.476111478514716,-0.7379170278729767,0.9440000000000001,0.0,2.5,0.4406883359716815
5.476111478514716,-0.727917027872977,0.9440000000000001,0.0,2.5,0.43256495567027287
5.476111478514716,-0.7179170278729772,0.9440000000000001,0.0,2.5,0.42027960511119505
5.476111478514716,-0.7079170278729774,0.9440000000000001,0.0,2.5,0.4255106087529365
5.476111478514716,-0.6979170278729776,0.9440000000000001,0.0,2.5,0.4294417194895212
5.476111478514716,-0.6879170278729778,0.9440000000000001,0.0,2.5,0.45597069413853347
5.476111478514716,-0.677917027872978,0.9440000000000001,0.0,2.5,0.48316062268405535
5.476111478514716,-0.6679170278729782,0.9440000000000001,0.0,2.5,0.5432209563017655
5.476111478514716,-0.6579170278729785,0.9440000000000001,0.0,2.5,0.5725219924769032
5.476111478514716,-0.6479170278729787,0.9440000000000001,0.0,2.5,0.5853202850648821
5.476111478514716,-0.6379170278729789,0.9440000000000001,0.0,2.5,0.5733790849321969
5.476111478514716,-0.6279170278729791,1.5538461538461539,0.0,2.5,0.5982735599667136
5.476111478514716,-0.6179170278729793,0.9440000000000001,0.0,2.5,0.5539194850958536
5.476111478514716,-0.6079170278729795,0.9440000000000001,0.0,2.5,0.5246577300050409
5.476111478514716,-0.5979170278729797,0.9440000000000001,0.0,2.5,0.44474407675945865
5.476111478514716,-0.58791702787298,0.9440000000000001,0.0,2.5,0.4365843388187674
5.476111478514716,-0.5779170278729802,0.9440000000000001,0.0,2.5,0.43725974741682383
5.476111478514716,-0.5679170278729804,0.9440000000000001,0.0,2.5,0.43801857459451926
5.476111478514716,-0.5579170278729806,0.9440000000000001,0.0,2.5,0.4593407323589845
5.476111478514716,-0.5479170278729808,1.5538461538461539,0.0,2.5,0.4609504222063141
5.476111478514716,-0.537917027872981,1.5538461538461539,0.0,2.5,0.48028462254495624
5.476111478514716,-0.5279170278729812,1.5538461538461539,0.0,2.5,0.47444819981232306
5.476111478514716,-0.5179170278729814,1.5538461538461539,0.0,2.5,0.49505235833210187
5.476111478514716,-0.5079170278729817,0.9440000000000001,0.0,2.5,0.414883265184267
5.476111478514716,-0.49791702787298187,0.9440000000000001,0.0,2.5,0.38237160011080884
5.476111478514716,-0.4879170278729821,0.9907059188114585,0.0,2.5,0.42461343117036576
5.476111478514716,-0.4779170278729823,1.4530640598128128,0.0,2.5,0.42726331126628897
5.476111478514716,-0.4679170278729825,1.5538461538461539,0.0,2.5,0.42726331126628897
5.476111478514716,-0.4579170278729827,1.5538461538461539,0.0,2.5,0.42726331126628897
5.476111478514716,-0.44791702787298293,1.5538461538461539,0.0,2.5,0.42726331126628897
5.476111478514716,-0.43791702787298314,1.5538461538461539,0.0,2.5,0.4253107100819304
5.476111478514716,-0.42791702787298336,0.9440000000000001,0.0,2.5,0.38353846583830886
5.476111478514716,-0.41791702787298357,0.9440000000000001,0.0,2.5,0.39422252404705543
5.476111478514716,-0.4079170278729838,0.9440000000000001,0.0,2.5,0.39449924620755134
5.486111478514716,-1.6079170278729582,1.5538461538461539,0.0,2.5,0.6598235212592981
5.486111478514716,-1.5979170278729584,1.5538461538461539,0.0,2.5,0.6646454165173552
5.486111478514716,-1.5879170278729586,1.5538461538461539,0.0,2.5,0.6674931983710137
5.486111478514716,-1.5779170278729588,1.5538461538461539,0.0,2.5,0.6730441093401867
5.486111478514716,-1.567917027872959,1.5538461538461539,0.0,2.5,0.6737747800336243
5.486111478514716,-1.5579170278729593,1.5538461538461539,0.0,2.5,0.7063361733500726
5.486111478514716,-1.5479170278729595,1.5538461538461539,0.0,2.5,0.5825624957920904
5.486111478514716,-1.5379170278729597,1.5538461538461539,0.0,2.5,0.54875652261018
5.486111478514716,-1.52791702787296,1.5538461538461539,0.0,2.5,0.5450037871780756
5.486111478514716,-1.5179170278729601,1.5538461538461539,0.0,2.5,0.5534313532564098
5.486111478514716,-1.5079170278729603,2.2883333333333336,0.0,2.5,0.5461781119920537
5.486111478514716,-1.4979170278729605,2.2883333333333336,0.0,2.5,0.574765414442319
5.486111478514716,-1.4879170278729608,2.5,0.0,2.5,0.6236536047846527
5.486111478514716,-1.477917027872961,2.2883333333333336,0.0,2.5,0.6466352472676453
5.486111478514716,-1.4679170278729612,2.2883333333333336,0.0,2.5,0.6942829911556554
5.486111478514716,-1.4579170278729614,2.5,0.0,2.5,0.7312707167639112
5.486111478514716,-1.4479170278729616,2.5,0.0,2.5,0.7268532483694886
5.486111478514716,-1.4379170278729618,2.5,0.0,2.5,0.7399745535416253
5.486111478514716,-1.427917027872962,2.5,0.0,2.5,0.7216642937936796
5.486111478514716,-1.4179170278729623,2.2883333333333336,0.0,2.5,0.7197775402251245
5.486111478514716,-1.4079170278729625,2.2883333333333336,0.0,2.5,0.6818349663468696
5.486111478514716,-1.3979170278729627,2.2883333333333336,0.0,2.5,0.6932409933424072
5.486111478514716,-1.387917027872963,2.2883333333333336,0.0,2.5,0.6768283334576266
5.486111478514716,-1.377917027872963,2.2883333333333336,0.0,2.5,0.6243891855110606
5.486111478514716,-1.3679170278729633,2.2883333333333336,0.0,2.5,0.6010976160972217
5.486111478514716,-1.3579170278729635,1.5538461538461539,0.0,2.5,0.5619322570961901
5.486111478514716,-1.3479170278729637,1.5538461538461539,0.0,2.5,0.5789442696879651
5.486111478514716,-1.337917027872964,1.5538461538461539,0.0,2.5,0.565063576895022
5.486111478514716,-1.3279170278729642,1.5538461538461539,0.0,2.5,0.5480404528847355
5.486111478514716,-1.3179170278729644,1.5538461538461539,0.0,2.5,0.5501601329562097
5.486111478514716,-1.3079170278729646,1.5538461538461539,0.0,2.5,0.5440794038271692
5.486111478514716,-1.2979170278729648,1.5538461538461539,0.0,2.5,0.5436249115867712
5.486111478514716,-1.287917027872965,1.5538461538461539,0.0,2.5,0.5492829018945482
5.486111478514716,-1.2779170278729652,1.5538461538461539,0.0,2.5,0.5708535206245658
5.486111478514716,-1.2679170278729655,1.5538461538461539,0.0,2.5,0.566574059060761
5.486111478514716,-1.2579170278729657,1.5538461538461539,0.0,2.5,0.5515561025331663
5.486111478514716,-1.2479170278729659,1.5538461538461539,0.0,2.5,0.5723694992647962
5.486111478514716,-1.237917027872966,1.5538461538461539,0.0,2.5,0.598169127176189
5.486111478514716,-1.2279170278729663,1.5538461538461539,0.0,2.5,0.5929909671498699
5.486111478514716,-1.2179170278729665,2.20771883612446,0.0,2.5,0.5916573732914437
5.486111478514716,-1.2079170278729667,2.2825163636930705,0.0,2.5,0.600049469224465
5.486111478514716,-1.197917027872967,2.2126706008846226,0.0,2.5,0.6024707285877866
5.486111478514716,-1.1879170278729672,1.5538461538461539,0.0,2.5,0.5813558016917623
5.486111478514716,-1.1779170278729674,1.5538461538461539,0.0,2.5,0.5826939951442672
5.486111478514716,-1.1679170278729676,1.5538461538461539,0.0,2.5,0.5696527713948674
5.486111478514716,-1.1579170278729678,1.5538461538461539,0.0,2.5,0.5670811560941506
5.486111478514716,-1.147917027872968,1.6266250582748376,0.0,2.5,0.5589948279697242
5.486111478514716,-1.1379170278729682,2.2883333333333336,0.0,2.5,0.5731058993882397
5.486111478514716,-1.1279170278729684,2.2883333333333336,0.0,2.5,0.5735467596032935
5.486111478514716,-1.1179170278729686,2.2883333333333336,0.0,2.5,0.5740391985048671
5.486111478514716,-1.1079170278729689,2.2556927053994924,0.0,2.5,0.5654294877843865
5.486111478514716,-1.097917027872969,1.5538461538461539,0.0,2.5,0.5677205234007937
5.486111478514716,-1.0879170278729693,1.5538461538461539,0.0,2.5,0.54597844993535
5.486111478514716,-1.0779170278729695,1.5538461538461539,0.0,2.5,0.5343361692621771
5.486111478514716,-1.0679170278729697,2.2883333333333336,0.0,2.5,0.5471182377495942
5.486111478514716,-1.05791702787297,1.5538461538461539,0.0,2.5,0.5242015979431455
5.486111478514716,-1.0479170278729701,1.5538461538461539,0.0,2.5,0.47186024464420095
5.486111478514716,-1.0379170278729704,1.5538461538461539,0.0,2.5,0.44984496860047385
5.486111478514716,-1.0279170278729706,2.2883333333333336,0.0,2.5,0.4607656535379369
5.486111478514716,-1.0179170278729708,1.5538461538461539,0.0,2.5,0.4602549636522333
5.486111478514716,-1.007917027872971,1.5538461538461539,0.0,2.5,0.46146283393925946
5.486111478514716,-0.9979170278729712,1.5538461538461539,0.0,2.5,0.4609757188902261
5.486111478514716,-0.9879170278729714,1.5538461538461539,0.0,2.5,0.4446319282506885
5.486111478514716,-0.9779170278729716,1.5538461538461539,0.0,2.5,0.4430400254432248
5.486111478514716,-0.9679170278729718,1.5538461538461539,0.0,2.5,0.41020429292254407
5.486111478514716,-0.9579170278729721,1.5538461538461539,0.0,2.5,0.39220278013312915
5.486111478514716,-0.9479170278729723,1.5538461538461539,0.0,2.5,0.39026563190984553
5.486111478514716,-0.9379170278729725,1.5538461538461539,0.0,2.5,0.3937283226996127
5.486111478514716,-0.9279170278729727,1.5538461538461539,0.0,2.5,0.40400072874269083
5.486111478514716,-0.9179170278729729,1.5538461538461539,0.0,2.5,0.4125898715296108
5.486111478514716,-0.9079170278729731,1.5538461538461539,0.0,2.5,0.41671571910015376
5.486111478514716,-0.8979170278729733,1.5538461538461539,0.0,2.5,0.4387207921189725
5.486111478514716,-0.8879170278729736,1.5538461538461539,0.0,2.5,0.4729670583444008
5.486111478514716,-0.8779170278729738,1.5538461538461539,0.0,2.5,0.47365390847528016
5.486111478514716,-0.867917027872974,1.5538461538461539,0.0,2.5,0.4930673589324959
5.486111478514716,-0.8579170278729742,1.5538461538461539,0.0,2.5,0.38620815668920383
5.486111478514716,-0.8479170278729744,1.5538461538461539,0.0,2.5,0.3984956871287493
5.486111478514716,-0.8379170278729746,1.5538461538461539,0.0,2.5,0.39766151627516066
5.486111478514716,-0.8279170278729748,1.5538461538461539,0.0,2.5,0.3875181693938242
5.486111478514716,-0.817917027872975,1.5538461538461539,0.0,2.5,0.39887583686997413
5.486111478514716,-0.8079170278729753,1.5538461538461539,0.0,2.5,0.40580625139437343
5.486111478514716,-0.7979170278729755,0.9440000000000001,0.0,2.5,0.4382451140305827
5.486111478514716,-0.7879170278729757,0.9440000000000001,0.0,2.5,0.4952142852844247
5.486111478514716,-0.7779170278729759,0.9440000000000001,0.0,2.5,0.5032093616695188
5.486111478514716,-0.7679170278729761,0.9440000000000001,0.0,2.5,0.5356759186989559
5.486111478514716,-0.7579170278729763,0.9440000000000001,0.0,2.5,0.5790535939386282
5.486111478514716,-0.7479170278729765,0.9440000000000001,0.0,2.5,0.6106719618826234
5.486111478514716,-0.7379170278729767,0.9440000000000001,0.0,2.5,0.5654255290873962
5.486111478514716,-0.727917027872977,0.9440000000000001,0.0,2.5,0.4859966919105142
5.486111478514716,-0.7179170278729772,0.9440000000000001,0.0,2.5,0.4767656699819813
5.486111478514716,-0.7079170278729774,0.9218100111373093,0.0,2.5,0.397426343663491
5.486111478514716,-0.6979170278729776,0.9440000000000001,0.0,2.5,0.412185043466639
5.486111478514716,-0.6879170278729778,0.9440000000000001,0.0,2.5,0.42306186690633596
5.486111478514716,-0.677917027872978,0.9440000000000001,0.0,2.5,0.45001868910756115
5.486111478514716,-0.6679170278729782,0.9440000000000001,0.0,2.5,0.5227008463691627
5.486111478514716,-0.6579170278729785,0.9440000000000001,0.0,2.5,0.5710450199065679
5.486111478514716,-0.6479170278729787,0.9440000000000001,0.0,2.5,0.5979656773634773
5.486111478514716,-0.6379170278729789,0.9440000000000001,0.0,2.5,0.5760961395897184
5.486111478514716,-0.6279170278729791,0.9440000000000001,0.0,2.5,0.5747186435532124
5.486111478514716,-0.6179170278729793,0.9440000000000001,0.0,2.5,0.5271046520757104
5.486111478514716,-0.6079170278729795,0.9440000000000001,0.0,2.5,0.4742242017927701
5.486111478514716,-0.5979170278729797,0.9440000000000001,0.0,2.5,0.4219250144390233
5.486111478514716,-0.58791702787298,0.9440000000000001,0.0,2.5,0.40190030654900044
5.486111478514716,-0.5779170278729802,0.9440000000000001,0.0,2.5,0.4178831054526126
5.486111478514716,-0.5679170278729804,0.9440000000000001,0.0,2.5,0.41959961721057004
5.486111478514716,-0.5579170278729806,0.9440000000000001,0.0,2.5,0.3907079233700268
5.486111478514716,-0.5479170278729808,0.9440000000000001,0.0,2.5,0.404147116217791
5.486111478514716,-0.537917027872981,0.9440000000000001,0.0,2.5,0.4169666430986875
5.486111478514716,-0.5279170278729812,0.9440000000000001,0.0,2.5,0.42943441853746817
5.486111478514716,-0.5179170278729814,1.5538461538461539,0.0,2.5,0.4446902082191655
5.486111478514716,-0.5079170278729817,1.5538461538461539,0.0,2.5,0.4489515996424917
5.486111478514716,-0.49791702787298187,0.9440000000000001,0.0,2.5,0.4156230587284666
5.486111478514716,-0.4879170278729821,1.0468821547081033,0.0,2.5,0.42489936568805775
5.486111478514716,-0.4779170278729823,1.4577444385594611,0.0,2.5,0.42726331126628897
5.486111478514716,-0.4679170278729825,1.5538461538461539,0.0,2.5,0.42726331126628897
5.486111478514716,-0.4579170278729827,1.5538461538461539,0.0,2.5,0.4253107100819304
5.486111478514716,-0.44791702787298293,0.9440000000000001,0.0,2.5,0.38353846583830886
5.486111478514716,-0.43791702787298314,0.9440000000000001,0.0,2.5,0.38895041520351803
5.486111478514716,-0.42791702787298336,0.9440000000000001,0.0,2.5,0.38895041520351803
5.486111478514716,-0.41791702787298357,0.9440000000000001,0.0,2.5,0.38991980295862005
5.486111478514716,-0.4079170278729838,0.9440000000000001,0.0,2.5,0.39422252404705543
5.486111478514716,-0.397917027872984,1.1167960731354518,0.0,2.5,0.39283257954088463
5.496111478514716,-1.617917027872958,1.5538461538461539,0.0,2.5,0.6846478942405614
5.496111478514716,-1.6079170278729582,1.5538461538461539,0.0,2.5,0.6710896689795304
5.496111478514716,-1.5979170278729584,1.5538461538461539,0.0,2.5,0.6693732606912044
5.496111478514716,-1.5879170278729586,1.5538461538461539,0.0,2.5,0.6616247383900453
5.496111478514716,-1.5779170278729588,1.5538461538461539,0.0,2.5,0.6557832783595409
5.496111478514716,-1.567917027872959,1.5538461538461539,0.0,2.5,0.6608270089758795
5.496111478514716,-1.5579170278729593,1.5538461538461539,0.0,2.5,0.6789337443680183
5.496111478514716,-1.5479170278729595,1.5538461538461539,0.0,2.5,0.6814487727695082
5.496111478514716,-1.5379170278729597,1.5538461538461539,0.0,2.5,0.538686254136457
5.496111478514716,-1.52791702787296,1.5538461538461539,0.0,2.5,0.5570951952738942
5.496111478514716,-1.5179170278729601,1.5538461538461539,0.0,2.5,0.5488334235038843
5.496111478514716,-1.5079170278729603,2.2883333333333336,0.0,2.5,0.5696411612582404
5.496111478514716,-1.4979170278729605,2.302978223793221,0.0,2.5,0.6184579197755319
5.496111478514716,-1.4879170278729608,2.5,0.0,2.5,0.6271729572448105
5.496111478514716,-1.477917027872961,2.3533612281000393,0.0,2.5,0.6466352472676453
5.496111478514716,-1.4679170278729612,2.2883333333333336,0.0,2.5,0.6980407723787919
5.496111478514716,-1.4579170278729614,2.5,0.0,2.5,0.7228008618832023
5.496111478514716,-1.4479170278729616,2.5,0.0,2.5,0.7112258250070066
5.496111478514716,-1.4379170278729618,2.5,0.0,2.5,0.7221140231199289
5.496111478514716,-1.427917027872962,2.5,0.0,2.5,0.704619238904015
5.496111478514716,-1.4179170278729623,2.2883333333333336,0.0,2.5,0.7155179172250057
5.496111478514716,-1.4079170278729625,2.2883333333333336,0.0,2.5,0.7067188397988676
5.496111478514716,-1.3979170278729627,2.2883333333333336,0.0,2.5,0.6942455354776528
5.496111478514716,-1.387917027872963,2.2883333333333336,0.0,2.5,0.6795344286637592
5.496111478514716,-1.377917027872963,2.2883333333333336,0.0,2.5,0.6478628735732572
5.496111478514716,-1.3679170278729633,2.2883333333333336,0.0,2.5,0.5980760221578543
5.496111478514716,-1.3579170278729635,1.5538461538461539,0.0,2.5,0.5640854763202647
5.496111478514716,-1.3479170278729637,1.8991693516710042,0.0,2.5,0.5816547036232148
5.496111478514716,-1.337917027872964,1.5538461538461539,0.0,2.5,0.5792870731917612
5.496111478514716,-1.3279170278729642,1.5538461538461539,0.0,2.5,0.5449150513865083
5.496111478514716,-1.3179170278729644,1.5538461538461539,0.0,2.5,0.5468686083939752
5.496111478514716,-1.3079170278729646,1.5538461538461539,0.0,2.5,0.5487428612815853
5.496111478514716,-1.2979170278729648,1.5538461538461539,0.0,2.5,0.542884411714829
5.496111478514716,-1.287917027872965,1.5538461538461539,0.0,2.5,0.5518014745254156
5.496111478514716,-1.2779170278729652,1.5538461538461539,0.0,2.5,0.5697916584459058
5.496111478514716,-1.2679170278729655,1.5538461538461539,0.0,2.5,0.5657554821893118
5.496111478514716,-1.2579170278729657,1.5538461538461539,0.0,2.5,0.5601598598670425
5.496111478514716,-1.2479170278729659,1.5538461538461539,0.0,2.5,0.5868584139188818
5.496111478514716,-1.237917027872966,1.5538461538461539,0.0,2.5,0.6102081825803671
5.496111478514716,-1.2279170278729663,1.5538461538461539,0.0,2.5,0.5872296237042155
5.496111478514716,-1.2179170278729665,2.2759188855850803,0.0,2.5,0.5998251463242953
5.496111478514716,-1.2079170278729667,2.2883333333333336,0.0,2.5,0.6047130178615597
5.496111478514716,-1.197917027872967,2.1978916375132087,0.0,2.5,0.6005104887106457
5.496111478514716,-1.1879170278729672,1.5538461538461539,0.0,2.5,0.6065227861152762
5.496111478514716,-1.1779170278729674,1.5538461538461539,0.0,2.5,0.6059747500738416
5.496111478514716,-1.1679170278729676,1.5538461538461539,0.0,2.5,0.5926591984921713
5.496111478514716,-1.1579170278729678,1.5538461538461539,0.0,2.5,0.5878556978136809
5.496111478514716,-1.147917027872968,2.2883333333333336,0.0,2.5,0.5875666620458578
5.496111478514716,-1.1379170278729682,2.2883333333333336,0.0,2.5,0.6020723956100702
5.496111478514716,-1.1279170278729684,2.2883333333333336,0.0,2.5,0.6071593131727941
5.496111478514716,-1.1179170278729686,2.2883333333333336,0.0,2.5,0.5940555047167593
5.496111478514716,-1.1079170278729689,2.2883333333333336,0.0,2.5,0.5872212102889033
5.496111478514716,-1.097917027872969,2.198610778671282,0.0,2.5,0.5900781965646675
5.496111478514716,-1.0879170278729693,1.5538461538461539,0.0,2.5,0.5824901307997378
5.496111478514716,-1.0779170278729695,1.5538461538461539,0.0,2.5,0.54807533100288
5.496111478514716,-1.0679170278729697,2.2883333333333336,0.0,2.5,0.5472579508221388
5.496111478514716,-1.05791702787297,2.2883333333333336,0.0,2.5,0.5672414898928994
5.496111478514716,-1.0479170278729701,2.2883333333333336,0.0,2.5,0.5709821236919793
5.496111478514716,-1.0379170278729704,2.2883333333333336,0.0,2.5,0.5400308255847943
5.496111478514716,-1.0279170278729706,2.2883333333333336,0.0,2.5,0.49204612124189556
5.496111478514716,-1.0179170278729708,1.5538461538461539,0.0,2.5,0.47781525891369464
5.496111478514716,-1.007917027872971,1.5538461538461539,0.0,2.5,0.4601800508558803
5.496111478514716,-0.9979170278729712,1.5538461538461539,0.0,2.5,0.45299445109617276
5.496111478514716,-0.9879170278729714,1.5538461538461539,0.0,2.5,0.44449815345353616
5.496111478514716,-0.9779170278729716,1.5538461538461539,0.0,2.5,0.42750295248869075
5.496111478514716,-0.9679170278729718,1.5538461538461539,0.0,2.5,0.4171669254373558
5.496111478514716,-0.9579170278729721,1.5538461538461539,0.0,2.5,0.41604552499440234
5.496111478514716,-0.9479170278729723,1.5538461538461539,0.0,2.5,0.4116592748884106
5.496111478514716,-0.9379170278729725,1.5538461538461539,0.0,2.5,0.3938837470061475
5.496111478514716,-0.9279170278729727,1.5538461538461539,0.0,2.5,0.40602057367351385
5.496111478514716,-0.9179170278729729,1.5538461538461539,0.0,2.5,0.4055595851834307
5.496111478514716,-0.9079170278729731,1.5538461538461539,0.0,2.5,0.41570956383611934
5.496111478514716,-0.8979170278729733,1.5538461538461539,0.0,2.5,0.44996393211589936
5.496111478514716,-0.8879170278729736,1.5538461538461539,0.0,2.5,0.4818784805427913
5.496111478514716,-0.8779170278729738,1.5538461538461539,0.0,2.5,0.47604719627596287
5.496111478514716,-0.867917027872974,1.5538461538461539,0.0,2.5,0.4939469959189874
5.496111478514716,-0.8579170278729742,1.5538461538461539,0.0,2.5,0.4284141613778098
5.496111478514716,-0.8479170278729744,1.5538461538461539,0.0,2.5,0.4203375451818224
5.496111478514716,-0.8379170278729746,1.5538461538461539,0.0,2.5,0.3976419502946069
5.496111478514716,-0.8279170278729748,1.5538461538461539,0.0,2.5,0.40625691351843574
5.496111478514716,-0.817917027872975,1.5538461538461539,0.0,2.5,0.40557040421035145
5.496111478514716,-0.8079170278729753,1.5538461538461539,0.0,2.5,0.4389311280123248
5.496111478514716,-0.7979170278729755,1.5538461538461539,0.0,2.5,0.4817707894312628
5.496111478514716,-0.7879170278729757,0.9440000000000001,0.0,2.5,0.5169226865315002
5.496111478514716,-0.7779170278729759,0.9440000000000001,0.0,2.5,0.5168913497436768
5.496111478514716,-0.7679170278729761,0.9440000000000001,0.0,2.5,0.5388725079184109
5.496111478514716,-0.7579170278729763,0.9440000000000001,0.0,2.5,0.575006841682106
5.496111478514716,-0.7479170278729765,0.9440000000000001,0.0,2.5,0.5905196846781227
5.496111478514716,-0.7379170278729767,0.9440000000000001,0.0,2.5,0.5601700317463918
5.496111478514716,-0.727917027872977,0.9440000000000001,0.0,2.5,0.5329659086963859
5.496111478514716,-0.7179170278729772,0.9440000000000001,0.0,2.5,0.5169429323411655
5.496111478514716,-0.7079170278729774,0.9440000000000001,0.0,2.5,0.501820932041531
5.496111478514716,-0.6979170278729776,0.9440000000000001,0.0,2.5,0.48755189465870796
5.496111478514716,-0.6879170278729778,0.9440000000000001,0.0,2.5,0.47028543446913723
5.496111478514716,-0.677917027872978,0.9440000000000001,0.0,2.5,0.47876668232918956
5.496111478514716,-0.6679170278729782,0.9440000000000001,0.0,2.5,0.5193033136335736
5.496111478514716,-0.6579170278729785,0.9440000000000001,0.0,2.5,0.5793554273110272
5.496111478514716,-0.6479170278729787,0.9440000000000001,0.0,2.5,0.5735536335486433
5.496111478514716,-0.6379170278729789,0.9440000000000001,0.0,2.5,0.5757191459041686
5.496111478514716,-0.6279170278729791,0.9440000000000001,0.0,2.5,0.542097284243132
5.496111478514716,-0.6179170278729793,0.9440000000000001,0.0,2.5,0.522361844101589
5.496111478514716,-0.6079170278729795,0.9440000000000001,0.0,2.5,0.4541710957949463
5.496111478514716,-0.5979170278729797,0.9440000000000001,0.0,2.5,0.43735518150748465
5.496111478514716,-0.58791702787298,0.9440000000000001,0.0,2.5,0.3966491522454133
5.496111478514716,-0.5779170278729802,0.9440000000000001,0.0,2.5,0.39583897146021524
5.496111478514716,-0.5679170278729804,0.9440000000000001,0.0,2.5,0.40708083744452667
5.496111478514716,-0.5579170278729806,0.9440000000000001,0.0,2.5,0.41087921349944934
5.496111478514716,-0.5479170278729808,0.9440000000000001,0.0,2.5,0.40033669780902575
5.496111478514716,-0.537917027872981,0.9440000000000001,0.0,2.5,0.3832885137015711
5.496111478514716,-0.5279170278729812,0.9440000000000001,0.0,2.5,0.3929418070716776
5.496111478514716,-0.5179170278729814,0.9440000000000001,0.0,2.5,0.40725815916059716
5.496111478514716,-0.5079170278729817,0.9440000000000001,0.0,2.5,0.4197760613602217
5.496111478514716,-0.49791702787298187,1.5538461538461539,0.0,2.5,0.43276552527621087
5.496111478514716,-0.4879170278729821,0.9641440877374434,0.0,2.5,0.4224182369636508
5.496111478514716,-0.4779170278729823,0.9440000000000001,0.0,2.5,0.38353846583830886
5.496111478514716,-0.4679170278729825,0.9440000000000001,0.0,2.5,0.38895041520351803
5.496111478514716,-0.4579170278729827,0.9440000000000001,0.0,2.5,0.38895041520351803
5.496111478514716,-0.44791702787298293,0.9440000000000001,0.0,2.5,0.38895041520351803
5.496111478514716,-0.43791702787298314,0.9440000000000001,0.0,2.5,0.38895041520351803
5.496111478514716,-0.42791702787298336,0.9440000000000001,0.0,2.5,0.38895041520351803
5.496111478514716,-0.41791702787298357,0.9440000000000001,0.0,2.5,0.38991980295862005
5.496111478514716,-0.4079170278729838,0.9440000000000001,0.0,2.5,0.39422252404705543
5.496111478514716,-0.397917027872984,1.2076273475168755,0.0,2.5,0.39478518072524327
5.506111478514716,-1.617917027872958,1.5538461538461539,0.0,2.5,0.6897519865976443
5.506111478514716,-1.6079170278729582,1.5538461538461539,0.0,2.5,0.6606305799269953
5.506111478514716,-1.5979170278729584,1.5538461538461539,0.0,2.5,0.6704621591433935
5.506111478514716,-1.5879170278729586,1.5538461538461539,0.0,2.5,0.6710406765651279
5.506111478514716,-1.5779170278729588,1.5538461538461539,0.0,2.5,0.6591173584579064
5.506111478514716,-1.567917027872959,1.5538461538461539,0.0,2.5,0.654708430372163
5.506111478514716,-1.5579170278729593,1.7530708217323492,0.0,2.5,0.653149672637871
5.506111478514716,-1.5479170278729595,2.2883333333333336,0.0,2.5,0.6965698959727392
5.506111478514716,-1.5379170278729597,1.5538461538461539,0.0,2.5,0.5576753734156283
5.506111478514716,-1.52791702787296,1.5538461538461539,0.0,2.5,0.5485323663237801
5.506111478514716,-1.5179170278729601,1.5538461538461539,0.0,2.5,0.5566938278685135
5.506111478514716,-1.5079170278729603,2.2883333333333336,0.0,2.5,0.5965234249207114
5.506111478514716,-1.4979170278729605,2.5,0.0,2.5,0.625159515057384
5.506111478514716,-1.4879170278729608,2.5,0.0,2.5,0.6464156395197574
5.506111478514716,-1.477917027872961,2.5,0.0,2.5,0.7028956484754354
5.506111478514716,-1.4679170278729612,2.2883333333333336,0.0,2.5,0.706984831945876
5.506111478514716,-1.4579170278729614,2.5,0.0,2.5,0.7086399865030886
5.506111478514716,-1.4479170278729616,2.5,0.0,2.5,0.7182393256678912
5.506111478514716,-1.4379170278729618,2.5,0.0,2.5,0.7272609684236423
5.506111478514716,-1.427917027872962,2.5,0.0,2.5,0.7054795238056889
5.506111478514716,-1.4179170278729623,2.2883333333333336,0.0,2.5,0.7098986788277164
5.506111478514716,-1.4079170278729625,2.2883333333333336,0.0,2.5,0.7132373730951254
5.506111478514716,-1.3979170278729627,2.2883333333333336,0.0,2.5,0.6931932640222708
5.506111478514716,-1.387917027872963,2.2883333333333336,0.0,2.5,0.6753611671865752
5.506111478514716,-1.377917027872963,2.2883333333333336,0.0,2.5,0.6452370654105878
5.506111478514716,-1.3679170278729633,2.2883333333333336,0.0,2.5,0.5956892028915414
5.506111478514716,-1.3579170278729635,1.5538461538461539,0.0,2.5,0.5643069609788165
5.506111478514716,-1.3479170278729637,1.5538461538461539,0.0,2.5,0.5712800338991771
5.506111478514716,-1.337917027872964,1.5538461538461539,0.0,2.5,0.5836715018905789
5.506111478514716,-1.3279170278729642,1.5538461538461539,0.0,2.5,0.5528036638432768
5.506111478514716,-1.3179170278729644,1.5538461538461539,0.0,2.5,0.5450668924101908
5.506111478514716,-1.3079170278729646,1.5538461538461539,0.0,2.5,0.5528803497843323
5.506111478514716,-1.2979170278729648,1.5538461538461539,0.0,2.5,0.5517580183121412
5.506111478514716,-1.287917027872965,1.5538461538461539,0.0,2.5,0.5654377863371994
5.506111478514716,-1.2779170278729652,1.5538461538461539,0.0,2.5,0.5672927003485346
5.506111478514716,-1.2679170278729655,1.5538461538461539,0.0,2.5,0.5687191801932672
5.506111478514716,-1.2579170278729657,1.5538461538461539,0.0,2.5,0.5683247947632776
5.506111478514716,-1.2479170278729659,1.5538461538461539,0.0,2.5,0.5837127192510763
5.506111478514716,-1.237917027872966,1.5538461538461539,0.0,2.5,0.6118314910426492
5.506111478514716,-1.2279170278729663,1.6047233883662688,0.0,2.5,0.5942210240379339
5.506111478514716,-1.2179170278729665,2.2782058468423125,0.0,2.5,0.5999928463156843
5.506111478514716,-1.2079170278729667,2.2883333333333336,0.0,2.5,0.6049885561442383
5.506111478514716,-1.197917027872967,2.2883333333333336,0.0,2.5,0.6140734688699965
5.506111478514716,-1.1879170278729672,1.5538461538461539,0.0,2.5,0.6071636683437371
5.506111478514716,-1.1779170278729674,1.5538461538461539,0.0,2.5,0.6080567330330899
5.506111478514716,-1.1679170278729676,1.5538461538461539,0.0,2.5,0.5908702770226446
5.506111478514716,-1.1579170278729678,1.5538461538461539,0.0,2.5,0.5817565865973989
5.506111478514716,-1.147917027872968,2.2883333333333336,0.0,2.5,0.5834076889254115
5.506111478514716,-1.1379170278729682,2.2883333333333336,0.0,2.5,0.5854186069935743
5.506111478514716,-1.1279170278729684,2.2883333333333336,0.0,2.5,0.5938385200532256
5.506111478514716,-1.1179170278729686,2.2883333333333336,0.0,2.5,0.5849596435050931
5.506111478514716,-1.1079170278729689,2.2883333333333336,0.0,2.5,0.5801292078433341
5.506111478514716,-1.097917027872969,1.5538461538461539,0.0,2.5,0.5706796269094316
5.506111478514716,-1.0879170278729693,1.5538461538461539,0.0,2.5,0.5736765973665039
5.506111478514716,-1.0779170278729695,2.2883333333333336,0.0,2.5,0.5668876722621627
5.506111478514716,-1.0679170278729697,2.2883333333333336,0.0,2.5,0.5341143054047728
5.506111478514716,-1.05791702787297,2.2883333333333336,0.0,2.5,0.5300265917552284
5.506111478514716,-1.0479170278729701,2.2883333333333336,0.0,2.5,0.5756360259496385
5.506111478514716,-1.0379170278729704,2.2883333333333336,0.0,2.5,0.5606133803019285
5.506111478514716,-1.0279170278729706,2.2883333333333336,0.0,2.5,0.5311244014497526
5.506111478514716,-1.0179170278729708,1.5538461538461539,0.0,2.5,0.48255868462639967
5.506111478514716,-1.007917027872971,1.5538461538461539,0.0,2.5,0.4562184002052451
5.506111478514716,-0.9979170278729712,1.5538461538461539,0.0,2.5,0.4508621231855628
5.506111478514716,-0.9879170278729714,1.5538461538461539,0.0,2.5,0.4467594913220168
5.506111478514716,-0.9779170278729716,1.5538461538461539,0.0,2.5,0.4181786246624102
5.506111478514716,-0.9679170278729718,1.5538461538461539,0.0,2.5,0.41724177402674417
5.506111478514716,-0.9579170278729721,1.5538461538461539,0.0,2.5,0.4161260286152413
5.506111478514716,-0.9479170278729723,1.5538461538461539,0.0,2.5,0.41966286952584136
5.506111478514716,-0.9379170278729725,1.5538461538461539,0.0,2.5,0.42512504262889084
5.506111478514716,-0.9279170278729727,1.5538461538461539,0.0,2.5,0.42905795460088825
5.506111478514716,-0.9179170278729729,1.5538461538461539,0.0,2.5,0.42572892662431205
5.506111478514716,-0.9079170278729731,1.5538461538461539,0.0,2.5,0.43753963179693256
5.506111478514716,-0.8979170278729733,1.5538461538461539,0.0,2.5,0.4500979292437964
5.506111478514716,-0.8879170278729736,1.5538461538461539,0.0,2.5,0.480358362139056
5.506111478514716,-0.8779170278729738,1.5538461538461539,0.0,2.5,0.4765593603620167
5.506111478514716,-0.867917027872974,2.187908874774454,0.0,2.5,0.527096827491719
5.506111478514716,-0.8579170278729742,1.5538461538461539,0.0,2.5,0.4866688069714423
5.506111478514716,-0.8479170278729744,1.5538461538461539,0.0,2.5,0.4608640371538464
5.506111478514716,-0.8379170278729746,1.5538461538461539,0.0,2.5,0.46066652644254474
5.506111478514716,-0.8279170278729748,1.5538461538461539,0.0,2.5,0.4442458479748662
5.506111478514716,-0.817917027872975,1.5538461538461539,0.0,2.5,0.43639461842810995
5.506111478514716,-0.8079170278729753,1.5538461538461539,0.0,2.5,0.47338636001780815
5.506111478514716,-0.7979170278729755,1.5538461538461539,0.0,2.5,0.5050683084493267
5.506111478514716,-0.7879170278729757,1.5538461538461539,0.0,2.5,0.5243532615286425
5.506111478514716,-0.7779170278729759,0.9440000000000001,0.0,2.5,0.49877976738886776
5.506111478514716,-0.7679170278729761,0.9440000000000001,0.0,2.5,0.5161574522240847
5.506111478514716,-0.7579170278729763,0.9440000000000001,0.0,2.5,0.5173086603369671
5.506111478514716,-0.7479170278729765,0.9440000000000001,0.0,2.5,0.5257999131402755
5.506111478514716,-0.7379170278729767,0.9440000000000001,0.0,2.5,0.5524645504780659
5.506111478514716,-0.727917027872977,0.9440000000000001,0.0,2.5,0.5450638367039431
5.506111478514716,-0.7179170278729772,0.9440000000000001,0.0,2.5,0.5176476025206228
5.506111478514716,-0.7079170278729774,0.9440000000000001,0.0,2.5,0.5113466608074396
5.506111478514716,-0.6979170278729776,0.9440000000000001,0.0,2.5,0.48207661672837093
5.506111478514716,-0.6879170278729778,0.9440000000000001,0.0,2.5,0.5041409067036927
5.506111478514716,-0.677917027872978,0.9440000000000001,0.0,2.5,0.5557545366736268
5.506111478514716,-0.6679170278729782,0.9440000000000001,0.0,2.5,0.5248870710895785
5.506111478514716,-0.6579170278729785,0.9440000000000001,0.0,2.5,0.6018934623957612
5.506111478514716,-0.6479170278729787,0.9440000000000001,0.0,2.5,0.6085260870484481
5.506111478514716,-0.6379170278729789,0.9440000000000001,0.0,2.5,0.5705497144308789
5.506111478514716,-0.6279170278729791,0.9440000000000001,0.0,2.5,0.49608592606897123
5.506111478514716,-0.6179170278729793,0.9440000000000001,0.0,2.5,0.44291889200227974
5.506111478514716,-0.6079170278729795,0.9440000000000001,0.0,2.5,0.43812382629181146
5.506111478514716,-0.5979170278729797,0.9440000000000001,0.0,2.5,0.41082709550257
5.506111478514716,-0.58791702787298,0.9440000000000001,0.0,2.5,0.37821458120043366
5.506111478514716,-0.5779170278729802,0.9440000000000001,0.0,2.5,0.36767042341898243
5.506111478514716,-0.5679170278729804,0.9440000000000001,0.0,2.5,0.3764984137870164
5.506111478514716,-0.5579170278729806,0.9440000000000001,0.0,2.5,0.3956875977938525
5.506111478514716,-0.5479170278729808,0.9440000000000001,0.0,2.5,0.4004006133459777
5.506111478514716,-0.537917027872981,0.9440000000000001,0.0,2.5,0.3999097881605371
5.506111478514716,-0.5279170278729812,0.9440000000000001,0.0,2.5,0.3933209910426673
5.506111478514716,-0.5179170278729814,0.9440000000000001,0.0,2.5,0.38403942009489783
5.506111478514716,-0.5079170278729817,0.9440000000000001,0.0,2.5,0.38849445591470577
5.506111478514716,-0.49791702787298187,0.9440000000000001,0.0,2.5,0.3698360001271158
5.506111478514716,-0.4879170278729821,0.9440000000000001,0.0,2.5,0.3846476941150826
5.506111478514716,-0.4779170278729823,0.9440000000000001,0.0,2.5,0.38895041520351803
5.506111478514716,-0.4679170278729825,0.9440000000000001,0.0,2.5,0.38895041520351803
5.506111478514716,-0.4579170278729827,0.9440000000000001,0.0,2.5,0.38895041520351803
5.506111478514716,-0.44791702787298293,0.9440000000000001,0.0,2.5,0.38895041520351803
5.506111478514716,-0.43791702787298314,0.9440000000000001,0.0,2.5,0.38895041520351803
5.506111478514716,-0.42791702787298336,0.9440000000000001,0.0,2.5,0.38895041520351803
5.506111478514716,-0.41791702787298357,0.9440000000000001,0.0,2.5,0.38895041520351803
5.506111478514716,-0.4079170278729838,0.9440000000000001,0.0,2.5,0.38991980295862005
5.506111478514716,-0.397917027872984,1.1302871377637063,0.0,2.5,0.39422252404705543
5.506111478514716,-0.3879170278729842,1.470386066205112,0.0,2.5,0.39478518072524327
5.516111478514715,-1.6079170278729582,1.5538461538461539,0.0,2.5,0.6840836982312619
5.516111478514715,-1.5979170278729584,1.5538461538461539,0.0,2.5,0.6652140322651331
5.516111478514715,-1.5879170278729586,1.5538461538461539,0.0,2.5,0.6622868945272838
5.516111478514715,-1.5779170278729588,1.5538461538461539,0.0,2.5,0.6635514542832162
5.516111478514715,-1.567917027872959,1.5538461538461539,0.0,2.5,0.6628508359458488
5.516111478514715,-1.5579170278729593,2.2007135711353287,0.0,2.5,0.6729366144135528
5.516111478514715,-1.5479170278729595,2.2883333333333336,0.0,2.5,0.6879859810528345
5.516111478514715,-1.5379170278729597,1.5538461538461539,0.0,2.5,0.5595626463646
5.516111478514715,-1.52791702787296,1.5538461538461539,0.0,2.5,0.5600320835161475
5.516111478514715,-1.5179170278729601,2.2883333333333336,0.0,2.5,0.5842314773530302
5.516111478514715,-1.5079170278729603,2.2883333333333336,0.0,2.5,0.6302022641895183
5.516111478514715,-1.4979170278729605,2.5,0.0,2.5,0.6440022353104013
5.516111478514715,-1.4879170278729608,2.5,0.0,2.5,0.6718058965175878
5.516111478514715,-1.477917027872961,2.5,0.0,2.5,0.7137082222633302
5.516111478514715,-1.4679170278729612,2.2883333333333336,0.0,2.5,0.7085026580828249
5.516111478514715,-1.4579170278729614,2.5,0.0,2.5,0.715045990833657
5.516111478514715,-1.4479170278729616,2.5,0.0,2.5,0.7136148929081139
5.516111478514715,-1.4379170278729618,2.5,0.0,2.5,0.7197272963815087
5.516111478514715,-1.427917027872962,2.5,0.0,2.5,0.7077005050056847
5.516111478514715,-1.4179170278729623,2.2883333333333336,0.0,2.5,0.7012757088293164
5.516111478514715,-1.4079170278729625,2.2883333333333336,0.0,2.5,0.7194831382418632
5.516111478514715,-1.3979170278729627,2.2883333333333336,0.0,2.5,0.6951163493854483
5.516111478514715,-1.387917027872963,2.2883333333333336,0.0,2.5,0.6892314236000538
5.516111478514715,-1.377917027872963,2.2883333333333336,0.0,2.5,0.6529936563747442
5.516111478514715,-1.3679170278729633,2.2883333333333336,0.0,2.5,0.6016361270699794
5.516111478514715,-1.3579170278729635,2.1823620371494608,0.0,2.5,0.581351062171635
5.516111478514715,-1.3479170278729637,1.5538461538461539,0.0,2.5,0.5736101188498776
5.516111478514715,-1.337917027872964,1.5538461538461539,0.0,2.5,0.5828039057793518
5.516111478514715,-1.3279170278729642,1.5538461538461539,0.0,2.5,0.5670957983755169
5.516111478514715,-1.3179170278729644,1.5538461538461539,0.0,2.5,0.5381583824834383
5.516111478514715,-1.3079170278729646,1.5538461538461539,0.0,2.5,0.5513279642254376
5.516111478514715,-1.2979170278729648,1.5538461538461539,0.0,2.5,0.5473205469434741
5.516111478514715,-1.287917027872965,1.5538461538461539,0.0,2.5,0.5618032289787253
5.516111478514715,-1.2779170278729652,1.5538461538461539,0.0,2.5,0.5708152926220966
5.516111478514715,-1.2679170278729655,1.5538461538461539,0.0,2.5,0.5713973448850489
5.516111478514715,-1.2579170278729657,1.5538461538461539,0.0,2.5,0.5745302802129715
5.516111478514715,-1.2479170278729659,1.5538461538461539,0.0,2.5,0.5819008767151641
5.516111478514715,-1.237917027872966,1.5538461538461539,0.0,2.5,0.5906750857059571
5.516111478514715,-1.2279170278729663,1.7411685139830824,0.0,2.5,0.5948411861361034
5.516111478514715,-1.2179170278729665,2.2618818385157393,0.0,2.5,0.5979751528496873
5.516111478514715,-1.2079170278729667,2.2883333333333336,0.0,2.5,0.6044898501853853
5.516111478514715,-1.197917027872967,2.2412046315208163,0.0,2.5,0.6046776358626069
5.516111478514715,-1.1879170278729672,1.5538461538461539,0.0,2.5,0.6026236421627459
5.516111478514715,-1.1779170278729674,1.5538461538461539,0.0,2.5,0.598634503100956
5.516111478514715,-1.1679170278729676,1.5538461538461539,0.0,2.5,0.5695426267838638
5.516111478514715,-1.1579170278729678,1.5538461538461539,0.0,2.5,0.5662613761238904
5.516111478514715,-1.147917027872968,2.2883333333333336,0.0,2.5,0.5751101128025471
5.516111478514715,-1.1379170278729682,2.2883333333333336,0.0,2.5,0.5773733151438997
5.516111478514715,-1.1279170278729684,2.2883333333333336,0.0,2.5,0.5844886122349986
5.516111478514715,-1.1179170278729686,2.2883333333333336,0.0,2.5,0.5815695496097164
5.516111478514715,-1.1079170278729689,2.269249545264531,0.0,2.5,0.5671746873603217
5.516111478514715,-1.097917027872969,1.5538461538461539,0.0,2.5,0.566192555586999
5.516111478514715,-1.0879170278729693,1.5538461538461539,0.0,2.5,0.5527679295591393
5.516111478514715,-1.0779170278729695,2.2327287591188822,0.0,2.5,0.5426529481600042
5.516111478514715,-1.0679170278729697,2.2883333333333336,0.0,2.5,0.538884414036606
5.516111478514715,-1.05791702787297,2.2883333333333336,0.0,2.5,0.5238013394824074
5.516111478514715,-1.0479170278729701,1.5538461538461539,0.0,2.5,0.518543806075295
5.516111478514715,-1.0379170278729704,2.5,0.0,2.5,0.5758628668039217
5.516111478514715,-1.0279170278729706,2.2883333333333336,0.0,2.5,0.5606731783339264
5.516111478514715,-1.0179170278729708,2.2883333333333336,0.0,2.5,0.5201014117385656
5.516111478514715,-1.007917027872971,1.5538461538461539,0.0,2.5,0.4892278577741689
5.516111478514715,-0.9979170278729712,1.5538461538461539,0.0,2.5,0.4536904748291881
5.516111478514715,-0.9879170278729714,1.5538461538461539,0.0,2.5,0.44305389792642735
5.516111478514715,-0.9779170278729716,1.5538461538461539,0.0,2.5,0.41519934494759353
5.516111478514715,-0.9679170278729718,1.5538461538461539,0.0,2.5,0.4168235337004644
5.516111478514715,-0.9579170278729721,1.5538461538461539,0.0,2.5,0.42083469774234494
5.516111478514715,-0.9479170278729723,1.5538461538461539,0.0,2.5,0.4220407406793392
5.516111478514715,-0.9379170278729725,1.5538461538461539,0.0,2.5,0.43783645420833817
5.516111478514715,-0.9279170278729727,1.5538461538461539,0.0,2.5,0.4356343508613391
5.516111478514715,-0.9179170278729729,1.5538461538461539,0.0,2.5,0.43876189897082146
5.516111478514715,-0.9079170278729731,1.5538461538461539,0.0,2.5,0.454180656731911
5.516111478514715,-0.8979170278729733,1.5538461538461539,0.0,2.5,0.48099359419683047
5.516111478514715,-0.8879170278729736,1.5538461538461539,0.0,2.5,0.48091987584919793
5.516111478514715,-0.8779170278729738,1.5538461538461539,0.0,2.5,0.4730310007841241
5.516111478514715,-0.867917027872974,2.2883333333333336,0.0,2.5,0.5356029858776147
5.516111478514715,-0.8579170278729742,2.2883333333333336,0.0,2.5,0.5816629486284194
5.516111478514715,-0.8479170278729744,1.5538461538461539,0.0,2.5,0.5032844444029877
5.516111478514715,-0.8379170278729746,1.5538461538461539,0.0,2.5,0.5028036457077383
5.516111478514715,-0.8279170278729748,1.5538461538461539,0.0,2.5,0.48919879595177446
5.516111478514715,-0.817917027872975,1.5538461538461539,0.0,2.5,0.4660173667247985
5.516111478514715,-0.8079170278729753,1.5538461538461539,0.0,2.5,0.4580344127673044
5.516111478514715,-0.7979170278729755,1.5538461538461539,0.0,2.5,0.4638309387768753
5.516111478514715,-0.7879170278729757,1.5538461538461539,0.0,2.5,0.4996292481773393
5.516111478514715,-0.7779170278729759,1.5538461538461539,0.0,2.5,0.5446406814298734
5.516111478514715,-0.7679170278729761,1.553744617541751,0.0,2.5,0.5628257863004322
5.516111478514715,-0.7579170278729763,0.9440000000000001,0.0,2.5,0.5549031943102991
5.516111478514715,-0.7479170278729765,0.9440000000000001,0.0,2.5,0.5130269108111136
5.516111478514715,-0.7379170278729767,0.9440000000000001,0.0,2.5,0.5329715427905037
5.516111478514715,-0.727917027872977,0.9440000000000001,0.0,2.5,0.5521338139089147
5.516111478514715,-0.7179170278729772,0.9440000000000001,0.0,2.5,0.5370487927202109
5.516111478514715,-0.7079170278729774,0.9440000000000001,0.0,2.5,0.5326393715139298
5.516111478514715,-0.6979170278729776,0.9440000000000001,0.0,2.5,0.507762454188433
5.516111478514715,-0.6879170278729778,0.9440000000000001,0.0,2.5,0.4756157653997731
5.516111478514715,-0.677917027872978,0.9440000000000001,0.0,2.5,0.5071633276733447
5.516111478514715,-0.6679170278729782,0.9440000000000001,0.0,2.5,0.5705272343021672
5.516111478514715,-0.6579170278729785,0.9440000000000001,0.0,2.5,0.612470901419135
5.516111478514715,-0.6479170278729787,0.9440000000000001,0.0,2.5,0.6219333469029199
5.516111478514715,-0.6379170278729789,0.9440000000000001,0.0,2.5,0.599784260784716
5.516111478514715,-0.6279170278729791,0.9440000000000001,0.0,2.5,0.5234004353389369
5.516111478514715,-0.6179170278729793,0.9440000000000001,0.0,2.5,0.4707232770087983
5.516111478514715,-0.6079170278729795,0.9440000000000001,0.0,2.5,0.42486764934921367
5.516111478514715,-0.5979170278729797,0.9440000000000001,0.0,2.5,0.3932490360823349
5.516111478514715,-0.58791702787298,0.9440000000000001,0.0,2.5,0.41819695965592935
5.516111478514715,-0.5779170278729802,0.9440000000000001,0.0,2.5,0.4007807103455691
5.516111478514715,-0.5679170278729804,0.9440000000000001,0.0,2.5,0.34992360392563604
5.516111478514715,-0.5579170278729806,0.9440000000000001,0.0,2.5,0.36415382772109106
5.516111478514715,-0.5479170278729808,0.9440000000000001,0.0,2.5,0.3651841226474202
5.516111478514715,-0.537917027872981,0.9440000000000001,0.0,2.5,0.3774721411156234
5.516111478514715,-0.5279170278729812,0.9440000000000001,0.0,2.5,0.3902017193209758
5.516111478514715,-0.5179170278729814,0.9440000000000001,0.0,2.5,0.38127288332426235
5.516111478514715,-0.5079170278729817,0.9440000000000001,0.0,2.5,0.40581043924829013
5.516111478514715,-0.49791702787298187,0.9820520866478096,0.0,2.5,0.41844165478258916
5.516111478514715,-0.4879170278729821,0.9440000000000001,0.0,2.5,0.3897510515871037
5.516111478514715,-0.4779170278729823,0.9440000000000001,0.0,2.5,0.3856170818701847
5.516111478514715,-0.4679170278729825,0.9440000000000001,0.0,2.5,0.38895041520351803
5.516111478514715,-0.4579170278729827,0.9440000000000001,0.0,2.5,0.38895041520351803
5.516111478514715,-0.44791702787298293,0.9440000000000001,0.0,2.5,0.38895041520351803
5.516111478514715,-0.43791702787298314,0.9440000000000001,0.0,2.5,0.38895041520351803
5.516111478514715,-0.42791702787298336,0.9440000000000001,0.0,2.5,0.38895041520351803
5.516111478514715,-0.41791702787298357,0.9440000000000001,0.0,2.5,0.38895041520351803
5.516111478514715,-0.4079170278729838,0.9440000000000001,0.0,2.5,0.38895041520351803
5.516111478514715,-0.397917027872984,1.1118584367346342,0.0,2.5,0.39422252404705543
5.516111478514715,-0.3879170278729842,1.2964124469537328,0.0,2.5,0.3927459536260857
5.526111478514715,-1.6079170278729582,2.2883333333333336,0.0,2.5,0.6822989548321722
5.526111478514715,-1.5979170278729584,1.5538461538461539,0.0,2.5,0.6959569927375352
5.526111478514715,-1.5879170278729586,1.5538461538461539,0.0,2.5,0.6802333956129926
5.526111478514715,-1.5779170278729588,1.5538461538461539,0.0,2.5,0.6518029091082466
5.526111478514715,-1.567917027872959,1.5538461538461539,0.0,2.5,0.6611910694393773
5.526111478514715,-1.5579170278729593,1.5538461538461539,0.0,2.5,0.6620309044791881
5.526111478514715,-1.5479170278729595,2.2883333333333336,0.0,2.5,0.6660149813557291
5.526111478514715,-1.5379170278729597,2.2883333333333336,0.0,2.5,0.6931881453650574
5.526111478514715,-1.52791702787296,1.5538461538461539,0.0,2.5,0.6004988786090667
5.526111478514715,-1.5179170278729601,2.2883333333333336,0.0,2.5,0.6289179161975523
5.526111478514715,-1.5079170278729603,2.2883333333333336,0.0,2.5,0.6394043852882996
5.526111478514715,-1.4979170278729605,2.5,0.0,2.5,0.6573639503820419
5.526111478514715,-1.4879170278729608,2.5,0.0,2.5,0.7156486394463124
5.526111478514715,-1.477917027872961,2.5,0.0,2.5,0.7040782626260417
5.526111478514715,-1.4679170278729612,2.2883333333333336,0.0,2.5,0.7063508649598587
5.526111478514715,-1.4579170278729614,2.5,0.0,2.5,0.7182742489677618
5.526111478514715,-1.4479170278729616,2.5,0.0,2.5,0.7057998820413013
5.526111478514715,-1.4379170278729618,2.5,0.0,2.5,0.722911615365166
5.526111478514715,-1.427917027872962,2.5,0.0,2.5,0.7089373074189577
5.526111478514715,-1.4179170278729623,2.2883333333333336,0.0,2.5,0.6964284587342827
5.526111478514715,-1.4079170278729625,2.2883333333333336,0.0,2.5,0.7126685647394003
5.526111478514715,-1.3979170278729627,2.2883333333333336,0.0,2.5,0.714806923626158
5.526111478514715,-1.387917027872963,2.2883333333333336,0.0,2.5,0.6756048474350932
5.526111478514715,-1.377917027872963,2.2883333333333336,0.0,2.5,0.6474099825272351
5.526111478514715,-1.3679170278729633,2.2883333333333336,0.0,2.5,0.6251701878347375
5.526111478514715,-1.3579170278729635,2.183236402106642,0.0,2.5,0.5815203406313482
5.526111478514715,-1.3479170278729637,1.5538461538461539,0.0,2.5,0.5716734941082752
5.526111478514715,-1.337917027872964,1.5538461538461539,0.0,2.5,0.5826798721325706
5.526111478514715,-1.3279170278729642,1.5538461538461539,0.0,2.5,0.5797627034553416
5.526111478514715,-1.3179170278729644,1.5538461538461539,0.0,2.5,0.545593778277461
5.526111478514715,-1.3079170278729646,1.5538461538461539,0.0,2.5,0.5535516456832371
5.526111478514715,-1.2979170278729648,1.5538461538461539,0.0,2.5,0.547152846952085
5.526111478514715,-1.287917027872965,1.5538461538461539,0.0,2.5,0.5639806445435027
5.526111478514715,-1.2779170278729652,1.5538461538461539,0.0,2.5,0.5619528397305552
5.526111478514715,-1.2679170278729655,1.5538461538461539,0.0,2.5,0.5729496981873949
5.526111478514715,-1.2579170278729657,1.5538461538461539,0.0,2.5,0.6048978149567266
5.526111478514715,-1.2479170278729659,1.5538461538461539,0.0,2.5,0.579657343493138
5.526111478514715,-1.237917027872966,1.5538461538461539,0.0,2.5,0.5928336997396844
5.526111478514715,-1.2279170278729663,2.184973876139041,0.0,2.5,0.5999557036806861
5.526111478514715,-1.2179170278729665,2.2732099865938244,0.0,2.5,0.5992635498964894
5.526111478514715,-1.2079170278729667,2.2883333333333336,0.0,2.5,0.6077147554493317
5.526111478514715,-1.197917027872967,2.2093024438233764,0.0,2.5,0.5999623681273047
5.526111478514715,-1.1879170278729672,1.5538461538461539,0.0,2.5,0.5933335406135083
5.526111478514715,-1.1779170278729674,1.5538461538461539,0.0,2.5,0.5876071195139063
5.526111478514715,-1.1679170278729676,1.5538461538461539,0.0,2.5,0.5701031804573294
5.526111478514715,-1.1579170278729678,1.5538461538461539,0.0,2.5,0.5730129868073672
5.526111478514715,-1.147917027872968,2.2883333333333336,0.0,2.5,0.5785586083765977
5.526111478514715,-1.1379170278729682,2.2883333333333336,0.0,2.5,0.5831721868383243
5.526111478514715,-1.1279170278729684,2.2883333333333336,0.0,2.5,0.5808372454213448
5.526111478514715,-1.1179170278729686,2.2883333333333336,0.0,2.5,0.5608853039100833
5.526111478514715,-1.1079170278729689,1.6800712371165192,0.0,2.5,0.552462203464632
5.526111478514715,-1.097917027872969,1.5538461538461539,0.0,2.5,0.560503751054054
5.526111478514715,-1.0879170278729693,1.5538461538461539,0.0,2.5,0.5538571280231173
5.526111478514715,-1.0779170278729695,2.2883333333333336,0.0,2.5,0.5440265099330224
5.526111478514715,-1.0679170278729697,2.2883333333333336,0.0,2.5,0.5400473002846846
5.526111478514715,-1.05791702787297,2.5,0.0,2.5,0.5417947993464316
5.526111478514715,-1.0479170278729701,2.2883333333333336,0.0,2.5,0.5306633105712203
5.526111478514715,-1.0379170278729704,2.5,0.0,2.5,0.5161217650648846
5.526111478514715,-1.0279170278729706,2.2883333333333336,0.0,2.5,0.5446593928647242
5.526111478514715,-1.0179170278729708,2.2883333333333336,0.0,2.5,0.5505035366458806
5.526111478514715,-1.007917027872971,1.5538461538461539,0.0,2.5,0.5062298349205308
5.526111478514715,-0.9979170278729712,1.5538461538461539,0.0,2.5,0.47352069610404857
5.526111478514715,-0.9879170278729714,1.5538461538461539,0.0,2.5,0.46212908136124714
5.526111478514715,-0.9779170278729716,1.5538461538461539,0.0,2.5,0.4249937361561747
5.526111478514715,-0.9679170278729718,1.5538461538461539,0.0,2.5,0.42167529146679306
5.526111478514715,-0.9579170278729721,1.5538461538461539,0.0,2.5,0.4250202356846047
5.526111478514715,-0.9479170278729723,1.5538461538461539,0.0,2.5,0.4355288340232655
5.526111478514715,-0.9379170278729725,1.5538461538461539,0.0,2.5,0.44243842029840236
5.526111478514715,-0.9279170278729727,1.5538461538461539,0.0,2.5,0.43981166288078477
5.526111478514715,-0.9179170278729729,1.5538461538461539,0.0,2.5,0.44467992351675567
5.526111478514715,-0.9079170278729731,1.5538461538461539,0.0,2.5,0.45224269282808394
5.526111478514715,-0.8979170278729733,1.5538461538461539,0.0,2.5,0.488287766720137
5.526111478514715,-0.8879170278729736,1.5538461538461539,0.0,2.5,0.49628601220226604
5.526111478514715,-0.8779170278729738,1.5538461538461539,0.0,2.5,0.48309485719171286
5.526111478514715,-0.867917027872974,2.2883333333333336,0.0,2.5,0.5318728033359011
5.526111478514715,-0.8579170278729742,2.2883333333333336,0.0,2.5,0.5444563246519524
5.526111478514715,-0.8479170278729744,1.5538461538461539,0.0,2.5,0.5347724829937117
5.526111478514715,-0.8379170278729746,1.5538461538461539,0.0,2.5,0.5329356492155067
5.526111478514715,-0.8279170278729748,1.5538461538461539,0.0,2.5,0.5468817666848192
5.526111478514715,-0.817917027872975,1.5538461538461539,0.0,2.5,0.5424527798868011
5.526111478514715,-0.8079170278729753,1.5538461538461539,0.0,2.5,0.5533666926198157
5.526111478514715,-0.7979170278729755,1.5538461538461539,0.0,2.5,0.5518191279211674
5.526111478514715,-0.7879170278729757,1.5538461538461539,0.0,2.5,0.5573548085029106
5.526111478514715,-0.7779170278729759,1.5538461538461539,0.0,2.5,0.5601191307592689
5.526111478514715,-0.7679170278729761,1.5538461538461539,0.0,2.5,0.5886069942613517
5.526111478514715,-0.7579170278729763,1.5538461538461539,0.0,2.5,0.5820831155186218
5.526111478514715,-0.7479170278729765,1.5538461538461539,0.0,2.5,0.5472033746376275
5.526111478514715,-0.7379170278729767,0.9440000000000001,0.0,2.5,0.4756937908285319
5.526111478514715,-0.727917027872977,0.9440000000000001,0.0,2.5,0.5379469035375593
5.526111478514715,-0.7179170278729772,0.9440000000000001,0.0,2.5,0.549862045586644
5.526111478514715,-0.7079170278729774,0.9440000000000001,0.0,2.5,0.5258954198363067
5.526111478514715,-0.6979170278729776,0.9440000000000001,0.0,2.5,0.5092369263621
5.526111478514715,-0.6879170278729778,0.9440000000000001,0.0,2.5,0.49461102612261515
5.526111478514715,-0.677917027872978,0.9440000000000001,0.0,2.5,0.5098262691303814
5.526111478514715,-0.6679170278729782,0.9440000000000001,0.0,2.5,0.5300306187314514
5.526111478514715,-0.6579170278729785,0.9440000000000001,0.0,2.5,0.506753186061978
5.526111478514715,-0.6479170278729787,0.9440000000000001,0.0,2.5,0.5185992632353041
5.526111478514715,-0.6379170278729789,0.9440000000000001,0.0,2.5,0.508373826406771
5.526111478514715,-0.6279170278729791,0.9440000000000001,0.0,2.5,0.5074622222847653
5.526111478514715,-0.6179170278729793,0.9440000000000001,0.0,2.5,0.5017170311397591
5.526111478514715,-0.6079170278729795,1.5538461538461539,0.0,2.5,0.5004796679110083
5.526111478514715,-0.5979170278729797,1.5538461538461539,0.0,2.5,0.49053473522853125
5.526111478514715,-0.58791702787298,1.5538461538461539,0.0,2.5,0.4623954937820276
5.526111478514715,-0.5779170278729802,1.5538461538461539,0.0,2.5,0.4672004150898237
5.526111478514715,-0.5679170278729804,1.5538461538461539,0.0,2.5,0.4325433998071386
5.526111478514715,-0.5579170278729806,0.9440000000000001,0.0,2.5,0.3733786157962252
5.526111478514715,-0.5479170278729808,0.9440000000000001,0.0,2.5,0.3527422070684371
5.526111478514715,-0.537917027872981,0.9440000000000001,0.0,2.5,0.36029280924597934
5.526111478514715,-0.5279170278729812,0.9440000000000001,0.0,2.5,0.37391526398574765
5.526111478514715,-0.5179170278729814,0.9440000000000001,0.0,2.5,0.402461660589254
5.526111478514715,-0.5079170278729817,0.9440000000000001,0.0,2.5,0.40929234379662877
5.526111478514715,-0.49791702787298187,1.5538461538461539,0.0,2.5,0.44636874109541985
5.526111478514715,-0.4879170278729821,0.9440000000000001,0.0,2.5,0.3872335303363636
5.526111478514715,-0.4779170278729823,0.9440000000000001,0.0,2.5,0.3856170818701847
5.526111478514715,-0.4679170278729825,0.9440000000000001,0.0,2.5,0.38895041520351803
5.526111478514715,-0.4579170278729827,0.9440000000000001,0.0,2.5,0.38895041520351803
5.526111478514715,-0.44791702787298293,0.9440000000000001,0.0,2.5,0.38895041520351803
5.526111478514715,-0.43791702787298314,0.9440000000000001,0.0,2.5,0.38895041520351803
5.526111478514715,-0.42791702787298336,0.9440000000000001,0.0,2.5,0.38895041520351803
5.526111478514715,-0.41791702787298357,0.9440000000000001,0.0,2.5,0.38895041520351803
5.526111478514715,-0.4079170278729838,0.9440000000000001,0.0,2.5,0.38895041520351803
5.526111478514715,-0.397917027872984,1.10930690022957,0.0,2.5,0.39422252404705543
5.526111478514715,-0.3879170278729842,1.4125330376145078,0.0,2.5,0.3944126202927524
5.536111478514715,-1.5979170278729584,1.9340955129312607,0.0,2.5,0.700771358083895
5.536111478514715,-1.5879170278729586,1.5538461538461539,0.0,2.5,0.6883330491290567
5.536111478514715,-1.5779170278729588,1.5538461538461539,0.0,2.5,0.6829082955560745
5.536111478514715,-1.567917027872959,1.5538461538461539,0.0,2.5,0.668813170513799
5.536111478514715,-1.5579170278729593,1.5538461538461539,0.0,2.5,0.6519180518094345
5.536111478514715,-1.5479170278729595,2.2883333333333336,0.0,2.5,0.6650368708206694
5.536111478514715,-1.5379170278729597,2.2883333333333336,0.0,2.5,0.6954616211947684
5.536111478514715,-1.52791702787296,2.24972857896974,0.0,2.5,0.6392610204454511
5.536111478514715,-1.5179170278729601,2.2883333333333336,0.0,2.5,0.629912551225737
5.536111478514715,-1.5079170278729603,2.2883333333333336,0.0,2.5,0.6590249024500279
5.536111478514715,-1.4979170278729605,2.5,0.0,2.5,0.7100387080899491
5.536111478514715,-1.4879170278729608,2.5,0.0,2.5,0.7027594491035086
5.536111478514715,-1.477917027872961,2.5,0.0,2.5,0.7096478057668588
5.536111478514715,-1.4679170278729612,2.2883333333333336,0.0,2.5,0.7218788579671718
5.536111478514715,-1.4579170278729614,2.5,0.0,2.5,0.6889978665061679
5.536111478514715,-1.4479170278729616,2.5,0.0,2.5,0.693382017594608
5.536111478514715,-1.4379170278729618,2.5,0.0,2.5,0.7118761175494671
5.536111478514715,-1.427917027872962,2.5,0.0,2.5,0.697008621292815
5.536111478514715,-1.4179170278729623,2.2883333333333336,0.0,2.5,0.7059559298105652
5.536111478514715,-1.4079170278729625,2.2883333333333336,0.0,2.5,0.7168260789040216
5.536111478514715,-1.3979170278729627,2.2883333333333336,0.0,2.5,0.7267417588292723
5.536111478514715,-1.387917027872963,2.2883333333333336,0.0,2.5,0.6774851072395938
5.536111478514715,-1.377917027872963,2.2883333333333336,0.0,2.5,0.6531774054245775
5.536111478514715,-1.3679170278729633,2.2883333333333336,0.0,2.5,0.618012406085089
5.536111478514715,-1.3579170278729635,2.196829293030831,0.0,2.5,0.5830614853499696
5.536111478514715,-1.3479170278729637,1.5538461538461539,0.0,2.5,0.5767715636370503
5.536111478514715,-1.337917027872964,1.5538461538461539,0.0,2.5,0.580470246677071
5.536111478514715,-1.3279170278729642,1.5538461538461539,0.0,2.5,0.5731555182864605
5.536111478514715,-1.3179170278729644,1.5538461538461539,0.0,2.5,0.5513648380571916
5.536111478514715,-1.3079170278729646,1.5538461538461539,0.0,2.5,0.5521709135342623
5.536111478514715,-1.2979170278729648,1.5538461538461539,0.0,2.5,0.5646953264900526
5.536111478514715,-1.287917027872965,1.5538461538461539,0.0,2.5,0.5617336112644286
5.536111478514715,-1.2779170278729652,1.5538461538461539,0.0,2.5,0.5640872083084202
5.536111478514715,-1.2679170278729655,1.5538461538461539,0.0,2.5,0.589466327522586
5.536111478514715,-1.2579170278729657,1.5538461538461539,0.0,2.5,0.6091184895438827
5.536111478514715,-1.2479170278729659,1.5538461538461539,0.0,2.5,0.5758684593700868
5.536111478514715,-1.237917027872966,1.5538461538461539,0.0,2.5,0.5845221950887362
5.536111478514715,-1.2279170278729663,1.5538461538461539,0.0,2.5,0.5893569625030476
5.536111478514715,-1.2179170278729665,2.192986979954382,0.0,2.5,0.5894369571045374
5.536111478514715,-1.2079170278729667,2.2391178047940503,0.0,2.5,0.5943376328663632
5.536111478514715,-1.197917027872967,1.5538461538461539,0.0,2.5,0.5851047243917396
5.536111478514715,-1.1879170278729672,1.5538461538461539,0.0,2.5,0.5813615050048031
5.536111478514715,-1.1779170278729674,1.5538461538461539,0.0,2.5,0.5692933074125878
5.536111478514715,-1.1679170278729676,1.5538461538461539,0.0,2.5,0.5563792629217509
5.536111478514715,-1.1579170278729678,1.5538461538461539,0.0,2.5,0.5615552533408409
5.536111478514715,-1.147917027872968,2.2883333333333336,0.0,2.5,0.5618556555839923
5.536111478514715,-1.1379170278729682,2.2883333333333336,0.0,2.5,0.5598015307640811
5.536111478514715,-1.1279170278729684,2.2883333333333336,0.0,2.5,0.5278018982657307
5.536111478514715,-1.1179170278729686,1.5538461538461539,0.0,2.5,0.5201648631227033
5.536111478514715,-1.1079170278729689,1.5538461538461539,0.0,2.5,0.5355544268059083
5.536111478514715,-1.097917027872969,1.5538461538461539,0.0,2.5,0.5328880864562513
5.536111478514715,-1.0879170278729693,1.5538461538461539,0.0,2.5,0.5344528272624319
5.536111478514715,-1.0779170278729695,2.2883333333333336,0.0,2.5,0.541077432610183
5.536111478514715,-1.0679170278729697,2.2883333333333336,0.0,2.5,0.539322996074095
5.536111478514715,-1.05791702787297,2.5,0.0,2.5,0.5314384479501199
5.536111478514715,-1.0479170278729701,2.2883333333333336,0.0,2.5,0.5307510460343998
5.536111478514715,-1.0379170278729704,2.5,0.0,2.5,0.5225073585651515
5.536111478514715,-1.0279170278729706,2.2883333333333336,0.0,2.5,0.5069400740822556
5.536111478514715,-1.0179170278729708,2.2883333333333336,0.0,2.5,0.5455719564991928
5.536111478514715,-1.007917027872971,1.5538461538461539,0.0,2.5,0.5079743440465037
5.536111478514715,-0.9979170278729712,1.5538461538461539,0.0,2.5,0.494077083792094
5.536111478514715,-0.9879170278729714,1.5538461538461539,0.0,2.5,0.47165189519050055
5.536111478514715,-0.9779170278729716,1.5538461538461539,0.0,2.5,0.44648595031068455
5.536111478514715,-0.9679170278729718,1.5538461538461539,0.0,2.5,0.43723301075042703
5.536111478514715,-0.9579170278729721,1.5538461538461539,0.0,2.5,0.4413807953589534
5.536111478514715,-0.9479170278729723,1.5538461538461539,0.0,2.5,0.44839601800653595
5.536111478514715,-0.9379170278729725,1.5538461538461539,0.0,2.5,0.444039648655847
5.536111478514715,-0.9279170278729727,1.5538461538461539,0.0,2.5,0.4513516256964478
5.536111478514715,-0.9179170278729729,1.5538461538461539,0.0,2.5,0.44967983470600464
5.536111478514715,-0.9079170278729731,1.5538461538461539,0.0,2.5,0.4588860671002913
5.536111478514715,-0.8979170278729733,1.5538461538461539,0.0,2.5,0.49719353877274536
5.536111478514715,-0.8879170278729736,1.5538461538461539,0.0,2.5,0.48881425989220656
5.536111478514715,-0.8779170278729738,1.5538461538461539,0.0,2.5,0.5265598431534294
5.536111478514715,-0.867917027872974,2.2883333333333336,0.0,2.5,0.5328803415315584
5.536111478514715,-0.8579170278729742,2.2883333333333336,0.0,2.5,0.5554163436224469
5.536111478514715,-0.8479170278729744,2.2883333333333336,0.0,2.5,0.5598514596644012
5.536111478514715,-0.8379170278729746,1.5538461538461539,0.0,2.5,0.5313264308815598
5.536111478514715,-0.8279170278729748,1.5538461538461539,0.0,2.5,0.5310604389425493
5.536111478514715,-0.817917027872975,1.5538461538461539,0.0,2.5,0.5578514614533344
5.536111478514715,-0.8079170278729753,1.5538461538461539,0.0,2.5,0.581616136077788
5.536111478514715,-0.7979170278729755,1.5538461538461539,0.0,2.5,0.5823858605251228
5.536111478514715,-0.7879170278729757,1.5538461538461539,0.0,2.5,0.5781333381242247
5.536111478514715,-0.7779170278729759,1.5538461538461539,0.0,2.5,0.590858844869209
5.536111478514715,-0.7679170278729761,1.5538461538461539,0.0,2.5,0.5914133549836248
5.536111478514715,-0.7579170278729763,1.5538461538461539,0.0,2.5,0.5928649469297199
5.536111478514715,-0.7479170278729765,1.5538461538461539,0.0,2.5,0.5662809089839239
5.536111478514715,-0.7379170278729767,0.9440000000000001,0.0,2.5,0.48845314440753396
5.536111478514715,-0.727917027872977,0.9440000000000001,0.0,2.5,0.4942196944728325
5.536111478514715,-0.7179170278729772,0.9440000000000001,0.0,2.5,0.5603279941693612
5.536111478514715,-0.7079170278729774,0.9440000000000001,0.0,2.5,0.5289127167643367
5.536111478514715,-0.6979170278729776,0.9440000000000001,0.0,2.5,0.5142804155469203
5.536111478514715,-0.6879170278729778,0.9440000000000001,0.0,2.5,0.4897143250043709
5.536111478514715,-0.677917027872978,0.9440000000000001,0.0,2.5,0.49782035993033813
5.536111478514715,-0.6679170278729782,0.9440000000000001,0.0,2.5,0.46739963381567196
5.536111478514715,-0.6579170278729785,0.9440000000000001,0.0,2.5,0.4857594595387166
5.536111478514715,-0.6479170278729787,0.9440000000000001,0.0,2.5,0.487012234092996
5.536111478514715,-0.6379170278729789,0.9440000000000001,0.0,2.5,0.48644312749601576
5.536111478514715,-0.6279170278729791,0.9440000000000001,0.0,2.5,0.487742069770082
5.536111478514715,-0.6179170278729793,0.9440000000000001,0.0,2.5,0.48868473601569035
5.536111478514715,-0.6079170278729795,1.5538461538461539,0.0,2.5,0.46515752343456956
5.536111478514715,-0.5979170278729797,1.5538461538461539,0.0,2.5,0.46288702730302095
5.536111478514715,-0.58791702787298,1.5538461538461539,0.0,2.5,0.5053843147091284
5.536111478514715,-0.5779170278729802,1.5538461538461539,0.0,2.5,0.5122199350216273
5.536111478514715,-0.5679170278729804,1.5538461538461539,0.0,2.5,0.49105910502528644
5.536111478514715,-0.5579170278729806,1.5538461538461539,0.0,2.5,0.4757068169945603
5.536111478514715,-0.5479170278729808,1.5538461538461539,0.0,2.5,0.4579602872041867
5.536111478514715,-0.537917027872981,0.9440000000000001,0.0,2.5,0.38743742452893354
5.536111478514715,-0.5279170278729812,0.9440000000000001,0.0,2.5,0.37369614640463755
5.536111478514715,-0.5179170278729814,0.9440000000000001,0.0,2.5,0.3759600870264737
5.536111478514715,-0.5079170278729817,0.9440000000000001,0.0,2.5,0.39393765762996186
5.536111478514715,-0.49791702787298187,1.1085904579131496,0.0,2.5,0.41343781747794284
5.536111478514715,-0.4879170278729821,0.9440000000000001,0.0,2.5,0.3808839499628629
5.536111478514715,-0.4779170278729823,0.9440000000000001,0.0,2.5,0.3893912754185718
5.536111478514715,-0.4679170278729825,0.9440000000000001,0.0,2.5,0.38895041520351803
5.536111478514715,-0.4579170278729827,0.9440000000000001,0.0,2.5,0.38895041520351803
5.536111478514715,-0.44791702787298293,0.9440000000000001,0.0,2.5,0.38895041520351803
5.536111478514715,-0.43791702787298314,0.9440000000000001,0.0,2.5,0.38895041520351803
5.536111478514715,-0.42791702787298336,0.9440000000000001,0.0,2.5,0.38895041520351803
5.536111478514715,-0.41791702787298357,0.9440000000000001,0.0,2.5,0.38895041520351803
5.536111478514715,-0.4079170278729838,0.9440000000000001,0.0,2.5,0.38895041520351803
5.536111478514715,-0.397917027872984,1.0493481356879737,0.0,2.5,0.3932531362919534
5.536111478514715,-0.3879170278729842,1.1234720216931076,0.0,2.5,0.3904219722171827
5.546111478514715,-1.5979170278729584,2.2645975987628146,0.0,2.5,0.710496293050287
5.546111478514715,-1.5879170278729586,1.5538461538461539,0.0,2.5,0.7067930403935463
5.546111478514715,-1.5779170278729588,1.5538461538461539,0.0,2.5,0.7035298547338117
5.546111478514715,-1.567917027872959,1.5538461538461539,0.0,2.5,0.6817505159338537
5.546111478514715,-1.5579170278729593,1.9964535175580889,0.0,2.5,0.6781663954618904
5.546111478514715,-1.5479170278729595,2.2883333333333336,0.0,2.5,0.6686655629860356
5.546111478514715,-1.5379170278729597,2.2883333333333336,0.0,2.5,0.6999084157447995
5.546111478514715,-1.52791702787296,2.2883333333333336,0.0,2.5,0.7195703439997222
5.546111478514715,-1.5179170278729601,2.2883333333333336,0.0,2.5,0.6832761719610994
5.546111478514715,-1.5079170278729603,2.5,0.0,2.5,0.703282595696648
5.546111478514715,-1.4979170278729605,2.5,0.0,2.5,0.7102534336859403
5.546111478514715,-1.4879170278729608,2.5,0.0,2.5,0.700783219361502
5.546111478514715,-1.477917027872961,2.5,0.0,2.5,0.7223221096172742
5.546111478514715,-1.4679170278729612,2.2883333333333336,0.0,2.5,0.7040644315252097
5.546111478514715,-1.4579170278729614,2.5,0.0,2.5,0.6765421827695586
5.546111478514715,-1.4479170278729616,2.5,0.0,2.5,0.7052013320921708
5.546111478514715,-1.4379170278729618,2.5,0.0,2.5,0.709302404131642
5.546111478514715,-1.427917027872962,2.5,0.0,2.5,0.7134790709552052
5.546111478514715,-1.4179170278729623,2.2883333333333336,0.0,2.5,0.7178454563597106
5.546111478514715,-1.4079170278729625,2.2883333333333336,0.0,2.5,0.7141826384916032
5.546111478514715,-1.3979170278729627,2.2883333333333336,0.0,2.5,0.7224167133951429
5.546111478514715,-1.387917027872963,2.2883333333333336,0.0,2.5,0.6888334479874999
5.546111478514715,-1.377917027872963,2.2883333333333336,0.0,2.5,0.6557269811748297
5.546111478514715,-1.3679170278729633,2.2883333333333336,0.0,2.5,0.6215718925314817
5.546111478514715,-1.3579170278729635,2.2883333333333336,0.0,2.5,0.6063601692238592
5.546111478514715,-1.3479170278729637,1.5538461538461539,0.0,2.5,0.5755963941587051
5.546111478514715,-1.337917027872964,1.5538461538461539,0.0,2.5,0.5772788176420813
5.546111478514715,-1.3279170278729642,1.5538461538461539,0.0,2.5,0.5732308478693646
5.546111478514715,-1.3179170278729644,1.5538461538461539,0.0,2.5,0.571516744226932
5.546111478514715,-1.3079170278729646,1.5538461538461539,0.0,2.5,0.5679575850475532
5.546111478514715,-1.2979170278729648,1.5538461538461539,0.0,2.5,0.5613979702567541
5.546111478514715,-1.287917027872965,1.5538461538461539,0.0,2.5,0.5622646062101774
5.546111478514715,-1.2779170278729652,1.5538461538461539,0.0,2.5,0.5631027636538409
5.546111478514715,-1.2679170278729655,1.5538461538461539,0.0,2.5,0.5911172225750768
5.546111478514715,-1.2579170278729657,1.5538461538461539,0.0,2.5,0.6058493332189805
5.546111478514715,-1.2479170278729659,1.5538461538461539,0.0,2.5,0.5726844329874007
5.546111478514715,-1.237917027872966,1.5538461538461539,0.0,2.5,0.5687666021584368
5.546111478514715,-1.2279170278729663,1.5538461538461539,0.0,2.5,0.5655000555718321
5.546111478514715,-1.2179170278729665,1.5538461538461539,0.0,2.5,0.5678791561357577
5.546111478514715,-1.2079170278729667,1.5538461538461539,0.0,2.5,0.5725598743888004
5.546111478514715,-1.197917027872967,1.5538461538461539,0.0,2.5,0.5711176700210981
5.546111478514715,-1.1879170278729672,1.5538461538461539,0.0,2.5,0.5607232409214857
5.546111478514715,-1.1779170278729674,1.5538461538461539,0.0,2.5,0.5507164320640676
5.546111478514715,-1.1679170278729676,1.5538461538461539,0.0,2.5,0.5412200784930418
5.546111478514715,-1.1579170278729678,1.5538461538461539,0.0,2.5,0.5440447701019637
5.546111478514715,-1.147917027872968,2.176168807605425,0.0,2.5,0.5401792908324994
5.546111478514715,-1.1379170278729682,2.2883333333333336,0.0,2.5,0.5384136077215868
5.546111478514715,-1.1279170278729684,2.2883333333333336,0.0,2.5,0.5206552318399285
5.546111478514715,-1.1179170278729686,1.5538461538461539,0.0,2.5,0.5120924841457162
5.546111478514715,-1.1079170278729689,1.5538461538461539,0.0,2.5,0.5014506805457127
5.546111478514715,-1.097917027872969,1.5538461538461539,0.0,2.5,0.5311704293291862
5.546111478514715,-1.0879170278729693,1.5538461538461539,0.0,2.5,0.5321892899964411
5.546111478514715,-1.0779170278729695,2.2883333333333336,0.0,2.5,0.5342397885183535
5.546111478514715,-1.0679170278729697,2.2883333333333336,0.0,2.5,0.5434255434163742
5.546111478514715,-1.05791702787297,2.5,0.0,2.5,0.5369756212464113
5.546111478514715,-1.0479170278729701,2.2883333333333336,0.0,2.5,0.530491395832051
5.546111478514715,-1.0379170278729704,2.5,0.0,2.5,0.5243191393844089
5.546111478514715,-1.0279170278729706,2.2883333333333336,0.0,2.5,0.5220006950112681
5.546111478514715,-1.0179170278729708,2.2056584873626983,0.0,2.5,0.5030626280705321
5.546111478514715,-1.007917027872971,1.5538461538461539,0.0,2.5,0.5315617199024096
5.546111478514715,-0.9979170278729712,1.5538461538461539,0.0,2.5,0.4923049261367533
5.546111478514715,-0.9879170278729714,1.5538461538461539,0.0,2.5,0.4765514232251338
5.546111478514715,-0.9779170278729716,1.5538461538461539,0.0,2.5,0.46088918951990887
5.546111478514715,-0.9679170278729718,1.5538461538461539,0.0,2.5,0.43005622961971235
5.546111478514715,-0.9579170278729721,1.5538461538461539,0.0,2.5,0.4454365063017503
5.546111478514715,-0.9479170278729723,1.5538461538461539,0.0,2.5,0.45906583077769353
5.546111478514715,-0.9379170278729725,1.5538461538461539,0.0,2.5,0.4634106196256202
5.546111478514715,-0.9279170278729727,1.5538461538461539,0.0,2.5,0.46398746982056877
5.546111478514715,-0.9179170278729729,1.5538461538461539,0.0,2.5,0.45858813715417207
5.546111478514715,-0.9079170278729731,1.5538461538461539,0.0,2.5,0.47228162957230924
5.546111478514715,-0.8979170278729733,1.5538461538461539,0.0,2.5,0.49892658746928437
5.546111478514715,-0.8879170278729736,1.5538461538461539,0.0,2.5,0.48332896645863277
5.546111478514715,-0.8779170278729738,1.5538461538461539,0.0,2.5,0.5341279515987811
5.546111478514715,-0.867917027872974,2.2883333333333336,0.0,2.5,0.5152771054686516
5.546111478514715,-0.8579170278729742,2.2883333333333336,0.0,2.5,0.5390756586400492
5.546111478514715,-0.8479170278729744,2.2883333333333336,0.0,2.5,0.5661997057171254
5.546111478514715,-0.8379170278729746,1.5538461538461539,0.0,2.5,0.5730856242920245
5.546111478514715,-0.8279170278729748,1.5538461538461539,0.0,2.5,0.5249761000138697
5.546111478514715,-0.817917027872975,1.5538461538461539,0.0,2.5,0.5466217183951886
5.546111478514715,-0.8079170278729753,1.5538461538461539,0.0,2.5,0.5710855285875156
5.546111478514715,-0.7979170278729755,1.5538461538461539,0.0,2.5,0.5831244832492078
5.546111478514715,-0.7879170278729757,1.5538461538461539,0.0,2.5,0.5940301565913925
5.546111478514715,-0.7779170278729759,1.5538461538461539,0.0,2.5,0.6011698059885802
5.546111478514715,-0.7679170278729761,1.5538461538461539,0.0,2.5,0.6081590645043682
5.546111478514715,-0.7579170278729763,1.5538461538461539,0.0,2.5,0.5904580053332942
5.546111478514715,-0.7479170278729765,1.5538461538461539,0.0,2.5,0.5818522773300853
5.546111478514715,-0.7379170278729767,1.5538461538461539,0.0,2.5,0.5265315207773819
5.546111478514715,-0.727917027872977,0.9440000000000001,0.0,2.5,0.48171451416496913
5.546111478514715,-0.7179170278729772,0.9440000000000001,0.0,2.5,0.5481919639656163
5.546111478514715,-0.7079170278729774,0.9440000000000001,0.0,2.5,0.5258782176522575
5.546111478514715,-0.6979170278729776,0.9440000000000001,0.0,2.5,0.5243486933260897
5.546111478514715,-0.6879170278729778,0.9440000000000001,0.0,2.5,0.5131485364416748
5.546111478514715,-0.677917027872978,0.9440000000000001,0.0,2.5,0.44930787137448847
5.546111478514715,-0.6679170278729782,0.9440000000000001,0.0,2.5,0.414160594349969
5.546111478514715,-0.6579170278729785,0.9440000000000001,0.0,2.5,0.4259898854452704
5.546111478514715,-0.6479170278729787,0.9440000000000001,0.0,2.5,0.4612426058856763
5.546111478514715,-0.6379170278729789,0.9440000000000001,0.0,2.5,0.5113853150104563
5.546111478514715,-0.6279170278729791,0.9440000000000001,0.0,2.5,0.513253836894995
5.546111478514715,-0.6179170278729793,1.438408266474008,0.0,2.5,0.5127231193855487
5.546111478514715,-0.6079170278729795,1.5538461538461539,0.0,2.5,0.506832440339975
5.546111478514715,-0.5979170278729797,1.5538461538461539,0.0,2.5,0.5051740744791637
5.546111478514715,-0.58791702787298,1.5538461538461539,0.0,2.5,0.5143265045338701
5.546111478514715,-0.5779170278729802,1.5538461538461539,0.0,2.5,0.517619249742659
5.546111478514715,-0.5679170278729804,1.5538461538461539,0.0,2.5,0.5053242680476164
5.546111478514715,-0.5579170278729806,1.5538461538461539,0.0,2.5,0.5195238814081122
5.546111478514715,-0.5479170278729808,1.5538461538461539,0.0,2.5,0.4909545018610104
5.546111478514715,-0.537917027872981,1.5538461538461539,0.0,2.5,0.446435032720564
5.546111478514715,-0.5279170278729812,1.5538461538461539,0.0,2.5,0.43645177993249185
5.546111478514715,-0.5179170278729814,0.9440000000000001,0.0,2.5,0.39882662978379346
5.546111478514715,-0.5079170278729817,0.9440000000000001,0.0,2.5,0.4126122249448999
5.546111478514715,-0.49791702787298187,0.9440000000000001,0.0,2.5,0.41871901959557345
5.546111478514715,-0.4879170278729821,0.9440000000000001,0.0,2.5,0.3827040839866217
5.546111478514715,-0.4779170278729823,0.9440000000000001,0.0,2.5,0.3877246087519051
5.546111478514715,-0.4679170278729825,0.9440000000000001,0.0,2.5,0.38895041520351803
5.546111478514715,-0.4579170278729827,0.9440000000000001,0.0,2.5,0.38895041520351803
5.546111478514715,-0.44791702787298293,0.9440000000000001,0.0,2.5,0.38895041520351803
5.546111478514715,-0.43791702787298314,0.9440000000000001,0.0,2.5,0.38895041520351803
5.546111478514715,-0.42791702787298336,0.9440000000000001,0.0,2.5,0.38895041520351803
5.546111478514715,-0.41791702787298357,0.9440000000000001,0.0,2.5,0.38895041520351803
5.546111478514715,-0.4079170278729838,0.9440000000000001,0.0,2.5,0.38895041520351803
5.546111478514715,-0.397917027872984,0.9440000000000001,0.0,2.5,0.3894789427435663
5.546111478514715,-0.3879170278729842,1.0705882106375284,0.0,2.5,0.3894395085501967
5.5561114785147145,-1.5879170278729586,1.5538461538461539,0.0,2.5,0.7044325208509825
5.5561114785147145,-1.5779170278729588,1.5538461538461539,0.0,2.5,0.7151484263391368
5.5561114785147145,-1.567917027872959,1.5538461538461539,0.0,2.5,0.704275651298082
5.5561114785147145,-1.5579170278729593,2.2883333333333336,0.0,2.5,0.701867903879237
5.5561114785147145,-1.5479170278729595,2.2883333333333336,0.0,2.5,0.686071980992684
5.5561114785147145,-1.5379170278729597,2.2883333333333336,0.0,2.5,0.6814770594456663
5.5561114785147145,-1.52791702787296,2.2883333333333336,0.0,2.5,0.7032136964316619
5.5561114785147145,-1.5179170278729601,2.2883333333333336,0.0,2.5,0.6992640926165432
5.5561114785147145,-1.5079170278729603,2.5,0.0,2.5,0.7098575566390003
5.5561114785147145,-1.4979170278729605,2.5,0.0,2.5,0.6999482777067703
5.5561114785147145,-1.4879170278729608,2.5,0.0,2.5,0.7213968131197783
5.5561114785147145,-1.477917027872961,2.5,0.0,2.5,0.7120186962581888
5.5561114785147145,-1.4679170278729612,2.2883333333333336,0.0,2.5,0.6735472966396668
5.5561114785147145,-1.4579170278729614,2.5,0.0,2.5,0.6908694332898518
5.5561114785147145,-1.4479170278729616,2.5,0.0,2.5,0.7076392144608415
5.5561114785147145,-1.4379170278729618,2.5,0.0,2.5,0.6895261458258732
5.5561114785147145,-1.427917027872962,2.5,0.0,2.5,0.7110933891089946
5.5561114785147145,-1.4179170278729623,2.2883333333333336,0.0,2.5,0.7161450913465833
5.5561114785147145,-1.4079170278729625,2.2883333333333336,0.0,2.5,0.7230535313806149
5.5561114785147145,-1.3979170278729627,2.2883333333333336,0.0,2.5,0.7149751564284004
5.5561114785147145,-1.387917027872963,2.2883333333333336,0.0,2.5,0.6893351357865813
5.5561114785147145,-1.377917027872963,2.2883333333333336,0.0,2.5,0.6473849081285
5.5561114785147145,-1.3679170278729633,2.2883333333333336,0.0,2.5,0.6179799580450094
5.5561114785147145,-1.3579170278729635,2.2883333333333336,0.0,2.5,0.6086764965621964
5.5561114785147145,-1.3479170278729637,1.5538461538461539,0.0,2.5,0.5743410718859112
5.5561114785147145,-1.337917027872964,1.5538461538461539,0.0,2.5,0.5788835078698751
5.5561114785147145,-1.3279170278729642,1.5538461538461539,0.0,2.5,0.5687748618727686
5.5561114785147145,-1.3179170278729644,1.5538461538461539,0.0,2.5,0.5619039225310662
5.5561114785147145,-1.3079170278729646,1.5538461538461539,0.0,2.5,0.5641466921369298
5.5561114785147145,-1.2979170278729648,1.5538461538461539,0.0,2.5,0.5609585480172619
5.5561114785147145,-1.287917027872965,1.5538461538461539,0.0,2.5,0.5630921725424303
5.5561114785147145,-1.2779170278729652,1.5538461538461539,0.0,2.5,0.5646261615363254
5.5561114785147145,-1.2679170278729655,1.5538461538461539,0.0,2.5,0.6033081686750572
5.5561114785147145,-1.2579170278729657,1.5538461538461539,0.0,2.5,0.6098078851126054
5.5561114785147145,-1.2479170278729659,1.5538461538461539,0.0,2.5,0.6017163950393579
5.5561114785147145,-1.237917027872966,1.5538461538461539,0.0,2.5,0.5921440273927501
5.5561114785147145,-1.2279170278729663,1.5538461538461539,0.0,2.5,0.5869991591184684
5.5561114785147145,-1.2179170278729665,2.070786827576765,0.0,2.5,0.5848552397104148
5.5561114785147145,-1.2079170278729667,2.0043750115728103,0.0,2.5,0.5838330306736037
5.5561114785147145,-1.197917027872967,1.5538461538461539,0.0,2.5,0.5714373024649322
5.5561114785147145,-1.1879170278729672,1.5538461538461539,0.0,2.5,0.5670732875062544
5.5561114785147145,-1.1779170278729674,1.5538461538461539,0.0,2.5,0.5458958153624222
5.5561114785147145,-1.1679170278729676,1.5538461538461539,0.0,2.5,0.5505135767357108
5.5561114785147145,-1.1579170278729678,1.5538461538461539,0.0,2.5,0.5244934621184449
5.5561114785147145,-1.147917027872968,1.5538461538461539,0.0,2.5,0.517569596702383
5.5561114785147145,-1.1379170278729682,2.0450728657777173,0.0,2.5,0.49239698376219376
5.5561114785147145,-1.1279170278729684,1.5538461538461539,0.0,2.5,0.48581840841289203
5.5561114785147145,-1.1179170278729686,1.5538461538461539,0.0,2.5,0.48341014816124056
5.5561114785147145,-1.1079170278729689,1.5538461538461539,0.0,2.5,0.4872119268721751
5.5561114785147145,-1.097917027872969,1.5538461538461539,0.0,2.5,0.48848560637498756
5.5561114785147145,-1.0879170278729693,1.5538461538461539,0.0,2.5,0.4989424740128846
5.5561114785147145,-1.0779170278729695,1.5538461538461539,0.0,2.5,0.5099221197418013
5.5561114785147145,-1.0679170278729697,2.2883333333333336,0.0,2.5,0.5128561301218549
5.5561114785147145,-1.05791702787297,2.5,0.0,2.5,0.5247266264564211
5.5561114785147145,-1.0479170278729701,2.2883333333333336,0.0,2.5,0.5218089138337196
5.5561114785147145,-1.0379170278729704,2.5,0.0,2.5,0.5174694106912713
5.5561114785147145,-1.0279170278729706,2.2883333333333336,0.0,2.5,0.5217742618275812
5.5561114785147145,-1.0179170278729708,2.2883333333333336,0.0,2.5,0.5208904403736754
5.5561114785147145,-1.007917027872971,1.5538461538461539,0.0,2.5,0.5006380161675709
5.5561114785147145,-0.9979170278729712,1.5538461538461539,0.0,2.5,0.5328783769435901
5.5561114785147145,-0.9879170278729714,1.5538461538461539,0.0,2.5,0.4947733706240961
5.5561114785147145,-0.9779170278729716,1.5538461538461539,0.0,2.5,0.47944745769923447
5.5561114785147145,-0.9679170278729718,1.5538461538461539,0.0,2.5,0.48058770959551994
5.5561114785147145,-0.9579170278729721,1.5538461538461539,0.0,2.5,0.4494089627246432
5.5561114785147145,-0.9479170278729723,1.5538461538461539,0.0,2.5,0.4695124954866148
5.5561114785147145,-0.9379170278729725,1.5538461538461539,0.0,2.5,0.4645085409177301
5.5561114785147145,-0.9279170278729727,1.5538461538461539,0.0,2.5,0.46688559190265816
5.5561114785147145,-0.9179170278729729,1.5538461538461539,0.0,2.5,0.46698546017878584
5.5561114785147145,-0.9079170278729731,1.5538461538461539,0.0,2.5,0.49352738047706585
5.5561114785147145,-0.8979170278729733,1.5538461538461539,0.0,2.5,0.49724609512846313
5.5561114785147145,-0.8879170278729736,1.5538461538461539,0.0,2.5,0.491056251057504
5.5561114785147145,-0.8779170278729738,1.5538461538461539,0.0,2.5,0.527912479727661
5.5561114785147145,-0.867917027872974,2.2883333333333336,0.0,2.5,0.49908065683141056
5.5561114785147145,-0.8579170278729742,2.2883333333333336,0.0,2.5,0.5208882521687895
5.5561114785147145,-0.8479170278729744,2.2883333333333336,0.0,2.5,0.557789441656366
5.5561114785147145,-0.8379170278729746,1.5538461538461539,0.0,2.5,0.5522571812245964
5.5561114785147145,-0.8279170278729748,1.5538461538461539,0.0,2.5,0.5313504793198865
5.5561114785147145,-0.817917027872975,1.5538461538461539,0.0,2.5,0.5372920356664893
5.5561114785147145,-0.8079170278729753,1.5538461538461539,0.0,2.5,0.5467487214645511
5.5561114785147145,-0.7979170278729755,1.5538461538461539,0.0,2.5,0.5893260229833271
5.5561114785147145,-0.7879170278729757,1.5538461538461539,0.0,2.5,0.5866696460980815
5.5561114785147145,-0.7779170278729759,1.5538461538461539,0.0,2.5,0.6086044319325342
5.5561114785147145,-0.7679170278729761,1.5538461538461539,0.0,2.5,0.6467487255145271
5.5561114785147145,-0.7579170278729763,1.5538461538461539,0.0,2.5,0.5986213722120773
5.5561114785147145,-0.7479170278729765,1.5538461538461539,0.0,2.5,0.5839465275758362
5.5561114785147145,-0.7379170278729767,1.5538461538461539,0.0,2.5,0.5450857140486037
5.5561114785147145,-0.727917027872977,0.9440000000000001,0.0,2.5,0.5289797541460675
5.5561114785147145,-0.7179170278729772,0.9440000000000001,0.0,2.5,0.5643455259728208
5.5561114785147145,-0.7079170278729774,0.9440000000000001,0.0,2.5,0.5077122957747873
5.5561114785147145,-0.6979170278729776,0.9440000000000001,0.0,2.5,0.5071166828379031
5.5561114785147145,-0.6879170278729778,0.9440000000000001,0.0,2.5,0.49304137678388277
5.5561114785147145,-0.677917027872978,0.9440000000000001,0.0,2.5,0.43906466258167476
5.5561114785147145,-0.6679170278729782,0.9440000000000001,0.0,2.5,0.4344785135729284
5.5561114785147145,-0.6579170278729785,0.9440000000000001,0.0,2.5,0.45079465365879184
5.5561114785147145,-0.6479170278729787,0.9440000000000001,0.0,2.5,0.44376622701785967
5.5561114785147145,-0.6379170278729789,0.9440000000000001,0.0,2.5,0.4437626139977125
5.5561114785147145,-0.6279170278729791,0.9440000000000001,0.0,2.5,0.466861375324418
5.5561114785147145,-0.6179170278729793,0.9440000000000001,0.0,2.5,0.48927394690990716
5.5561114785147145,-0.6079170278729795,1.5538461538461539,0.0,2.5,0.5012903843897285
5.5561114785147145,-0.5979170278729797,1.5538461538461539,0.0,2.5,0.5093435443118819
5.5561114785147145,-0.58791702787298,1.5538461538461539,0.0,2.5,0.5108250936371872
5.5561114785147145,-0.5779170278729802,1.5538461538461539,0.0,2.5,0.5021989123916881
5.5561114785147145,-0.5679170278729804,1.5538461538461539,0.0,2.5,0.5040190464154469
5.5561114785147145,-0.5579170278729806,1.5538461538461539,0.0,2.5,0.5070906696736418
5.5561114785147145,-0.5479170278729808,1.5538461538461539,0.0,2.5,0.5298634940203596
5.5561114785147145,-0.537917027872981,1.5538461538461539,0.0,2.5,0.5108576857366589
5.5561114785147145,-0.5279170278729812,1.5538461538461539,0.0,2.5,0.45643711671085574
5.5561114785147145,-0.5179170278729814,0.9440000000000001,0.0,2.5,0.41883815620674464
5.5561114785147145,-0.5079170278729817,0.9440000000000001,0.0,2.5,0.3705140070261221
5.5561114785147145,-0.49791702787298187,0.9440000000000001,0.0,2.5,0.41688498976046634
5.5561114785147145,-0.4879170278729821,1.5538461538461539,0.0,2.5,0.5001752490832545
5.5561114785147145,-0.4779170278729823,1.5538461538461539,0.0,2.5,0.48568320670326764
5.5561114785147145,-0.4679170278729825,1.5538461538461539,0.0,2.5,0.4763804856148322
5.5561114785147145,-0.4579170278729827,1.5538461538461539,0.0,2.5,0.4865164520637617
5.5561114785147145,-0.44791702787298293,0.9440000000000001,0.0,2.5,0.38320618090773956
5.5561114785147145,-0.43791702787298314,0.9440000000000001,0.0,2.5,0.38808438492043706
5.5561114785147145,-0.42791702787298336,0.9440000000000001,0.0,2.5,0.38991980295862005
5.5561114785147145,-0.41791702787298357,0.9440000000000001,0.0,2.5,0.38895041520351803
5.5561114785147145,-0.4079170278729838,0.9440000000000001,0.0,2.5,0.38895041520351803
5.5561114785147145,-0.397917027872984,0.9440000000000001,0.0,2.5,0.3885095549884643
5.5561114785147145,-0.3879170278729842,0.9440000000000001,0.0,2.5,0.3862440607423456
5.566111478514714,-1.5979170278729584,1.5538461538461539,0.0,2.5,0.6883036231861351
5.566111478514714,-1.5879170278729586,1.5538461538461539,0.0,2.5,0.7171116163509307
5.566111478514714,-1.5779170278729588,1.5538461538461539,0.0,2.5,0.6967313070422766
5.566111478514714,-1.567917027872959,1.5538461538461539,0.0,2.5,0.7231863263580074
5.566111478514714,-1.5579170278729593,2.2883333333333336,0.0,2.5,0.7127965927007843
5.566111478514714,-1.5479170278729595,2.2883333333333336,0.0,2.5,0.7012282524824406
5.566111478514714,-1.5379170278729597,2.2883333333333336,0.0,2.5,0.6988200667861499
5.566111478514714,-1.52791702787296,2.2883333333333336,0.0,2.5,0.6827589862950634
5.566111478514714,-1.5179170278729601,2.2883333333333336,0.0,2.5,0.7047415404472716
5.566111478514714,-1.5079170278729603,2.5,0.0,2.5,0.7011465142332888
5.566111478514714,-1.4979170278729605,2.5,0.0,2.5,0.7143008038923541
5.566111478514714,-1.4879170278729608,2.5,0.0,2.5,0.7205951253560653
5.566111478514714,-1.477917027872961,2.5,0.0,2.5,0.6917993520591738
5.566111478514714,-1.4679170278729612,2.2883333333333336,0.0,2.5,0.6503775318525543
5.566111478514714,-1.4579170278729614,2.5,0.0,2.5,0.6946830434668356
5.566111478514714,-1.4479170278729616,2.5,0.0,2.5,0.6926104081116886
5.566111478514714,-1.4379170278729618,2.5,0.0,2.5,0.6907675783689093
5.566111478514714,-1.427917027872962,2.5,0.0,2.5,0.7100382765738809
5.566111478514714,-1.4179170278729623,2.2883333333333336,0.0,2.5,0.7201538865015731
5.566111478514714,-1.4079170278729625,2.2883333333333336,0.0,2.5,0.7091183363384541
5.566111478514714,-1.3979170278729627,2.2883333333333336,0.0,2.5,0.685503652638316
5.566111478514714,-1.387917027872963,2.2883333333333336,0.0,2.5,0.6788813212830417
5.566111478514714,-1.377917027872963,2.2883333333333336,0.0,2.5,0.6202793688026281
5.566111478514714,-1.3679170278729633,2.2883333333333336,0.0,2.5,0.6058322067248983
5.566111478514714,-1.3579170278729635,2.2883333333333336,0.0,2.5,0.6116934512990292
5.566111478514714,-1.3479170278729637,2.263947533225404,0.0,2.5,0.596488342885418
5.566111478514714,-1.337917027872964,1.5538461538461539,0.0,2.5,0.578170538811284
5.566111478514714,-1.3279170278729642,1.5538461538461539,0.0,2.5,0.5662626423749408
5.566111478514714,-1.3179170278729644,1.5538461538461539,0.0,2.5,0.5611019548282293
5.566111478514714,-1.3079170278729646,1.5538461538461539,0.0,2.5,0.571709016832836
5.566111478514714,-1.2979170278729648,1.5538461538461539,0.0,2.5,0.5602004822374266
5.566111478514714,-1.287917027872965,1.5538461538461539,0.0,2.5,0.572148872764003
5.566111478514714,-1.2779170278729652,1.5538461538461539,0.0,2.5,0.5711534805807923
5.566111478514714,-1.2679170278729655,1.5538461538461539,0.0,2.5,0.5726211904404535
5.566111478514714,-1.2579170278729657,1.5538461538461539,0.0,2.5,0.5735246698480413
5.566111478514714,-1.2479170278729659,1.5538461538461539,0.0,2.5,0.5750640622834989
5.566111478514714,-1.237917027872966,1.5538461538461539,0.0,2.5,0.5701841767528544
5.566111478514714,-1.2279170278729663,1.5538461538461539,0.0,2.5,0.5693442321077798
5.566111478514714,-1.2179170278729665,1.5538461538461539,0.0,2.5,0.5702490615402206
5.566111478514714,-1.2079170278729667,1.5538461538461539,0.0,2.5,0.5668361688123675
5.566111478514714,-1.197917027872967,1.5538461538461539,0.0,2.5,0.5462748154529291
5.566111478514714,-1.1879170278729672,1.5538461538461539,0.0,2.5,0.5376822337105903
5.566111478514714,-1.1779170278729674,1.5538461538461539,0.0,2.5,0.5210193825343729
5.566111478514714,-1.1679170278729676,1.5538461538461539,0.0,2.5,0.5257002132571496
5.566111478514714,-1.1579170278729678,1.5538461538461539,0.0,2.5,0.514492594140022
5.566111478514714,-1.147917027872968,1.5538461538461539,0.0,2.5,0.5024611220041016
5.566111478514714,-1.1379170278729682,2.2611070102936552,0.0,2.5,0.4944450501442825
5.566111478514714,-1.1279170278729684,1.5538461538461539,0.0,2.5,0.49602188931941044
5.566111478514714,-1.1179170278729686,1.5538461538461539,0.0,2.5,0.5003629958371737
5.566111478514714,-1.1079170278729689,1.5538461538461539,0.0,2.5,0.5099466475153077
5.566111478514714,-1.097917027872969,1.5538461538461539,0.0,2.5,0.47859331463782023
5.566111478514714,-1.0879170278729693,1.5538461538461539,0.0,2.5,0.476067409501764
5.566111478514714,-1.0779170278729695,1.5538461538461539,0.0,2.5,0.48747733454059783
5.566111478514714,-1.0679170278729697,2.2883333333333336,0.0,2.5,0.5040560495806864
5.566111478514714,-1.05791702787297,2.5,0.0,2.5,0.5107450403945769
5.566111478514714,-1.0479170278729701,2.2883333333333336,0.0,2.5,0.5192330609020129
5.566111478514714,-1.0379170278729704,2.5,0.0,2.5,0.5234325909011538
5.566111478514714,-1.0279170278729706,2.2883333333333336,0.0,2.5,0.5204618759510923
5.566111478514714,-1.0179170278729708,2.2883333333333336,0.0,2.5,0.5290673569300696
5.566111478514714,-1.007917027872971,1.5538461538461539,0.0,2.5,0.5180163667941212
5.566111478514714,-0.9979170278729712,1.5538461538461539,0.0,2.5,0.503375189353666
5.566111478514714,-0.9879170278729714,1.5538461538461539,0.0,2.5,0.5449487561133651
5.566111478514714,-0.9779170278729716,1.5538461538461539,0.0,2.5,0.5077343665983117
5.566111478514714,-0.9679170278729718,1.5538461538461539,0.0,2.5,0.5044465657527769
5.566111478514714,-0.9579170278729721,2.2746550977074245,0.0,2.5,0.5078285400998759
5.566111478514714,-0.9479170278729723,1.5538461538461539,0.0,2.5,0.4883125102642133
5.566111478514714,-0.9379170278729725,1.5538461538461539,0.0,2.5,0.46576452414204367
5.566111478514714,-0.9279170278729727,1.5538461538461539,0.0,2.5,0.45833786962445516
5.566111478514714,-0.9179170278729729,1.5538461538461539,0.0,2.5,0.46950151220306346
5.566111478514714,-0.9079170278729731,1.5538461538461539,0.0,2.5,0.5012668239988377
5.566111478514714,-0.8979170278729733,1.5538461538461539,0.0,2.5,0.5165593327061153
5.566111478514714,-0.8879170278729736,1.5538461538461539,0.0,2.5,0.5081995422492067
5.566111478514714,-0.8779170278729738,1.5538461538461539,0.0,2.5,0.5019949010250968
5.566111478514714,-0.867917027872974,2.2883333333333336,0.0,2.5,0.5125005603939837
5.566111478514714,-0.8579170278729742,2.2161247028036297,0.0,2.5,0.5183584644198118
5.566111478514714,-0.8479170278729744,2.2883333333333336,0.0,2.5,0.547674511264923
5.566111478514714,-0.8379170278729746,1.5538461538461539,0.0,2.5,0.5704285352801906
5.566111478514714,-0.8279170278729748,1.5538461538461539,0.0,2.5,0.564966490212012
5.566111478514714,-0.817917027872975,1.5538461538461539,0.0,2.5,0.5149894505755055
5.566111478514714,-0.8079170278729753,1.5538461538461539,0.0,2.5,0.5535163934807171
5.566111478514714,-0.7979170278729755,1.5538461538461539,0.0,2.5,0.5686771907601585
5.566111478514714,-0.7879170278729757,1.5538461538461539,0.0,2.5,0.58915169713857
5.566111478514714,-0.7779170278729759,1.5538461538461539,0.0,2.5,0.5876673108279878
5.566111478514714,-0.7679170278729761,1.5538461538461539,0.0,2.5,0.5977407146439269
5.566111478514714,-0.7579170278729763,1.5538461538461539,0.0,2.5,0.5762035978471177
5.566111478514714,-0.7479170278729765,1.5538461538461539,0.0,2.5,0.5642734048917462
5.566111478514714,-0.7379170278729767,1.5538461538461539,0.0,2.5,0.5197206177182837
5.566111478514714,-0.727917027872977,1.5538461538461539,0.0,2.5,0.5758508055476729
5.566111478514714,-0.7179170278729772,0.9854672843761053,0.0,2.5,0.5861943850219995
5.566111478514714,-0.7079170278729774,0.9440000000000001,0.0,2.5,0.5507693723449866
5.566111478514714,-0.6979170278729776,0.9440000000000001,0.0,2.5,0.47902587991739703
5.566111478514714,-0.6879170278729778,0.9440000000000001,0.0,2.5,0.4720186111908907
5.566111478514714,-0.677917027872978,0.9440000000000001,0.0,2.5,0.4407165552915787
5.566111478514714,-0.6679170278729782,0.9440000000000001,0.0,2.5,0.4368658164359416
5.566111478514714,-0.6579170278729785,0.9440000000000001,0.0,2.5,0.44154775887647296
5.566111478514714,-0.6479170278729787,0.9440000000000001,0.0,2.5,0.4479706288878235
5.566111478514714,-0.6379170278729789,0.9440000000000001,0.0,2.5,0.4510995774465182
5.566111478514714,-0.6279170278729791,0.9440000000000001,0.0,2.5,0.45460441910531635
5.566111478514714,-0.6179170278729793,0.9440000000000001,0.0,2.5,0.463986365500611
5.566111478514714,-0.6079170278729795,1.5538461538461539,0.0,2.5,0.48313885444645743
5.566111478514714,-0.5979170278729797,1.5538461538461539,0.0,2.5,0.5021654157636108
5.566111478514714,-0.58791702787298,1.5538461538461539,0.0,2.5,0.5027845182904755
5.566111478514714,-0.5779170278729802,1.5538461538461539,0.0,2.5,0.503477509149276
5.566111478514714,-0.5679170278729804,1.5538461538461539,0.0,2.5,0.5024320234492091
5.566111478514714,-0.5579170278729806,1.5538461538461539,0.0,2.5,0.5031133105958903
5.566111478514714,-0.5479170278729808,1.5538461538461539,0.0,2.5,0.4970668264274746
5.566111478514714,-0.537917027872981,1.5538461538461539,0.0,2.5,0.49639105178397464
5.566111478514714,-0.5279170278729812,1.5538461538461539,0.0,2.5,0.510617092263818
5.566111478514714,-0.5179170278729814,1.5538461538461539,0.0,2.5,0.5016051072986462
5.566111478514714,-0.5079170278729817,1.2648789710350414,0.0,2.5,0.4406319848579998
5.566111478514714,-0.49791702787298187,0.9440000000000001,0.0,2.5,0.4107642733344839
5.566111478514714,-0.4879170278729821,1.5538461538461539,0.0,2.5,0.5023821002031491
5.566111478514714,-0.4779170278729823,1.5538461538461539,0.0,2.5,0.48568320670326764
5.566111478514714,-0.4679170278729825,1.5538461538461539,0.0,2.5,0.494008290394119
5.566111478514714,-0.4579170278729827,1.5538461538461539,0.0,2.5,0.494977678149221
5.566111478514714,-0.44791702787298293,1.5538461538461539,0.0,2.5,0.494977678149221
5.566111478514714,-0.43791702787298314,1.5538461538461539,0.0,2.5,0.494977678149221
5.566111478514714,-0.42791702787298336,1.5538461538461539,0.0,2.5,0.494977678149221
5.566111478514714,-0.41791702787298357,1.5538461538461539,0.0,2.5,0.494977678149221
5.566111478514714,-0.4079170278729838,1.5538461538461539,0.0,2.5,0.4922806208637413
5.566111478514714,-0.397917027872984,1.5538461538461539,0.0,2.5,0.4872857891894238
5.576111478514714,-1.6079170278729582,2.2224377510876496,0.0,2.5,0.6552117414939183
5.576111478514714,-1.5979170278729584,1.5538461538461539,0.0,2.5,0.6513490771190388
5.576111478514714,-1.5879170278729586,1.5538461538461539,0.0,2.5,0.6702995267714684
5.576111478514714,-1.5779170278729588,1.5538461538461539,0.0,2.5,0.6673389969104561
5.576111478514714,-1.567917027872959,1.5538461538461539,0.0,2.5,0.7158424091907598
5.576111478514714,-1.5579170278729593,2.2883333333333336,0.0,2.5,0.704028500506239
5.576111478514714,-1.5479170278729595,2.2883333333333336,0.0,2.5,0.7191123726177737
5.576111478514714,-1.5379170278729597,2.2883333333333336,0.0,2.5,0.7161620559644212
5.576111478514714,-1.52791702787296,2.2883333333333336,0.0,2.5,0.7096429585370895
5.576111478514714,-1.5179170278729601,2.2883333333333336,0.0,2.5,0.6807532664783799
5.576111478514714,-1.5079170278729603,2.5,0.0,2.5,0.7091873335102928
5.576111478514714,-1.4979170278729605,2.5,0.0,2.5,0.7233934655777327
5.576111478514714,-1.4879170278729608,2.5,0.0,2.5,0.7051955891777651
5.576111478514714,-1.477917027872961,2.5,0.0,2.5,0.6271338634087753
5.576111478514714,-1.4679170278729612,2.2883333333333336,0.0,2.5,0.6205079032159702
5.576111478514714,-1.4579170278729614,2.2883333333333336,0.0,2.5,0.6828461761318696
5.576111478514714,-1.4479170278729616,2.5,0.0,2.5,0.6856731018279469
5.576111478514714,-1.4379170278729618,2.5,0.0,2.5,0.7025997674321933
5.576111478514714,-1.427917027872962,2.5,0.0,2.5,0.7125725116157008
5.576111478514714,-1.4179170278729623,2.2883333333333336,0.0,2.5,0.6997059972435903
5.576111478514714,-1.4079170278729625,2.2883333333333336,0.0,2.5,0.6985138915351418
5.576111478514714,-1.3979170278729627,2.2883333333333336,0.0,2.5,0.6791109381994213
5.576111478514714,-1.387917027872963,2.2883333333333336,0.0,2.5,0.6799797740291592
5.576111478514714,-1.377917027872963,2.2883333333333336,0.0,2.5,0.643968358779468
5.576111478514714,-1.3679170278729633,2.2883333333333336,0.0,2.5,0.625068250741721
5.576111478514714,-1.3579170278729635,2.2883333333333336,0.0,2.5,0.6102495996286775
5.576111478514714,-1.3479170278729637,2.2883333333333336,0.0,2.5,0.6058548633114378
5.576111478514714,-1.337917027872964,1.5538461538461539,0.0,2.5,0.5792037477669546
5.576111478514714,-1.3279170278729642,1.5538461538461539,0.0,2.5,0.5728464591382989
5.576111478514714,-1.3179170278729644,1.5538461538461539,0.0,2.5,0.5574217731182254
5.576111478514714,-1.3079170278729646,1.5538461538461539,0.0,2.5,0.5698874244688076
5.576111478514714,-1.2979170278729648,1.5538461538461539,0.0,2.5,0.5572409253739288
5.576111478514714,-1.287917027872965,1.5538461538461539,0.0,2.5,0.5682186271390381
5.576111478514714,-1.2779170278729652,1.5538461538461539,0.0,2.5,0.5694136251044893
5.576111478514714,-1.2679170278729655,1.5538461538461539,0.0,2.5,0.5690411496410189
5.576111478514714,-1.2579170278729657,1.5538461538461539,0.0,2.5,0.5609435326248896
5.576111478514714,-1.2479170278729659,1.5538461538461539,0.0,2.5,0.5654554308450215
5.576111478514714,-1.237917027872966,1.5538461538461539,0.0,2.5,0.5637703607074561
5.576111478514714,-1.2279170278729663,1.5538461538461539,0.0,2.5,0.5644174214185329
5.576111478514714,-1.2179170278729665,1.5538461538461539,0.0,2.5,0.5667964157052217
5.576111478514714,-1.2079170278729667,1.5538461538461539,0.0,2.5,0.5570150376172913
5.576111478514714,-1.197917027872967,1.5538461538461539,0.0,2.5,0.5568085842827346
5.576111478514714,-1.1879170278729672,1.5538461538461539,0.0,2.5,0.5517102193632771
5.576111478514714,-1.1779170278729674,1.5538461538461539,0.0,2.5,0.5319611775404257
5.576111478514714,-1.1679170278729676,1.5538461538461539,0.0,2.5,0.5264941362630444
5.576111478514714,-1.1579170278729678,1.5538461538461539,0.0,2.5,0.5183776590272949
5.576111478514714,-1.147917027872968,2.212661173376534,0.0,2.5,0.5044321256501011
5.576111478514714,-1.1379170278729682,2.2883333333333336,0.0,2.5,0.504979296406189
5.576111478514714,-1.1279170278729684,2.1945335668694197,0.0,2.5,0.5099207721222747
5.576111478514714,-1.1179170278729686,1.5538461538461539,0.0,2.5,0.49270858145724444
5.576111478514714,-1.1079170278729689,1.5538461538461539,0.0,2.5,0.4896878524024293
5.576111478514714,-1.097917027872969,1.5538461538461539,0.0,2.5,0.4984764458114604
5.576111478514714,-1.0879170278729693,1.5538461538461539,0.0,2.5,0.4867763278356067
5.576111478514714,-1.0779170278729695,1.5538461538461539,0.0,2.5,0.4858983357926915
5.576111478514714,-1.0679170278729697,2.2883333333333336,0.0,2.5,0.4942090057900061
5.576111478514714,-1.05791702787297,2.5,0.0,2.5,0.5126389736986723
5.576111478514714,-1.0479170278729701,2.5,0.0,2.5,0.5246826479076053
5.576111478514714,-1.0379170278729704,2.5,0.0,2.5,0.5363511758381365
5.576111478514714,-1.0279170278729706,2.2883333333333336,0.0,2.5,0.5385207186374529
5.576111478514714,-1.0179170278729708,2.2883333333333336,0.0,2.5,0.5252294461175382
5.576111478514714,-1.007917027872971,1.5538461538461539,0.0,2.5,0.5221473281609481
5.576111478514714,-0.9979170278729712,1.5538461538461539,0.0,2.5,0.5128475014541041
5.576111478514714,-0.9879170278729714,1.5538461538461539,0.0,2.5,0.5058307972754534
5.576111478514714,-0.9779170278729716,1.5538461538461539,0.0,2.5,0.5335007423977328
5.576111478514714,-0.9679170278729718,1.5538461538461539,0.0,2.5,0.5109749087567983
5.576111478514714,-0.9579170278729721,2.2883333333333336,0.0,2.5,0.51486279214581
5.576111478514714,-0.9479170278729723,1.5538461538461539,0.0,2.5,0.5173818003580027
5.576111478514714,-0.9379170278729725,1.5538461538461539,0.0,2.5,0.4794192767632872
5.576111478514714,-0.9279170278729727,1.5538461538461539,0.0,2.5,0.4651875454484716
5.576111478514714,-0.9179170278729729,1.5538461538461539,0.0,2.5,0.4869635880285256
5.576111478514714,-0.9079170278729731,1.5538461538461539,0.0,2.5,0.529077699563343
5.576111478514714,-0.8979170278729733,1.5538461538461539,0.0,2.5,0.5120228859717576
5.576111478514714,-0.8879170278729736,1.5538461538461539,0.0,2.5,0.5143023705321347
5.576111478514714,-0.8779170278729738,1.5538461538461539,0.0,2.5,0.5080384066336001
5.576111478514714,-0.867917027872974,1.5538461538461539,0.0,2.5,0.5077958536693878
5.576111478514714,-0.8579170278729742,1.5538461538461539,0.0,2.5,0.5168779607573232
5.576111478514714,-0.8479170278729744,1.5538461538461539,0.0,2.5,0.5439988244018216
5.576111478514714,-0.8379170278729746,1.5538461538461539,0.0,2.5,0.5638680172099436
5.576111478514714,-0.8279170278729748,1.5538461538461539,0.0,2.5,0.5633699586356984
5.576111478514714,-0.817917027872975,1.5538461538461539,0.0,2.5,0.5529085401173982
5.576111478514714,-0.8079170278729753,1.5538461538461539,0.0,2.5,0.5344099818107787
5.576111478514714,-0.7979170278729755,1.5538461538461539,0.0,2.5,0.5482493210745644
5.576111478514714,-0.7879170278729757,1.5538461538461539,0.0,2.5,0.5632904351526581
5.576111478514714,-0.7779170278729759,1.5538461538461539,0.0,2.5,0.5802778780542872
5.576111478514714,-0.7679170278729761,1.5538461538461539,0.0,2.5,0.5764759919603542
5.576111478514714,-0.7579170278729763,1.5538461538461539,0.0,2.5,0.5508961162113839
5.576111478514714,-0.7479170278729765,1.5538461538461539,0.0,2.5,0.4947040743410677
5.576111478514714,-0.7379170278729767,1.0788027337209496,0.0,2.5,0.4869612301870161
5.576111478514714,-0.727917027872977,1.5538461538461539,0.0,2.5,0.5640696151707474
5.576111478514714,-0.7179170278729772,1.0396169242392947,0.0,2.5,0.5692212657510383
5.576111478514714,-0.7079170278729774,0.9440000000000001,0.0,2.5,0.5465180896407399
5.576111478514714,-0.6979170278729776,0.9440000000000001,0.0,2.5,0.5473851195411776
5.576111478514714,-0.6879170278729778,0.9440000000000001,0.0,2.5,0.44413781366148547
5.576111478514714,-0.677917027872978,0.9440000000000001,0.0,2.5,0.44066988497441095
5.576111478514714,-0.6679170278729782,0.9440000000000001,0.0,2.5,0.4376328741859974
5.576111478514714,-0.6579170278729785,0.9440000000000001,0.0,2.5,0.45718748918289254
5.576111478514714,-0.6479170278729787,0.9440000000000001,0.0,2.5,0.44770781755530276
5.576111478514714,-0.6379170278729789,0.9440000000000001,0.0,2.5,0.4534695646160342
5.576111478514714,-0.6279170278729791,0.9440000000000001,0.0,2.5,0.4474167459047639
5.576111478514714,-0.6179170278729793,0.9440000000000001,0.0,2.5,0.4796025986590504
5.576111478514714,-0.6079170278729795,1.5538461538461539,0.0,2.5,0.49252222908585946
5.576111478514714,-0.5979170278729797,1.5538461538461539,0.0,2.5,0.49589371110298136
5.576111478514714,-0.58791702787298,1.5538461538461539,0.0,2.5,0.4978189024888719
5.576111478514714,-0.5779170278729802,1.5538461538461539,0.0,2.5,0.5000595181411465
5.576111478514714,-0.5679170278729804,1.5538461538461539,0.0,2.5,0.4987795347029468
5.576111478514714,-0.5579170278729806,1.5538461538461539,0.0,2.5,0.4907766085222991
5.576111478514714,-0.5479170278729808,1.5538461538461539,0.0,2.5,0.4915284405304839
5.576111478514714,-0.537917027872981,1.5538461538461539,0.0,2.5,0.4905012495691537
5.576111478514714,-0.5279170278729812,1.5538461538461539,0.0,2.5,0.48445064521002507
5.576111478514714,-0.5179170278729814,1.5538461538461539,0.0,2.5,0.4886060449489225
5.576111478514714,-0.5079170278729817,1.5538461538461539,0.0,2.5,0.454298154226159
5.576111478514714,-0.49791702787298187,0.9440000000000001,0.0,2.5,0.40771444004519647
5.576111478514714,-0.4879170278729821,1.5538461538461539,0.0,2.5,0.5024814244413233
5.576111478514714,-0.4779170278729823,1.5538461538461539,0.0,2.5,0.48568320670326764
5.576111478514714,-0.4679170278729825,1.5538461538461539,0.0,2.5,0.494008290394119
5.576111478514714,-0.4579170278729827,1.5538461538461539,0.0,2.5,0.494977678149221
5.576111478514714,-0.44791702787298293,1.5538461538461539,0.0,2.5,0.494977678149221
5.576111478514714,-0.43791702787298314,1.5538461538461539,0.0,2.5,0.494977678149221
5.576111478514714,-0.42791702787298336,1.5538461538461539,0.0,2.5,0.494977678149221
5.576111478514714,-0.41791702787298357,1.5538461538461539,0.0,2.5,0.494977678149221
5.576111478514714,-0.4079170278729838,1.5538461538461539,0.0,2.5,0.5109638869778766
5.576111478514714,-0.397917027872984,1.5538461538461539,0.0,2.5,0.49881228031817915
5.586111478514714,-1.6279170278729578,2.205040294940147,0.0,2.5,0.5879811481085362
5.586111478514714,-1.617917027872958,1.5538461538461539,0.0,2.5,0.5920861722294598
5.586111478514714,-1.6079170278729582,1.5538461538461539,0.0,2.5,0.6072696120369594
5.586111478514714,-1.5979170278729584,1.5538461538461539,0.0,2.5,0.6268829522975903
5.586111478514714,-1.5879170278729586,1.5538461538461539,0.0,2.5,0.6317108351893597
5.586111478514714,-1.5779170278729588,1.5538461538461539,0.0,2.5,0.6577143661470456
5.586111478514714,-1.567917027872959,1.5538461538461539,0.0,2.5,0.6794757677169274
5.586111478514714,-1.5579170278729593,2.187252423127826,0.0,2.5,0.6808356163265984
5.586111478514714,-1.5479170278729595,2.2883333333333336,0.0,2.5,0.7170682156423726
5.586111478514714,-1.5379170278729597,2.2883333333333336,0.0,2.5,0.7181018691636917
5.586111478514714,-1.52791702787296,2.2883333333333336,0.0,2.5,0.718905343415697
5.586111478514714,-1.5179170278729601,2.2883333333333336,0.0,2.5,0.7184882005725308
5.586111478514714,-1.5079170278729603,2.5,0.0,2.5,0.7236212562734964
5.586111478514714,-1.4979170278729605,2.5,0.0,2.5,0.7016205996030108
5.586111478514714,-1.4879170278729608,2.5,0.0,2.5,0.6462588935876494
5.586111478514714,-1.477917027872961,2.2883333333333336,0.0,2.5,0.5961546839297273
5.586111478514714,-1.4679170278729612,2.2883333333333336,0.0,2.5,0.6247979781699439
5.586111478514714,-1.4579170278729614,2.5,0.0,2.5,0.7094372972476137
5.586111478514714,-1.4479170278729616,2.5,0.0,2.5,0.6694980446067561
5.586111478514714,-1.4379170278729618,2.5,0.0,2.5,0.7034158006022899
5.586111478514714,-1.427917027872962,2.5,0.0,2.5,0.6965471865045384
5.586111478514714,-1.4179170278729623,2.2883333333333336,0.0,2.5,0.6972432283165735
5.586111478514714,-1.4079170278729625,2.2883333333333336,0.0,2.5,0.6961558624940517
5.586111478514714,-1.3979170278729627,2.2883333333333336,0.0,2.5,0.6699790405054554
5.586111478514714,-1.387917027872963,2.2883333333333336,0.0,2.5,0.6590451227403995
5.586111478514714,-1.377917027872963,2.2883333333333336,0.0,2.5,0.621615663799511
5.586111478514714,-1.3679170278729633,2.2883333333333336,0.0,2.5,0.616118420508555
5.586111478514714,-1.3579170278729635,2.2883333333333336,0.0,2.5,0.6085931173559324
5.586111478514714,-1.3479170278729637,2.2883333333333336,0.0,2.5,0.6090067985308784
5.586111478514714,-1.337917027872964,1.5538461538461539,0.0,2.5,0.5773356355723052
5.586111478514714,-1.3279170278729642,1.5538461538461539,0.0,2.5,0.5726299991223396
5.586111478514714,-1.3179170278729644,1.5538461538461539,0.0,2.5,0.5561417842061293
5.586111478514714,-1.3079170278729646,1.5538461538461539,0.0,2.5,0.5722318175129922
5.586111478514714,-1.2979170278729648,1.5538461538461539,0.0,2.5,0.5569382273790947
5.586111478514714,-1.287917027872965,1.5538461538461539,0.0,2.5,0.5596038195720328
5.586111478514714,-1.2779170278729652,1.5538461538461539,0.0,2.5,0.5628041760314579
5.586111478514714,-1.2679170278729655,1.5538461538461539,0.0,2.5,0.5590299824830709
5.586111478514714,-1.2579170278729657,1.5538461538461539,0.0,2.5,0.5564893522299975
5.586111478514714,-1.2479170278729659,1.5538461538461539,0.0,2.5,0.5598518800457648
5.586111478514714,-1.237917027872966,1.5538461538461539,0.0,2.5,0.5562347897217902
5.586111478514714,-1.2279170278729663,1.5538461538461539,0.0,2.5,0.5576937866659712
5.586111478514714,-1.2179170278729665,1.5538461538461539,0.0,2.5,0.5494353912121145
5.586111478514714,-1.2079170278729667,1.5538461538461539,0.0,2.5,0.5569487233923138
5.586111478514714,-1.197917027872967,1.5538461538461539,0.0,2.5,0.553733923230009
5.586111478514714,-1.1879170278729672,1.5538461538461539,0.0,2.5,0.5516184490357542
5.586111478514714,-1.1779170278729674,1.5538461538461539,0.0,2.5,0.5331089194502522
5.586111478514714,-1.1679170278729676,1.5538461538461539,0.0,2.5,0.5237558074543307
5.586111478514714,-1.1579170278729678,1.5538461538461539,0.0,2.5,0.49500147320112753
5.586111478514714,-1.147917027872968,1.64871690583997,0.0,2.5,0.49431709557429787
5.586111478514714,-1.1379170278729682,2.224016277579285,0.0,2.5,0.48402678028502666
5.586111478514714,-1.1279170278729684,1.5538461538461539,0.0,2.5,0.4936000557100747
5.586111478514714,-1.1179170278729686,1.5538461538461539,0.0,2.5,0.4879808843272025
5.586111478514714,-1.1079170278729689,1.5538461538461539,0.0,2.5,0.516489731537354
5.586111478514714,-1.097917027872969,1.5538461538461539,0.0,2.5,0.5099704052848978
5.586111478514714,-1.0879170278729693,1.5538461538461539,0.0,2.5,0.5164984173831538
5.586111478514714,-1.0779170278729695,2.243753396959446,0.0,2.5,0.5241477757614739
5.586111478514714,-1.0679170278729697,2.2883333333333336,0.0,2.5,0.518461783049241
5.586111478514714,-1.05791702787297,2.5,0.0,2.5,0.5231554461552376
5.586111478514714,-1.0479170278729701,2.5,0.0,2.5,0.5418747880067074
5.586111478514714,-1.0379170278729704,2.5,0.0,2.5,0.5441064914533709
5.586111478514714,-1.0279170278729706,2.2883333333333336,0.0,2.5,0.5505194821619116
5.586111478514714,-1.0179170278729708,2.2883333333333336,0.0,2.5,0.5568517227047385
5.586111478514714,-1.007917027872971,2.2304787977204006,0.0,2.5,0.5441837619536786
5.586111478514714,-0.9979170278729712,1.5538461538461539,0.0,2.5,0.545199908906424
5.586111478514714,-0.9879170278729714,1.5538461538461539,0.0,2.5,0.5418066642584543
5.586111478514714,-0.9779170278729716,1.5538461538461539,0.0,2.5,0.5274901875495914
5.586111478514714,-0.9679170278729718,2.2883333333333336,0.0,2.5,0.582103390436749
5.586111478514714,-0.9579170278729721,2.2883333333333336,0.0,2.5,0.5434821159995379
5.586111478514714,-0.9479170278729723,1.5538461538461539,0.0,2.5,0.5442086151951993
5.586111478514714,-0.9379170278729725,1.5538461538461539,0.0,2.5,0.5441673021875512
5.586111478514714,-0.9279170278729727,1.5538461538461539,0.0,2.5,0.5300417439323614
5.586111478514714,-0.9179170278729729,1.5538461538461539,0.0,2.5,0.5099609079025628
5.586111478514714,-0.9079170278729731,1.5538461538461539,0.0,2.5,0.513192768210892
5.586111478514714,-0.8979170278729733,1.5538461538461539,0.0,2.5,0.5032422527120386
5.586111478514714,-0.8879170278729736,1.5538461538461539,0.0,2.5,0.5039419086523835
5.586111478514714,-0.8779170278729738,1.5538461538461539,0.0,2.5,0.5298346898848673
5.586111478514714,-0.867917027872974,1.5538461538461539,0.0,2.5,0.52292364474689
5.586111478514714,-0.8579170278729742,1.5538461538461539,0.0,2.5,0.533057569424905
5.586111478514714,-0.8479170278729744,1.5538461538461539,0.0,2.5,0.5431919269741847
5.586111478514714,-0.8379170278729746,1.5538461538461539,0.0,2.5,0.5677896216559408
5.586111478514714,-0.8279170278729748,1.5538461538461539,0.0,2.5,0.5581622614395908
5.586111478514714,-0.817917027872975,1.5538461538461539,0.0,2.5,0.5496481994340694
5.586111478514714,-0.8079170278729753,1.5538461538461539,0.0,2.5,0.5497292791380655
5.586111478514714,-0.7979170278729755,1.5538461538461539,0.0,2.5,0.5414657993917728
5.586111478514714,-0.7879170278729757,1.5538461538461539,0.0,2.5,0.5261635168140183
5.586111478514714,-0.7779170278729759,1.5538461538461539,0.0,2.5,0.5342812582137275
5.586111478514714,-0.7679170278729761,1.5538461538461539,0.0,2.5,0.5151762115291761
5.586111478514714,-0.7579170278729763,1.5538461538461539,0.0,2.5,0.499320402380026
5.586111478514714,-0.7479170278729765,1.5538461538461539,0.0,2.5,0.4946140642855959
5.586111478514714,-0.7379170278729767,1.5538461538461539,0.0,2.5,0.5571053433087002
5.586111478514714,-0.727917027872977,1.5538461538461539,0.0,2.5,0.5765384890462955
5.586111478514714,-0.7179170278729772,1.2526126248932905,0.0,2.5,0.5593066543731986
5.586111478514714,-0.7079170278729774,0.9440000000000001,0.0,2.5,0.5666687283466071
5.586111478514714,-0.6979170278729776,0.9440000000000001,0.0,2.5,0.5493228819441143
5.586111478514714,-0.6879170278729778,0.9440000000000001,0.0,2.5,0.48688747157683887
5.586111478514714,-0.677917027872978,0.9440000000000001,0.0,2.5,0.44021675474056354
5.586111478514714,-0.6679170278729782,0.9440000000000001,0.0,2.5,0.42792320873201883
5.586111478514714,-0.6579170278729785,0.9440000000000001,0.0,2.5,0.4367487582928519
5.586111478514714,-0.6479170278729787,0.9440000000000001,0.0,2.5,0.4378448379115944
5.586111478514714,-0.6379170278729789,0.9440000000000001,0.0,2.5,0.44405014087196926
5.586111478514714,-0.6279170278729791,0.9440000000000001,0.0,2.5,0.48083762798277196
5.586111478514714,-0.6179170278729793,0.9440000000000001,0.0,2.5,0.49792450038152586
5.586111478514714,-0.6079170278729795,1.5538461538461539,0.0,2.5,0.5011958697904408
5.586111478514714,-0.5979170278729797,1.5538461538461539,0.0,2.5,0.49445102662123047
5.586111478514714,-0.58791702787298,1.5538461538461539,0.0,2.5,0.4919638536866041
5.586111478514714,-0.5779170278729802,1.5538461538461539,0.0,2.5,0.495577227039918
5.586111478514714,-0.5679170278729804,1.5538461538461539,0.0,2.5,0.49350329312499697
5.586111478514714,-0.5579170278729806,1.5538461538461539,0.0,2.5,0.49836886554871823
5.586111478514714,-0.5479170278729808,1.5538461538461539,0.0,2.5,0.5051021903251699
5.586111478514714,-0.537917027872981,1.5538461538461539,0.0,2.5,0.5089451196635641
5.586111478514714,-0.5279170278729812,1.5538461538461539,0.0,2.5,0.5071791287587234
5.586111478514714,-0.5179170278729814,1.5538461538461539,0.0,2.5,0.4888763367255037
5.586111478514714,-0.5079170278729817,1.5538461538461539,0.0,2.5,0.48201002898214623
5.586111478514714,-0.49791702787298187,0.9440000000000001,0.0,2.5,0.43968706020904297
5.586111478514714,-0.4879170278729821,1.5538461538461539,0.0,2.5,0.5014982110120667
5.586111478514714,-0.4779170278729823,1.5538461538461539,0.0,2.5,0.48568320670326764
5.586111478514714,-0.4679170278729825,1.5538461538461539,0.0,2.5,0.494008290394119
5.586111478514714,-0.4579170278729827,1.5538461538461539,0.0,2.5,0.494977678149221
5.586111478514714,-0.44791702787298293,1.5538461538461539,0.0,2.5,0.494977678149221
5.586111478514714,-0.43791702787298314,1.5538461538461539,0.0,2.5,0.494977678149221
5.586111478514714,-0.42791702787298336,1.5538461538461539,0.0,2.5,0.494977678149221
5.586111478514714,-0.41791702787298357,1.5538461538461539,0.0,2.5,0.5140816616951256
5.586111478514714,-0.4079170278729838,1.5538461538461539,0.0,2.5,0.499543871805853
5.596111478514714,-1.6379170278729576,2.2487684532590837,0.0,2.5,0.5832760674021896
5.596111478514714,-1.6279170278729578,1.5538461538461539,0.0,2.5,0.5832950968265153
5.596111478514714,-1.617917027872958,1.5538461538461539,0.0,2.5,0.5960705130818565
5.596111478514714,-1.6079170278729582,1.5538461538461539,0.0,2.5,0.5919201247455351
5.596111478514714,-1.5979170278729584,1.5538461538461539,0.0,2.5,0.6020789230203004
5.596111478514714,-1.5879170278729586,1.5538461538461539,0.0,2.5,0.6149653400590047
5.596111478514714,-1.5779170278729588,1.5538461538461539,0.0,2.5,0.6304966624785638
5.596111478514714,-1.567917027872959,1.5538461538461539,0.0,2.5,0.643841195890964
5.596111478514714,-1.5579170278729593,1.5538461538461539,0.0,2.5,0.6603742894122564
5.596111478514714,-1.5479170278729595,2.2883333333333336,0.0,2.5,0.6775693374792379
5.596111478514714,-1.5379170278729597,2.2883333333333336,0.0,2.5,0.7157891991666208
5.596111478514714,-1.52791702787296,2.2883333333333336,0.0,2.5,0.7142283678781965
5.596111478514714,-1.5179170278729601,2.2883333333333336,0.0,2.5,0.7266737566826489
5.596111478514714,-1.5079170278729603,2.5,0.0,2.5,0.7259975582994199
5.596111478514714,-1.4979170278729605,2.5,0.0,2.5,0.6733139174187218
5.596111478514714,-1.4879170278729608,2.5,0.0,2.5,0.616719388995124
5.596111478514714,-1.477917027872961,2.2883333333333336,0.0,2.5,0.5641146869903911
5.596111478514714,-1.4679170278729612,2.2883333333333336,0.0,2.5,0.6301683402194184
5.596111478514714,-1.4579170278729614,2.5,0.0,2.5,0.7143828562458174
5.596111478514714,-1.4479170278729616,2.5,0.0,2.5,0.679020718438879
5.596111478514714,-1.4379170278729618,2.5,0.0,2.5,0.7038480920195974
5.596111478514714,-1.427917027872962,2.5,0.0,2.5,0.6982765104982119
5.596111478514714,-1.4179170278729623,2.2883333333333336,0.0,2.5,0.7050516951976378
5.596111478514714,-1.4079170278729625,2.2883333333333336,0.0,2.5,0.6970758256579552
5.596111478514714,-1.3979170278729627,2.2883333333333336,0.0,2.5,0.6651621673827997
5.596111478514714,-1.387917027872963,2.2883333333333336,0.0,2.5,0.652281493973842
5.596111478514714,-1.377917027872963,2.2883333333333336,0.0,2.5,0.6357938176189695
5.596111478514714,-1.3679170278729633,2.2883333333333336,0.0,2.5,0.6056063535911171
5.596111478514714,-1.3579170278729635,2.2883333333333336,0.0,2.5,0.610740714159391
5.596111478514714,-1.3479170278729637,2.2883333333333336,0.0,2.5,0.6050406615222041
5.596111478514714,-1.337917027872964,1.8373160827394825,0.0,2.5,0.5886136900213533
5.596111478514714,-1.3279170278729642,1.5538461538461539,0.0,2.5,0.5666986574152492
5.596111478514714,-1.3179170278729644,1.5538461538461539,0.0,2.5,0.5594452604443064
5.596111478514714,-1.3079170278729646,1.5538461538461539,0.0,2.5,0.5626250400567795
5.596111478514714,-1.2979170278729648,1.5538461538461539,0.0,2.5,0.5569479313327581
5.596111478514714,-1.287917027872965,1.5538461538461539,0.0,2.5,0.5619670609048965
5.596111478514714,-1.2779170278729652,1.5538461538461539,0.0,2.5,0.5626110817453975
5.596111478514714,-1.2679170278729655,1.5538461538461539,0.0,2.5,0.5599907174706553
5.596111478514714,-1.2579170278729657,1.5538461538461539,0.0,2.5,0.5574257800279516
5.596111478514714,-1.2479170278729659,1.5538461538461539,0.0,2.5,0.5605815243279045
5.596111478514714,-1.237917027872966,1.5538461538461539,0.0,2.5,0.5603227141963448
5.596111478514714,-1.2279170278729663,1.5538461538461539,0.0,2.5,0.5570922238870136
5.596111478514714,-1.2179170278729665,1.5538461538461539,0.0,2.5,0.5540142243027582
5.596111478514714,-1.2079170278729667,1.5538461538461539,0.0,2.5,0.5513279516805016
5.596111478514714,-1.197917027872967,1.5538461538461539,0.0,2.5,0.5552574385448275
5.596111478514714,-1.1879170278729672,1.5538461538461539,0.0,2.5,0.5528111521693786
5.596111478514714,-1.1779170278729674,1.5538461538461539,0.0,2.5,0.5380847014275542
5.596111478514714,-1.1679170278729676,1.5538461538461539,0.0,2.5,0.5201256767558197
5.596111478514714,-1.1579170278729678,1.5538461538461539,0.0,2.5,0.49023360367072094
5.596111478514714,-1.147917027872968,1.5538461538461539,0.0,2.5,0.4784143731693134
5.596111478514714,-1.1379170278729682,1.5538461538461539,0.0,2.5,0.47475510089389483
5.596111478514714,-1.1279170278729684,1.5538461538461539,0.0,2.5,0.480697448884492
5.596111478514714,-1.1179170278729686,1.5538461538461539,0.0,2.5,0.4831748830888144
5.596111478514714,-1.1079170278729689,1.5538461538461539,0.0,2.5,0.5124452626417366
5.596111478514714,-1.097917027872969,1.5538461538461539,0.0,2.5,0.5112029899292453
5.596111478514714,-1.0879170278729693,1.5538461538461539,0.0,2.5,0.5068230207614742
5.596111478514714,-1.0779170278729695,2.2314238957943333,0.0,2.5,0.5214385254240449
5.596111478514714,-1.0679170278729697,2.2883333333333336,0.0,2.5,0.526626843554814
5.596111478514714,-1.05791702787297,2.5,0.0,2.5,0.5142273769313465
5.596111478514714,-1.0479170278729701,2.5,0.0,2.5,0.5233519820088518
5.596111478514714,-1.0379170278729704,2.5,0.0,2.5,0.5401047638680198
5.596111478514714,-1.0279170278729706,2.2883333333333336,0.0,2.5,0.5451928965888376
5.596111478514714,-1.0179170278729708,2.2883333333333336,0.0,2.5,0.5558135145982469
5.596111478514714,-1.007917027872971,2.2883333333333336,0.0,2.5,0.5652251909603314
5.596111478514714,-0.9979170278729712,1.5538461538461539,0.0,2.5,0.5471245467045627
5.596111478514714,-0.9879170278729714,1.5538461538461539,0.0,2.5,0.545633255684796
5.596111478514714,-0.9779170278729716,1.5538461538461539,0.0,2.5,0.5376085620624048
5.596111478514714,-0.9679170278729718,2.2883333333333336,0.0,2.5,0.5777448605763013
5.596111478514714,-0.9579170278729721,1.5538461538461539,0.0,2.5,0.5552131211652154
5.596111478514714,-0.9479170278729723,1.5538461538461539,0.0,2.5,0.5337204396548169
5.596111478514714,-0.9379170278729725,1.5538461538461539,0.0,2.5,0.5353427972585441
5.596111478514714,-0.9279170278729727,1.5538461538461539,0.0,2.5,0.5493250647941293
5.596111478514714,-0.9179170278729729,1.5538461538461539,0.0,2.5,0.5391105301934044
5.596111478514714,-0.9079170278729731,1.5538461538461539,0.0,2.5,0.5090110823165006
5.596111478514714,-0.8979170278729733,1.5538461538461539,0.0,2.5,0.5199526716108835
5.596111478514714,-0.8879170278729736,1.5538461538461539,0.0,2.5,0.5327068433201475
5.596111478514714,-0.8779170278729738,1.5538461538461539,0.0,2.5,0.5324181507175841
5.596111478514714,-0.867917027872974,1.5538461538461539,0.0,2.5,0.5243383182182968
5.596111478514714,-0.8579170278729742,1.5538461538461539,0.0,2.5,0.5534352683970977
5.596111478514714,-0.8479170278729744,1.5538461538461539,0.0,2.5,0.556179278678755
5.596111478514714,-0.8379170278729746,1.5538461538461539,0.0,2.5,0.5353065945493958
5.596111478514714,-0.8279170278729748,1.5538461538461539,0.0,2.5,0.5740267947917601
5.596111478514714,-0.817917027872975,1.5538461538461539,0.0,2.5,0.541132920899707
5.596111478514714,-0.8079170278729753,1.5538461538461539,0.0,2.5,0.5519100531097698
5.596111478514714,-0.7979170278729755,1.5538461538461539,0.0,2.5,0.5513411182196497
5.596111478514714,-0.7879170278729757,1.5538461538461539,0.0,2.5,0.5536497533252095
5.596111478514714,-0.7779170278729759,1.5538461538461539,0.0,2.5,0.5102881444900853
5.596111478514714,-0.7679170278729761,1.5538461538461539,0.0,2.5,0.48464535293154626
5.596111478514714,-0.7579170278729763,1.5538461538461539,0.0,2.5,0.4752349919017172
5.596111478514714,-0.7479170278729765,1.5538461538461539,0.0,2.5,0.503018433946978
5.596111478514714,-0.7379170278729767,1.5538461538461539,0.0,2.5,0.5679118526086468
5.596111478514714,-0.727917027872977,1.5538461538461539,0.0,2.5,0.5857811464495182
5.596111478514714,-0.7179170278729772,1.5538461538461539,0.0,2.5,0.5753967049849835
5.596111478514714,-0.7079170278729774,1.5538461538461539,0.0,2.5,0.5991463551608962
5.596111478514714,-0.6979170278729776,1.5538461538461539,0.0,2.5,0.5875657648283049
5.596111478514714,-0.6879170278729778,0.9440000000000001,0.0,2.5,0.498535760806044
5.596111478514714,-0.677917027872978,0.9440000000000001,0.0,2.5,0.4367957004701594
5.596111478514714,-0.6679170278729782,0.9440000000000001,0.0,2.5,0.43473991830398384
5.596111478514714,-0.6579170278729785,0.9440000000000001,0.0,2.5,0.43217835964645274
5.596111478514714,-0.6479170278729787,0.9440000000000001,0.0,2.5,0.4652073310816325
5.596111478514714,-0.6379170278729789,0.9440000000000001,0.0,2.5,0.49594506012851164
5.596111478514714,-0.6279170278729791,0.9440000000000001,0.0,2.5,0.5022289998023283
5.596111478514714,-0.6179170278729793,0.9440000000000001,0.0,2.5,0.5044401194703214
5.596111478514714,-0.6079170278729795,1.5538461538461539,0.0,2.5,0.5069961852110709
5.596111478514714,-0.5979170278729797,1.5538461538461539,0.0,2.5,0.5099690651945249
5.596111478514714,-0.58791702787298,1.5538461538461539,0.0,2.5,0.5115377160586339
5.596111478514714,-0.5779170278729802,1.5538461538461539,0.0,2.5,0.5177692680757405
5.596111478514714,-0.5679170278729804,1.5538461538461539,0.0,2.5,0.5185324553348195
5.596111478514714,-0.5579170278729806,1.5538461538461539,0.0,2.5,0.5269857910656439
5.596111478514714,-0.5479170278729808,1.5538461538461539,0.0,2.5,0.5180117046693531
5.596111478514714,-0.537917027872981,1.5538461538461539,0.0,2.5,0.5142522603773491
5.596111478514714,-0.5279170278729812,1.5538461538461539,0.0,2.5,0.49713022237633736
5.596111478514714,-0.5179170278729814,1.5538461538461539,0.0,2.5,0.49885819562040495
5.596111478514714,-0.5079170278729817,1.5538461538461539,0.0,2.5,0.4986741460581692
5.596111478514714,-0.49791702787298187,0.9440000000000001,0.0,2.5,0.45740135596803677
5.596111478514714,-0.4879170278729821,1.5538461538461539,0.0,2.5,0.5030448752812423
5.596111478514714,-0.4779170278729823,1.5538461538461539,0.0,2.5,0.4840165400366009
5.596111478514714,-0.4679170278729825,1.5538461538461539,0.0,2.5,0.494008290394119
5.596111478514714,-0.4579170278729827,1.5538461538461539,0.0,2.5,0.494977678149221
5.596111478514714,-0.44791702787298293,1.5538461538461539,0.0,2.5,0.494977678149221
5.596111478514714,-0.43791702787298314,1.5538461538461539,0.0,2.5,0.4939356306172283
5.596111478514714,-0.42791702787298336,1.5538461538461539,0.0,2.5,0.5259227394295528
5.596111478514714,-0.41791702787298357,1.5538461538461539,0.0,2.5,0.5066230863877449
5.6061114785147135,-1.807917027872954,1.5538461538461539,0.0,2.5,0.5593474324962999
5.6061114785147135,-1.6579170278729571,2.2883333333333336,0.0,2.5,0.602292099744799
5.6061114785147135,-1.6479170278729574,2.2883333333333336,0.0,2.5,0.6030418766236306
5.6061114785147135,-1.6379170278729576,2.2883333333333336,0.0,2.5,0.6082642196971436
5.6061114785147135,-1.6279170278729578,1.5538461538461539,0.0,2.5,0.5996624338726756
5.6061114785147135,-1.617917027872958,1.5538461538461539,0.0,2.5,0.6020436491848907
5.6061114785147135,-1.6079170278729582,1.5538461538461539,0.0,2.5,0.6047638568811783
5.6061114785147135,-1.5979170278729584,1.5538461538461539,0.0,2.5,0.6095719923495208
5.6061114785147135,-1.5879170278729586,1.5538461538461539,0.0,2.5,0.6371407324751487
5.6061114785147135,-1.5779170278729588,1.5538461538461539,0.0,2.5,0.6374765513767979
5.6061114785147135,-1.567917027872959,1.5538461538461539,0.0,2.5,0.6473055665254909
5.6061114785147135,-1.5579170278729593,1.5538461538461539,0.0,2.5,0.6716748961832282
5.6061114785147135,-1.5479170278729595,2.2883333333333336,0.0,2.5,0.7146621944691782
5.6061114785147135,-1.5379170278729597,2.2883333333333336,0.0,2.5,0.7117819981985221
5.6061114785147135,-1.52791702787296,2.2883333333333336,0.0,2.5,0.7139320912610215
5.6061114785147135,-1.5179170278729601,2.2883333333333336,0.0,2.5,0.7302095822617758
5.6061114785147135,-1.5079170278729603,2.2883333333333336,0.0,2.5,0.6747574197755197
5.6061114785147135,-1.4979170278729605,2.5,0.0,2.5,0.6253510085001467
5.6061114785147135,-1.4879170278729608,2.2883333333333336,0.0,2.5,0.5645134820034191
5.6061114785147135,-1.477917027872961,2.2883333333333336,0.0,2.5,0.5655293187944346
5.6061114785147135,-1.4679170278729612,2.2883333333333336,0.0,2.5,0.641913560569179
5.6061114785147135,-1.4579170278729614,2.5,0.0,2.5,0.7223448529812795
5.6061114785147135,-1.4479170278729616,2.5,0.0,2.5,0.6722171321293416
5.6061114785147135,-1.4379170278729618,2.5,0.0,2.5,0.6804533681671076
5.6061114785147135,-1.427917027872962,2.5,0.0,2.5,0.7001605289815704
5.6061114785147135,-1.4179170278729623,2.2883333333333336,0.0,2.5,0.6983045877400915
5.6061114785147135,-1.4079170278729625,2.2883333333333336,0.0,2.5,0.6723889328633493
5.6061114785147135,-1.3979170278729627,2.2883333333333336,0.0,2.5,0.6679451952778571
5.6061114785147135,-1.387917027872963,2.2883333333333336,0.0,2.5,0.6379944597471756
5.6061114785147135,-1.377917027872963,2.2883333333333336,0.0,2.5,0.6361131431270948
5.6061114785147135,-1.3679170278729633,2.2883333333333336,0.0,2.5,0.6068350758957295
5.6061114785147135,-1.3579170278729635,2.2883333333333336,0.0,2.5,0.6136464091138809
5.6061114785147135,-1.3479170278729637,2.2883333333333336,0.0,2.5,0.603470991556484
5.6061114785147135,-1.337917027872964,2.187366177940314,0.0,2.5,0.5937023191501297
5.6061114785147135,-1.3279170278729642,1.5538461538461539,0.0,2.5,0.5563491090924945
5.6061114785147135,-1.3179170278729644,1.5538461538461539,0.0,2.5,0.5601300068902337
5.6061114785147135,-1.3079170278729646,1.5538461538461539,0.0,2.5,0.5626250400567795
5.6061114785147135,-1.2979170278729648,1.5538461538461539,0.0,2.5,0.5646187344272486
5.6061114785147135,-1.287917027872965,1.5538461538461539,0.0,2.5,0.5656751714786203
5.6061114785147135,-1.2779170278729652,1.5538461538461539,0.0,2.5,0.5705063197190289
5.6061114785147135,-1.2679170278729655,1.5538461538461539,0.0,2.5,0.595292669387335
5.6061114785147135,-1.2579170278729657,1.5538461538461539,0.0,2.5,0.6065115653451649
5.6061114785147135,-1.2479170278729659,1.5538461538461539,0.0,2.5,0.5934462999805923
5.6061114785147135,-1.237917027872966,1.5538461538461539,0.0,2.5,0.608130009033791
5.6061114785147135,-1.2279170278729663,2.2753219338211443,0.0,2.5,0.6105986621088964
5.6061114785147135,-1.2179170278729665,2.283265617778839,0.0,2.5,0.6004781429952195
5.6061114785147135,-1.2079170278729667,2.2287684810839283,0.0,2.5,0.5933320155165095
5.6061114785147135,-1.197917027872967,1.5538461538461539,0.0,2.5,0.5830022088469776
5.6061114785147135,-1.1879170278729672,1.5538461538461539,0.0,2.5,0.5639965136858992
5.6061114785147135,-1.1779170278729674,1.5538461538461539,0.0,2.5,0.562438297138723
5.6061114785147135,-1.1679170278729676,1.5538461538461539,0.0,2.5,0.5586296173121125
5.6061114785147135,-1.1579170278729678,1.5538461538461539,0.0,2.5,0.5434382917243952
5.6061114785147135,-1.147917027872968,2.180677661185015,0.0,2.5,0.541221445605071
5.6061114785147135,-1.1379170278729682,1.5538461538461539,0.0,2.5,0.5416446907193868
5.6061114785147135,-1.1279170278729684,2.2883333333333336,0.0,2.5,0.550743669761265
5.6061114785147135,-1.1179170278729686,2.2883333333333336,0.0,2.5,0.5514642312788669
5.6061114785147135,-1.1079170278729689,1.5538461538461539,0.0,2.5,0.5488411621406482
5.6061114785147135,-1.097917027872969,1.5538461538461539,0.0,2.5,0.5435058884217077
5.6061114785147135,-1.0879170278729693,1.5538461538461539,0.0,2.5,0.5406734609914821
5.6061114785147135,-1.0779170278729695,2.2883333333333336,0.0,2.5,0.5440806359756554
5.6061114785147135,-1.0679170278729697,2.2883333333333336,0.0,2.5,0.5276438792492767
5.6061114785147135,-1.05791702787297,2.5,0.0,2.5,0.5270947190972093
5.6061114785147135,-1.0479170278729701,2.5,0.0,2.5,0.5476185538835999
5.6061114785147135,-1.0379170278729704,2.5,0.0,2.5,0.5487738284016198
5.6061114785147135,-1.0279170278729706,2.2883333333333336,0.0,2.5,0.5701854181522058
5.6061114785147135,-1.0179170278729708,2.2883333333333336,0.0,2.5,0.5744304856289368
5.6061114785147135,-1.007917027872971,2.2883333333333336,0.0,2.5,0.5656530432627733
5.6061114785147135,-0.9979170278729712,2.2369052591500225,0.0,2.5,0.5616701746824103
5.6061114785147135,-0.9879170278729714,2.257553419166874,0.0,2.5,0.5650154042419949
5.6061114785147135,-0.9779170278729716,1.5538461538461539,0.0,2.5,0.5363672579986353
5.6061114785147135,-0.9679170278729718,2.2883333333333336,0.0,2.5,0.5376422391763388
5.6061114785147135,-0.9579170278729721,1.5538461538461539,0.0,2.5,0.5619284588144384
5.6061114785147135,-0.9479170278729723,1.5538461538461539,0.0,2.5,0.530300298539026
5.6061114785147135,-0.9379170278729725,1.5538461538461539,0.0,2.5,0.5067313195559552
5.6061114785147135,-0.9279170278729727,1.5538461538461539,0.0,2.5,0.5249686317292127
5.6061114785147135,-0.9179170278729729,1.5538461538461539,0.0,2.5,0.5256816497077986
5.6061114785147135,-0.9079170278729731,1.5538461538461539,0.0,2.5,0.5351951598163605
5.6061114785147135,-0.8979170278729733,1.5538461538461539,0.0,2.5,0.5340836055612034
5.6061114785147135,-0.8879170278729736,1.5538461538461539,0.0,2.5,0.5448115639881865
5.6061114785147135,-0.8779170278729738,1.5538461538461539,0.0,2.5,0.5890898017300986
5.6061114785147135,-0.867917027872974,1.5538461538461539,0.0,2.5,0.538915146777332
5.6061114785147135,-0.8579170278729742,1.5538461538461539,0.0,2.5,0.5430185886655394
5.6061114785147135,-0.8479170278729744,1.5538461538461539,0.0,2.5,0.5526863973066173
5.6061114785147135,-0.8379170278729746,1.5538461538461539,0.0,2.5,0.548128570413107
5.6061114785147135,-0.8279170278729748,1.5538461538461539,0.0,2.5,0.5482706124235064
5.6061114785147135,-0.817917027872975,1.5538461538461539,0.0,2.5,0.5520992540080683
5.6061114785147135,-0.8079170278729753,1.5538461538461539,0.0,2.5,0.5588284398177648
5.6061114785147135,-0.7979170278729755,1.5538461538461539,0.0,2.5,0.5738039836566864
5.6061114785147135,-0.7879170278729757,1.5538461538461539,0.0,2.5,0.5643867234926165
5.6061114785147135,-0.7779170278729759,1.5538461538461539,0.0,2.5,0.5437008721578268
5.6061114785147135,-0.7679170278729761,1.5538461538461539,0.0,2.5,0.5303905384642686
5.6061114785147135,-0.7579170278729763,1.5538461538461539,0.0,2.5,0.5166192191941327
5.6061114785147135,-0.7479170278729765,1.5538461538461539,0.0,2.5,0.5572234961717637
5.6061114785147135,-0.7379170278729767,1.5538461538461539,0.0,2.5,0.5835888680075716
5.6061114785147135,-0.727917027872977,1.5538461538461539,0.0,2.5,0.5886111612692594
5.6061114785147135,-0.7179170278729772,1.5538461538461539,0.0,2.5,0.595123486951011
5.6061114785147135,-0.7079170278729774,1.5538461538461539,0.0,2.5,0.6068203440195655
5.6061114785147135,-0.6979170278729776,1.5538461538461539,0.0,2.5,0.586853052857676
5.6061114785147135,-0.6879170278729778,1.1608991759138911,0.0,2.5,0.5245479690442326
5.6061114785147135,-0.677917027872978,0.9440000000000001,0.0,2.5,0.46407778511911524
5.6061114785147135,-0.6679170278729782,0.9440000000000001,0.0,2.5,0.44301354249935004
5.6061114785147135,-0.6579170278729785,0.9440000000000001,0.0,2.5,0.47279668608874137
5.6061114785147135,-0.6479170278729787,1.2483240604672212,0.0,2.5,0.4918614125394754
5.6061114785147135,-0.6379170278729789,1.5538461538461539,0.0,2.5,0.5047069511705953
5.6061114785147135,-0.6279170278729791,1.1457774378701644,0.0,2.5,0.5164722877777234
5.6061114785147135,-0.6179170278729793,0.9440000000000001,0.0,2.5,0.5131538658800873
5.6061114785147135,-0.6079170278729795,1.0081382797293963,0.0,2.5,0.5108323570384085
5.6061114785147135,-0.5979170278729797,1.5538461538461539,0.0,2.5,0.5202367457531422
5.6061114785147135,-0.58791702787298,1.5538461538461539,0.0,2.5,0.5273944908353502
5.6061114785147135,-0.5779170278729802,1.5538461538461539,0.0,2.5,0.5274335838134684
5.6061114785147135,-0.5679170278729804,0.9440000000000001,0.0,2.5,0.4846178614913585
5.6061114785147135,-0.5579170278729806,1.5538461538461539,0.0,2.5,0.5144489135811262
5.6061114785147135,-0.5479170278729808,1.5538461538461539,0.0,2.5,0.500802611323829
5.6061114785147135,-0.537917027872981,1.5538461538461539,0.0,2.5,0.5055962362006567
5.6061114785147135,-0.5279170278729812,1.5538461538461539,0.0,2.5,0.5162850813815797
5.6061114785147135,-0.5179170278729814,1.5538461538461539,0.0,2.5,0.5187133980984155
5.6061114785147135,-0.5079170278729817,1.4778537580964448,0.0,2.5,0.48193721834672526
5.6061114785147135,-0.49791702787298187,0.9440000000000001,0.0,2.5,0.452499201286934
5.6061114785147135,-0.4879170278729821,1.5538461538461539,0.0,2.5,0.5033012939777531
5.6061114785147135,-0.4779170278729823,1.5538461538461539,0.0,2.5,0.4840165400366009
5.6061114785147135,-0.4679170278729825,1.5538461538461539,0.0,2.5,0.494008290394119
5.6061114785147135,-0.4579170278729827,1.5538461538461539,0.0,2.5,0.494977678149221
5.6061114785147135,-0.44791702787298293,1.5538461538461539,0.0,2.5,0.525666320733042
5.6061114785147135,-0.43791702787298314,1.5538461538461539,0.0,2.5,0.5034276764133048
5.616111478514713,-1.8179170278729537,1.5538461538461539,0.0,2.5,0.5627962153648505
5.616111478514713,-1.807917027872954,1.5538461538461539,0.0,2.5,0.5701805196015488
5.616111478514713,-1.7979170278729542,1.5538461538461539,0.0,2.5,0.567166305959787
5.616111478514713,-1.7879170278729544,1.5538461538461539,0.0,2.5,0.5675289013796344
5.616111478514713,-1.7779170278729546,1.5538461538461539,0.0,2.5,0.5668454481422243
5.616111478514713,-1.667917027872957,2.2006446833975906,0.0,2.5,0.6039837398866711
5.616111478514713,-1.6579170278729571,2.2883333333333336,0.0,2.5,0.6044208076302074
5.616111478514713,-1.6479170278729574,2.2883333333333336,0.0,2.5,0.6033677794453906
5.616111478514713,-1.6379170278729576,2.2883333333333336,0.0,2.5,0.5986604892299706
5.616111478514713,-1.6279170278729578,1.5538461538461539,0.0,2.5,0.5828867161615033
5.616111478514713,-1.617917027872958,1.5538461538461539,0.0,2.5,0.5954380163515027
5.616111478514713,-1.6079170278729582,1.5538461538461539,0.0,2.5,0.6237951988857259
5.616111478514713,-1.5979170278729584,1.5538461538461539,0.0,2.5,0.6373348325253859
5.616111478514713,-1.5879170278729586,1.5538461538461539,0.0,2.5,0.6465899706296707
5.616111478514713,-1.5779170278729588,1.5538461538461539,0.0,2.5,0.6400287730045452
5.616111478514713,-1.567917027872959,1.5538461538461539,0.0,2.5,0.6638596727511415
5.616111478514713,-1.5579170278729593,2.2883333333333336,0.0,2.5,0.7019077326665681
5.616111478514713,-1.5479170278729595,2.2883333333333336,0.0,2.5,0.7014712084387241
5.616111478514713,-1.5379170278729597,2.2883333333333336,0.0,2.5,0.7100349418017999
5.616111478514713,-1.52791702787296,2.2883333333333336,0.0,2.5,0.7149501514355464
5.616111478514713,-1.5179170278729601,2.2883333333333336,0.0,2.5,0.6748639039511081
5.616111478514713,-1.5079170278729603,2.2883333333333336,0.0,2.5,0.617839938438822
5.616111478514713,-1.4979170278729605,2.2883333333333336,0.0,2.5,0.5584901804244375
5.616111478514713,-1.4879170278729608,2.5,0.0,2.5,0.5976866469410362
5.616111478514713,-1.477917027872961,2.2883333333333336,0.0,2.5,0.5542585091077586
5.616111478514713,-1.4679170278729612,2.2883333333333336,0.0,2.5,0.673525375060497
5.616111478514713,-1.4579170278729614,2.5,0.0,2.5,0.6982931639954415
5.616111478514713,-1.4479170278729616,2.5,0.0,2.5,0.6714431458221103
5.616111478514713,-1.4379170278729618,2.5,0.0,2.5,0.689234773139509
5.616111478514713,-1.427917027872962,2.5,0.0,2.5,0.7001353826052674
5.616111478514713,-1.4179170278729623,2.2883333333333336,0.0,2.5,0.6756465370678916
5.616111478514713,-1.4079170278729625,2.2883333333333336,0.0,2.5,0.6662493114347351
5.616111478514713,-1.3979170278729627,2.2883333333333336,0.0,2.5,0.6524944301574264
5.616111478514713,-1.387917027872963,2.2883333333333336,0.0,2.5,0.627724353682616
5.616111478514713,-1.377917027872963,2.2883333333333336,0.0,2.5,0.636151643631729
5.616111478514713,-1.3679170278729633,2.2883333333333336,0.0,2.5,0.63062536786531
5.616111478514713,-1.3579170278729635,2.2883333333333336,0.0,2.5,0.6133198057308243
5.616111478514713,-1.3479170278729637,2.2883333333333336,0.0,2.5,0.602912725106809
5.616111478514713,-1.337917027872964,2.23358227015427,0.0,2.5,0.5992613957664047
5.616111478514713,-1.3279170278729642,1.5538461538461539,0.0,2.5,0.5613608548164253
5.616111478514713,-1.3179170278729644,1.5538461538461539,0.0,2.5,0.5548248141870721
5.616111478514713,-1.3079170278729646,1.5538461538461539,0.0,2.5,0.5542107075807544
5.616111478514713,-1.2979170278729648,1.5538461538461539,0.0,2.5,0.5620238527398406
5.616111478514713,-1.287917027872965,1.5538461538461539,0.0,2.5,0.558633552944414
5.616111478514713,-1.2779170278729652,1.5538461538461539,0.0,2.5,0.5674481722529813
5.616111478514713,-1.2679170278729655,1.5538461538461539,0.0,2.5,0.5677287146745962
5.616111478514713,-1.2579170278729657,1.5538461538461539,0.0,2.5,0.5632774892015574
5.616111478514713,-1.2479170278729659,1.5538461538461539,0.0,2.5,0.5922558152213216
5.616111478514713,-1.237917027872966,1.5538461538461539,0.0,2.5,0.6018999098359983
5.616111478514713,-1.2279170278729663,2.2269565012896484,0.0,2.5,0.6039398007763584
5.616111478514713,-1.2179170278729665,2.250691049418086,0.0,2.5,0.5965163943407723
5.616111478514713,-1.2079170278729667,2.259382644503289,0.0,2.5,0.5971430484551546
5.616111478514713,-1.197917027872967,1.5538461538461539,0.0,2.5,0.5694016520614734
5.616111478514713,-1.1879170278729672,1.5538461538461539,0.0,2.5,0.5311404537278313
5.616111478514713,-1.1779170278729674,1.5538461538461539,0.0,2.5,0.5207277704083407
5.616111478514713,-1.1679170278729676,1.5538461538461539,0.0,2.5,0.5176548860566675
5.616111478514713,-1.1579170278729678,1.5538461538461539,0.0,2.5,0.49757581071651646
5.616111478514713,-1.147917027872968,1.5538461538461539,0.0,2.5,0.5160929347553618
5.616111478514713,-1.1379170278729682,1.5538461538461539,0.0,2.5,0.5249569361617457
5.616111478514713,-1.1279170278729684,1.5538461538461539,0.0,2.5,0.5394588165076899
5.616111478514713,-1.1179170278729686,2.27611183018952,0.0,2.5,0.5349271906774413
5.616111478514713,-1.1079170278729689,1.5538461538461539,0.0,2.5,0.5182583552497996
5.616111478514713,-1.097917027872969,1.5538461538461539,0.0,2.5,0.5287630564740123
5.616111478514713,-1.0879170278729693,1.5538461538461539,0.0,2.5,0.5294286046657233
5.616111478514713,-1.0779170278729695,1.5538461538461539,0.0,2.5,0.5384326252532023
5.616111478514713,-1.0679170278729697,2.2883333333333336,0.0,2.5,0.5182551714950979
5.616111478514713,-1.05791702787297,2.5,0.0,2.5,0.5420481714015353
5.616111478514713,-1.0479170278729701,2.5,0.0,2.5,0.5574818748433237
5.616111478514713,-1.0379170278729704,2.5,0.0,2.5,0.5822029500773082
5.616111478514713,-1.0279170278729706,2.5,0.0,2.5,0.5823654163959944
5.616111478514713,-1.0179170278729708,2.2883333333333336,0.0,2.5,0.5746068094142651
5.616111478514713,-1.007917027872971,2.2883333333333336,0.0,2.5,0.5783473958907679
5.616111478514713,-0.9979170278729712,2.2883333333333336,0.0,2.5,0.5799623954987193
5.616111478514713,-0.9879170278729714,2.1846829289221983,0.0,2.5,0.5567289958694932
5.616111478514713,-0.9779170278729716,2.2883333333333336,0.0,2.5,0.5618579247188229
5.616111478514713,-0.9679170278729718,2.2883333333333336,0.0,2.5,0.5603756275554121
5.616111478514713,-0.9579170278729721,1.5538461538461539,0.0,2.5,0.5526726944883198
5.616111478514713,-0.9479170278729723,1.5538461538461539,0.0,2.5,0.5857690685323109
5.616111478514713,-0.9379170278729725,1.5538461538461539,0.0,2.5,0.5328254844414091
5.616111478514713,-0.9279170278729727,1.5538461538461539,0.0,2.5,0.5406219014647894
5.616111478514713,-0.9179170278729729,1.5538461538461539,0.0,2.5,0.5529967551710523
5.616111478514713,-0.9079170278729731,1.5538461538461539,0.0,2.5,0.6426705465050919
5.616111478514713,-0.8979170278729733,1.5538461538461539,0.0,2.5,0.6465317963569109
5.616111478514713,-0.8879170278729736,1.5538461538461539,0.0,2.5,0.5469305813968639
5.616111478514713,-0.8779170278729738,1.5538461538461539,0.0,2.5,0.6121551503904749
5.616111478514713,-0.867917027872974,0.9440000000000001,0.0,2.5,0.5531026246720252
5.616111478514713,-0.8579170278729742,1.5538461538461539,0.0,2.5,0.5626499346135466
5.616111478514713,-0.8479170278729744,1.5538461538461539,0.0,2.5,0.5552539228989772
5.616111478514713,-0.8379170278729746,1.5538461538461539,0.0,2.5,0.5592569987651893
5.616111478514713,-0.8279170278729748,1.5538461538461539,0.0,2.5,0.5856630970928959
5.616111478514713,-0.817917027872975,1.5538461538461539,0.0,2.5,0.5748669683218154
5.616111478514713,-0.8079170278729753,1.5538461538461539,0.0,2.5,0.5806300936864061
5.616111478514713,-0.7979170278729755,1.5538461538461539,0.0,2.5,0.5685666037299605
5.616111478514713,-0.7879170278729757,1.5538461538461539,0.0,2.5,0.5684911604738825
5.616111478514713,-0.7779170278729759,1.5538461538461539,0.0,2.5,0.562846421570933
5.616111478514713,-0.7679170278729761,1.5538461538461539,0.0,2.5,0.5579872191199167
5.616111478514713,-0.7579170278729763,1.5538461538461539,0.0,2.5,0.5767404602589224
5.616111478514713,-0.7479170278729765,1.5538461538461539,0.0,2.5,0.5698861307664013
5.616111478514713,-0.7379170278729767,1.5538461538461539,0.0,2.5,0.5918573904481704
5.616111478514713,-0.727917027872977,1.5538461538461539,0.0,2.5,0.605057853081293
5.616111478514713,-0.7179170278729772,1.5538461538461539,0.0,2.5,0.6094843456445489
5.616111478514713,-0.7079170278729774,1.5538461538461539,0.0,2.5,0.6044053835297515
5.616111478514713,-0.6979170278729776,1.5538461538461539,0.0,2.5,0.6088250445451767
5.616111478514713,-0.6879170278729778,1.5538461538461539,0.0,2.5,0.5808108851056221
5.616111478514713,-0.677917027872978,1.5538461538461539,0.0,2.5,0.5488784996473915
5.616111478514713,-0.6679170278729782,1.5538461538461539,0.0,2.5,0.49326692723676197
5.616111478514713,-0.6579170278729785,1.5538461538461539,0.0,2.5,0.5218421215400549
5.616111478514713,-0.6479170278729787,1.5538461538461539,0.0,2.5,0.5545921766222079
5.616111478514713,-0.6379170278729789,1.5538461538461539,0.0,2.5,0.5509116771510553
5.616111478514713,-0.6279170278729791,1.5538461538461539,0.0,2.5,0.5525171772139372
5.616111478514713,-0.6179170278729793,1.5538461538461539,0.0,2.5,0.5531224011374883
5.616111478514713,-0.6079170278729795,1.5538461538461539,0.0,2.5,0.5565748593464545
5.616111478514713,-0.5979170278729797,1.5538461538461539,0.0,2.5,0.554587334862225
5.616111478514713,-0.58791702787298,1.5538461538461539,0.0,2.5,0.5487620228409685
5.616111478514713,-0.5779170278729802,1.5538461538461539,0.0,2.5,0.5410456381993863
5.616111478514713,-0.5679170278729804,1.5538461538461539,0.0,2.5,0.5410583250091541
5.616111478514713,-0.5579170278729806,1.5538461538461539,0.0,2.5,0.542041996552756
5.616111478514713,-0.5479170278729808,1.5538461538461539,0.0,2.5,0.5560894378660816
5.616111478514713,-0.537917027872981,1.5538461538461539,0.0,2.5,0.5434790852096497
5.616111478514713,-0.5279170278729812,1.5538461538461539,0.0,2.5,0.49341120027947427
5.616111478514713,-0.5179170278729814,1.5538461538461539,0.0,2.5,0.512052030469051
5.616111478514713,-0.5079170278729817,0.9440000000000001,0.0,2.5,0.4793502068236165
5.616111478514713,-0.49791702787298187,0.9440000000000001,0.0,2.5,0.4379859044031967
5.616111478514713,-0.4879170278729821,1.5538461538461539,0.0,2.5,0.5033012939777531
5.616111478514713,-0.4779170278729823,1.3417190089524575,0.0,2.5,0.4840165400366009
5.616111478514713,-0.4679170278729825,1.5538461538461539,0.0,2.5,0.4929662428621263
5.616111478514713,-0.4579170278729827,1.5538461538461539,0.0,2.5,0.525126136279814
5.616111478514713,-0.44791702787298293,1.5538461538461539,0.0,2.5,0.513726039556435
5.626111478514713,-1.8179170278729537,1.5538461538461539,0.0,2.5,0.5584954560228664
5.626111478514713,-1.807917027872954,1.5538461538461539,0.0,2.5,0.586121803676917
5.626111478514713,-1.7979170278729542,1.5538461538461539,0.0,2.5,0.5796024370003856
5.626111478514713,-1.7879170278729544,1.5538461538461539,0.0,2.5,0.5781419708297421
5.626111478514713,-1.7779170278729546,1.5538461538461539,0.0,2.5,0.5809475263852975
5.626111478514713,-1.7679170278729548,1.5538461538461539,0.0,2.5,0.5775097841998157
5.626111478514713,-1.757917027872955,1.5538461538461539,0.0,2.5,0.5803057627924155
5.626111478514713,-1.7479170278729552,1.5538461538461539,0.0,2.5,0.5720119480726338
5.626111478514713,-1.6879170278729565,2.2883333333333336,0.0,2.5,0.6104407757779534
5.626111478514713,-1.6779170278729567,2.2883333333333336,0.0,2.5,0.5989449407373112
5.626111478514713,-1.667917027872957,2.009014172627328,0.0,2.5,0.6070589279303136
5.626111478514713,-1.6579170278729571,2.2883333333333336,0.0,2.5,0.6010396006487985
5.626111478514713,-1.6479170278729574,2.2883333333333336,0.0,2.5,0.6022531571128142
5.626111478514713,-1.6379170278729576,2.2883333333333336,0.0,2.5,0.6015146032053191
5.626111478514713,-1.6279170278729578,1.5538461538461539,0.0,2.5,0.6026629135447434
5.626111478514713,-1.617917027872958,1.5538461538461539,0.0,2.5,0.6147903323757896
5.626111478514713,-1.6079170278729582,1.5538461538461539,0.0,2.5,0.6335960397101745
5.626111478514713,-1.5979170278729584,1.5538461538461539,0.0,2.5,0.6359543168126348
5.626111478514713,-1.5879170278729586,1.5538461538461539,0.0,2.5,0.6459607116351403
5.626111478514713,-1.5779170278729588,1.5538461538461539,0.0,2.5,0.6628535640070776
5.626111478514713,-1.567917027872959,1.5538461538461539,0.0,2.5,0.6785225679963754
5.626111478514713,-1.5579170278729593,2.2474868908426733,0.0,2.5,0.6890511918333991
5.626111478514713,-1.5479170278729595,2.2883333333333336,0.0,2.5,0.7139444074773585
5.626111478514713,-1.5379170278729597,2.2883333333333336,0.0,2.5,0.6874458179657582
5.626111478514713,-1.52791702787296,2.2883333333333336,0.0,2.5,0.6545270964649655
5.626111478514713,-1.5179170278729601,2.2883333333333336,0.0,2.5,0.6013688356054038
5.626111478514713,-1.5079170278729603,2.2883333333333336,0.0,2.5,0.557121317810707
5.626111478514713,-1.4979170278729605,2.2883333333333336,0.0,2.5,0.5773736198237722
5.626111478514713,-1.4879170278729608,2.5,0.0,2.5,0.5929086211887599
5.626111478514713,-1.477917027872961,2.2883333333333336,0.0,2.5,0.5586934308874199
5.626111478514713,-1.4679170278729612,2.2883333333333336,0.0,2.5,0.6721387070170264
5.626111478514713,-1.4579170278729614,2.5,0.0,2.5,0.6777804462894061
5.626111478514713,-1.4479170278729616,2.5,0.0,2.5,0.6787130787909053
5.626111478514713,-1.4379170278729618,2.5,0.0,2.5,0.6923041055597797
5.626111478514713,-1.427917027872962,2.5,0.0,2.5,0.6901611720285047
5.626111478514713,-1.4179170278729623,2.2883333333333336,0.0,2.5,0.6602391906560522
5.626111478514713,-1.4079170278729625,2.2883333333333336,0.0,2.5,0.6644965837748774
5.626111478514713,-1.3979170278729627,2.2883333333333336,0.0,2.5,0.6533892591501466
5.626111478514713,-1.387917027872963,2.2883333333333336,0.0,2.5,0.6302573574682667
5.626111478514713,-1.377917027872963,2.2883333333333336,0.0,2.5,0.6311081654849807
5.626111478514713,-1.3679170278729633,2.2883333333333336,0.0,2.5,0.6318948144569841
5.626111478514713,-1.3579170278729635,2.2883333333333336,0.0,2.5,0.610707956002833
5.626111478514713,-1.3479170278729637,2.2883333333333336,0.0,2.5,0.6024169525059011
5.626111478514713,-1.337917027872964,2.211593412513034,0.0,2.5,0.596975950811231
5.626111478514713,-1.3279170278729642,1.5538461538461539,0.0,2.5,0.5640751740334004
5.626111478514713,-1.3179170278729644,1.5538461538461539,0.0,2.5,0.5486940215528469
5.626111478514713,-1.3079170278729646,1.5538461538461539,0.0,2.5,0.5608897306951133
5.626111478514713,-1.2979170278729648,1.5538461538461539,0.0,2.5,0.5610966506553283
5.626111478514713,-1.287917027872965,1.5538461538461539,0.0,2.5,0.5617763759287508
5.626111478514713,-1.2779170278729652,1.5538461538461539,0.0,2.5,0.561665394777397
5.626111478514713,-1.2679170278729655,1.5538461538461539,0.0,2.5,0.5589486841253731
5.626111478514713,-1.2579170278729657,1.5538461538461539,0.0,2.5,0.5713352842022461
5.626111478514713,-1.2479170278729659,1.5538461538461539,0.0,2.5,0.5571041948295239
5.626111478514713,-1.237917027872966,1.5538461538461539,0.0,2.5,0.5846959606556907
5.626111478514713,-1.2279170278729663,2.1935442000200402,0.0,2.5,0.5988306896450071
5.626111478514713,-1.2179170278729665,2.1710452129762636,0.0,2.5,0.5864749645688947
5.626111478514713,-1.2079170278729667,1.5538461538461539,0.0,2.5,0.5772932521071015
5.626111478514713,-1.197917027872967,1.5538461538461539,0.0,2.5,0.5644906824096346
5.626111478514713,-1.1879170278729672,1.5538461538461539,0.0,2.5,0.5542998816702476
5.626111478514713,-1.1779170278729674,1.5538461538461539,0.0,2.5,0.5383989006958834
5.626111478514713,-1.1679170278729676,1.5538461538461539,0.0,2.5,0.47100446113395955
5.626111478514713,-1.1579170278729678,1.5538461538461539,0.0,2.5,0.43844656769554397
5.626111478514713,-1.147917027872968,1.5538461538461539,0.0,2.5,0.45058825456524015
5.626111478514713,-1.1379170278729682,1.5538461538461539,0.0,2.5,0.4622632449260494
5.626111478514713,-1.1279170278729684,1.5538461538461539,0.0,2.5,0.4663848079675182
5.626111478514713,-1.1179170278729686,1.5538461538461539,0.0,2.5,0.4623180258703608
5.626111478514713,-1.1079170278729689,1.5538461538461539,0.0,2.5,0.47488946899989143
5.626111478514713,-1.097917027872969,1.5538461538461539,0.0,2.5,0.46751343696876213
5.626111478514713,-1.0879170278729693,1.5538461538461539,0.0,2.5,0.4587079121136542
5.626111478514713,-1.0779170278729695,1.5538461538461539,0.0,2.5,0.445058479120217
5.626111478514713,-1.0679170278729697,2.232341386336914,0.0,2.5,0.4401114835335748
5.626111478514713,-1.05791702787297,2.5,0.0,2.5,0.4353540765559311
5.626111478514713,-1.0479170278729701,2.5,0.0,2.5,0.4568092994092864
5.626111478514713,-1.0379170278729704,2.5,0.0,2.5,0.46490717986331553
5.626111478514713,-1.0279170278729706,2.2883333333333336,0.0,2.5,0.46713605916737994
5.626111478514713,-1.0179170278729708,2.2883333333333336,0.0,2.5,0.524924874667744
5.626111478514713,-1.007917027872971,2.2883333333333336,0.0,2.5,0.5525418655410302
5.626111478514713,-0.9979170278729712,2.2883333333333336,0.0,2.5,0.5821504210562093
5.626111478514713,-0.9879170278729714,2.2883333333333336,0.0,2.5,0.578611659214483
5.626111478514713,-0.9779170278729716,2.2883333333333336,0.0,2.5,0.5904025490196623
5.626111478514713,-0.9679170278729718,2.2883333333333336,0.0,2.5,0.5779265566836519
5.626111478514713,-0.9579170278729721,1.5538461538461539,0.0,2.5,0.5635848900925313
5.626111478514713,-0.9479170278729723,1.5538461538461539,0.0,2.5,0.5312178769523843
5.626111478514713,-0.9379170278729725,1.5538461538461539,0.0,2.5,0.5637332505218331
5.626111478514713,-0.9279170278729727,1.5538461538461539,0.0,2.5,0.5509573007583526
5.626111478514713,-0.9179170278729729,1.5538461538461539,0.0,2.5,0.5733529417079604
5.626111478514713,-0.9079170278729731,1.5538461538461539,0.0,2.5,0.6231794838833502
5.626111478514713,-0.8979170278729733,0.9440000000000001,0.0,2.5,0.5285784854851824
5.626111478514713,-0.8879170278729736,0.9440000000000001,0.0,2.5,0.5030239719216761
5.626111478514713,-0.8779170278729738,0.9440000000000001,0.0,2.5,0.5146845271868398
5.626111478514713,-0.867917027872974,0.9440000000000001,0.0,2.5,0.5612495418867073
5.626111478514713,-0.8579170278729742,0.9440000000000001,0.0,2.5,0.5849535309162662
5.626111478514713,-0.8479170278729744,1.5538461538461539,0.0,2.5,0.582872584386864
5.626111478514713,-0.8379170278729746,1.5538461538461539,0.0,2.5,0.5960320943008323
5.626111478514713,-0.8279170278729748,1.5538461538461539,0.0,2.5,0.6161895322187189
5.626111478514713,-0.817917027872975,1.5538461538461539,0.0,2.5,0.6054318707781065
5.626111478514713,-0.8079170278729753,1.5538461538461539,0.0,2.5,0.6169473993195728
5.626111478514713,-0.7979170278729755,1.5538461538461539,0.0,2.5,0.5928118425605851
5.626111478514713,-0.7879170278729757,1.5538461538461539,0.0,2.5,0.588706682984675
5.626111478514713,-0.7779170278729759,1.5538461538461539,0.0,2.5,0.5857625444235439
5.626111478514713,-0.7679170278729761,1.5538461538461539,0.0,2.5,0.5659298067883511
5.626111478514713,-0.7579170278729763,1.5538461538461539,0.0,2.5,0.5719908767241625
5.626111478514713,-0.7479170278729765,1.5538461538461539,0.0,2.5,0.5764711123203028
5.626111478514713,-0.7379170278729767,1.5538461538461539,0.0,2.5,0.6107387381616597
5.626111478514713,-0.727917027872977,1.5538461538461539,0.0,2.5,0.6179430516555471
5.626111478514713,-0.7179170278729772,1.5538461538461539,0.0,2.5,0.6125275876510359
5.626111478514713,-0.7079170278729774,1.5538461538461539,0.0,2.5,0.6161931580577373
5.626111478514713,-0.6979170278729776,1.5538461538461539,0.0,2.5,0.6025364910579256
5.626111478514713,-0.6879170278729778,1.5538461538461539,0.0,2.5,0.6004589398371029
5.626111478514713,-0.677917027872978,1.5538461538461539,0.0,2.5,0.580318767553418
5.626111478514713,-0.6679170278729782,1.5538461538461539,0.0,2.5,0.572287087127079
5.626111478514713,-0.6579170278729785,1.5538461538461539,0.0,2.5,0.5614463238029993
5.626111478514713,-0.6479170278729787,1.5538461538461539,0.0,2.5,0.561887184018053
5.626111478514713,-0.6379170278729789,1.5538461538461539,0.0,2.5,0.5588869657647334
5.626111478514713,-0.6279170278729791,1.5538461538461539,0.0,2.5,0.5628384772355118
5.626111478514713,-0.6179170278729793,1.5538461538461539,0.0,2.5,0.5572076182099818
5.626111478514713,-0.6079170278729795,1.5538461538461539,0.0,2.5,0.5544831878852193
5.626111478514713,-0.5979170278729797,1.5538461538461539,0.0,2.5,0.5587392703416687
5.626111478514713,-0.58791702787298,1.5538461538461539,0.0,2.5,0.5574961987907894
5.626111478514713,-0.5779170278729802,1.5538461538461539,0.0,2.5,0.5635670795450406
5.626111478514713,-0.5679170278729804,1.5538461538461539,0.0,2.5,0.563144865551249
5.626111478514713,-0.5579170278729806,1.5538461538461539,0.0,2.5,0.5600141977404427
5.626111478514713,-0.5479170278729808,1.5538461538461539,0.0,2.5,0.5612506399082872
5.626111478514713,-0.537917027872981,0.9909184019119708,0.0,2.5,0.4955555178960317
5.626111478514713,-0.5279170278729812,1.5538461538461539,0.0,2.5,0.5230788373841843
5.626111478514713,-0.5179170278729814,0.9440000000000001,0.0,2.5,0.4849036239202761
5.626111478514713,-0.5079170278729817,0.9440000000000001,0.0,2.5,0.48275588228324884
5.626111478514713,-0.49791702787298187,0.9440000000000001,0.0,2.5,0.4522030643229996
5.626111478514713,-0.4879170278729821,1.5538461538461539,0.0,2.5,0.5015003797730416
5.626111478514713,-0.4779170278729823,1.265155713098062,0.0,2.5,0.48568320670326764
5.626111478514713,-0.4679170278729825,1.5538461538461539,0.0,2.5,0.5190552555255629
5.626111478514713,-0.4579170278729827,1.5538461538461539,0.0,2.5,0.517254200820941
5.636111478514713,-1.8279170278729535,1.5538461538461539,0.0,2.5,0.5610549804570766
5.636111478514713,-1.8179170278729537,1.5538461538461539,0.0,2.5,0.5932023619628475
5.636111478514713,-1.807917027872954,1.5538461538461539,0.0,2.5,0.5954738171336679
5.636111478514713,-1.7979170278729542,1.5538461538461539,0.0,2.5,0.600401475007369
5.636111478514713,-1.7879170278729544,1.5538461538461539,0.0,2.5,0.5962038845052754
5.636111478514713,-1.7779170278729546,1.5538461538461539,0.0,2.5,0.5952554914599333
5.636111478514713,-1.7679170278729548,1.5538461538461539,0.0,2.5,0.5886004817064463
5.636111478514713,-1.757917027872955,1.5538461538461539,0.0,2.5,0.5895836951357029
5.636111478514713,-1.7479170278729552,1.5538461538461539,0.0,2.5,0.5888683346420631
5.636111478514713,-1.7379170278729554,1.5538461538461539,0.0,2.5,0.5872806825328734
5.636111478514713,-1.7279170278729556,1.5538461538461539,0.0,2.5,0.5863911528170166
5.636111478514713,-1.7179170278729559,1.5538461538461539,0.0,2.5,0.5717413994280698
5.636111478514713,-1.707917027872956,1.5538461538461539,0.0,2.5,0.5834364452287165
5.636111478514713,-1.6979170278729563,1.5538461538461539,0.0,2.5,0.6122267253779191
5.636111478514713,-1.6879170278729565,2.2883333333333336,0.0,2.5,0.6078988920800539
5.636111478514713,-1.6779170278729567,2.2883333333333336,0.0,2.5,0.6080283156854155
5.636111478514713,-1.667917027872957,1.5538461538461539,0.0,2.5,0.6042075882726188
5.636111478514713,-1.6579170278729571,2.2883333333333336,0.0,2.5,0.6057965758390443
5.636111478514713,-1.6479170278729574,2.2883333333333336,0.0,2.5,0.6130401698487785
5.636111478514713,-1.6379170278729576,2.2883333333333336,0.0,2.5,0.6085407000129341
5.636111478514713,-1.6279170278729578,2.271362356123815,0.0,2.5,0.6207548022106508
5.636111478514713,-1.617917027872958,2.041316167670416,0.0,2.5,0.6223983843674169
5.636111478514713,-1.6079170278729582,2.166996154228018,0.0,2.5,0.6453145429784806
5.636111478514713,-1.5979170278729584,1.5538461538461539,0.0,2.5,0.6406282669682081
5.636111478514713,-1.5879170278729586,1.5538461538461539,0.0,2.5,0.6538749462961503
5.636111478514713,-1.5779170278729588,1.5538461538461539,0.0,2.5,0.6515587263655527
5.636111478514713,-1.567917027872959,1.5538461538461539,0.0,2.5,0.6641769812452959
5.636111478514713,-1.5579170278729593,2.2883333333333336,0.0,2.5,0.7010802066376463
5.636111478514713,-1.5479170278729595,2.2883333333333336,0.0,2.5,0.6672004939291075
5.636111478514713,-1.5379170278729597,1.5538461538461539,0.0,2.5,0.6191707676495597
5.636111478514713,-1.52791702787296,1.5538461538461539,0.0,2.5,0.5848847369587137
5.636111478514713,-1.5179170278729601,2.1907652159577893,0.0,2.5,0.5662849310775739
5.636111478514713,-1.5079170278729603,2.2883333333333336,0.0,2.5,0.5785418043188557
5.636111478514713,-1.4979170278729605,2.5,0.0,2.5,0.6120856593912861
5.636111478514713,-1.4879170278729608,2.5,0.0,2.5,0.5933344934647505
5.636111478514713,-1.477917027872961,2.2883333333333336,0.0,2.5,0.57275781393706
5.636111478514713,-1.4679170278729612,2.2883333333333336,0.0,2.5,0.6611962225331536
5.636111478514713,-1.4579170278729614,2.5,0.0,2.5,0.6763435815494742
5.636111478514713,-1.4479170278729616,2.5,0.0,2.5,0.6781641740940936
5.636111478514713,-1.4379170278729618,2.5,0.0,2.5,0.6829093996814563
5.636111478514713,-1.427917027872962,2.2883333333333336,0.0,2.5,0.6553355425455064
5.636111478514713,-1.4179170278729623,2.2883333333333336,0.0,2.5,0.6525866529563054
5.636111478514713,-1.4079170278729625,2.2883333333333336,0.0,2.5,0.6370087500100315
5.636111478514713,-1.3979170278729627,2.2883333333333336,0.0,2.5,0.6262989135676097
5.636111478514713,-1.387917027872963,2.2883333333333336,0.0,2.5,0.6233336463454435
5.636111478514713,-1.377917027872963,2.2883333333333336,0.0,2.5,0.6227309821200623
5.636111478514713,-1.3679170278729633,2.2883333333333336,0.0,2.5,0.6300596950635268
5.636111478514713,-1.3579170278729635,2.2883333333333336,0.0,2.5,0.6162634795086456
5.636111478514713,-1.3479170278729637,2.2883333333333336,0.0,2.5,0.6012788133792828
5.636111478514713,-1.337917027872964,2.0811522292278273,0.0,2.5,0.590972530105588
5.636111478514713,-1.3279170278729642,1.5538461538461539,0.0,2.5,0.5668408929277462
5.636111478514713,-1.3179170278729644,1.5538461538461539,0.0,2.5,0.5516003203452811
5.636111478514713,-1.3079170278729646,1.5538461538461539,0.0,2.5,0.5602611898435573
5.636111478514713,-1.2979170278729648,1.5538461538461539,0.0,2.5,0.5566800905812308
5.636111478514713,-1.287917027872965,1.5538461538461539,0.0,2.5,0.5619036572323062
5.636111478514713,-1.2779170278729652,1.5538461538461539,0.0,2.5,0.5632175787496732
5.636111478514713,-1.2679170278729655,1.5538461538461539,0.0,2.5,0.5585375143586496
5.636111478514713,-1.2579170278729657,1.5538461538461539,0.0,2.5,0.5672453512300675
5.636111478514713,-1.2479170278729659,1.5538461538461539,0.0,2.5,0.558351030333246
5.636111478514713,-1.237917027872966,1.5538461538461539,0.0,2.5,0.544745888315304
5.636111478514713,-1.2279170278729663,1.5538461538461539,0.0,2.5,0.5586528844644291
5.636111478514713,-1.2179170278729665,1.5538461538461539,0.0,2.5,0.5676213893865226
5.636111478514713,-1.2079170278729667,1.5538461538461539,0.0,2.5,0.5680565777465223
5.636111478514713,-1.197917027872967,1.5538461538461539,0.0,2.5,0.5734959179379825
5.636111478514713,-1.1879170278729672,1.5538461538461539,0.0,2.5,0.5434795020607635
5.636111478514713,-1.1779170278729674,1.5538461538461539,0.0,2.5,0.5216102036271675
5.636111478514713,-1.1679170278729676,1.5538461538461539,0.0,2.5,0.5263527112732143
5.636111478514713,-1.1579170278729678,1.5538461538461539,0.0,2.5,0.5214491567630263
5.636111478514713,-1.147917027872968,1.5538461538461539,0.0,2.5,0.46324584258229323
5.636111478514713,-1.1379170278729682,1.5538461538461539,0.0,2.5,0.4501561690997058
5.636111478514713,-1.1279170278729684,1.5538461538461539,0.0,2.5,0.4872708323080109
5.636111478514713,-1.1179170278729686,1.5538461538461539,0.0,2.5,0.4936747244748808
5.636111478514713,-1.1079170278729689,1.5538461538461539,0.0,2.5,0.4871053656744551
5.636111478514713,-1.097917027872969,1.5538461538461539,0.0,2.5,0.4823689581948756
5.636111478514713,-1.0879170278729693,1.5538461538461539,0.0,2.5,0.4707694098654278
5.636111478514713,-1.0779170278729695,1.5538461538461539,0.0,2.5,0.47728913057759037
5.636111478514713,-1.0679170278729697,2.2883333333333336,0.0,2.5,0.46615098236943747
5.636111478514713,-1.05791702787297,2.5,0.0,2.5,0.463974968973763
5.636111478514713,-1.0479170278729701,2.5,0.0,2.5,0.4667805245293187
5.636111478514713,-1.0379170278729704,2.5,0.0,2.5,0.4768404037148095
5.636111478514713,-1.0279170278729706,2.2883333333333336,0.0,2.5,0.4972931935307572
5.636111478514713,-1.0179170278729708,2.2883333333333336,0.0,2.5,0.5559270719852596
5.636111478514713,-1.007917027872971,2.2883333333333336,0.0,2.5,0.5681257539799706
5.636111478514713,-0.9979170278729712,2.2883333333333336,0.0,2.5,0.5825247441796088
5.636111478514713,-0.9879170278729714,2.2883333333333336,0.0,2.5,0.6015612568241668
5.636111478514713,-0.9779170278729716,2.2883333333333336,0.0,2.5,0.6119508963148735
5.636111478514713,-0.9679170278729718,2.2883333333333336,0.0,2.5,0.6045880962537574
5.636111478514713,-0.9579170278729721,1.5538461538461539,0.0,2.5,0.5715874594270077
5.636111478514713,-0.9479170278729723,1.5538461538461539,0.0,2.5,0.5815192726048257
5.636111478514713,-0.9379170278729725,1.5538461538461539,0.0,2.5,0.5685001280970439
5.636111478514713,-0.9279170278729727,1.5538461538461539,0.0,2.5,0.6030112674121076
5.636111478514713,-0.9179170278729729,1.5538461538461539,0.0,2.5,0.6385516389446533
5.636111478514713,-0.9079170278729731,1.5538461538461539,0.0,2.5,0.573803856436792
5.636111478514713,-0.8979170278729733,0.9440000000000001,0.0,2.5,0.5351446344446166
5.636111478514713,-0.8879170278729736,0.9440000000000001,0.0,2.5,0.5490123339785419
5.636111478514713,-0.8779170278729738,0.9440000000000001,0.0,2.5,0.5400092663880043
5.636111478514713,-0.867917027872974,0.9440000000000001,0.0,2.5,0.5353772770360908
5.636111478514713,-0.8579170278729742,0.9440000000000001,0.0,2.5,0.528034331567434
5.636111478514713,-0.8479170278729744,1.5088056935212693,0.0,2.5,0.5702372175492392
5.636111478514713,-0.8379170278729746,1.5538461538461539,0.0,2.5,0.601548471701763
5.636111478514713,-0.8279170278729748,1.5538461538461539,0.0,2.5,0.6160685403918384
5.636111478514713,-0.817917027872975,1.5538461538461539,0.0,2.5,0.6157214563947174
5.636111478514713,-0.8079170278729753,1.5538461538461539,0.0,2.5,0.6282966930618459
5.636111478514713,-0.7979170278729755,1.5538461538461539,0.0,2.5,0.6241360571467436
5.636111478514713,-0.7879170278729757,1.5538461538461539,0.0,2.5,0.627790637939991
5.636111478514713,-0.7779170278729759,1.5538461538461539,0.0,2.5,0.621641377845317
5.636111478514713,-0.7679170278729761,1.5538461538461539,0.0,2.5,0.6151647669859519
5.636111478514713,-0.7579170278729763,1.5538461538461539,0.0,2.5,0.6023404971727179
5.636111478514713,-0.7479170278729765,1.5538461538461539,0.0,2.5,0.6012610512897989
5.636111478514713,-0.7379170278729767,1.5538461538461539,0.0,2.5,0.6071572161063497
5.636111478514713,-0.727917027872977,1.5538461538461539,0.0,2.5,0.6142009781040131
5.636111478514713,-0.7179170278729772,1.5538461538461539,0.0,2.5,0.6279612895457619
5.636111478514713,-0.7079170278729774,1.5538461538461539,0.0,2.5,0.605776505616304
5.636111478514713,-0.6979170278729776,1.5538461538461539,0.0,2.5,0.614990579810067
5.636111478514713,-0.6879170278729778,1.5538461538461539,0.0,2.5,0.60552363858263
5.636111478514713,-0.677917027872978,1.5538461538461539,0.0,2.5,0.5850014326449618
5.636111478514713,-0.6679170278729782,1.5538461538461539,0.0,2.5,0.5772062970928068
5.636111478514713,-0.6579170278729785,1.5538461538461539,0.0,2.5,0.5618346758938473
5.636111478514713,-0.6479170278729787,1.5538461538461539,0.0,2.5,0.5795717001837677
5.636111478514713,-0.6379170278729789,1.5538461538461539,0.0,2.5,0.5807020126633705
5.636111478514713,-0.6279170278729791,1.5538461538461539,0.0,2.5,0.5740855382900037
5.636111478514713,-0.6179170278729793,1.5538461538461539,0.0,2.5,0.5767775169268055
5.636111478514713,-0.6079170278729795,1.5538461538461539,0.0,2.5,0.5773170404285138
5.636111478514713,-0.5979170278729797,1.5538461538461539,0.0,2.5,0.5856383456674477
5.636111478514713,-0.58791702787298,1.5538461538461539,0.0,2.5,0.5854274136085904
5.636111478514713,-0.5779170278729802,1.5538461538461539,0.0,2.5,0.5790074627103643
5.636111478514713,-0.5679170278729804,1.5538461538461539,0.0,2.5,0.5653872848416723
5.636111478514713,-0.5579170278729806,1.5538461538461539,0.0,2.5,0.5615365559549186
5.636111478514713,-0.5479170278729808,1.5538461538461539,0.0,2.5,0.5240293169860667
5.636111478514713,-0.537917027872981,1.5538461538461539,0.0,2.5,0.528064904062586
5.636111478514713,-0.5279170278729812,1.5538461538461539,0.0,2.5,0.5033187387208315
5.636111478514713,-0.5179170278729814,1.5538461538461539,0.0,2.5,0.4881991842782074
5.636111478514713,-0.5079170278729817,1.5538461538461539,0.0,2.5,0.4974624895971609
5.636111478514713,-0.49791702787298187,0.967255925201781,0.0,2.5,0.45105273607507634
5.636111478514713,-0.4879170278729821,1.5538461538461539,0.0,2.5,0.508550270589612
5.636111478514713,-0.4779170278729823,1.5538461538461539,0.0,2.5,0.5115899466091364
5.636111478514713,-0.4679170278729825,1.5538461538461539,0.0,2.5,0.5148902552427096
5.646111478514713,-1.8279170278729535,1.5538461538461539,0.0,2.5,0.5715459896497486
5.646111478514713,-1.8179170278729537,1.5538461538461539,0.0,2.5,0.6023527826313502
5.646111478514713,-1.807917027872954,1.5538461538461539,0.0,2.5,0.6016298868995114
5.646111478514713,-1.7979170278729542,1.5538461538461539,0.0,2.5,0.5932841468907278
5.646111478514713,-1.7879170278729544,1.5538461538461539,0.0,2.5,0.5916783039576012
5.646111478514713,-1.7779170278729546,1.5538461538461539,0.0,2.5,0.5933449706242678
5.646111478514713,-1.7679170278729548,1.5538461538461539,0.0,2.5,0.592108168210995
5.646111478514713,-1.757917027872955,1.5538461538461539,0.0,2.5,0.5877966197278928
5.646111478514713,-1.7479170278729552,1.5538461538461539,0.0,2.5,0.5865370289070003
5.646111478514713,-1.7379170278729554,1.5538461538461539,0.0,2.5,0.5865370289070003
5.646111478514713,-1.7279170278729556,1.5538461538461539,0.0,2.5,0.5888871488110772
5.646111478514713,-1.7179170278729559,1.5538461538461539,0.0,2.5,0.5754868145247694
5.646111478514713,-1.707917027872956,1.5538461538461539,0.0,2.5,0.6015283819935929
5.646111478514713,-1.6979170278729563,1.5538461538461539,0.0,2.5,0.6039831976186725
5.646111478514713,-1.6879170278729565,1.5538461538461539,0.0,2.5,0.6069036013431649
5.646111478514713,-1.6779170278729567,1.5538461538461539,0.0,2.5,0.6063151151543392
5.646111478514713,-1.667917027872957,1.5538461538461539,0.0,2.5,0.6095394524238525
5.646111478514713,-1.6579170278729571,1.5538461538461539,0.0,2.5,0.6063089766801293
5.646111478514713,-1.6479170278729574,2.2883333333333336,0.0,2.5,0.6112814619315768
5.646111478514713,-1.6379170278729576,2.2883333333333336,0.0,2.5,0.6203032088683359
5.646111478514713,-1.6279170278729578,2.2883333333333336,0.0,2.5,0.6341703098878138
5.646111478514713,-1.617917027872958,2.2883333333333336,0.0,2.5,0.6521294033180791
5.646111478514713,-1.6079170278729582,2.2012623973469028,0.0,2.5,0.6503673100093055
5.646111478514713,-1.5979170278729584,1.5538461538461539,0.0,2.5,0.6590095661734321
5.646111478514713,-1.5879170278729586,1.5538461538461539,0.0,2.5,0.6333079869683919
5.646111478514713,-1.5779170278729588,1.5538461538461539,0.0,2.5,0.6580361686435792
5.646111478514713,-1.567917027872959,1.5538461538461539,0.0,2.5,0.651888862637961
5.646111478514713,-1.5579170278729593,1.5538461538461539,0.0,2.5,0.6641887371576609
5.646111478514713,-1.5479170278729595,1.5538461538461539,0.0,2.5,0.6113617614875175
5.646111478514713,-1.5379170278729597,1.5538461538461539,0.0,2.5,0.5632517624809025
5.646111478514713,-1.52791702787296,1.5538461538461539,0.0,2.5,0.5665873060017925
5.646111478514713,-1.5179170278729601,2.2883333333333336,0.0,2.5,0.5905311265070694
5.646111478514713,-1.5079170278729603,2.2883333333333336,0.0,2.5,0.6121553427476959
5.646111478514713,-1.4979170278729605,2.2883333333333336,0.0,2.5,0.593651932504761
5.646111478514713,-1.4879170278729608,2.5,0.0,2.5,0.5864840725481553
5.646111478514713,-1.477917027872961,2.2883333333333336,0.0,2.5,0.5847387049563613
5.646111478514713,-1.4679170278729612,2.2883333333333336,0.0,2.5,0.6688512861458881
5.646111478514713,-1.4579170278729614,2.5,0.0,2.5,0.6718630086050545
5.646111478514713,-1.4479170278729616,2.5,0.0,2.5,0.6752288067427369
5.646111478514713,-1.4379170278729618,2.5,0.0,2.5,0.6575727995142727
5.646111478514713,-1.427917027872962,2.2883333333333336,0.0,2.5,0.6336366406226512
5.646111478514713,-1.4179170278729623,2.2883333333333336,0.0,2.5,0.6416587786299464
5.646111478514713,-1.4079170278729625,2.2883333333333336,0.0,2.5,0.6242585935240313
5.646111478514713,-1.3979170278729627,2.2883333333333336,0.0,2.5,0.6135358737555822
5.646111478514713,-1.387917027872963,2.2883333333333336,0.0,2.5,0.6124767188883621
5.646111478514713,-1.377917027872963,2.2883333333333336,0.0,2.5,0.6194101622694415
5.646111478514713,-1.3679170278729633,2.2883333333333336,0.0,2.5,0.6276198390965836
5.646111478514713,-1.3579170278729635,2.2883333333333336,0.0,2.5,0.6134462147455136
5.646111478514713,-1.3479170278729637,2.2883333333333336,0.0,2.5,0.6043685023101325
5.646111478514713,-1.337917027872964,2.1775996095880474,0.0,2.5,0.5935594074809123
5.646111478514713,-1.3279170278729642,1.5538461538461539,0.0,2.5,0.5698057081723248
5.646111478514713,-1.3179170278729644,1.5538461538461539,0.0,2.5,0.5604254818564265
5.646111478514713,-1.3079170278729646,1.5538461538461539,0.0,2.5,0.5547171396258723
5.646111478514713,-1.2979170278729648,1.5538461538461539,0.0,2.5,0.5597363855714087
5.646111478514713,-1.287917027872965,1.5538461538461539,0.0,2.5,0.5590009964273094
5.646111478514713,-1.2779170278729652,1.5538461538461539,0.0,2.5,0.5589895141412788
5.646111478514713,-1.2679170278729655,1.5538461538461539,0.0,2.5,0.5598574088972317
5.646111478514713,-1.2579170278729657,1.5538461538461539,0.0,2.5,0.5605866627152356
5.646111478514713,-1.2479170278729659,1.5538461538461539,0.0,2.5,0.5572437570526617
5.646111478514713,-1.237917027872966,1.5538461538461539,0.0,2.5,0.5516058157660406
5.646111478514713,-1.2279170278729663,1.5538461538461539,0.0,2.5,0.5443424111946674
5.646111478514713,-1.2179170278729665,1.5538461538461539,0.0,2.5,0.530130574838092
5.646111478514713,-1.2079170278729667,1.5538461538461539,0.0,2.5,0.5462593525769004
5.646111478514713,-1.197917027872967,1.5538461538461539,0.0,2.5,0.5321121589393262
5.646111478514713,-1.1879170278729672,1.5538461538461539,0.0,2.5,0.5384638722449253
5.646111478514713,-1.1779170278729674,1.5538461538461539,0.0,2.5,0.5304512101723251
5.646111478514713,-1.1679170278729676,1.5538461538461539,0.0,2.5,0.5419641422653136
5.646111478514713,-1.1579170278729678,1.5538461538461539,0.0,2.5,0.5563443206399589
5.646111478514713,-1.147917027872968,2.2076878536881255,0.0,2.5,0.5524650687530467
5.646111478514713,-1.1379170278729682,2.2883333333333336,0.0,2.5,0.5673458694789079
5.646111478514713,-1.1279170278729684,2.2883333333333336,0.0,2.5,0.5574396493718666
5.646111478514713,-1.1179170278729686,2.2883333333333336,0.0,2.5,0.5647669580159294
5.646111478514713,-1.1079170278729689,2.2046274582906484,0.0,2.5,0.5593453534311993
5.646111478514713,-1.097917027872969,1.5538461538461539,0.0,2.5,0.547787205821969
5.646111478514713,-1.0879170278729693,1.5538461538461539,0.0,2.5,0.5357406277453891
5.646111478514713,-1.0779170278729695,1.5538461538461539,0.0,2.5,0.52834559085896
5.646111478514713,-1.0679170278729697,2.2883333333333336,0.0,2.5,0.5206475239254723
5.646111478514713,-1.05791702787297,2.5,0.0,2.5,0.5131185472325044
5.646111478514713,-1.0479170278729701,2.5,0.0,2.5,0.4997583783209357
5.646111478514713,-1.0379170278729704,2.5,0.0,2.5,0.5322503542117688
5.646111478514713,-1.0279170278729706,2.2883333333333336,0.0,2.5,0.5485702977636855
5.646111478514713,-1.0179170278729708,2.2883333333333336,0.0,2.5,0.5685364216150125
5.646111478514713,-1.007917027872971,2.2883333333333336,0.0,2.5,0.5963838509928046
5.646111478514713,-0.9979170278729712,2.2883333333333336,0.0,2.5,0.6136014837106573
5.646111478514713,-0.9879170278729714,2.2883333333333336,0.0,2.5,0.6312852156999317
5.646111478514713,-0.9779170278729716,2.2883333333333336,0.0,2.5,0.6273178343962404
5.646111478514713,-0.9679170278729718,2.2883333333333336,0.0,2.5,0.6078000747413337
5.646111478514713,-0.9579170278729721,2.2883333333333336,0.0,2.5,0.5876266658430471
5.646111478514713,-0.9479170278729723,2.1995228914946474,0.0,2.5,0.5923367184571052
5.646111478514713,-0.9379170278729725,1.5538461538461539,0.0,2.5,0.5941422585917804
5.646111478514713,-0.9279170278729727,1.5538461538461539,0.0,2.5,0.6657407529838467
5.646111478514713,-0.9179170278729729,1.5538461538461539,0.0,2.5,0.6453892692401559
5.646111478514713,-0.9079170278729731,1.5538461538461539,0.0,2.5,0.5563227599359408
5.646111478514713,-0.8979170278729733,1.5473030622710042,0.0,2.5,0.5766573645081289
5.646111478514713,-0.8879170278729736,0.9440000000000001,0.0,2.5,0.5535280983090852
5.646111478514713,-0.8779170278729738,0.9440000000000001,0.0,2.5,0.5496274688475278
5.646111478514713,-0.867917027872974,0.9440000000000001,0.0,2.5,0.5583792437621452
5.646111478514713,-0.8579170278729742,0.9440000000000001,0.0,2.5,0.5640345590976443
5.646111478514713,-0.8479170278729744,0.9440000000000001,0.0,2.5,0.5582352036286493
5.646111478514713,-0.8379170278729746,1.395703338924923,0.0,2.5,0.5505201517635169
5.646111478514713,-0.8279170278729748,1.5538461538461539,0.0,2.5,0.5752520717537754
5.646111478514713,-0.817917027872975,1.5538461538461539,0.0,2.5,0.6215604080902591
5.646111478514713,-0.8079170278729753,1.5538461538461539,0.0,2.5,0.6284103701415376
5.646111478514713,-0.7979170278729755,1.5538461538461539,0.0,2.5,0.6337941004483463
5.646111478514713,-0.7879170278729757,1.5538461538461539,0.0,2.5,0.6288931923830009
5.646111478514713,-0.7779170278729759,1.5538461538461539,0.0,2.5,0.6299402770697753
5.646111478514713,-0.7679170278729761,1.5538461538461539,0.0,2.5,0.6234237269433883
5.646111478514713,-0.7579170278729763,1.5538461538461539,0.0,2.5,0.623107611304697
5.646111478514713,-0.7479170278729765,1.5538461538461539,0.0,2.5,0.6198157719639077
5.646111478514713,-0.7379170278729767,1.5538461538461539,0.0,2.5,0.614183066698252
5.646111478514713,-0.727917027872977,1.5538461538461539,0.0,2.5,0.6281522778710333
5.646111478514713,-0.7179170278729772,1.5538461538461539,0.0,2.5,0.6346496497713761
5.646111478514713,-0.7079170278729774,1.5538461538461539,0.0,2.5,0.6134350076991015
5.646111478514713,-0.6979170278729776,1.5538461538461539,0.0,2.5,0.6099047478838193
5.646111478514713,-0.6879170278729778,1.5538461538461539,0.0,2.5,0.6059669695344332
5.646111478514713,-0.677917027872978,1.5538461538461539,0.0,2.5,0.5950352026895162
5.646111478514713,-0.6679170278729782,1.5538461538461539,0.0,2.5,0.5820544213594262
5.646111478514713,-0.6579170278729785,1.5538461538461539,0.0,2.5,0.581726711056701
5.646111478514713,-0.6479170278729787,1.5538461538461539,0.0,2.5,0.5869988199002385
5.646111478514713,-0.6379170278729789,1.5538461538461539,0.0,2.5,0.5929231979905274
5.646111478514713,-0.6279170278729791,1.5538461538461539,0.0,2.5,0.5957776971404587
5.646111478514713,-0.6179170278729793,1.5538461538461539,0.0,2.5,0.6006050004519666
5.646111478514713,-0.6079170278729795,1.5538461538461539,0.0,2.5,0.582862334906618
5.646111478514713,-0.5979170278729797,1.5538461538461539,0.0,2.5,0.5842992229700139
5.646111478514713,-0.58791702787298,1.5538461538461539,0.0,2.5,0.5809498665076063
5.646111478514713,-0.5779170278729802,1.5538461538461539,0.0,2.5,0.5622162393963819
5.646111478514713,-0.5679170278729804,1.5538461538461539,0.0,2.5,0.553553220850819
5.646111478514713,-0.5579170278729806,1.5538461538461539,0.0,2.5,0.529841127401157
5.646111478514713,-0.5479170278729808,1.5538461538461539,0.0,2.5,0.5370653368058682
5.646111478514713,-0.537917027872981,1.5538461538461539,0.0,2.5,0.5209772284124894
5.646111478514713,-0.5279170278729812,1.5538461538461539,0.0,2.5,0.5034366109403404
5.646111478514713,-0.5179170278729814,1.5538461538461539,0.0,2.5,0.4878268855018673
5.646111478514713,-0.5079170278729817,1.5538461538461539,0.0,2.5,0.5176207796054915
5.646111478514713,-0.49791702787298187,1.5538461538461539,0.0,2.5,0.4673299446439257
5.646111478514713,-0.4879170278729821,1.5538461538461539,0.0,2.5,0.4903148387389416
5.656111478514712,-1.8179170278729537,1.5538461538461539,0.0,2.5,0.5795248539620872
5.656111478514712,-1.807917027872954,1.5538461538461539,0.0,2.5,0.5951538671065326
5.656111478514712,-1.7979170278729542,1.5538461538461539,0.0,2.5,0.5975040415234751
5.656111478514712,-1.7879170278729544,1.5538461538461539,0.0,2.5,0.5973403479203566
5.656111478514712,-1.7779170278729546,1.5538461538461539,0.0,2.5,0.5925384404859048
5.656111478514712,-1.7679170278729548,1.5538461538461539,0.0,2.5,0.592263780737699
5.656111478514712,-1.757917027872955,1.5538461538461539,0.0,2.5,0.5955971140710323
5.656111478514712,-1.7479170278729552,1.5538461538461539,0.0,2.5,0.5917104315618361
5.656111478514712,-1.7379170278729554,1.5538461538461539,0.0,2.5,0.5921512917768899
5.656111478514712,-1.7279170278729556,1.5538461538461539,0.0,2.5,0.5905363332395395
5.656111478514712,-1.7179170278729559,1.5538461538461539,0.0,2.5,0.5917337733540708
5.656111478514712,-1.707917027872956,1.5538461538461539,0.0,2.5,0.6051800944891326
5.656111478514712,-1.6979170278729563,1.5538461538461539,0.0,2.5,0.6083796030645667
5.656111478514712,-1.6879170278729565,1.5538461538461539,0.0,2.5,0.6014966408198826
5.656111478514712,-1.6779170278729567,1.5538461538461539,0.0,2.5,0.6086615796211754
5.656111478514712,-1.667917027872957,1.5538461538461539,0.0,2.5,0.6038017623177158
5.656111478514712,-1.6579170278729571,1.5538461538461539,0.0,2.5,0.6123544857824395
5.656111478514712,-1.6479170278729574,1.5538461538461539,0.0,2.5,0.622827238247626
5.656111478514712,-1.6379170278729576,2.2883333333333336,0.0,2.5,0.6387584303326087
5.656111478514712,-1.6279170278729578,2.2883333333333336,0.0,2.5,0.658861636647473
5.656111478514712,-1.617917027872958,2.2883333333333336,0.0,2.5,0.6640986906134464
5.656111478514712,-1.6079170278729582,2.2883333333333336,0.0,2.5,0.6671294752707277
5.656111478514712,-1.5979170278729584,1.5538461538461539,0.0,2.5,0.6479793701549706
5.656111478514712,-1.5879170278729586,1.5538461538461539,0.0,2.5,0.6375537564907091
5.656111478514712,-1.5779170278729588,1.5538461538461539,0.0,2.5,0.6708908607718743
5.656111478514712,-1.567917027872959,1.5538461538461539,0.0,2.5,0.6623133789642307
5.656111478514712,-1.5579170278729593,1.5538461538461539,0.0,2.5,0.589725074422544
5.656111478514712,-1.5479170278729595,1.5538461538461539,0.0,2.5,0.5671765788579861
5.656111478514712,-1.5379170278729597,1.5538461538461539,0.0,2.5,0.5784006983610829
5.656111478514712,-1.52791702787296,1.5538461538461539,0.0,2.5,0.618007087321788
5.656111478514712,-1.5179170278729601,2.2883333333333336,0.0,2.5,0.6130608394957776
5.656111478514712,-1.5079170278729603,2.2883333333333336,0.0,2.5,0.5964968246288592
5.656111478514712,-1.4979170278729605,2.5,0.0,2.5,0.6034753578497571
5.656111478514712,-1.4879170278729608,2.2883333333333336,0.0,2.5,0.5710622303211842
5.656111478514712,-1.477917027872961,2.2883333333333336,0.0,2.5,0.6100498653191916
5.656111478514712,-1.4679170278729612,2.2883333333333336,0.0,2.5,0.6702858514047446
5.656111478514712,-1.4579170278729614,2.5,0.0,2.5,0.6700972868545418
5.656111478514712,-1.4479170278729616,2.2883333333333336,0.0,2.5,0.6538490909859117
5.656111478514712,-1.4379170278729618,2.2883333333333336,0.0,2.5,0.6195859516974979
5.656111478514712,-1.427917027872962,2.2883333333333336,0.0,2.5,0.622521196911065
5.656111478514712,-1.4179170278729623,2.2883333333333336,0.0,2.5,0.6215737266095606
5.656111478514712,-1.4079170278729625,2.2883333333333336,0.0,2.5,0.6052386433813912
5.656111478514712,-1.3979170278729627,2.2883333333333336,0.0,2.5,0.6104337891853597
5.656111478514712,-1.387917027872963,2.2883333333333336,0.0,2.5,0.6091433855550288
5.656111478514712,-1.377917027872963,2.2883333333333336,0.0,2.5,0.6188845532526386
5.656111478514712,-1.3679170278729633,2.2883333333333336,0.0,2.5,0.6254679738522658
5.656111478514712,-1.3579170278729635,2.2883333333333336,0.0,2.5,0.6212402871549961
5.656111478514712,-1.3479170278729637,2.2883333333333336,0.0,2.5,0.6092458084209138
5.656111478514712,-1.337917027872964,1.6581284587634213,0.0,2.5,0.5904051324074218
5.656111478514712,-1.3279170278729642,1.5538461538461539,0.0,2.5,0.559865977967077
5.656111478514712,-1.3179170278729644,1.5538461538461539,0.0,2.5,0.5589406715775581
5.656111478514712,-1.3079170278729646,1.5538461538461539,0.0,2.5,0.5527140215963005
5.656111478514712,-1.2979170278729648,1.5538461538461539,0.0,2.5,0.5588750951936745
5.656111478514712,-1.287917027872965,1.5538461538461539,0.0,2.5,0.5528504086570256
5.656111478514712,-1.2779170278729652,1.5538461538461539,0.0,2.5,0.5512838668188316
5.656111478514712,-1.2679170278729655,1.5538461538461539,0.0,2.5,0.5574069353248416
5.656111478514712,-1.2579170278729657,1.5538461538461539,0.0,2.5,0.5579430633461385
5.656111478514712,-1.2479170278729659,1.5538461538461539,0.0,2.5,0.5582680571936179
5.656111478514712,-1.237917027872966,1.5538461538461539,0.0,2.5,0.5482814126667137
5.656111478514712,-1.2279170278729663,1.5538461538461539,0.0,2.5,0.5265276812403381
5.656111478514712,-1.2179170278729665,1.5538461538461539,0.0,2.5,0.5196468193718957
5.656111478514712,-1.2079170278729667,1.5538461538461539,0.0,2.5,0.4819273353905738
5.656111478514712,-1.197917027872967,1.5538461538461539,0.0,2.5,0.4929631498573123
5.656111478514712,-1.1879170278729672,1.5538461538461539,0.0,2.5,0.5251563172345884
5.656111478514712,-1.1779170278729674,1.5538461538461539,0.0,2.5,0.5395165202213881
5.656111478514712,-1.1679170278729676,1.5538461538461539,0.0,2.5,0.5599041765324893
5.656111478514712,-1.1579170278729678,1.5538461538461539,0.0,2.5,0.5534041998963951
5.656111478514712,-1.147917027872968,2.2883333333333336,0.0,2.5,0.5647173736688588
5.656111478514712,-1.1379170278729682,2.2883333333333336,0.0,2.5,0.5468627013339981
5.656111478514712,-1.1279170278729684,2.2883333333333336,0.0,2.5,0.576439987590883
5.656111478514712,-1.1179170278729686,2.2883333333333336,0.0,2.5,0.5633982821445158
5.656111478514712,-1.1079170278729689,1.5538461538461539,0.0,2.5,0.5437051819361914
5.656111478514712,-1.097917027872969,1.5538461538461539,0.0,2.5,0.5608537316320998
5.656111478514712,-1.0879170278729693,1.5538461538461539,0.0,2.5,0.5381434860883079
5.656111478514712,-1.0779170278729695,1.5538461538461539,0.0,2.5,0.5408504762778488
5.656111478514712,-1.0679170278729697,2.2883333333333336,0.0,2.5,0.5453201808666125
5.656111478514712,-1.05791702787297,2.5,0.0,2.5,0.5450783376065267
5.656111478514712,-1.0479170278729701,2.5,0.0,2.5,0.528958084562206
5.656111478514712,-1.0379170278729704,2.5,0.0,2.5,0.5377813895438404
5.656111478514712,-1.0279170278729706,2.2883333333333336,0.0,2.5,0.5637783615503861
5.656111478514712,-1.0179170278729708,2.2883333333333336,0.0,2.5,0.5879617404416769
5.656111478514712,-1.007917027872971,2.2883333333333336,0.0,2.5,0.6162133115623692
5.656111478514712,-0.9979170278729712,2.2883333333333336,0.0,2.5,0.6122092525742467
5.656111478514712,-0.9879170278729714,2.2883333333333336,0.0,2.5,0.6125122877685041
5.656111478514712,-0.9779170278729716,2.2883333333333336,0.0,2.5,0.6125130291754292
5.656111478514712,-0.9679170278729718,2.2883333333333336,0.0,2.5,0.6000999775923267
5.656111478514712,-0.9579170278729721,2.2883333333333336,0.0,2.5,0.6123885997337042
5.656111478514712,-0.9479170278729723,2.2883333333333336,0.0,2.5,0.6083709058801522
5.656111478514712,-0.9379170278729725,1.5538461538461539,0.0,2.5,0.6554789137438072
5.656111478514712,-0.9279170278729727,1.5538461538461539,0.0,2.5,0.6548562775122877
5.656111478514712,-0.9179170278729729,1.5538461538461539,0.0,2.5,0.5735582274497855
5.656111478514712,-0.9079170278729731,1.5538461538461539,0.0,2.5,0.5527265068580721
5.656111478514712,-0.8979170278729733,1.5538461538461539,0.0,2.5,0.5598399140115076
5.656111478514712,-0.8879170278729736,1.5538461538461539,0.0,2.5,0.5677750745463759
5.656111478514712,-0.8779170278729738,0.9440000000000001,0.0,2.5,0.5595277994434998
5.656111478514712,-0.867917027872974,1.0545057887261209,0.0,2.5,0.6111942449112662
5.656111478514712,-0.8579170278729742,1.5538461538461539,0.0,2.5,0.6339094908351594
5.656111478514712,-0.8479170278729744,1.5538461538461539,0.0,2.5,0.62276905949529
5.656111478514712,-0.8379170278729746,1.5538461538461539,0.0,2.5,0.6086419553145616
5.656111478514712,-0.8279170278729748,1.5538461538461539,0.0,2.5,0.5769250986156712
5.656111478514712,-0.817917027872975,1.5538461538461539,0.0,2.5,0.5675001939207389
5.656111478514712,-0.8079170278729753,1.5538461538461539,0.0,2.5,0.5818740223996133
5.656111478514712,-0.7979170278729755,1.5538461538461539,0.0,2.5,0.6215443972144379
5.656111478514712,-0.7879170278729757,1.5538461538461539,0.0,2.5,0.6339054641316924
5.656111478514712,-0.7779170278729759,1.5538461538461539,0.0,2.5,0.6440686550756279
5.656111478514712,-0.7679170278729761,1.5538461538461539,0.0,2.5,0.638473082294425
5.656111478514712,-0.7579170278729763,1.5538461538461539,0.0,2.5,0.6411457809599712
5.656111478514712,-0.7479170278729765,1.5538461538461539,0.0,2.5,0.6226148122649705
5.656111478514712,-0.7379170278729767,1.5538461538461539,0.0,2.5,0.6301864500793541
5.656111478514712,-0.727917027872977,1.5538461538461539,0.0,2.5,0.634919761468521
5.656111478514712,-0.7179170278729772,1.5538461538461539,0.0,2.5,0.6252485760493774
5.656111478514712,-0.7079170278729774,1.5538461538461539,0.0,2.5,0.6056294770674233
5.656111478514712,-0.6979170278729776,1.5538461538461539,0.0,2.5,0.6053553101822
5.656111478514712,-0.6879170278729778,1.5538461538461539,0.0,2.5,0.6087256042025864
5.656111478514712,-0.677917027872978,1.257633704690456,0.0,2.5,0.6144102709044396
5.656111478514712,-0.6679170278729782,0.9440000000000001,0.0,2.5,0.6080766864008474
5.656111478514712,-0.6579170278729785,0.9440000000000001,0.0,2.5,0.5993693373695292
5.656111478514712,-0.6479170278729787,0.9440000000000001,0.0,2.5,0.6007136769921709
5.656111478514712,-0.6379170278729789,0.9440000000000001,0.0,2.5,0.6007136769921709
5.656111478514712,-0.6279170278729791,1.0159752436075626,0.0,2.5,0.5830124389342701
5.656111478514712,-0.6179170278729793,1.5538461538461539,0.0,2.5,0.5893152863039559
5.656111478514712,-0.6079170278729795,1.5538461538461539,0.0,2.5,0.5870540956094883
5.656111478514712,-0.5979170278729797,1.5538461538461539,0.0,2.5,0.5663618019538077
5.656111478514712,-0.58791702787298,1.5538461538461539,0.0,2.5,0.5674255650160427
5.656111478514712,-0.5779170278729802,1.5538461538461539,0.0,2.5,0.5634290390295362
5.656111478514712,-0.5679170278729804,1.5538461538461539,0.0,2.5,0.5540162198959341
5.656111478514712,-0.5579170278729806,1.5538461538461539,0.0,2.5,0.5676569813584923
5.656111478514712,-0.5479170278729808,1.5538461538461539,0.0,2.5,0.5157083469067761
5.656111478514712,-0.537917027872981,1.5538461538461539,0.0,2.5,0.5103892131025856
5.656111478514712,-0.5279170278729812,1.5538461538461539,0.0,2.5,0.5006031335050375
5.656111478514712,-0.5179170278729814,1.5538461538461539,0.0,2.5,0.5108928953083608
5.656111478514712,-0.5079170278729817,1.5538461538461539,0.0,2.5,0.519102175503069
5.656111478514712,-0.49791702787298187,1.5538461538461539,0.0,2.5,0.48349976100836706
5.666111478514712,-1.8179170278729537,1.5538461538461539,0.0,2.5,0.5896374572305664
5.666111478514712,-1.807917027872954,1.5538461538461539,0.0,2.5,0.5906077655152331
5.666111478514712,-1.7979170278729542,1.5538461538461539,0.0,2.5,0.5937387812266596
5.666111478514712,-1.7879170278729544,1.5538461538461539,0.0,2.5,0.5887959483961497
5.666111478514712,-1.7779170278729546,1.5538461538461539,0.0,2.5,0.5923793922571082
5.666111478514712,-1.7679170278729548,1.5538461538461539,0.0,2.5,0.5917516480147204
5.666111478514712,-1.757917027872955,1.5538461538461539,0.0,2.5,0.5892832935843406
5.666111478514712,-1.7479170278729552,1.5538461538461539,0.0,2.5,0.5929276914175726
5.666111478514712,-1.7379170278729554,1.5538461538461539,0.0,2.5,0.6062050609849245
5.666111478514712,-1.7279170278729556,1.5538461538461539,0.0,2.5,0.5920495130444484
5.666111478514712,-1.7179170278729559,1.5538461538461539,0.0,2.5,0.595537772269125
5.666111478514712,-1.707917027872956,1.5538461538461539,0.0,2.5,0.6088711237695184
5.666111478514712,-1.6979170278729563,1.5538461538461539,0.0,2.5,0.6013411322205734
5.666111478514712,-1.6879170278729565,1.5538461538461539,0.0,2.5,0.6109155164843972
5.666111478514712,-1.6779170278729567,1.5538461538461539,0.0,2.5,0.6050839199907869
5.666111478514712,-1.667917027872957,1.5538461538461539,0.0,2.5,0.6117244679134881
5.666111478514712,-1.6579170278729571,1.5538461538461539,0.0,2.5,0.6228887615156785
5.666111478514712,-1.6479170278729574,2.2883333333333336,0.0,2.5,0.6438381833311345
5.666111478514712,-1.6379170278729576,2.2883333333333336,0.0,2.5,0.6609575066160137
5.666111478514712,-1.6279170278729578,2.2883333333333336,0.0,2.5,0.6698276541071668
5.666111478514712,-1.617917027872958,2.2883333333333336,0.0,2.5,0.6702013884883413
5.666111478514712,-1.6079170278729582,2.241549587891069,0.0,2.5,0.6562956766870788
5.666111478514712,-1.5979170278729584,1.5538461538461539,0.0,2.5,0.6442072084603474
5.666111478514712,-1.5879170278729586,1.5538461538461539,0.0,2.5,0.6626160947459939
5.666111478514712,-1.5779170278729588,1.5538461538461539,0.0,2.5,0.6438013425304683
5.666111478514712,-1.567917027872959,1.5538461538461539,0.0,2.5,0.5723239004693286
5.666111478514712,-1.5579170278729593,1.5538461538461539,0.0,2.5,0.5741543351129723
5.666111478514712,-1.5479170278729595,1.5538461538461539,0.0,2.5,0.5783944618445693
5.666111478514712,-1.5379170278729597,1.5538461538461539,0.0,2.5,0.5902495556390209
5.666111478514712,-1.52791702787296,1.5538461538461539,0.0,2.5,0.5920181535822824
5.666111478514712,-1.5179170278729601,2.2883333333333336,0.0,2.5,0.5797919575429863
5.666111478514712,-1.5079170278729603,2.2883333333333336,0.0,2.5,0.5833165986140663
5.666111478514712,-1.4979170278729605,2.2883333333333336,0.0,2.5,0.5553295922939497
5.666111478514712,-1.4879170278729608,2.2883333333333336,0.0,2.5,0.557807190295961
5.666111478514712,-1.477917027872961,2.2883333333333336,0.0,2.5,0.6465168459047578
5.666111478514712,-1.4679170278729612,2.2883333333333336,0.0,2.5,0.6637881408554323
5.666111478514712,-1.4579170278729614,2.2883333333333336,0.0,2.5,0.6866303272156401
5.666111478514712,-1.4479170278729616,2.2883333333333336,0.0,2.5,0.6436466032595661
5.666111478514712,-1.4379170278729618,2.2883333333333336,0.0,2.5,0.6108302802321924
5.666111478514712,-1.427917027872962,2.2883333333333336,0.0,2.5,0.6204827211518456
5.666111478514712,-1.4179170278729623,2.2883333333333336,0.0,2.5,0.6291335867780811
5.666111478514712,-1.4079170278729625,2.2883333333333336,0.0,2.5,0.6026988608112285
5.666111478514712,-1.3979170278729627,2.2883333333333336,0.0,2.5,0.6069967967621486
5.666111478514712,-1.387917027872963,2.2883333333333336,0.0,2.5,0.6050633048719136
5.666111478514712,-1.377917027872963,2.2883333333333336,0.0,2.5,0.6253124876142128
5.666111478514712,-1.3679170278729633,2.2883333333333336,0.0,2.5,0.6231855991784224
5.666111478514712,-1.3579170278729635,2.2883333333333336,0.0,2.5,0.6180615808742991
5.666111478514712,-1.3479170278729637,2.2883333333333336,0.0,2.5,0.6019320810431702
5.666111478514712,-1.337917027872964,1.639250609872683,0.0,2.5,0.5908648482798947
5.666111478514712,-1.3279170278729642,1.5538461538461539,0.0,2.5,0.563194225511572
5.666111478514712,-1.3179170278729644,1.5538461538461539,0.0,2.5,0.5598202922205421
5.666111478514712,-1.3079170278729646,1.5538461538461539,0.0,2.5,0.5610335105498775
5.666111478514712,-1.2979170278729648,1.5538461538461539,0.0,2.5,0.55688973947042
5.666111478514712,-1.287917027872965,1.5538461538461539,0.0,2.5,0.5547415867639733
5.666111478514712,-1.2779170278729652,1.5538461538461539,0.0,2.5,0.5506800905272179
5.666111478514712,-1.2679170278729655,1.5538461538461539,0.0,2.5,0.5474554694727088
5.666111478514712,-1.2579170278729657,1.5538461538461539,0.0,2.5,0.5503414750850382
5.666111478514712,-1.2479170278729659,1.5538461538461539,0.0,2.5,0.5577054193415807
5.666111478514712,-1.237917027872966,1.5538461538461539,0.0,2.5,0.543513253134429
5.666111478514712,-1.2279170278729663,1.5538461538461539,0.0,2.5,0.5292960084846289
5.666111478514712,-1.2179170278729665,1.5538461538461539,0.0,2.5,0.49504234231416633
5.666111478514712,-1.2079170278729667,1.5538461538461539,0.0,2.5,0.4885087261672947
5.666111478514712,-1.197917027872967,1.5538461538461539,0.0,2.5,0.47950606774054305
5.666111478514712,-1.1879170278729672,1.5538461538461539,0.0,2.5,0.4918971516770772
5.666111478514712,-1.1779170278729674,1.5538461538461539,0.0,2.5,0.5182078520119761
5.666111478514712,-1.1679170278729676,1.5538461538461539,0.0,2.5,0.5202009906962343
5.666111478514712,-1.1579170278729678,1.5538461538461539,0.0,2.5,0.5251265896424762
5.666111478514712,-1.147917027872968,1.6768095182875318,0.0,2.5,0.5381744923569814
5.666111478514712,-1.1379170278729682,2.213300799208633,0.0,2.5,0.4967390931610136
5.666111478514712,-1.1279170278729684,2.2883333333333336,0.0,2.5,0.5310537243664647
5.666111478514712,-1.1179170278729686,2.2883333333333336,0.0,2.5,0.5564082949558495
5.666111478514712,-1.1079170278729689,2.212125782167724,0.0,2.5,0.5603481664789255
5.666111478514712,-1.097917027872969,1.5538461538461539,0.0,2.5,0.5480714790251389
5.666111478514712,-1.0879170278729693,1.5538461538461539,0.0,2.5,0.5595764460429399
5.666111478514712,-1.0779170278729695,1.5538461538461539,0.0,2.5,0.5513523722931593
5.666111478514712,-1.0679170278729697,2.2883333333333336,0.0,2.5,0.5491213207214435
5.666111478514712,-1.05791702787297,2.5,0.0,2.5,0.5500056340631794
5.666111478514712,-1.0479170278729701,2.5,0.0,2.5,0.5495765244617642
5.666111478514712,-1.0379170278729704,2.5,0.0,2.5,0.556053024500867
5.666111478514712,-1.0279170278729706,2.2883333333333336,0.0,2.5,0.5558935316051941
5.666111478514712,-1.0179170278729708,2.2883333333333336,0.0,2.5,0.5788235565300198
5.666111478514712,-1.007917027872971,2.2883333333333336,0.0,2.5,0.5898200933790331
5.666111478514712,-0.9979170278729712,2.2883333333333336,0.0,2.5,0.5854924828753244
5.666111478514712,-0.9879170278729714,2.2360650982940657,0.0,2.5,0.5626743535742259
5.666111478514712,-0.9779170278729716,2.2883333333333336,0.0,2.5,0.5829709151940708
5.666111478514712,-0.9679170278729718,2.2883333333333336,0.0,2.5,0.5903598216953689
5.666111478514712,-0.9579170278729721,2.2883333333333336,0.0,2.5,0.5718986167509922
5.666111478514712,-0.9479170278729723,2.192365526374638,0.0,2.5,0.5928797678603275
5.666111478514712,-0.9379170278729725,1.5538461538461539,0.0,2.5,0.6593259529534007
5.666111478514712,-0.9279170278729727,1.5538461538461539,0.0,2.5,0.6601938232483803
5.666111478514712,-0.9179170278729729,1.5538461538461539,0.0,2.5,0.5658734240539914
5.666111478514712,-0.9079170278729731,1.5538461538461539,0.0,2.5,0.5671584602120103
5.666111478514712,-0.8979170278729733,1.5538461538461539,0.0,2.5,0.5580789949773307
5.666111478514712,-0.8879170278729736,1.5538461538461539,0.0,2.5,0.5690912455391937
5.666111478514712,-0.8779170278729738,1.5538461538461539,0.0,2.5,0.5654242543962994
5.666111478514712,-0.867917027872974,1.5538461538461539,0.0,2.5,0.6260979699295017
5.666111478514712,-0.8579170278729742,1.5538461538461539,0.0,2.5,0.6282105690566431
5.666111478514712,-0.8479170278729744,1.5538461538461539,0.0,2.5,0.6382692831749931
5.666111478514712,-0.8379170278729746,1.5538461538461539,0.0,2.5,0.6494019985211145
5.666111478514712,-0.8279170278729748,1.5538461538461539,0.0,2.5,0.6426607766598866
5.666111478514712,-0.817917027872975,1.5538461538461539,0.0,2.5,0.6266814067874162
5.666111478514712,-0.8079170278729753,1.5538461538461539,0.0,2.5,0.6048342772634789
5.666111478514712,-0.7979170278729755,1.5538461538461539,0.0,2.5,0.5801809426145406
5.666111478514712,-0.7879170278729757,1.5538461538461539,0.0,2.5,0.5802320410408416
5.666111478514712,-0.7779170278729759,1.5538461538461539,0.0,2.5,0.620335282231192
5.666111478514712,-0.7679170278729761,1.5538461538461539,0.0,2.5,0.6416351605777587
5.666111478514712,-0.7579170278729763,1.5538461538461539,0.0,2.5,0.6462536712261218
5.666111478514712,-0.7479170278729765,1.5538461538461539,0.0,2.5,0.6439249973116579
5.666111478514712,-0.7379170278729767,1.5538461538461539,0.0,2.5,0.6448589879627389
5.666111478514712,-0.727917027872977,1.5538461538461539,0.0,2.5,0.6457071543575574
5.666111478514712,-0.7179170278729772,1.5538461538461539,0.0,2.5,0.6258514283631293
5.666111478514712,-0.7079170278729774,1.5538461538461539,0.0,2.5,0.612336394817536
5.666111478514712,-0.6979170278729776,1.5538461538461539,0.0,2.5,0.614072768462932
5.666111478514712,-0.6879170278729778,1.5538461538461539,0.0,2.5,0.6164118768248427
5.666111478514712,-0.677917027872978,0.9440000000000001,0.0,2.5,0.629622191717044
5.666111478514712,-0.6679170278729782,0.9440000000000001,0.0,2.5,0.6206222465704253
5.666111478514712,-0.6579170278729785,0.9440000000000001,0.0,2.5,0.6107362706444157
5.666111478514712,-0.6479170278729787,0.9440000000000001,0.0,2.5,0.5965989032176715
5.666111478514712,-0.6379170278729789,0.9440000000000001,0.0,2.5,0.5883448384839135
5.666111478514712,-0.6279170278729791,0.9440000000000001,0.0,2.5,0.588932826271026
5.666111478514712,-0.6179170278729793,0.9440000000000001,0.0,2.5,0.5715387761244506
5.666111478514712,-0.6079170278729795,1.3944818931932979,0.0,2.5,0.5680133755462516
5.666111478514712,-0.5979170278729797,1.5538461538461539,0.0,2.5,0.5650415142373512
5.666111478514712,-0.58791702787298,1.5538461538461539,0.0,2.5,0.5656778153688051
5.666111478514712,-0.5779170278729802,1.5538461538461539,0.0,2.5,0.564102056741313
5.666111478514712,-0.5679170278729804,1.5538461538461539,0.0,2.5,0.5801067656592929
5.666111478514712,-0.5579170278729806,1.5538461538461539,0.0,2.5,0.5567588649221816
5.666111478514712,-0.5479170278729808,1.5538461538461539,0.0,2.5,0.5231049267541403
5.666111478514712,-0.537917027872981,1.5538461538461539,0.0,2.5,0.5048288626048454
5.666111478514712,-0.5279170278729812,1.5538461538461539,0.0,2.5,0.5013438870457265
5.666111478514712,-0.5179170278729814,1.5538461538461539,0.0,2.5,0.5131905232514568
5.666111478514712,-0.5079170278729817,1.5538461538461539,0.0,2.5,0.5145367492504979
5.676111478514712,-1.807917027872954,1.5538461538461539,0.0,2.5,0.5755054920322772
5.676111478514712,-1.7979170278729542,1.5538461538461539,0.0,2.5,0.596610440958592
5.676111478514712,-1.7879170278729544,1.5538461538461539,0.0,2.5,0.598654641742664
5.676111478514712,-1.7779170278729546,1.5538461538461539,0.0,2.5,0.5999489196718194
5.676111478514712,-1.7679170278729548,1.5538461538461539,0.0,2.5,0.6016298656538787
5.676111478514712,-1.757917027872955,1.5538461538461539,0.0,2.5,0.6092676060801298
5.676111478514712,-1.7479170278729552,1.5538461538461539,0.0,2.5,0.6138324914305697
5.676111478514712,-1.7379170278729554,1.5538461538461539,0.0,2.5,0.6222011491128104
5.676111478514712,-1.7279170278729556,1.5538461538461539,0.0,2.5,0.5933129129496385
5.676111478514712,-1.7179170278729559,1.5538461538461539,0.0,2.5,0.600594666696213
5.676111478514712,-1.707917027872956,1.5538461538461539,0.0,2.5,0.6007692481588663
5.676111478514712,-1.6979170278729563,1.5538461538461539,0.0,2.5,0.612412190781368
5.676111478514712,-1.6879170278729565,1.5538461538461539,0.0,2.5,0.6065203120178847
5.676111478514712,-1.6779170278729567,1.5538461538461539,0.0,2.5,0.6086689889891861
5.676111478514712,-1.667917027872957,1.5538461538461539,0.0,2.5,0.6222230982124184
5.676111478514712,-1.6579170278729571,1.5538461538461539,0.0,2.5,0.6343692166127645
5.676111478514712,-1.6479170278729574,2.2883333333333336,0.0,2.5,0.6568232352812378
5.676111478514712,-1.6379170278729576,2.2883333333333336,0.0,2.5,0.6696605677711283
5.676111478514712,-1.6279170278729578,2.2883333333333336,0.0,2.5,0.6723216896640888
5.676111478514712,-1.617917027872958,2.2883333333333336,0.0,2.5,0.6686078343392771
5.676111478514712,-1.6079170278729582,2.2837589678330965,0.0,2.5,0.6629640749038348
5.676111478514712,-1.5979170278729584,1.5538461538461539,0.0,2.5,0.6621029901442506
5.676111478514712,-1.5879170278729586,1.5538461538461539,0.0,2.5,0.6207316387719769
5.676111478514712,-1.5779170278729588,1.5538461538461539,0.0,2.5,0.5736608366816709
5.676111478514712,-1.567917027872959,1.5538461538461539,0.0,2.5,0.5725222664055594
5.676111478514712,-1.5579170278729593,1.5538461538461539,0.0,2.5,0.5676771921029212
5.676111478514712,-1.5479170278729595,1.5538461538461539,0.0,2.5,0.5678556081168463
5.676111478514712,-1.5379170278729597,1.5538461538461539,0.0,2.5,0.5619707464894197
5.676111478514712,-1.52791702787296,1.5538461538461539,0.0,2.5,0.5492244399210139
5.676111478514712,-1.5179170278729601,1.5538461538461539,0.0,2.5,0.5572459647042909
5.676111478514712,-1.5079170278729603,2.2883333333333336,0.0,2.5,0.5553578995907706
5.676111478514712,-1.4979170278729605,2.2883333333333336,0.0,2.5,0.5506628506118887
5.676111478514712,-1.4879170278729608,2.2883333333333336,0.0,2.5,0.5985893683618346
5.676111478514712,-1.477917027872961,2.5,0.0,2.5,0.6577143037862104
5.676111478514712,-1.4679170278729612,2.2883333333333336,0.0,2.5,0.6662848007460564
5.676111478514712,-1.4579170278729614,1.5538461538461539,0.0,2.5,0.6860192637795332
5.676111478514712,-1.4479170278729616,1.5538461538461539,0.0,2.5,0.6155893144339973
5.676111478514712,-1.4379170278729618,2.2883333333333336,0.0,2.5,0.6153374342590185
5.676111478514712,-1.427917027872962,2.2883333333333336,0.0,2.5,0.6189381117600411
5.676111478514712,-1.4179170278729623,2.2883333333333336,0.0,2.5,0.6047374284721612
5.676111478514712,-1.4079170278729625,2.2854945293407978,0.0,2.5,0.6000617550093325
5.676111478514712,-1.3979170278729627,2.2883333333333336,0.0,2.5,0.5988299880225002
5.676111478514712,-1.387917027872963,2.2883333333333336,0.0,2.5,0.6050132282528812
5.676111478514712,-1.377917027872963,2.2883333333333336,0.0,2.5,0.6190698156178694
5.676111478514712,-1.3679170278729633,2.2883333333333336,0.0,2.5,0.6274187616251021
5.676111478514712,-1.3579170278729635,2.2883333333333336,0.0,2.5,0.6182647414997462
5.676111478514712,-1.3479170278729637,2.2883333333333336,0.0,2.5,0.6084912887322923
5.676111478514712,-1.337917027872964,1.9657125977378371,0.0,2.5,0.5932171412682234
5.676111478514712,-1.3279170278729642,1.5538461538461539,0.0,2.5,0.5664141591573395
5.676111478514712,-1.3179170278729644,1.5538461538461539,0.0,2.5,0.563154969124881
5.676111478514712,-1.3079170278729646,1.5538461538461539,0.0,2.5,0.5661297640051464
5.676111478514712,-1.2979170278729648,1.5538461538461539,0.0,2.5,0.5632227065282109
5.676111478514712,-1.287917027872965,1.5538461538461539,0.0,2.5,0.5611380090599747
5.676111478514712,-1.2779170278729652,1.5538461538461539,0.0,2.5,0.5519058969788307
5.676111478514712,-1.2679170278729655,1.5538461538461539,0.0,2.5,0.5411997306743704
5.676111478514712,-1.2579170278729657,1.5538461538461539,0.0,2.5,0.5493582616557816
5.676111478514712,-1.2479170278729659,1.5538461538461539,0.0,2.5,0.5476434303181346
5.676111478514712,-1.237917027872966,1.5538461538461539,0.0,2.5,0.518489572555284
5.676111478514712,-1.2279170278729663,1.5538461538461539,0.0,2.5,0.5196275544162395
5.676111478514712,-1.2179170278729665,1.5538461538461539,0.0,2.5,0.48950752647922435
5.676111478514712,-1.2079170278729667,1.5538461538461539,0.0,2.5,0.49653556567244284
5.676111478514712,-1.197917027872967,1.5538461538461539,0.0,2.5,0.4875148002693583
5.676111478514712,-1.1879170278729672,1.5538461538461539,0.0,2.5,0.4911266214073232
5.676111478514712,-1.1779170278729674,1.5538461538461539,0.0,2.5,0.5083201917677636
5.676111478514712,-1.1679170278729676,1.5538461538461539,0.0,2.5,0.5047696027045552
5.676111478514712,-1.1579170278729678,1.5538461538461539,0.0,2.5,0.5225935653709021
5.676111478514712,-1.147917027872968,2.2883333333333336,0.0,2.5,0.5420187430818042
5.676111478514712,-1.1379170278729682,2.20359248266669,0.0,2.5,0.508093177674734
5.676111478514712,-1.1279170278729684,2.2012765660881497,0.0,2.5,0.5107584290922588
5.676111478514712,-1.1179170278729686,1.5538461538461539,0.0,2.5,0.5098004263700422
5.676111478514712,-1.1079170278729689,1.5538461538461539,0.0,2.5,0.5183998728944169
5.676111478514712,-1.097917027872969,1.5538461538461539,0.0,2.5,0.5364984105498276
5.676111478514712,-1.0879170278729693,1.5538461538461539,0.0,2.5,0.5411832373230396
5.676111478514712,-1.0779170278729695,1.5538461538461539,0.0,2.5,0.5261929002355185
5.676111478514712,-1.0679170278729697,2.2883333333333336,0.0,2.5,0.517359434902821
5.676111478514712,-1.05791702787297,2.5,0.0,2.5,0.5458340620968689
5.676111478514712,-1.0479170278729701,2.5,0.0,2.5,0.546498497461677
5.676111478514712,-1.0379170278729704,2.5,0.0,2.5,0.5490799879299038
5.676111478514712,-1.0279170278729706,2.2883333333333336,0.0,2.5,0.5495667129597105
5.676111478514712,-1.0179170278729708,2.2883333333333336,0.0,2.5,0.5344141659988598
5.676111478514712,-1.007917027872971,2.193600830109944,0.0,2.5,0.5398671535757231
5.676111478514712,-0.9979170278729712,1.5538461538461539,0.0,2.5,0.5451859527537354
5.676111478514712,-0.9879170278729714,2.225075363861445,0.0,2.5,0.5612753710782153
5.676111478514712,-0.9779170278729716,2.2883333333333336,0.0,2.5,0.5761002598469346
5.676111478514712,-0.9679170278729718,1.5538461538461539,0.0,2.5,0.559369032517904
5.676111478514712,-0.9579170278729721,1.5538461538461539,0.0,2.5,0.5421790903854573
5.676111478514712,-0.9479170278729723,1.5538461538461539,0.0,2.5,0.5537023887765659
5.676111478514712,-0.9379170278729725,1.5538461538461539,0.0,2.5,0.6410769810892875
5.676111478514712,-0.9279170278729727,1.5538461538461539,0.0,2.5,0.6433556633052665
5.676111478514712,-0.9179170278729729,1.5538461538461539,0.0,2.5,0.5573761003299144
5.676111478514712,-0.9079170278729731,1.5538461538461539,0.0,2.5,0.5752058590276518
5.676111478514712,-0.8979170278729733,1.5538461538461539,0.0,2.5,0.5583765103554729
5.676111478514712,-0.8879170278729736,1.5538461538461539,0.0,2.5,0.5742396884405208
5.676111478514712,-0.8779170278729738,1.5538461538461539,0.0,2.5,0.5411125974817046
5.676111478514712,-0.867917027872974,1.5538461538461539,0.0,2.5,0.6479156906886414
5.676111478514712,-0.8579170278729742,1.5538461538461539,0.0,2.5,0.654725623133721
5.676111478514712,-0.8479170278729744,1.5538461538461539,0.0,2.5,0.6586104678086638
5.676111478514712,-0.8379170278729746,1.5538461538461539,0.0,2.5,0.6518013839979251
5.676111478514712,-0.8279170278729748,1.5538461538461539,0.0,2.5,0.6442755609328853
5.676111478514712,-0.817917027872975,1.5538461538461539,0.0,2.5,0.6595529770644708
5.676111478514712,-0.8079170278729753,1.5538461538461539,0.0,2.5,0.6409987782840261
5.676111478514712,-0.7979170278729755,1.5538461538461539,0.0,2.5,0.6431552131747552
5.676111478514712,-0.7879170278729757,1.5538461538461539,0.0,2.5,0.622217332028746
5.676111478514712,-0.7779170278729759,1.5538461538461539,0.0,2.5,0.5924434828718037
5.676111478514712,-0.7679170278729761,1.5538461538461539,0.0,2.5,0.5898286543812568
5.676111478514712,-0.7579170278729763,1.5538461538461539,0.0,2.5,0.6005489120708644
5.676111478514712,-0.7479170278729765,1.5538461538461539,0.0,2.5,0.634922926686178
5.676111478514712,-0.7379170278729767,1.5538461538461539,0.0,2.5,0.6330629593572358
5.676111478514712,-0.727917027872977,1.5538461538461539,0.0,2.5,0.6152637116719678
5.676111478514712,-0.7179170278729772,1.5538461538461539,0.0,2.5,0.6216473641071918
5.676111478514712,-0.7079170278729774,1.5538461538461539,0.0,2.5,0.6206728029664801
5.676111478514712,-0.6979170278729776,1.5538461538461539,0.0,2.5,0.6477058597983323
5.676111478514712,-0.6879170278729778,1.5538461538461539,0.0,2.5,0.61105773311899
5.676111478514712,-0.677917027872978,0.9440000000000001,0.0,2.5,0.6131838093184004
5.676111478514712,-0.6679170278729782,0.9440000000000001,0.0,2.5,0.611692341081799
5.676111478514712,-0.6579170278729785,0.9440000000000001,0.0,2.5,0.6054567212733835
5.676111478514712,-0.6479170278729787,0.9440000000000001,0.0,2.5,0.588520458825434
5.676111478514712,-0.6379170278729789,0.9440000000000001,0.0,2.5,0.5725893168999259
5.676111478514712,-0.6279170278729791,0.9440000000000001,0.0,2.5,0.5633599955906186
5.676111478514712,-0.6179170278729793,0.9440000000000001,0.0,2.5,0.5674013835644054
5.676111478514712,-0.6079170278729795,1.5538461538461539,0.0,2.5,0.5821949668255585
5.676111478514712,-0.5979170278729797,1.5538461538461539,0.0,2.5,0.5841996882020416
5.676111478514712,-0.58791702787298,1.5538461538461539,0.0,2.5,0.570962594809467
5.676111478514712,-0.5779170278729802,1.5538461538461539,0.0,2.5,0.5830206718349672
5.676111478514712,-0.5679170278729804,1.5538461538461539,0.0,2.5,0.5675176384278958
5.676111478514712,-0.5579170278729806,1.5538461538461539,0.0,2.5,0.5527773821109964
5.676111478514712,-0.5479170278729808,1.5538461538461539,0.0,2.5,0.5127751539293398
5.676111478514712,-0.537917027872981,1.5538461538461539,0.0,2.5,0.4975937956689623
5.676111478514712,-0.5279170278729812,1.5538461538461539,0.0,2.5,0.49645556964232623
5.676111478514712,-0.5179170278729814,1.5538461538461539,0.0,2.5,0.49787340787710593
5.676111478514712,-0.5079170278729817,1.5538461538461539,0.0,2.5,0.5152447695307797
5.686111478514712,-1.807917027872954,1.5538461538461539,0.0,2.5,0.577630659564237
5.686111478514712,-1.7979170278729542,1.5538461538461539,0.0,2.5,0.606826540412931
5.686111478514712,-1.7879170278729544,1.5538461538461539,0.0,2.5,0.6080120078298529
5.686111478514712,-1.7779170278729546,1.5538461538461539,0.0,2.5,0.6213312443787118
5.686111478514712,-1.7679170278729548,1.5538461538461539,0.0,2.5,0.6234387712604322
5.686111478514712,-1.757917027872955,1.5538461538461539,0.0,2.5,0.6347844028910703
5.686111478514712,-1.7479170278729552,1.5538461538461539,0.0,2.5,0.643478563773063
5.686111478514712,-1.7379170278729554,1.5538461538461539,0.0,2.5,0.6186623650457244
5.686111478514712,-1.7279170278729556,1.5538461538461539,0.0,2.5,0.5914360909653652
5.686111478514712,-1.7179170278729559,1.5538461538461539,0.0,2.5,0.5912371207206978
5.686111478514712,-1.707917027872956,1.5538461538461539,0.0,2.5,0.6003178321725717
5.686111478514712,-1.6979170278729563,1.5538461538461539,0.0,2.5,0.6032069465716429
5.686111478514712,-1.6879170278729565,2.276740554788351,0.0,2.5,0.6195710749255682
5.686111478514712,-1.6779170278729567,2.2517259107085277,0.0,2.5,0.6235671391903342
5.686111478514712,-1.667917027872957,2.184878278987763,0.0,2.5,0.6367719061026489
5.686111478514712,-1.6579170278729571,2.212994946535164,0.0,2.5,0.6571063400864354
5.686111478514712,-1.6479170278729574,2.2883333333333336,0.0,2.5,0.6648869436842814
5.686111478514712,-1.6379170278729576,2.2883333333333336,0.0,2.5,0.6706695984338472
5.686111478514712,-1.6279170278729578,2.2883333333333336,0.0,2.5,0.66716678459576
5.686111478514712,-1.617917027872958,2.2883333333333336,0.0,2.5,0.6684036226218181
5.686111478514712,-1.6079170278729582,2.206864441138091,0.0,2.5,0.6522393871809455
5.686111478514712,-1.5979170278729584,1.5538461538461539,0.0,2.5,0.5992123025230972
5.686111478514712,-1.5879170278729586,1.5538461538461539,0.0,2.5,0.5609078067258425
5.686111478514712,-1.5779170278729588,1.5538461538461539,0.0,2.5,0.5653098314214199
5.686111478514712,-1.567917027872959,1.5538461538461539,0.0,2.5,0.5616496406540189
5.686111478514712,-1.5579170278729593,1.5538461538461539,0.0,2.5,0.5651190765315458
5.686111478514712,-1.5479170278729595,1.5538461538461539,0.0,2.5,0.5609386174821182
5.686111478514712,-1.5379170278729597,1.5538461538461539,0.0,2.5,0.5571164620273684
5.686111478514712,-1.52791702787296,1.5538461538461539,0.0,2.5,0.5564191831158037
5.686111478514712,-1.5179170278729601,1.5538461538461539,0.0,2.5,0.5511542485840476
5.686111478514712,-1.5079170278729603,2.2883333333333336,0.0,2.5,0.5486323284395102
5.686111478514712,-1.4979170278729605,2.2883333333333336,0.0,2.5,0.5808992706614818
5.686111478514712,-1.4879170278729608,2.5,0.0,2.5,0.6657753022186828
5.686111478514712,-1.477917027872961,2.2883333333333336,0.0,2.5,0.6580404726104204
5.686111478514712,-1.4679170278729612,2.5,0.0,2.5,0.6533657436996696
5.686111478514712,-1.4579170278729614,1.5538461538461539,0.0,2.5,0.6496552140080805
5.686111478514712,-1.4479170278729616,1.5538461538461539,0.0,2.5,0.5858446129979393
5.686111478514712,-1.4379170278729618,2.284010735910732,0.0,2.5,0.5834546864002838
5.686111478514712,-1.427917027872962,2.2883333333333336,0.0,2.5,0.6123049217667081
5.686111478514712,-1.4179170278729623,2.2865265420635423,0.0,2.5,0.5944100869713183
5.686111478514712,-1.4079170278729625,2.2883333333333336,0.0,2.5,0.6037535864276834
5.686111478514712,-1.3979170278729627,2.2883333333333336,0.0,2.5,0.6110378759134402
5.686111478514712,-1.387917027872963,2.2883333333333336,0.0,2.5,0.610019367425816
5.686111478514712,-1.377917027872963,2.2883333333333336,0.0,2.5,0.626817303933912
5.686111478514712,-1.3679170278729633,2.2883333333333336,0.0,2.5,0.6290854282917687
5.686111478514712,-1.3579170278729635,2.2883333333333336,0.0,2.5,0.6146952764317312
5.686111478514712,-1.3479170278729637,2.2883333333333336,0.0,2.5,0.6079219278850139
5.686111478514712,-1.337917027872964,1.6248354432128238,0.0,2.5,0.593773673432016
5.686111478514712,-1.3279170278729642,1.5538461538461539,0.0,2.5,0.5695822599049843
5.686111478514712,-1.3179170278729644,1.5538461538461539,0.0,2.5,0.5600107526684466
5.686111478514712,-1.3079170278729646,1.5538461538461539,0.0,2.5,0.5576614333714975
5.686111478514712,-1.2979170278729648,1.5538461538461539,0.0,2.5,0.5654181002947731
5.686111478514712,-1.287917027872965,1.5538461538461539,0.0,2.5,0.5653547964685276
5.686111478514712,-1.2779170278729652,1.5538461538461539,0.0,2.5,0.5576142737013461
5.686111478514712,-1.2679170278729655,1.5538461538461539,0.0,2.5,0.5482639160607553
5.686111478514712,-1.2579170278729657,1.5538461538461539,0.0,2.5,0.5484801268087426
5.686111478514712,-1.2479170278729659,1.5538461538461539,0.0,2.5,0.5468014525876059
5.686111478514712,-1.237917027872966,1.5538461538461539,0.0,2.5,0.5200143232507114
5.686111478514712,-1.2279170278729663,1.5538461538461539,0.0,2.5,0.5110865540298155
5.686111478514712,-1.2179170278729665,1.5538461538461539,0.0,2.5,0.4921176494571902
5.686111478514712,-1.2079170278729667,1.5538461538461539,0.0,2.5,0.4956930155583017
5.686111478514712,-1.197917027872967,1.5538461538461539,0.0,2.5,0.5045809429613931
5.686111478514712,-1.1879170278729672,1.5538461538461539,0.0,2.5,0.4936581949634912
5.686111478514712,-1.1779170278729674,1.5538461538461539,0.0,2.5,0.5037809794095126
5.686111478514712,-1.1679170278729676,1.5538461538461539,0.0,2.5,0.5027944346680179
5.686111478514712,-1.1579170278729678,1.5538461538461539,0.0,2.5,0.5131031468662637
5.686111478514712,-1.147917027872968,2.2883333333333336,0.0,2.5,0.5400714849079166
5.686111478514712,-1.1379170278729682,2.2883333333333336,0.0,2.5,0.5913036671321513
5.686111478514712,-1.1279170278729684,2.2883333333333336,0.0,2.5,0.528364125631811
5.686111478514712,-1.1179170278729686,1.5538461538461539,0.0,2.5,0.5224995874761084
5.686111478514712,-1.1079170278729689,1.5538461538461539,0.0,2.5,0.5173949625761943
5.686111478514712,-1.097917027872969,1.5538461538461539,0.0,2.5,0.5302499592786352
5.686111478514712,-1.0879170278729693,1.5538461538461539,0.0,2.5,0.5372145643055585
5.686111478514712,-1.0779170278729695,2.2883333333333336,0.0,2.5,0.5391637228435434
5.686111478514712,-1.0679170278729697,2.2883333333333336,0.0,2.5,0.5431427752181706
5.686111478514712,-1.05791702787297,2.5,0.0,2.5,0.5049994797354986
5.686111478514712,-1.0479170278729701,2.5,0.0,2.5,0.5203657984156397
5.686111478514712,-1.0379170278729704,2.5,0.0,2.5,0.523615832755541
5.686111478514712,-1.0279170278729706,2.2883333333333336,0.0,2.5,0.5212773081715342
5.686111478514712,-1.0179170278729708,2.2883333333333336,0.0,2.5,0.546727654224687
5.686111478514712,-1.007917027872971,2.250849846386559,0.0,2.5,0.5468780926040465
5.686111478514712,-0.9979170278729712,1.6521835943877727,0.0,2.5,0.5507089731702167
5.686111478514712,-0.9879170278729714,2.194932864233183,0.0,2.5,0.5577618112514359
5.686111478514712,-0.9779170278729716,2.2883333333333336,0.0,2.5,0.558703735519975
5.686111478514712,-0.9679170278729718,1.5538461538461539,0.0,2.5,0.5457431186389464
5.686111478514712,-0.9579170278729721,1.5538461538461539,0.0,2.5,0.5606691195141521
5.686111478514712,-0.9479170278729723,1.5538461538461539,0.0,2.5,0.547000352926831
5.686111478514712,-0.9379170278729725,1.5538461538461539,0.0,2.5,0.6135033333197804
5.686111478514712,-0.9279170278729727,1.5538461538461539,0.0,2.5,0.610392937872156
5.686111478514712,-0.9179170278729729,1.5538461538461539,0.0,2.5,0.5686585914562322
5.686111478514712,-0.9079170278729731,1.5538461538461539,0.0,2.5,0.5810491674620417
5.686111478514712,-0.8979170278729733,1.5538461538461539,0.0,2.5,0.5640337439655335
5.686111478514712,-0.8879170278729736,1.5538461538461539,0.0,2.5,0.5642709751060212
5.686111478514712,-0.8779170278729738,1.5538461538461539,0.0,2.5,0.5503532526450983
5.686111478514712,-0.867917027872974,1.5538461538461539,0.0,2.5,0.6640854446163732
5.686111478514712,-0.8579170278729742,1.5538461538461539,0.0,2.5,0.6575948464857135
5.686111478514712,-0.8479170278729744,1.5538461538461539,0.0,2.5,0.6670832341432553
5.686111478514712,-0.8379170278729746,1.5538461538461539,0.0,2.5,0.666628955253276
5.686111478514712,-0.8279170278729748,1.5538461538461539,0.0,2.5,0.6535285515556885
5.686111478514712,-0.817917027872975,1.5538461538461539,0.0,2.5,0.6446689096710397
5.686111478514712,-0.8079170278729753,1.5538461538461539,0.0,2.5,0.6381372525209275
5.686111478514712,-0.7979170278729755,1.5538461538461539,0.0,2.5,0.6480914764913912
5.686111478514712,-0.7879170278729757,1.5538461538461539,0.0,2.5,0.6544337391369401
5.686111478514712,-0.7779170278729759,1.5538461538461539,0.0,2.5,0.6509439460997638
5.686111478514712,-0.7679170278729761,1.5538461538461539,0.0,2.5,0.6389110476816575
5.686111478514712,-0.7579170278729763,1.5538461538461539,0.0,2.5,0.5927585322143163
5.686111478514712,-0.7479170278729765,1.5538461538461539,0.0,2.5,0.5821171241676527
5.686111478514712,-0.7379170278729767,1.5538461538461539,0.0,2.5,0.588400733825494
5.686111478514712,-0.727917027872977,0.9440000000000001,0.0,2.5,0.5714560216607544
5.686111478514712,-0.7179170278729772,1.5538461538461539,0.0,2.5,0.605934480571925
5.686111478514712,-0.7079170278729774,1.5538461538461539,0.0,2.5,0.66189563224681
5.686111478514712,-0.6979170278729776,1.5538461538461539,0.0,2.5,0.6644079073124503
5.686111478514712,-0.6879170278729778,1.5538461538461539,0.0,2.5,0.6056835538250238
5.686111478514712,-0.677917027872978,1.5538461538461539,0.0,2.5,0.6104480160959445
5.686111478514712,-0.6679170278729782,0.9440000000000001,0.0,2.5,0.6101396989877845
5.686111478514712,-0.6579170278729785,0.9440000000000001,0.0,2.5,0.5949706435909694
5.686111478514712,-0.6479170278729787,0.9440000000000001,0.0,2.5,0.5592640704448215
5.686111478514712,-0.6379170278729789,0.9440000000000001,0.0,2.5,0.5598519636963925
5.686111478514712,-0.6279170278729791,0.9440000000000001,0.0,2.5,0.5747954482655447
5.686111478514712,-0.6179170278729793,0.9440000000000001,0.0,2.5,0.5576286817030277
5.686111478514712,-0.6079170278729795,0.9440000000000001,0.0,2.5,0.5587668208296461
5.686111478514712,-0.5979170278729797,1.5538461538461539,0.0,2.5,0.5967289337596893
5.686111478514712,-0.58791702787298,1.5538461538461539,0.0,2.5,0.5951307356448433
5.686111478514712,-0.5779170278729802,1.5538461538461539,0.0,2.5,0.5967268160104325
5.686111478514712,-0.5679170278729804,1.5538461538461539,0.0,2.5,0.56473790609758
5.686111478514712,-0.5579170278729806,1.5538461538461539,0.0,2.5,0.5337213997073955
5.686111478514712,-0.5479170278729808,1.5538461538461539,0.0,2.5,0.5143578475406984
5.686111478514712,-0.537917027872981,1.5538461538461539,0.0,2.5,0.5034767809832323
5.686111478514712,-0.5279170278729812,1.5538461538461539,0.0,2.5,0.4974747235694523
5.686111478514712,-0.5179170278729814,1.5538461538461539,0.0,2.5,0.5028382322194833
5.696111478514712,-1.7979170278729542,1.5538461538461539,0.0,2.5,0.6115324533404505
5.696111478514712,-1.7879170278729544,1.5538461538461539,0.0,2.5,0.6219231213639511
5.696111478514712,-1.7779170278729546,1.5538461538461539,0.0,2.5,0.6096686302541434
5.696111478514712,-1.7679170278729548,1.5538461538461539,0.0,2.5,0.6116681792701295
5.696111478514712,-1.757917027872955,1.5538461538461539,0.0,2.5,0.6126513926993861
5.696111478514712,-1.7479170278729552,1.5538461538461539,0.0,2.5,0.6278077981781264
5.696111478514712,-1.7379170278729554,1.5538461538461539,0.0,2.5,0.5977444639441729
5.696111478514712,-1.7279170278729556,1.5538461538461539,0.0,2.5,0.5848150321368943
5.696111478514712,-1.7179170278729559,1.5538461538461539,0.0,2.5,0.5963408830593986
5.696111478514712,-1.707917027872956,1.5538461538461539,0.0,2.5,0.602361905236027
5.696111478514712,-1.6979170278729563,1.5538461538461539,0.0,2.5,0.6104437499014862
5.696111478514712,-1.6879170278729565,2.2883333333333336,0.0,2.5,0.6243726406874647
5.696111478514712,-1.6779170278729567,2.2883333333333336,0.0,2.5,0.6391761013511007
5.696111478514712,-1.667917027872957,2.2883333333333336,0.0,2.5,0.6559359329331246
5.696111478514712,-1.6579170278729571,2.2883333333333336,0.0,2.5,0.6644792296925297
5.696111478514712,-1.6479170278729574,2.2883333333333336,0.0,2.5,0.6680666516741901
5.696111478514712,-1.6379170278729576,2.2883333333333336,0.0,2.5,0.6700841759515381
5.696111478514712,-1.6279170278729578,2.2883333333333336,0.0,2.5,0.6565758952580023
5.696111478514712,-1.617917027872958,1.5538461538461539,0.0,2.5,0.6117745241716749
5.696111478514712,-1.6079170278729582,1.5538461538461539,0.0,2.5,0.6069252992581974
5.696111478514712,-1.5979170278729584,1.5538461538461539,0.0,2.5,0.6071534051367914
5.696111478514712,-1.5879170278729586,1.5538461538461539,0.0,2.5,0.6017686229231971
5.696111478514712,-1.5779170278729588,1.5538461538461539,0.0,2.5,0.5629119431199325
5.696111478514712,-1.567917027872959,1.5538461538461539,0.0,2.5,0.5618445170870127
5.696111478514712,-1.5579170278729593,1.5538461538461539,0.0,2.5,0.5489464364308234
5.696111478514712,-1.5479170278729595,1.5538461538461539,0.0,2.5,0.5447441998285701
5.696111478514712,-1.5379170278729597,1.5538461538461539,0.0,2.5,0.5413471221851762
5.696111478514712,-1.52791702787296,1.5538461538461539,0.0,2.5,0.537722939954238
5.696111478514712,-1.5179170278729601,1.5538461538461539,0.0,2.5,0.5387973897220751
5.696111478514712,-1.5079170278729603,2.2883333333333336,0.0,2.5,0.5465887869983044
5.696111478514712,-1.4979170278729605,2.5,0.0,2.5,0.650227931306105
5.696111478514712,-1.4879170278729608,2.5,0.0,2.5,0.6595905673378977
5.696111478514712,-1.477917027872961,2.5,0.0,2.5,0.6697683085418227
5.696111478514712,-1.4679170278729612,2.5,0.0,2.5,0.6703294157790618
5.696111478514712,-1.4579170278729614,2.2883333333333336,0.0,2.5,0.6135421309402354
5.696111478514712,-1.4479170278729616,1.5538461538461539,0.0,2.5,0.5689195982720866
5.696111478514712,-1.4379170278729618,2.2883333333333336,0.0,2.5,0.5999971338566503
5.696111478514712,-1.427917027872962,2.2883333333333336,0.0,2.5,0.6258081852912079
5.696111478514712,-1.4179170278729623,2.2883333333333336,0.0,2.5,0.6117023894273182
5.696111478514712,-1.4079170278729625,2.1613793273770456,0.0,2.5,0.5866988234668837
5.696111478514712,-1.3979170278729627,2.2883333333333336,0.0,2.5,0.6096062676336327
5.696111478514712,-1.387917027872963,2.2883333333333336,0.0,2.5,0.6055269836712946
5.696111478514712,-1.377917027872963,2.2883333333333336,0.0,2.5,0.6269743983922487
5.696111478514712,-1.3679170278729633,2.2883333333333336,0.0,2.5,0.6181702919710012
5.696111478514712,-1.3579170278729635,2.2883333333333336,0.0,2.5,0.6181045160801679
5.696111478514712,-1.3479170278729637,2.2826802832156576,0.0,2.5,0.601779594754044
5.696111478514712,-1.337917027872964,1.5538461538461539,0.0,2.5,0.5928988054870707
5.696111478514712,-1.3279170278729642,1.5538461538461539,0.0,2.5,0.5644184965457584
5.696111478514712,-1.3179170278729644,1.5538461538461539,0.0,2.5,0.5639725823293665
5.696111478514712,-1.3079170278729646,1.5538461538461539,0.0,2.5,0.558198417289759
5.696111478514712,-1.2979170278729648,1.5538461538461539,0.0,2.5,0.5614947988431158
5.696111478514712,-1.287917027872965,1.5538461538461539,0.0,2.5,0.5599002149478293
5.696111478514712,-1.2779170278729652,1.5538461538461539,0.0,2.5,0.5607288715832464
5.696111478514712,-1.2679170278729655,1.5538461538461539,0.0,2.5,0.5488733530201764
5.696111478514712,-1.2579170278729657,1.5538461538461539,0.0,2.5,0.554280357059726
5.696111478514712,-1.2479170278729659,1.5538461538461539,0.0,2.5,0.533517349342167
5.696111478514712,-1.237917027872966,1.5538461538461539,0.0,2.5,0.5137611697388923
5.696111478514712,-1.2279170278729663,1.5538461538461539,0.0,2.5,0.4857714164315655
5.696111478514712,-1.2179170278729665,1.5538461538461539,0.0,2.5,0.49416625429425637
5.696111478514712,-1.2079170278729667,1.5538461538461539,0.0,2.5,0.5044210378988588
5.696111478514712,-1.197917027872967,1.5538461538461539,0.0,2.5,0.492274746654125
5.696111478514712,-1.1879170278729672,1.5538461538461539,0.0,2.5,0.4949504127760606
5.696111478514712,-1.1779170278729674,1.5538461538461539,0.0,2.5,0.5069302726889884
5.696111478514712,-1.1679170278729676,1.5538461538461539,0.0,2.5,0.5120975924087529
5.696111478514712,-1.1579170278729678,1.5538461538461539,0.0,2.5,0.517002757245334
5.696111478514712,-1.147917027872968,2.2883333333333336,0.0,2.5,0.5213732182336825
5.696111478514712,-1.1379170278729682,2.2883333333333336,0.0,2.5,0.5295970334683924
5.696111478514712,-1.1279170278729684,2.2883333333333336,0.0,2.5,0.562799904780471
5.696111478514712,-1.1179170278729686,2.2883333333333336,0.0,2.5,0.5998738722105832
5.696111478514712,-1.1079170278729689,1.5538461538461539,0.0,2.5,0.5323238895376359
5.696111478514712,-1.097917027872969,1.5538461538461539,0.0,2.5,0.5213808864136463
5.696111478514712,-1.0879170278729693,1.5538461538461539,0.0,2.5,0.5192640283649336
5.696111478514712,-1.0779170278729695,2.263151917302744,0.0,2.5,0.5160389162306206
5.696111478514712,-1.0679170278729697,2.2883333333333336,0.0,2.5,0.5293572692280047
5.696111478514712,-1.05791702787297,2.5,0.0,2.5,0.5293680223926737
5.696111478514712,-1.0479170278729701,2.5,0.0,2.5,0.5540858647006142
5.696111478514712,-1.0379170278729704,2.5,0.0,2.5,0.5444018670489149
5.696111478514712,-1.0279170278729706,2.2883333333333336,0.0,2.5,0.5494770400190061
5.696111478514712,-1.0179170278729708,2.2883333333333336,0.0,2.5,0.550352581467711
5.696111478514712,-1.007917027872971,2.2031772635664986,0.0,2.5,0.5419117860953843
5.696111478514712,-0.9979170278729712,1.5538461538461539,0.0,2.5,0.5461154365120092
5.696111478514712,-0.9879170278729714,1.5538461538461539,0.0,2.5,0.5313902105912494
5.696111478514712,-0.9779170278729716,1.5538461538461539,0.0,2.5,0.5360544828250408
5.696111478514712,-0.9679170278729718,1.5538461538461539,0.0,2.5,0.5515867427151017
5.696111478514712,-0.9579170278729721,1.5538461538461539,0.0,2.5,0.558023898109791
5.696111478514712,-0.9479170278729723,1.5538461538461539,0.0,2.5,0.5578517637217043
5.696111478514712,-0.9379170278729725,1.5538461538461539,0.0,2.5,0.5571500854483169
5.696111478514712,-0.9279170278729727,1.5538461538461539,0.0,2.5,0.6155167667312859
5.696111478514712,-0.9179170278729729,1.5538461538461539,0.0,2.5,0.5598146425947108
5.696111478514712,-0.9079170278729731,1.5538461538461539,0.0,2.5,0.574129841711215
5.696111478514712,-0.8979170278729733,1.5538461538461539,0.0,2.5,0.5749119582352796
5.696111478514712,-0.8879170278729736,1.5538461538461539,0.0,2.5,0.5534510512890181
5.696111478514712,-0.8779170278729738,1.5538461538461539,0.0,2.5,0.5390589190111363
5.696111478514712,-0.867917027872974,1.5538461538461539,0.0,2.5,0.6548034623183497
5.696111478514712,-0.8579170278729742,1.5538461538461539,0.0,2.5,0.6601580601514057
5.696111478514712,-0.8479170278729744,1.5538461538461539,0.0,2.5,0.6695814415826082
5.696111478514712,-0.8379170278729746,1.5538461538461539,0.0,2.5,0.6670413224968628
5.696111478514712,-0.8279170278729748,1.5538461538461539,0.0,2.5,0.6459611588605435
5.696111478514712,-0.817917027872975,1.5538461538461539,0.0,2.5,0.6412814995801057
5.696111478514712,-0.8079170278729753,1.5538461538461539,0.0,2.5,0.6478754419767799
5.696111478514712,-0.7979170278729755,1.5538461538461539,0.0,2.5,0.6461652766256807
5.696111478514712,-0.7879170278729757,1.5538461538461539,0.0,2.5,0.6499542452787939
5.696111478514712,-0.7779170278729759,1.5538461538461539,0.0,2.5,0.6484337987605027
5.696111478514712,-0.7679170278729761,1.5538461538461539,0.0,2.5,0.6539496065193895
5.696111478514712,-0.7579170278729763,1.5538461538461539,0.0,2.5,0.6454054295021973
5.696111478514712,-0.7479170278729765,1.5538461538461539,0.0,2.5,0.6292978427847712
5.696111478514712,-0.7379170278729767,1.5538461538461539,0.0,2.5,0.6174432157316563
5.696111478514712,-0.727917027872977,1.5538461538461539,0.0,2.5,0.6106896315022655
5.696111478514712,-0.7179170278729772,1.5538461538461539,0.0,2.5,0.6160065648344786
5.696111478514712,-0.7079170278729774,1.5538461538461539,0.0,2.5,0.6646425260740564
5.696111478514712,-0.6979170278729776,1.5538461538461539,0.0,2.5,0.6616536183643786
5.696111478514712,-0.6879170278729778,1.5538461538461539,0.0,2.5,0.6066799241234008
5.696111478514712,-0.677917027872978,1.5538461538461539,0.0,2.5,0.5996747834285234
5.696111478514712,-0.6679170278729782,1.5538461538461539,0.0,2.5,0.5972369445858936
5.696111478514712,-0.6579170278729785,0.9440000000000001,0.0,2.5,0.5775705284074116
5.696111478514712,-0.6479170278729787,0.9440000000000001,0.0,2.5,0.5595401188831155
5.696111478514712,-0.6379170278729789,0.9440000000000001,0.0,2.5,0.5387906995239292
5.696111478514712,-0.6279170278729791,0.9440000000000001,0.0,2.5,0.5367153096875822
5.696111478514712,-0.6179170278729793,0.9440000000000001,0.0,2.5,0.5434348671427754
5.696111478514712,-0.6079170278729795,1.5538461538461539,0.0,2.5,0.5820746926850046
5.696111478514712,-0.5979170278729797,1.5538461538461539,0.0,2.5,0.5737282193377754
5.696111478514712,-0.58791702787298,1.5538461538461539,0.0,2.5,0.5734552874872589
5.696111478514712,-0.5779170278729802,1.5538461538461539,0.0,2.5,0.5756683961816365
5.696111478514712,-0.5679170278729804,1.5538461538461539,0.0,2.5,0.5658117295904023
5.696111478514712,-0.5579170278729806,1.5538461538461539,0.0,2.5,0.5200608415761909
5.696111478514712,-0.5479170278729808,1.5538461538461539,0.0,2.5,0.5188856167989788
5.696111478514712,-0.537917027872981,1.5538461538461539,0.0,2.5,0.519436934862527
5.696111478514712,-0.5279170278729812,1.5538461538461539,0.0,2.5,0.5182364875043206
5.696111478514712,-0.5179170278729814,1.5538461538461539,0.0,2.5,0.5263702405091144
5.706111478514711,-1.7979170278729542,1.5538461538461539,0.0,2.5,0.6550561490016205
5.706111478514711,-1.7879170278729544,1.5538461538461539,0.0,2.5,0.6477583675080116
5.706111478514711,-1.7779170278729546,1.5538461538461539,0.0,2.5,0.6251902279611294
5.706111478514711,-1.7679170278729548,1.5538461538461539,0.0,2.5,0.6218451489038656
5.706111478514711,-1.757917027872955,1.5538461538461539,0.0,2.5,0.6218451489038656
5.706111478514711,-1.7479170278729552,1.5538461538461539,0.0,2.5,0.6168692109720757
5.706111478514711,-1.7379170278729554,1.5538461538461539,0.0,2.5,0.5920424453506723
5.706111478514711,-1.7279170278729556,1.5538461538461539,0.0,2.5,0.5915893546384949
5.706111478514711,-1.7179170278729559,1.5538461538461539,0.0,2.5,0.6060810177448182
5.706111478514711,-1.707917027872956,1.5538461538461539,0.0,2.5,0.6214193822833476
5.706111478514711,-1.6979170278729563,1.5538461538461539,0.0,2.5,0.6264559509580212
5.706111478514711,-1.6879170278729565,2.2883333333333336,0.0,2.5,0.6321306779790119
5.706111478514711,-1.6779170278729567,2.2883333333333336,0.0,2.5,0.6518842450124985
5.706111478514711,-1.667917027872957,2.2883333333333336,0.0,2.5,0.657712172707601
5.706111478514711,-1.6579170278729571,2.2883333333333336,0.0,2.5,0.6624577021363764
5.706111478514711,-1.6479170278729574,2.2883333333333336,0.0,2.5,0.6639506656800862
5.706111478514711,-1.6379170278729576,2.2634830737912917,0.0,2.5,0.639861386637694
5.706111478514711,-1.6279170278729578,2.2883333333333336,0.0,2.5,0.6121001039652592
5.706111478514711,-1.617917027872958,2.1769039222083895,0.0,2.5,0.621055657668253
5.706111478514711,-1.6079170278729582,1.5538461538461539,0.0,2.5,0.6185647713198014
5.706111478514711,-1.5979170278729584,1.5538461538461539,0.0,2.5,0.6148669632828678
5.706111478514711,-1.5879170278729586,1.5538461538461539,0.0,2.5,0.6144832157244386
5.706111478514711,-1.5779170278729588,1.5538461538461539,0.0,2.5,0.6187021252772117
5.706111478514711,-1.567917027872959,1.5538461538461539,0.0,2.5,0.6023539007050916
5.706111478514711,-1.5579170278729593,1.5538461538461539,0.0,2.5,0.6033855618040723
5.706111478514711,-1.5479170278729595,1.5538461538461539,0.0,2.5,0.6036152802328413
5.706111478514711,-1.5379170278729597,1.5538461538461539,0.0,2.5,0.5901591510487508
5.706111478514711,-1.52791702787296,1.5538461538461539,0.0,2.5,0.5390126124734295
5.706111478514711,-1.5179170278729601,1.5538461538461539,0.0,2.5,0.5341689672051995
5.706111478514711,-1.5079170278729603,2.2883333333333336,0.0,2.5,0.6583160122464812
5.706111478514711,-1.4979170278729605,2.5,0.0,2.5,0.6307192819768406
5.706111478514711,-1.4879170278729608,2.5,0.0,2.5,0.6658923238270572
5.706111478514711,-1.477917027872961,2.5,0.0,2.5,0.6734975572930921
5.706111478514711,-1.4679170278729612,2.5,0.0,2.5,0.6337809142852681
5.706111478514711,-1.4579170278729614,2.2883333333333336,0.0,2.5,0.5723290903218966
5.706111478514711,-1.4479170278729616,2.2883333333333336,0.0,2.5,0.5697535995719352
5.706111478514711,-1.4379170278729618,2.2883333333333336,0.0,2.5,0.6069206701799914
5.706111478514711,-1.427917027872962,2.2883333333333336,0.0,2.5,0.6273762774819709
5.706111478514711,-1.4179170278729623,2.2883333333333336,0.0,2.5,0.6078288716407569
5.706111478514711,-1.4079170278729625,2.2161654189400357,0.0,2.5,0.5935815549766318
5.706111478514711,-1.3979170278729627,2.2883333333333336,0.0,2.5,0.6107327498470715
5.706111478514711,-1.387917027872963,2.2883333333333336,0.0,2.5,0.6114723580655248
5.706111478514711,-1.377917027872963,2.2883333333333336,0.0,2.5,0.6278681819089751
5.706111478514711,-1.3679170278729633,2.2883333333333336,0.0,2.5,0.6133265259303392
5.706111478514711,-1.3579170278729635,2.2883333333333336,0.0,2.5,0.618237671293743
5.706111478514711,-1.3479170278729637,2.243700287356672,0.0,2.5,0.597279409271777
5.706111478514711,-1.337917027872964,1.5538461538461539,0.0,2.5,0.5899401253765514
5.706111478514711,-1.3279170278729642,1.5538461538461539,0.0,2.5,0.5692088850938156
5.706111478514711,-1.3179170278729644,1.5538461538461539,0.0,2.5,0.5691406119666895
5.706111478514711,-1.3079170278729646,1.5538461538461539,0.0,2.5,0.5631680496482977
5.706111478514711,-1.2979170278729648,1.5538461538461539,0.0,2.5,0.5614137156566366
5.706111478514711,-1.287917027872965,1.5538461538461539,0.0,2.5,0.5592627266797203
5.706111478514711,-1.2779170278729652,1.5538461538461539,0.0,2.5,0.5508094762362882
5.706111478514711,-1.2679170278729655,1.5538461538461539,0.0,2.5,0.552019874727789
5.706111478514711,-1.2579170278729657,1.5538461538461539,0.0,2.5,0.5497188402283805
5.706111478514711,-1.2479170278729659,1.5538461538461539,0.0,2.5,0.5313655594337703
5.706111478514711,-1.237917027872966,1.5538461538461539,0.0,2.5,0.5176055995205392
5.706111478514711,-1.2279170278729663,1.5538461538461539,0.0,2.5,0.49512424740507194
5.706111478514711,-1.2179170278729665,1.5538461538461539,0.0,2.5,0.49697057027853747
5.706111478514711,-1.2079170278729667,1.5538461538461539,0.0,2.5,0.51455621157725
5.706111478514711,-1.197917027872967,1.5538461538461539,0.0,2.5,0.4961722502915694
5.706111478514711,-1.1879170278729672,1.5538461538461539,0.0,2.5,0.48866672778886844
5.706111478514711,-1.1779170278729674,1.5538461538461539,0.0,2.5,0.49607096038363846
5.706111478514711,-1.1679170278729676,1.5538461538461539,0.0,2.5,0.514101404358284
5.706111478514711,-1.1579170278729678,1.5538461538461539,0.0,2.5,0.5253264263267027
5.706111478514711,-1.147917027872968,2.2883333333333336,0.0,2.5,0.5509137905001185
5.706111478514711,-1.1379170278729682,2.2883333333333336,0.0,2.5,0.5705268279275191
5.706111478514711,-1.1279170278729684,2.2883333333333336,0.0,2.5,0.5592880560238994
5.706111478514711,-1.1179170278729686,2.2883333333333336,0.0,2.5,0.5753415357184789
5.706111478514711,-1.1079170278729689,2.2883333333333336,0.0,2.5,0.6248927203492238
5.706111478514711,-1.097917027872969,2.2883333333333336,0.0,2.5,0.6003497716009141
5.706111478514711,-1.0879170278729693,2.220045116004473,0.0,2.5,0.5599213928531932
5.706111478514711,-1.0779170278729695,2.2883333333333336,0.0,2.5,0.5189336760975223
5.706111478514711,-1.0679170278729697,2.2883333333333336,0.0,2.5,0.5152974894219481
5.706111478514711,-1.05791702787297,2.5,0.0,2.5,0.5175001501600461
5.706111478514711,-1.0479170278729701,2.5,0.0,2.5,0.5691590521194242
5.706111478514711,-1.0379170278729704,2.5,0.0,2.5,0.5569351280201508
5.706111478514711,-1.0279170278729706,2.2883333333333336,0.0,2.5,0.5582340776953781
5.706111478514711,-1.0179170278729708,2.2883333333333336,0.0,2.5,0.5576627137826653
5.706111478514711,-1.007917027872971,2.2541635450733803,0.0,2.5,0.5476427153859144
5.706111478514711,-0.9979170278729712,1.5538461538461539,0.0,2.5,0.5465466616616806
5.706111478514711,-0.9879170278729714,1.5538461538461539,0.0,2.5,0.5337734049339609
5.706111478514711,-0.9779170278729716,1.5538461538461539,0.0,2.5,0.547768645549533
5.706111478514711,-0.9679170278729718,1.5538461538461539,0.0,2.5,0.5597993165959526
5.706111478514711,-0.9579170278729721,1.5538461538461539,0.0,2.5,0.5674360894323778
5.706111478514711,-0.9479170278729723,1.5538461538461539,0.0,2.5,0.5728869076632744
5.706111478514711,-0.9379170278729725,0.9440000000000001,0.0,2.5,0.5602312960083069
5.706111478514711,-0.9279170278729727,0.9440000000000001,0.0,2.5,0.6096500178662698
5.706111478514711,-0.9179170278729729,1.5538461538461539,0.0,2.5,0.5824697537026219
5.706111478514711,-0.9079170278729731,1.5538461538461539,0.0,2.5,0.5591173987511755
5.706111478514711,-0.8979170278729733,1.5538461538461539,0.0,2.5,0.5659551136232766
5.706111478514711,-0.8879170278729736,1.5538461538461539,0.0,2.5,0.5365383074043328
5.706111478514711,-0.8779170278729738,1.5538461538461539,0.0,2.5,0.5536307680734579
5.706111478514711,-0.867917027872974,1.5538461538461539,0.0,2.5,0.6182400793320509
5.706111478514711,-0.8579170278729742,1.5538461538461539,0.0,2.5,0.6255800039760943
5.706111478514711,-0.8479170278729744,1.5538461538461539,0.0,2.5,0.6345732596954623
5.706111478514711,-0.8379170278729746,1.5538461538461539,0.0,2.5,0.6435270449182071
5.706111478514711,-0.8279170278729748,1.5538461538461539,0.0,2.5,0.6422551169344268
5.706111478514711,-0.817917027872975,1.5538461538461539,0.0,2.5,0.6516874481815025
5.706111478514711,-0.8079170278729753,1.5538461538461539,0.0,2.5,0.6493209332461803
5.706111478514711,-0.7979170278729755,1.5538461538461539,0.0,2.5,0.6491022926031866
5.706111478514711,-0.7879170278729757,1.5538461538461539,0.0,2.5,0.6495528174606492
5.706111478514711,-0.7779170278729759,1.5538461538461539,0.0,2.5,0.6464870023993013
5.706111478514711,-0.7679170278729761,1.5538461538461539,0.0,2.5,0.6330031383769715
5.706111478514711,-0.7579170278729763,1.5538461538461539,0.0,2.5,0.6329249472757076
5.706111478514711,-0.7479170278729765,1.5538461538461539,0.0,2.5,0.6251185787534275
5.706111478514711,-0.6979170278729776,1.5538461538461539,0.0,2.5,0.6697395514001097
5.706111478514711,-0.6879170278729778,1.5538461538461539,0.0,2.5,0.608108936365497
5.706111478514711,-0.6579170278729785,1.5538461538461539,0.0,2.5,0.578140081988953
5.706111478514711,-0.6479170278729787,0.9440000000000001,0.0,2.5,0.5259262827261408
5.706111478514711,-0.6379170278729789,0.9440000000000001,0.0,2.5,0.4958989389340656
5.706111478514711,-0.6279170278729791,0.9440000000000001,0.0,2.5,0.5315916123772783
5.706111478514711,-0.6179170278729793,1.5538461538461539,0.0,2.5,0.5713374992446938
5.706111478514711,-0.6079170278729795,1.1126965870936159,0.0,2.5,0.55418110396892
5.706111478514711,-0.5979170278729797,1.5538461538461539,0.0,2.5,0.5545198898462818
5.706111478514711,-0.58791702787298,1.5538461538461539,0.0,2.5,0.5710995921972051
5.706111478514711,-0.5779170278729802,1.5538461538461539,0.0,2.5,0.5772477980351554
5.706111478514711,-0.5679170278729804,1.5538461538461539,0.0,2.5,0.5648467126092376
5.706111478514711,-0.5579170278729806,1.5538461538461539,0.0,2.5,0.5236247909178169
5.706111478514711,-0.5479170278729808,1.5538461538461539,0.0,2.5,0.5250629469808853
5.706111478514711,-0.537917027872981,1.5538461538461539,0.0,2.5,0.5293979900136345
5.706111478514711,-0.5279170278729812,1.5538461538461539,0.0,2.5,0.5189093798066196
5.706111478514711,-0.5179170278729814,1.5538461538461539,0.0,2.5,0.5171534024748796
5.716111478514711,-1.7979170278729542,1.5538461538461539,0.0,2.5,0.661826363141872
5.716111478514711,-1.7879170278729544,1.5538461538461539,0.0,2.5,0.6268720906701416
5.716111478514711,-1.7779170278729546,1.5538461538461539,0.0,2.5,0.6309099761223997
5.716111478514711,-1.7679170278729548,1.5538461538461539,0.0,2.5,0.6281044205668443
5.716111478514711,-1.757917027872955,1.5538461538461539,0.0,2.5,0.6254566270830898
5.716111478514711,-1.7479170278729552,1.5538461538461539,0.0,2.5,0.6127329115296957
5.716111478514711,-1.7379170278729554,1.5538461538461539,0.0,2.5,0.5696342157183717
5.716111478514711,-1.7279170278729556,1.5538461538461539,0.0,2.5,0.596015276004927
5.716111478514711,-1.7179170278729559,1.5538461538461539,0.0,2.5,0.6167545189767919
5.716111478514711,-1.707917027872956,1.5538461538461539,0.0,2.5,0.628032186713624
5.716111478514711,-1.6979170278729563,1.5538461538461539,0.0,2.5,0.6414482132934455
5.716111478514711,-1.6879170278729565,2.2883333333333336,0.0,2.5,0.65052033943259
5.716111478514711,-1.6779170278729567,2.2883333333333336,0.0,2.5,0.6565637885933097
5.716111478514711,-1.667917027872957,2.2883333333333336,0.0,2.5,0.6660456812429659
5.716111478514711,-1.6579170278729571,2.2883333333333336,0.0,2.5,0.6543745221956556
5.716111478514711,-1.6479170278729574,2.2883333333333336,0.0,2.5,0.6488494573031943
5.716111478514711,-1.6379170278729576,2.2883333333333336,0.0,2.5,0.6493772350809721
5.716111478514711,-1.6279170278729578,2.2883333333333336,0.0,2.5,0.6433158231601144
5.716111478514711,-1.617917027872958,2.2883333333333336,0.0,2.5,0.6460183280795521
5.716111478514711,-1.6079170278729582,1.5538461538461539,0.0,2.5,0.6342331282418567
5.716111478514711,-1.5979170278729584,1.5538461538461539,0.0,2.5,0.6357650811424402
5.716111478514711,-1.5879170278729586,1.5538461538461539,0.0,2.5,0.6339534627991751
5.716111478514711,-1.5779170278729588,1.5538461538461539,0.0,2.5,0.6128763755100569
5.716111478514711,-1.567917027872959,1.5538461538461539,0.0,2.5,0.6143761041729648
5.716111478514711,-1.5579170278729593,1.5538461538461539,0.0,2.5,0.6186542114101276
5.716111478514711,-1.5479170278729595,1.5538461538461539,0.0,2.5,0.6041654129596722
5.716111478514711,-1.5379170278729597,1.5538461538461539,0.0,2.5,0.5963846070254767
5.716111478514711,-1.52791702787296,1.5538461538461539,0.0,2.5,0.6021025086747092
5.716111478514711,-1.5179170278729601,2.2883333333333336,0.0,2.5,0.6279816711648186
5.716111478514711,-1.5079170278729603,2.2883333333333336,0.0,2.5,0.6290061899503886
5.716111478514711,-1.4979170278729605,2.5,0.0,2.5,0.6518069539150172
5.716111478514711,-1.4879170278729608,2.5,0.0,2.5,0.6721975144126651
5.716111478514711,-1.477917027872961,2.5,0.0,2.5,0.6413986220311971
5.716111478514711,-1.4679170278729612,2.2883333333333336,0.0,2.5,0.5748521492006684
5.716111478514711,-1.4579170278729614,2.2883333333333336,0.0,2.5,0.5645127754594627
5.716111478514711,-1.4479170278729616,2.2883333333333336,0.0,2.5,0.5703066712918071
5.716111478514711,-1.4379170278729618,2.2883333333333336,0.0,2.5,0.6094874899431257
5.716111478514711,-1.427917027872962,2.2883333333333336,0.0,2.5,0.6074110140226211
5.716111478514711,-1.4179170278729623,2.2883333333333336,0.0,2.5,0.613364924961137
5.716111478514711,-1.4079170278729625,2.220441980751661,0.0,2.5,0.5932591824360369
5.716111478514711,-1.3979170278729627,2.1700641316624,0.0,2.5,0.5822535072022996
5.716111478514711,-1.387917027872963,2.2883333333333336,0.0,2.5,0.6170914446082172
5.716111478514711,-1.377917027872963,2.2883333333333336,0.0,2.5,0.626738647308968
5.716111478514711,-1.3679170278729633,2.2883333333333336,0.0,2.5,0.6137394961824767
5.716111478514711,-1.3579170278729635,2.2883333333333336,0.0,2.5,0.6131383470555687
5.716111478514711,-1.3479170278729637,2.260660396163031,0.0,2.5,0.5992650450631446
5.716111478514711,-1.337917027872964,1.5538461538461539,0.0,2.5,0.5854433994692803
5.716111478514711,-1.3279170278729642,1.5538461538461539,0.0,2.5,0.5692088850938156
5.716111478514711,-1.3179170278729644,1.5538461538461539,0.0,2.5,0.5706235197137358
5.716111478514711,-1.3079170278729646,1.5538461538461539,0.0,2.5,0.5659479168266573
5.716111478514711,-1.2979170278729648,1.5538461538461539,0.0,2.5,0.5611555290889377
5.716111478514711,-1.287917027872965,1.5538461538461539,0.0,2.5,0.5660479265174155
5.716111478514711,-1.2779170278729652,1.5538461538461539,0.0,2.5,0.5511064180368618
5.716111478514711,-1.2679170278729655,1.5538461538461539,0.0,2.5,0.5511388368966041
5.716111478514711,-1.2579170278729657,1.5538461538461539,0.0,2.5,0.5400215020735428
5.716111478514711,-1.2479170278729659,1.5538461538461539,0.0,2.5,0.5317151833102436
5.716111478514711,-1.237917027872966,1.5538461538461539,0.0,2.5,0.4942368186750011
5.716111478514711,-1.2279170278729663,1.5538461538461539,0.0,2.5,0.4970572674828143
5.716111478514711,-1.2179170278729665,1.5538461538461539,0.0,2.5,0.5064420427384894
5.716111478514711,-1.2079170278729667,1.5538461538461539,0.0,2.5,0.5157874845849093
5.716111478514711,-1.197917027872967,1.5538461538461539,0.0,2.5,0.500485723934646
5.716111478514711,-1.1879170278729672,1.5538461538461539,0.0,2.5,0.48709933893090496
5.716111478514711,-1.1779170278729674,1.5538461538461539,0.0,2.5,0.5006724370390244
5.716111478514711,-1.1679170278729676,1.5538461538461539,0.0,2.5,0.5367766141658068
5.716111478514711,-1.1579170278729678,1.5538461538461539,0.0,2.5,0.5464077149347655
5.716111478514711,-1.147917027872968,2.2883333333333336,0.0,2.5,0.5703967465713802
5.716111478514711,-1.1379170278729682,2.2883333333333336,0.0,2.5,0.5749586347129833
5.716111478514711,-1.1279170278729684,2.2883333333333336,0.0,2.5,0.5792621055636893
5.716111478514711,-1.1179170278729686,2.2883333333333336,0.0,2.5,0.5732149469323363
5.716111478514711,-1.1079170278729689,2.2883333333333336,0.0,2.5,0.5708613832470365
5.716111478514711,-1.097917027872969,2.2883333333333336,0.0,2.5,0.6333095174958047
5.716111478514711,-1.0879170278729693,2.2883333333333336,0.0,2.5,0.6445287226258776
5.716111478514711,-1.0779170278729695,2.2883333333333336,0.0,2.5,0.6271030888553538
5.716111478514711,-1.0679170278729697,2.3407049016140626,0.0,2.5,0.6263921043741466
5.716111478514711,-1.05791702787297,2.2883333333333336,0.0,2.5,0.53175894388003
5.716111478514711,-1.0479170278729701,2.5,0.0,2.5,0.527936591724342
5.716111478514711,-1.0379170278729704,2.5,0.0,2.5,0.5286730161191583
5.716111478514711,-1.0279170278729706,2.2883333333333336,0.0,2.5,0.5435419853227766
5.716111478514711,-1.0179170278729708,2.2883333333333336,0.0,2.5,0.539327212376923
5.716111478514711,-1.007917027872971,2.1707643270067942,0.0,2.5,0.5381185880082998
5.716111478514711,-0.9979170278729712,2.015657473225047,0.0,2.5,0.5522868055454407
5.716111478514711,-0.9879170278729714,1.630699115595698,0.0,2.5,0.5513343700720839
5.716111478514711,-0.9779170278729716,1.5538461538461539,0.0,2.5,0.5440534011392968
5.716111478514711,-0.9679170278729718,1.5538461538461539,0.0,2.5,0.563914750199541
5.716111478514711,-0.9579170278729721,1.5538461538461539,0.0,2.5,0.5635174379662283
5.716111478514711,-0.9479170278729723,0.9440000000000001,0.0,2.5,0.5641496813790219
5.716111478514711,-0.9379170278729725,0.9440000000000001,0.0,2.5,0.563147927939789
5.716111478514711,-0.9279170278729727,0.9440000000000001,0.0,2.5,0.5621110728516789
5.716111478514711,-0.9179170278729729,1.5538461538461539,0.0,2.5,0.6053256774193869
5.716111478514711,-0.9079170278729731,1.5538461538461539,0.0,2.5,0.557932664111376
5.716111478514711,-0.8979170278729733,1.5538461538461539,0.0,2.5,0.5371872225348292
5.716111478514711,-0.8879170278729736,1.5538461538461539,0.0,2.5,0.5363447235253208
5.716111478514711,-0.8779170278729738,1.5538461538461539,0.0,2.5,0.6070318698088716
5.716111478514711,-0.867917027872974,1.5538461538461539,0.0,2.5,0.6191586593230736
5.716111478514711,-0.8579170278729742,1.5538461538461539,0.0,2.5,0.5986623366809541
5.716111478514711,-0.8479170278729744,1.5538461538461539,0.0,2.5,0.5990362066882013
5.716111478514711,-0.8379170278729746,1.5538461538461539,0.0,2.5,0.6231108442506782
5.716111478514711,-0.8279170278729748,1.5538461538461539,0.0,2.5,0.6309800737259861
5.716111478514711,-0.817917027872975,1.5538461538461539,0.0,2.5,0.6350952702649959
5.716111478514711,-0.8079170278729753,1.5538461538461539,0.0,2.5,0.6316487300538483
5.716111478514711,-0.7979170278729755,1.5538461538461539,0.0,2.5,0.6369587463226744
5.716111478514711,-0.7879170278729757,1.5538461538461539,0.0,2.5,0.630447217610346
5.716111478514711,-0.6279170278729791,0.9440000000000001,0.0,2.5,0.50580601824275
5.716111478514711,-0.6179170278729793,0.9440000000000001,0.0,2.5,0.5123973938756748
5.716111478514711,-0.6079170278729795,1.125132012077191,0.0,2.5,0.5443347766810318
5.716111478514711,-0.5979170278729797,1.5538461538461539,0.0,2.5,0.5422866160759068
5.716111478514711,-0.58791702787298,1.5538461538461539,0.0,2.5,0.5543965437680488
5.716111478514711,-0.5779170278729802,1.5538461538461539,0.0,2.5,0.5555695672860071
5.716111478514711,-0.5679170278729804,1.5538461538461539,0.0,2.5,0.5522133626458471
5.716111478514711,-0.5579170278729806,1.5538461538461539,0.0,2.5,0.5190463635662238
5.716111478514711,-0.5479170278729808,1.5538461538461539,0.0,2.5,0.5229894710469107
5.716111478514711,-0.537917027872981,1.5538461538461539,0.0,2.5,0.5139653605478901
5.716111478514711,-0.5279170278729812,1.5538461538461539,0.0,2.5,0.5059340713250993
5.716111478514711,-0.5179170278729814,1.5538461538461539,0.0,2.5,0.5089645936020729
5.726111478514711,-1.7979170278729542,1.5538461538461539,0.0,2.5,0.6742922047834873
5.726111478514711,-1.7879170278729544,1.5538461538461539,0.0,2.5,0.635254953906303
5.726111478514711,-1.7779170278729546,1.5538461538461539,0.0,2.5,0.6394569317578598
5.726111478514711,-1.7679170278729548,1.5538461538461539,0.0,2.5,0.6372763129875699
5.726111478514711,-1.757917027872955,1.5538461538461539,0.0,2.5,0.6390937443198527
5.726111478514711,-1.7479170278729552,1.5538461538461539,0.0,2.5,0.6099984856718766
5.726111478514711,-1.7379170278729554,1.5538461538461539,0.0,2.5,0.5723093741742028
5.726111478514711,-1.7279170278729556,1.5538461538461539,0.0,2.5,0.6077062208440077
5.726111478514711,-1.7179170278729559,1.5538461538461539,0.0,2.5,0.6202474050007513
5.726111478514711,-1.707917027872956,1.5538461538461539,0.0,2.5,0.6398958069509839
5.726111478514711,-1.6979170278729563,1.5538461538461539,0.0,2.5,0.6594727539027847
5.726111478514711,-1.6879170278729565,2.2883333333333336,0.0,2.5,0.6567425140182263
5.726111478514711,-1.6779170278729567,2.2883333333333336,0.0,2.5,0.658746196241638
5.726111478514711,-1.667917027872957,2.2883333333333336,0.0,2.5,0.6611013021226736
5.726111478514711,-1.6579170278729571,2.2883333333333336,0.0,2.5,0.659148700938315
5.726111478514711,-1.6479170278729574,2.2883333333333336,0.0,2.5,0.6543284587326705
5.726111478514711,-1.6379170278729576,2.2883333333333336,0.0,2.5,0.6584939653619277
5.726111478514711,-1.6279170278729578,2.2883333333333336,0.0,2.5,0.6588311664871034
5.726111478514711,-1.617917027872958,2.2883333333333336,0.0,2.5,0.6583261175907228
5.726111478514711,-1.6079170278729582,2.231190212887508,0.0,2.5,0.6553129425404396
5.726111478514711,-1.5979170278729584,1.5538461538461539,0.0,2.5,0.6402102468167374
5.726111478514711,-1.5879170278729586,1.5538461538461539,0.0,2.5,0.6418378664571798
5.726111478514711,-1.5779170278729588,1.5538461538461539,0.0,2.5,0.6256655252909503
5.726111478514711,-1.567917027872959,1.5538461538461539,0.0,2.5,0.6151579977130338
5.726111478514711,-1.5579170278729593,1.5538461538461539,0.0,2.5,0.618356348840946
5.726111478514711,-1.5479170278729595,1.5538461538461539,0.0,2.5,0.6149179088179981
5.726111478514711,-1.5379170278729597,1.5538461538461539,0.0,2.5,0.6158372348796138
5.726111478514711,-1.52791702787296,1.5538461538461539,0.0,2.5,0.6224921430688171
5.726111478514711,-1.5179170278729601,1.5538461538461539,0.0,2.5,0.6095556933882071
5.726111478514711,-1.5079170278729603,2.2883333333333336,0.0,2.5,0.6779718853016755
5.726111478514711,-1.4979170278729605,2.2883333333333336,0.0,2.5,0.6759152231755637
5.726111478514711,-1.4879170278729608,2.2883333333333336,0.0,2.5,0.6353686041877626
5.726111478514711,-1.477917027872961,2.2883333333333336,0.0,2.5,0.5767597279076333
5.726111478514711,-1.4679170278729612,2.2883333333333336,0.0,2.5,0.5586959589726858
5.726111478514711,-1.4579170278729614,2.2883333333333336,0.0,2.5,0.5561814910162024
5.726111478514711,-1.4479170278729616,2.2883333333333336,0.0,2.5,0.5443284789226636
5.726111478514711,-1.4379170278729618,2.2883333333333336,0.0,2.5,0.5831288090300034
5.726111478514711,-1.427917027872962,2.2883333333333336,0.0,2.5,0.5952550705921135
5.726111478514711,-1.4179170278729623,2.2883333333333336,0.0,2.5,0.6068267058629904
5.726111478514711,-1.4079170278729625,1.5538461538461539,0.0,2.5,0.5824858388084538
5.726111478514711,-1.3979170278729627,2.214127303670532,0.0,2.5,0.5874282031453045
5.726111478514711,-1.387917027872963,2.2883333333333336,0.0,2.5,0.6174839485478549
5.726111478514711,-1.377917027872963,2.2883333333333336,0.0,2.5,0.6256837609898462
5.726111478514711,-1.3679170278729633,2.2883333333333336,0.0,2.5,0.6053981632422123
5.726111478514711,-1.3579170278729635,2.2883333333333336,0.0,2.5,0.6100905709069862
5.726111478514711,-1.3479170278729637,2.2659649959646773,0.0,2.5,0.600141489750905
5.726111478514711,-1.337917027872964,1.5538461538461539,0.0,2.5,0.58455234370687
5.726111478514711,-1.3279170278729642,1.5538461538461539,0.0,2.5,0.569580708604135
5.726111478514711,-1.3179170278729644,1.5538461538461539,0.0,2.5,0.565009189321565
5.726111478514711,-1.3079170278729646,1.5538461538461539,0.0,2.5,0.562173431630345
5.726111478514711,-1.2979170278729648,1.5538461538461539,0.0,2.5,0.5623574483057525
5.726111478514711,-1.287917027872965,1.5538461538461539,0.0,2.5,0.5629993776061162
5.726111478514711,-1.2779170278729652,1.5538461538461539,0.0,2.5,0.5535548493979907
5.726111478514711,-1.2679170278729655,1.5538461538461539,0.0,2.5,0.5480664989893341
5.726111478514711,-1.2579170278729657,1.5538461538461539,0.0,2.5,0.5343728871796479
5.726111478514711,-1.2479170278729659,1.5538461538461539,0.0,2.5,0.5237337723664194
5.726111478514711,-1.237917027872966,1.5538461538461539,0.0,2.5,0.4907980085778574
5.726111478514711,-1.2279170278729663,1.5538461538461539,0.0,2.5,0.5010907067243355
5.726111478514711,-1.2179170278729665,1.5538461538461539,0.0,2.5,0.5174018684941833
5.726111478514711,-1.2079170278729667,1.5538461538461539,0.0,2.5,0.5191669435330319
5.726111478514711,-1.197917027872967,1.5538461538461539,0.0,2.5,0.5065506276075727
5.726111478514711,-1.1879170278729672,1.5538461538461539,0.0,2.5,0.5007609883756546
5.726111478514711,-1.1779170278729674,1.5538461538461539,0.0,2.5,0.5424876590717521
5.726111478514711,-1.1679170278729676,1.5538461538461539,0.0,2.5,0.5499901825677939
5.726111478514711,-1.1579170278729678,1.5538461538461539,0.0,2.5,0.5563311758840577
5.726111478514711,-1.147917027872968,2.2883333333333336,0.0,2.5,0.5800270008974382
5.726111478514711,-1.1379170278729682,2.2883333333333336,0.0,2.5,0.5808755806818285
5.726111478514711,-1.1279170278729684,2.2883333333333336,0.0,2.5,0.575680409935562
5.726111478514711,-1.1179170278729686,2.2883333333333336,0.0,2.5,0.5755070211461832
5.726111478514711,-1.1079170278729689,2.2638929520170024,0.0,2.5,0.5665685723181652
5.726111478514711,-1.097917027872969,2.234008058656766,0.0,2.5,0.5816960343199552
5.726111478514711,-1.0879170278729693,2.2883333333333336,0.0,2.5,0.6337832377315884
5.726111478514711,-1.0779170278729695,2.2883333333333336,0.0,2.5,0.6412160549563826
5.726111478514711,-1.0679170278729697,2.5,0.0,2.5,0.6497842577985721
5.726111478514711,-1.05791702787297,2.5,0.0,2.5,0.6285888592622956
5.726111478514711,-1.0479170278729701,2.5,0.0,2.5,0.6078892438175499
5.726111478514711,-1.0379170278729704,2.5,0.0,2.5,0.5223351709547732
5.726111478514711,-1.0279170278729706,2.2883333333333336,0.0,2.5,0.5271256371560691
5.726111478514711,-1.0179170278729708,2.2883333333333336,0.0,2.5,0.5611081789924006
5.726111478514711,-1.007917027872971,2.214319391021913,0.0,2.5,0.5439856078972641
5.726111478514711,-0.9979170278729712,1.5538461538461539,0.0,2.5,0.5461946277781337
5.726111478514711,-0.9879170278729714,1.5538461538461539,0.0,2.5,0.5401943981810039
5.726111478514711,-0.9779170278729716,1.5538461538461539,0.0,2.5,0.5570491060299131
5.726111478514711,-0.9679170278729718,1.5538461538461539,0.0,2.5,0.5606614893340698
5.726111478514711,-0.9579170278729721,1.5538461538461539,0.0,2.5,0.5440474191492848
5.726111478514711,-0.9479170278729723,0.9440000000000001,0.0,2.5,0.5512658899886818
5.726111478514711,-0.9379170278729725,0.9440000000000001,0.0,2.5,0.5546381953768749
5.726111478514711,-0.9279170278729727,0.9440000000000001,0.0,2.5,0.5512498776442349
5.726111478514711,-0.9179170278729729,1.5538461538461539,0.0,2.5,0.6176223679423718
5.726111478514711,-0.9079170278729731,1.5538461538461539,0.0,2.5,0.5539887403997606
5.726111478514711,-0.8979170278729733,1.5538461538461539,0.0,2.5,0.5193851472474685
5.726111478514711,-0.8879170278729736,1.5538461538461539,0.0,2.5,0.5364111573843937
5.726111478514711,-0.8779170278729738,1.5538461538461539,0.0,2.5,0.6161962815127576
5.726111478514711,-0.867917027872974,1.5538461538461539,0.0,2.5,0.6205354836116364
5.726111478514711,-0.8579170278729742,1.5538461538461539,0.0,2.5,0.5840329754863945
5.726111478514711,-0.8479170278729744,1.5538461538461539,0.0,2.5,0.5715777101343924
5.726111478514711,-0.8379170278729746,1.5538461538461539,0.0,2.5,0.573875259389065
5.726111478514711,-0.8279170278729748,1.5538461538461539,0.0,2.5,0.5881850308847668
5.726111478514711,-0.817917027872975,1.5538461538461539,0.0,2.5,0.60537812362189
5.726111478514711,-0.58791702787298,1.5538461538461539,0.0,2.5,0.5517544757698877
5.726111478514711,-0.5779170278729802,1.4406996431705223,0.0,2.5,0.5295000936747339
5.726111478514711,-0.5679170278729804,1.5538461538461539,0.0,2.5,0.5245916213087304
5.726111478514711,-0.5579170278729806,1.5538461538461539,0.0,2.5,0.5255852831974412
5.726111478514711,-0.5479170278729808,1.5538461538461539,0.0,2.5,0.511672145688975
5.726111478514711,-0.537917027872981,1.5538461538461539,0.0,2.5,0.5152939644446688
5.726111478514711,-0.5279170278729812,1.5538461538461539,0.0,2.5,0.5084085836767146
5.726111478514711,-0.5179170278729814,1.5538461538461539,0.0,2.5,0.5013817972513679
5.736111478514711,-1.7879170278729544,1.5538461538461539,0.0,2.5,0.6796973805743273
5.736111478514711,-1.7779170278729546,1.5538461538461539,0.0,2.5,0.6360007965715514
5.736111478514711,-1.7679170278729548,1.5538461538461539,0.0,2.5,0.6331221491274264
5.736111478514711,-1.757917027872955,1.5538461538461539,0.0,2.5,0.6400250787065764
5.736111478514711,-1.7479170278729552,1.5538461538461539,0.0,2.5,0.5789053334790033
5.736111478514711,-1.7379170278729554,1.5538461538461539,0.0,2.5,0.5798963885564619
5.736111478514711,-1.7279170278729556,1.5538461538461539,0.0,2.5,0.6202519060515654
5.736111478514711,-1.7179170278729559,1.5538461538461539,0.0,2.5,0.6273721245635182
5.736111478514711,-1.707917027872956,1.5538461538461539,0.0,2.5,0.6513079008299786
5.736111478514711,-1.6979170278729563,1.5538461538461539,0.0,2.5,0.664581191739275
5.736111478514711,-1.6879170278729565,2.2883333333333336,0.0,2.5,0.6655530312192967
5.736111478514711,-1.6779170278729567,2.2883333333333336,0.0,2.5,0.6903286659511655
5.736111478514711,-1.667917027872957,2.2883333333333336,0.0,2.5,0.6831407050257547
5.736111478514711,-1.6579170278729571,2.2883333333333336,0.0,2.5,0.6892428754498834
5.736111478514711,-1.6479170278729574,2.2883333333333336,0.0,2.5,0.6879988615300844
5.736111478514711,-1.6379170278729576,2.2883333333333336,0.0,2.5,0.6938763893846495
5.736111478514711,-1.6279170278729578,2.2883333333333336,0.0,2.5,0.6616686463513063
5.736111478514711,-1.617917027872958,2.2883333333333336,0.0,2.5,0.6652269195991107
5.736111478514711,-1.6079170278729582,2.064098678060221,0.0,2.5,0.64551252695285
5.736111478514711,-1.5979170278729584,1.5538461538461539,0.0,2.5,0.6460450868493888
5.736111478514711,-1.5879170278729586,1.5538461538461539,0.0,2.5,0.6414454352816013
5.736111478514711,-1.5779170278729588,1.5538461538461539,0.0,2.5,0.6335698860551834
5.736111478514711,-1.567917027872959,1.5538461538461539,0.0,2.5,0.6351659124833327
5.736111478514711,-1.5579170278729593,1.5538461538461539,0.0,2.5,0.6362109543813058
5.736111478514711,-1.5479170278729595,1.5538461538461539,0.0,2.5,0.6337150105600211
5.736111478514711,-1.5379170278729597,1.5538461538461539,0.0,2.5,0.6243965053662467
5.736111478514711,-1.52791702787296,1.5538461538461539,0.0,2.5,0.623895516050683
5.736111478514711,-1.5179170278729601,1.5538461538461539,0.0,2.5,0.6766196787466543
5.736111478514711,-1.5079170278729603,2.2883333333333336,0.0,2.5,0.6787754512012075
5.736111478514711,-1.4979170278729605,2.2883333333333336,0.0,2.5,0.6790093623416452
5.736111478514711,-1.4879170278729608,2.2883333333333336,0.0,2.5,0.5924223256236558
5.736111478514711,-1.477917027872961,1.5538461538461539,0.0,2.5,0.5575754145152146
5.736111478514711,-1.4679170278729612,2.2883333333333336,0.0,2.5,0.5504368459361904
5.736111478514711,-1.4579170278729614,2.2883333333333336,0.0,2.5,0.5422528176905265
5.736111478514711,-1.4479170278729616,2.2883333333333336,0.0,2.5,0.5419403399992772
5.736111478514711,-1.4379170278729618,2.2883333333333336,0.0,2.5,0.5830140645726578
5.736111478514711,-1.427917027872962,2.2883333333333336,0.0,2.5,0.5609395835367266
5.736111478514711,-1.4179170278729623,1.5538461538461539,0.0,2.5,0.570991039608116
5.736111478514711,-1.4079170278729625,1.5538461538461539,0.0,2.5,0.5744232751217847
5.736111478514711,-1.3979170278729627,2.054697040930241,0.0,2.5,0.5805975819043501
5.736111478514711,-1.387917027872963,2.238067127396943,0.0,2.5,0.5858769360850706
5.736111478514711,-1.377917027872963,2.2883333333333336,0.0,2.5,0.6255205936585015
5.736111478514711,-1.3679170278729633,2.2883333333333336,0.0,2.5,0.602976913843078
5.736111478514711,-1.3579170278729635,2.2883333333333336,0.0,2.5,0.6095482176927833
5.736111478514711,-1.3479170278729637,2.2587425661908127,0.0,2.5,0.5992782242062735
5.736111478514711,-1.337917027872964,1.5538461538461539,0.0,2.5,0.5788827882749106
5.736111478514711,-1.3279170278729642,1.5538461538461539,0.0,2.5,0.5620344151202477
5.736111478514711,-1.3179170278729644,1.5538461538461539,0.0,2.5,0.5688301901145203
5.736111478514711,-1.3079170278729646,1.5538461538461539,0.0,2.5,0.5638540205728503
5.736111478514711,-1.2979170278729648,1.5538461538461539,0.0,2.5,0.5739079884244173
5.736111478514711,-1.287917027872965,1.5538461538461539,0.0,2.5,0.5608561122311543
5.736111478514711,-1.2779170278729652,1.5538461538461539,0.0,2.5,0.5521487616522318
5.736111478514711,-1.2679170278729655,1.5538461538461539,0.0,2.5,0.5362330759782107
5.736111478514711,-1.2579170278729657,1.5538461538461539,0.0,2.5,0.5305657120608472
5.736111478514711,-1.2479170278729659,1.5538461538461539,0.0,2.5,0.5118049422040538
5.736111478514711,-1.237917027872966,1.5538461538461539,0.0,2.5,0.4882233809131706
5.736111478514711,-1.2279170278729663,1.5538461538461539,0.0,2.5,0.5068994357495206
5.736111478514711,-1.2179170278729665,1.5538461538461539,0.0,2.5,0.5249262630781296
5.736111478514711,-1.2079170278729667,1.5538461538461539,0.0,2.5,0.5229247222675419
5.736111478514711,-1.197917027872967,1.5538461538461539,0.0,2.5,0.5086760059588583
5.736111478514711,-1.1879170278729672,1.5538461538461539,0.0,2.5,0.5370510780684982
5.736111478514711,-1.1779170278729674,1.5538461538461539,0.0,2.5,0.5414134632801982
5.736111478514711,-1.1679170278729676,1.5538461538461539,0.0,2.5,0.5502758518817014
5.736111478514711,-1.1579170278729678,1.5538461538461539,0.0,2.5,0.5697810726440646
5.736111478514711,-1.147917027872968,2.2883333333333336,0.0,2.5,0.5868960848898627
5.736111478514711,-1.1379170278729682,2.2883333333333336,0.0,2.5,0.5765470174608155
5.736111478514711,-1.1279170278729684,2.2883333333333336,0.0,2.5,0.5781793040198077
5.736111478514711,-1.1179170278729686,2.2883333333333336,0.0,2.5,0.5705981485495828
5.736111478514711,-1.1079170278729689,2.2883333333333336,0.0,2.5,0.5730965775999239
5.736111478514711,-1.097917027872969,1.5538461538461539,0.0,2.5,0.5639885795911943
5.736111478514711,-1.0879170278729693,2.2883333333333336,0.0,2.5,0.5822881954078346
5.736111478514711,-1.0779170278729695,2.2883333333333336,0.0,2.5,0.6133719374769384
5.736111478514711,-1.0679170278729697,2.5,0.0,2.5,0.6535384180372035
5.736111478514711,-1.05791702787297,2.5,0.0,2.5,0.664313785287939
5.736111478514711,-1.0479170278729701,2.5,0.0,2.5,0.6548243838435646
5.736111478514711,-1.0379170278729704,2.5,0.0,2.5,0.6208716154784025
5.736111478514711,-1.0279170278729706,2.3344567565808556,0.0,2.5,0.6114267844227079
5.736111478514711,-1.0179170278729708,2.2883333333333336,0.0,2.5,0.5780350419449035
5.736111478514711,-1.007917027872971,1.5538461538461539,0.0,2.5,0.5307491597034176
5.736111478514711,-0.9979170278729712,1.5538461538461539,0.0,2.5,0.5508773386804153
5.736111478514711,-0.9879170278729714,1.5538461538461539,0.0,2.5,0.5397507816305395
5.736111478514711,-0.9779170278729716,1.5538461538461539,0.0,2.5,0.5470344258680708
5.736111478514711,-0.9679170278729718,1.5538461538461539,0.0,2.5,0.5445695702613439
5.736111478514711,-0.9579170278729721,1.5538461538461539,0.0,2.5,0.5530564792671859
5.736111478514711,-0.9479170278729723,1.5538461538461539,0.0,2.5,0.5504593002985931
5.736111478514711,-0.9379170278729725,1.2163476574724505,0.0,2.5,0.5535876962204824
5.736111478514711,-0.9279170278729727,1.4461882775304855,0.0,2.5,0.5540838229891485
5.736111478514711,-0.9179170278729729,1.5538461538461539,0.0,2.5,0.6098766457459882
5.736111478514711,-0.9079170278729731,1.5538461538461539,0.0,2.5,0.5552855467138801
5.736111478514711,-0.8979170278729733,1.5538461538461539,0.0,2.5,0.5632923461645911
5.736111478514711,-0.8879170278729736,1.5538461538461539,0.0,2.5,0.5922229625291862
5.736111478514711,-0.8779170278729738,1.5538461538461539,0.0,2.5,0.6206265627611198
5.736111478514711,-0.8479170278729744,1.5538461538461539,0.0,2.5,0.5596233709858847
5.736111478514711,-0.8379170278729746,1.5538461538461539,0.0,2.5,0.5469490246729103
5.736111478514711,-0.5679170278729804,0.9440000000000001,0.0,2.5,0.4998106700576334
5.736111478514711,-0.5579170278729806,0.9440000000000001,0.0,2.5,0.4911568639442524
5.736111478514711,-0.5479170278729808,1.5538461538461539,0.0,2.5,0.5284370384467719
5.736111478514711,-0.537917027872981,1.5538461538461539,0.0,2.5,0.4941303429416582
5.7461114785147105,-1.7779170278729546,1.5538461538461539,0.0,2.5,0.6567417798379229
5.7461114785147105,-1.7679170278729548,1.5538461538461539,0.0,2.5,0.6175160765904946
5.7461114785147105,-1.757917027872955,1.5538461538461539,0.0,2.5,0.6355411851101891
5.7461114785147105,-1.7479170278729552,1.5538461538461539,0.0,2.5,0.5469073676151522
5.7461114785147105,-1.7379170278729554,1.5538461538461539,0.0,2.5,0.5612051556513162
5.7461114785147105,-1.7279170278729556,1.5538461538461539,0.0,2.5,0.623166255424123
5.7461114785147105,-1.7179170278729559,1.5538461538461539,0.0,2.5,0.6427217248096195
5.7461114785147105,-1.707917027872956,1.5538461538461539,0.0,2.5,0.6447843031792527
5.7461114785147105,-1.6979170278729563,1.5538461538461539,0.0,2.5,0.6989144965400051
5.7461114785147105,-1.6879170278729565,1.5538461538461539,0.0,2.5,0.6544499032860426
5.7461114785147105,-1.6779170278729567,1.5538461538461539,0.0,2.5,0.608574982845884
5.7461114785147105,-1.667917027872957,1.5538461538461539,0.0,2.5,0.5981658906878472
5.7461114785147105,-1.6579170278729571,1.5538461538461539,0.0,2.5,0.6163972218017454
5.7461114785147105,-1.6479170278729574,2.2883333333333336,0.0,2.5,0.6513236343311486
5.7461114785147105,-1.6379170278729576,2.2883333333333336,0.0,2.5,0.6619157926987574
5.7461114785147105,-1.6279170278729578,2.2883333333333336,0.0,2.5,0.6680773877412958
5.7461114785147105,-1.617917027872958,2.2883333333333336,0.0,2.5,0.6704078096236911
5.7461114785147105,-1.6079170278729582,2.2883333333333336,0.0,2.5,0.6680489556466147
5.7461114785147105,-1.5979170278729584,1.5538461538461539,0.0,2.5,0.6726178336182304
5.7461114785147105,-1.5879170278729586,1.5538461538461539,0.0,2.5,0.6711805001454754
5.7461114785147105,-1.5779170278729588,1.5538461538461539,0.0,2.5,0.6611894707267543
5.7461114785147105,-1.567917027872959,1.5538461538461539,0.0,2.5,0.6822674589557841
5.7461114785147105,-1.5579170278729593,1.5538461538461539,0.0,2.5,0.6601708822249397
5.7461114785147105,-1.5479170278729595,1.5538461538461539,0.0,2.5,0.6552217872477477
5.7461114785147105,-1.5379170278729597,1.5538461538461539,0.0,2.5,0.6600186370834795
5.7461114785147105,-1.52791702787296,1.5538461538461539,0.0,2.5,0.6728024127936119
5.7461114785147105,-1.5179170278729601,1.5538461538461539,0.0,2.5,0.6811026657501067
5.7461114785147105,-1.5079170278729603,1.5538461538461539,0.0,2.5,0.6697796475761729
5.7461114785147105,-1.4979170278729605,1.5538461538461539,0.0,2.5,0.6230701148587272
5.7461114785147105,-1.4879170278729608,1.5538461538461539,0.0,2.5,0.5649596160486681
5.7461114785147105,-1.477917027872961,1.5538461538461539,0.0,2.5,0.5410362642210199
5.7461114785147105,-1.4679170278729612,1.5538461538461539,0.0,2.5,0.5326395745287863
5.7461114785147105,-1.4579170278729614,2.270484665840871,0.0,2.5,0.5317319481759187
5.7461114785147105,-1.4479170278729616,1.5538461538461539,0.0,2.5,0.5224641535620069
5.7461114785147105,-1.4379170278729618,2.2883333333333336,0.0,2.5,0.5627278872007551
5.7461114785147105,-1.427917027872962,2.2883333333333336,0.0,2.5,0.5633164574702527
5.7461114785147105,-1.4179170278729623,1.5538461538461539,0.0,2.5,0.5702581824166996
5.7461114785147105,-1.4079170278729625,1.5538461538461539,0.0,2.5,0.580983889380768
5.7461114785147105,-1.3979170278729627,2.2106717337408717,0.0,2.5,0.5860554992419933
5.7461114785147105,-1.387917027872963,2.2883333333333336,0.0,2.5,0.6082652936732165
5.7461114785147105,-1.377917027872963,2.2883333333333336,0.0,2.5,0.6224846216292513
5.7461114785147105,-1.3679170278729633,2.2883333333333336,0.0,2.5,0.6053270337471548
5.7461114785147105,-1.3579170278729635,2.2883333333333336,0.0,2.5,0.6069805390242294
5.7461114785147105,-1.3479170278729637,2.2316107051718856,0.0,2.5,0.5959448908729402
5.7461114785147105,-1.337917027872964,1.5538461538461539,0.0,2.5,0.5779134005198086
5.7461114785147105,-1.3279170278729642,1.5538461538461539,0.0,2.5,0.5592900198624361
5.7461114785147105,-1.3179170278729644,1.5538461538461539,0.0,2.5,0.567267932300002
5.7461114785147105,-1.3079170278729646,1.5538461538461539,0.0,2.5,0.5628344146172605
5.7461114785147105,-1.2979170278729648,1.5538461538461539,0.0,2.5,0.5729247749951606
5.7461114785147105,-1.287917027872965,1.5538461538461539,0.0,2.5,0.5649094482393696
5.7461114785147105,-1.2779170278729652,1.5538461538461539,0.0,2.5,0.5596270516986157
5.7461114785147105,-1.2679170278729655,1.5538461538461539,0.0,2.5,0.5460351739189032
5.7461114785147105,-1.2579170278729657,1.5538461538461539,0.0,2.5,0.5310790393578434
5.7461114785147105,-1.2479170278729659,1.5538461538461539,0.0,2.5,0.492193998727638
5.7461114785147105,-1.237917027872966,1.5538461538461539,0.0,2.5,0.481443700009696
5.7461114785147105,-1.2279170278729663,1.5538461538461539,0.0,2.5,0.5029377874772609
5.7461114785147105,-1.2179170278729665,1.5538461538461539,0.0,2.5,0.5163176217550736
5.7461114785147105,-1.2079170278729667,1.5538461538461539,0.0,2.5,0.5214123151668225
5.7461114785147105,-1.197917027872967,1.5538461538461539,0.0,2.5,0.5381212741573842
5.7461114785147105,-1.1879170278729672,1.5538461538461539,0.0,2.5,0.531532727810363
5.7461114785147105,-1.1779170278729674,1.5538461538461539,0.0,2.5,0.5283067710776893
5.7461114785147105,-1.1679170278729676,1.5538461538461539,0.0,2.5,0.5595723208405691
5.7461114785147105,-1.1579170278729678,1.5538461538461539,0.0,2.5,0.5815373837073208
5.7461114785147105,-1.147917027872968,2.2883333333333336,0.0,2.5,0.5748873569961719
5.7461114785147105,-1.1379170278729682,2.2883333333333336,0.0,2.5,0.5680818530736254
5.7461114785147105,-1.1279170278729684,2.2883333333333336,0.0,2.5,0.5765420353309824
5.7461114785147105,-1.1179170278729686,2.2883333333333336,0.0,2.5,0.574033309771132
5.7461114785147105,-1.1079170278729689,2.2883333333333336,0.0,2.5,0.5774244711010971
5.7461114785147105,-1.097917027872969,1.5538461538461539,0.0,2.5,0.5664448030173475
5.7461114785147105,-1.0879170278729693,1.9402018458947092,0.0,2.5,0.5631526798810148
5.7461114785147105,-1.0779170278729695,2.2883333333333336,0.0,2.5,0.5830162284643375
5.7461114785147105,-1.0679170278729697,2.5,0.0,2.5,0.6142832366542802
5.7461114785147105,-1.05791702787297,2.5,0.0,2.5,0.6477095759763025
5.7461114785147105,-1.0479170278729701,2.5,0.0,2.5,0.6648861368534704
5.7461114785147105,-1.0379170278729704,2.5,0.0,2.5,0.6651128690452383
5.7461114785147105,-1.0279170278729706,2.5,0.0,2.5,0.6529633401695496
5.7461114785147105,-1.0179170278729708,2.2883333333333336,0.0,2.5,0.6171880363742317
5.7461114785147105,-1.007917027872971,2.2883333333333336,0.0,2.5,0.6071192095034721
5.7461114785147105,-0.9979170278729712,2.2883333333333336,0.0,2.5,0.6041578689373555
5.7461114785147105,-0.9879170278729714,2.1833949157967245,0.0,2.5,0.557368603911116
5.7461114785147105,-0.9779170278729716,1.5538461538461539,0.0,2.5,0.5371270875247435
5.7461114785147105,-0.9679170278729718,1.5538461538461539,0.0,2.5,0.5127592126655465
5.75611147851471,-1.7779170278729546,1.5538461538461539,0.0,2.5,0.5926974818828249
5.75611147851471,-1.7679170278729548,1.5538461538461539,0.0,2.5,0.6125858475785653
5.75611147851471,-1.757917027872955,1.5538461538461539,0.0,2.5,0.6225576475276492
5.75611147851471,-1.7479170278729552,1.5538461538461539,0.0,2.5,0.5422676322725196
5.75611147851471,-1.7379170278729554,1.5538461538461539,0.0,2.5,0.5577145438360148
5.75611147851471,-1.7279170278729556,1.5538461538461539,0.0,2.5,0.615626446861395
5.75611147851471,-1.7179170278729559,1.5538461538461539,0.0,2.5,0.6526208384430625
5.75611147851471,-1.707917027872956,1.5538461538461539,0.0,2.5,0.676944939707194
5.75611147851471,-1.6979170278729563,1.5538461538461539,0.0,2.5,0.5882795324092484
5.75611147851471,-1.6879170278729565,1.5538461538461539,0.0,2.5,0.5607365788430336
5.75611147851471,-1.6779170278729567,1.5538461538461539,0.0,2.5,0.5639601520507951
5.75611147851471,-1.667917027872957,1.5538461538461539,0.0,2.5,0.59288478200554
5.75611147851471,-1.6579170278729571,1.5538461538461539,0.0,2.5,0.6090033624242397
5.75611147851471,-1.6479170278729574,1.9684830647549778,0.0,2.5,0.6307592336722084
5.75611147851471,-1.6379170278729576,2.255773584910161,0.0,2.5,0.6152258838247882
5.75611147851471,-1.6279170278729578,1.810222307005856,0.0,2.5,0.5775657065334927
5.75611147851471,-1.617917027872958,1.5538461538461539,0.0,2.5,0.5919617048405118
5.75611147851471,-1.6079170278729582,1.5538461538461539,0.0,2.5,0.5920304178678952
5.75611147851471,-1.5979170278729584,1.5538461538461539,0.0,2.5,0.5761843492411274
5.75611147851471,-1.5879170278729586,1.5538461538461539,0.0,2.5,0.6278409012019853
5.75611147851471,-1.5779170278729588,1.5538461538461539,0.0,2.5,0.6361674372999182
5.75611147851471,-1.567917027872959,1.5538461538461539,0.0,2.5,0.6672060905459989
5.75611147851471,-1.5579170278729593,1.5538461538461539,0.0,2.5,0.6711239306801282
5.75611147851471,-1.5479170278729595,1.5538461538461539,0.0,2.5,0.6645747778929144
5.75611147851471,-1.5379170278729597,1.5538461538461539,0.0,2.5,0.6799620766870487
5.75611147851471,-1.52791702787296,1.5538461538461539,0.0,2.5,0.6733321691314736
5.75611147851471,-1.5179170278729601,1.5538461538461539,0.0,2.5,0.6792505217743853
5.75611147851471,-1.5079170278729603,1.5538461538461539,0.0,2.5,0.6325956880006486
5.75611147851471,-1.4979170278729605,1.5538461538461539,0.0,2.5,0.5771733403472916
5.75611147851471,-1.4879170278729608,1.5538461538461539,0.0,2.5,0.5421982434066402
5.75611147851471,-1.477917027872961,1.5538461538461539,0.0,2.5,0.5303281036952526
5.75611147851471,-1.4679170278729612,1.5538461538461539,0.0,2.5,0.5077839674356389
5.75611147851471,-1.4579170278729614,1.5538461538461539,0.0,2.5,0.5050503116931488
5.75611147851471,-1.4479170278729616,1.5538461538461539,0.0,2.5,0.5240077129767907
5.75611147851471,-1.4379170278729618,2.2883333333333336,0.0,2.5,0.5598011903171173
5.75611147851471,-1.427917027872962,2.2883333333333336,0.0,2.5,0.5709223522735075
5.75611147851471,-1.4179170278729623,1.5538461538461539,0.0,2.5,0.5724708801381988
5.75611147851471,-1.4079170278729625,2.178641423767009,0.0,2.5,0.5857602256233975
5.75611147851471,-1.3979170278729627,2.2883333333333336,0.0,2.5,0.5976473342871835
5.75611147851471,-1.387917027872963,2.2883333333333336,0.0,2.5,0.6109005983327147
5.75611147851471,-1.377917027872963,2.2883333333333336,0.0,2.5,0.6204835522325999
5.75611147851471,-1.3679170278729633,2.2883333333333336,0.0,2.5,0.605292714216543
5.75611147851471,-1.3579170278729635,2.2883333333333336,0.0,2.5,0.6012761744922496
5.75611147851471,-1.3479170278729637,2.2256336943425623,0.0,2.5,0.5952157047051458
5.75611147851471,-1.337917027872964,1.5538461538461539,0.0,2.5,0.5774785845149741
5.75611147851471,-1.3279170278729642,1.5538461538461539,0.0,2.5,0.5607914539434142
5.75611147851471,-1.3179170278729644,1.5538461538461539,0.0,2.5,0.5629370894439908
5.75611147851471,-1.3079170278729646,1.5538461538461539,0.0,2.5,0.5681952421659198
5.75611147851471,-1.2979170278729648,1.5538461538461539,0.0,2.5,0.5674313051445704
5.75611147851471,-1.287917027872965,1.5538461538461539,0.0,2.5,0.5633975326429156
5.75611147851471,-1.2779170278729652,1.5538461538461539,0.0,2.5,0.5584813991353156
5.75611147851471,-1.2679170278729655,1.5538461538461539,0.0,2.5,0.5514851284695726
5.75611147851471,-1.2579170278729657,1.5538461538461539,0.0,2.5,0.5254988075624945
5.75611147851471,-1.2479170278729659,1.5538461538461539,0.0,2.5,0.4976911916784906
5.75611147851471,-1.237917027872966,1.5538461538461539,0.0,2.5,0.5070670248129995
5.75611147851471,-1.2279170278729663,1.5538461538461539,0.0,2.5,0.5164955582628493
5.75611147851471,-1.2179170278729665,1.5538461538461539,0.0,2.5,0.5413619031978574
5.75611147851471,-1.2079170278729667,1.5538461538461539,0.0,2.5,0.547467545291859
5.75611147851471,-1.197917027872967,1.5538461538461539,0.0,2.5,0.5503504700884695
5.75611147851471,-1.1879170278729672,1.5538461538461539,0.0,2.5,0.5392991135669615
5.75611147851471,-1.1779170278729674,1.5538461538461539,0.0,2.5,0.5529398988883019
5.75611147851471,-1.1679170278729676,1.5538461538461539,0.0,2.5,0.5589301461462459
5.75611147851471,-1.1579170278729678,1.5538461538461539,0.0,2.5,0.5789857484296743
5.75611147851471,-1.147917027872968,2.2883333333333336,0.0,2.5,0.5711821815023028
5.75611147851471,-1.1379170278729682,2.2883333333333336,0.0,2.5,0.5702460927394067
5.75611147851471,-1.1279170278729684,2.2883333333333336,0.0,2.5,0.562599587193021
5.75611147851471,-1.1179170278729686,2.2883333333333336,0.0,2.5,0.5554841270079748
5.75611147851471,-1.1079170278729689,2.262054254337847,0.0,2.5,0.5663759311082789
5.75611147851471,-1.097917027872969,1.5538461538461539,0.0,2.5,0.568583469740329
5.75611147851471,-1.0879170278729693,2.222888099241811,0.0,2.5,0.5713137941970173
5.75611147851471,-1.0779170278729695,2.2883333333333336,0.0,2.5,0.5658928445102063
5.75611147851471,-1.0679170278729697,2.5,0.0,2.5,0.5738146960869484
5.75611147851471,-1.05791702787297,2.5,0.0,2.5,0.5869845281736764
5.75611147851471,-1.0479170278729701,2.5,0.0,2.5,0.6155766838103476
5.76611147851471,-1.8179170278729537,1.5538461538461539,0.0,2.5,0.5718747645996515
5.76611147851471,-1.807917027872954,1.5538461538461539,0.0,2.5,0.619129438072621
5.76611147851471,-1.7979170278729542,1.5538461538461539,0.0,2.5,0.6256067697879949
5.76611147851471,-1.7879170278729544,1.5538461538461539,0.0,2.5,0.6247417908850413
5.76611147851471,-1.7779170278729546,1.5538461538461539,0.0,2.5,0.6277786473802607
5.76611147851471,-1.7679170278729548,1.5538461538461539,0.0,2.5,0.6124635925100111
5.76611147851471,-1.757917027872955,1.5538461538461539,0.0,2.5,0.6199219655352098
5.76611147851471,-1.7479170278729552,1.5538461538461539,0.0,2.5,0.5579326375377168
5.76611147851471,-1.7379170278729554,1.5538461538461539,0.0,2.5,0.5706132049290288
5.76611147851471,-1.7279170278729556,1.5538461538461539,0.0,2.5,0.6019439717121332
5.76611147851471,-1.7179170278729559,1.5538461538461539,0.0,2.5,0.6444499332915887
5.76611147851471,-1.707917027872956,0.9440000000000001,0.0,2.5,0.5631013570334553
5.76611147851471,-1.6979170278729563,0.9440000000000001,0.0,2.5,0.5538802514324267
5.76611147851471,-1.6879170278729565,0.9440000000000001,0.0,2.5,0.5526958674904117
5.76611147851471,-1.6779170278729567,1.5538461538461539,0.0,2.5,0.55221358476576
5.76611147851471,-1.667917027872957,1.5538461538461539,0.0,2.5,0.5334411841875887
5.76611147851471,-1.6579170278729571,1.5538461538461539,0.0,2.5,0.5300367041970658
5.76611147851471,-1.6479170278729574,1.5538461538461539,0.0,2.5,0.5374331588963999
5.76611147851471,-1.6379170278729576,1.5538461538461539,0.0,2.5,0.5348016005718002
5.76611147851471,-1.6279170278729578,2.1914439655235274,0.0,2.5,0.5722365088466798
5.76611147851471,-1.617917027872958,1.5538461538461539,0.0,2.5,0.5610510010553629
5.76611147851471,-1.6079170278729582,1.5538461538461539,0.0,2.5,0.5371428272542601
5.76611147851471,-1.5979170278729584,1.5538461538461539,0.0,2.5,0.5738710631090072
5.76611147851471,-1.5879170278729586,1.5538461538461539,0.0,2.5,0.6252644219630544
5.76611147851471,-1.5779170278729588,1.5538461538461539,0.0,2.5,0.6461142058784299
5.76611147851471,-1.567917027872959,1.5538461538461539,0.0,2.5,0.652353040562223
5.76611147851471,-1.5579170278729593,1.5538461538461539,0.0,2.5,0.6689872850907946
5.76611147851471,-1.5479170278729595,1.5538461538461539,0.0,2.5,0.6572726890808428
5.76611147851471,-1.5379170278729597,1.5538461538461539,0.0,2.5,0.6627560953804819
5.76611147851471,-1.52791702787296,1.5538461538461539,0.0,2.5,0.6607992110869051
5.76611147851471,-1.5179170278729601,1.5538461538461539,0.0,2.5,0.6605921597259297
5.76611147851471,-1.5079170278729603,1.5538461538461539,0.0,2.5,0.5782789447485969
5.76611147851471,-1.4979170278729605,1.5538461538461539,0.0,2.5,0.5261196371037193
5.76611147851471,-1.4879170278729608,1.5538461538461539,0.0,2.5,0.5366543063817848
5.76611147851471,-1.477917027872961,1.5538461538461539,0.0,2.5,0.5033100318969186
5.76611147851471,-1.4679170278729612,1.5538461538461539,0.0,2.5,0.507376888059576
5.76611147851471,-1.4579170278729614,1.5538461538461539,0.0,2.5,0.507566822397518
5.76611147851471,-1.4479170278729616,1.5538461538461539,0.0,2.5,0.5508667237627218
5.76611147851471,-1.4379170278729618,2.2883333333333336,0.0,2.5,0.5643990477456357
5.76611147851471,-1.427917027872962,2.2883333333333336,0.0,2.5,0.5743305786378082
5.76611147851471,-1.4179170278729623,2.1662840387568134,0.0,2.5,0.5717579110796077
5.76611147851471,-1.4079170278729625,2.2538458599332407,0.0,2.5,0.5933257029106194
5.76611147851471,-1.3979170278729627,2.2883333333333336,0.0,2.5,0.616935779057853
5.76611147851471,-1.387917027872963,2.2883333333333336,0.0,2.5,0.6161633528873702
5.76611147851471,-1.377917027872963,2.2883333333333336,0.0,2.5,0.61140741980376
5.76611147851471,-1.3679170278729633,2.2883333333333336,0.0,2.5,0.6177417480977752
5.76611147851471,-1.3579170278729635,2.2883333333333336,0.0,2.5,0.6059388091428285
5.76611147851471,-1.3479170278729637,2.179847659408705,0.0,2.5,0.5891509824476535
5.76611147851471,-1.337917027872964,1.5538461538461539,0.0,2.5,0.5756721552097754
5.76611147851471,-1.3279170278729642,1.5538461538461539,0.0,2.5,0.5635460415362116
5.76611147851471,-1.3179170278729644,1.5538461538461539,0.0,2.5,0.56738781238183
5.76611147851471,-1.3079170278729646,1.5538461538461539,0.0,2.5,0.5698069244332798
5.76611147851471,-1.2979170278729648,1.5538461538461539,0.0,2.5,0.5620806838376402
5.76611147851471,-1.287917027872965,1.5538461538461539,0.0,2.5,0.5572474605026588
5.76611147851471,-1.2779170278729652,1.5538461538461539,0.0,2.5,0.5456914703963123
5.76611147851471,-1.2679170278729655,1.5538461538461539,0.0,2.5,0.5398299440889365
5.76611147851471,-1.2579170278729657,1.5538461538461539,0.0,2.5,0.5246789397675992
5.76611147851471,-1.2479170278729659,1.5538461538461539,0.0,2.5,0.5002361387468717
5.76611147851471,-1.237917027872966,1.5538461538461539,0.0,2.5,0.5049481183493599
5.76611147851471,-1.2279170278729663,1.5538461538461539,0.0,2.5,0.5479698452418565
5.76611147851471,-1.2179170278729665,1.5538461538461539,0.0,2.5,0.5648735434893853
5.76611147851471,-1.2079170278729667,1.5538461538461539,0.0,2.5,0.5626866798650847
5.76611147851471,-1.197917027872967,1.5538461538461539,0.0,2.5,0.549060390955537
5.76611147851471,-1.1879170278729672,1.5538461538461539,0.0,2.5,0.5675520360544798
5.76611147851471,-1.1779170278729674,1.5538461538461539,0.0,2.5,0.5577328987087578
5.76611147851471,-1.1679170278729676,1.5538461538461539,0.0,2.5,0.5681033566633463
5.76611147851471,-1.1579170278729678,1.5538461538461539,0.0,2.5,0.5650496245212214
5.77611147851471,-1.807917027872954,1.5538461538461539,0.0,2.5,0.5794732817238248
5.77611147851471,-1.7979170278729542,1.5538461538461539,0.0,2.5,0.613725055912926
5.77611147851471,-1.7879170278729544,1.5538461538461539,0.0,2.5,0.6193961527026439
5.77611147851471,-1.7779170278729546,1.5538461538461539,0.0,2.5,0.6186914468430051
5.77611147851471,-1.7679170278729548,1.5538461538461539,0.0,2.5,0.6176106598003417
5.77611147851471,-1.757917027872955,1.5538461538461539,0.0,2.5,0.6189464538584007
5.77611147851471,-1.7479170278729552,1.5538461538461539,0.0,2.5,0.5648195597430846
5.77611147851471,-1.7379170278729554,1.5538461538461539,0.0,2.5,0.5640001235454443
5.77611147851471,-1.7279170278729556,1.5538461538461539,0.0,2.5,0.5861452197546734
5.77611147851471,-1.7179170278729559,1.5538461538461539,0.0,2.5,0.5859937844626656
5.77611147851471,-1.707917027872956,0.9440000000000001,0.0,2.5,0.5449611790245822
5.77611147851471,-1.6979170278729563,0.9440000000000001,0.0,2.5,0.5408377474716195
5.77611147851471,-1.6879170278729565,0.9440000000000001,0.0,2.5,0.5550975285294046
5.77611147851471,-1.6779170278729567,1.5538461538461539,0.0,2.5,0.5569846248694422
5.77611147851471,-1.667917027872957,1.5538461538461539,0.0,2.5,0.5596165942444971
5.77611147851471,-1.6579170278729571,1.5538461538461539,0.0,2.5,0.5459701068909698
5.77611147851471,-1.6479170278729574,1.5538461538461539,0.0,2.5,0.5219600269220098
5.77611147851471,-1.6379170278729576,1.5538461538461539,0.0,2.5,0.5142080003078829
5.77611147851471,-1.6279170278729578,1.5538461538461539,0.0,2.5,0.522995367580346
5.77611147851471,-1.617917027872958,1.5538461538461539,0.0,2.5,0.5267481246988912
5.77611147851471,-1.6079170278729582,1.5538461538461539,0.0,2.5,0.5132090246840264
5.77611147851471,-1.5979170278729584,1.5538461538461539,0.0,2.5,0.5099762330129763
5.77611147851471,-1.5879170278729586,1.5538461538461539,0.0,2.5,0.5848709579571117
5.77611147851471,-1.5779170278729588,1.5538461538461539,0.0,2.5,0.6121451827605184
5.77611147851471,-1.567917027872959,1.5538461538461539,0.0,2.5,0.6248464280241519
5.77611147851471,-1.5579170278729593,1.5538461538461539,0.0,2.5,0.6554044722551201
5.77611147851471,-1.5479170278729595,1.5538461538461539,0.0,2.5,0.657777159426917
5.77611147851471,-1.5379170278729597,1.5538461538461539,0.0,2.5,0.6490025836612325
5.77611147851471,-1.52791702787296,1.5538461538461539,0.0,2.5,0.641715529093095
5.77611147851471,-1.5179170278729601,1.5538461538461539,0.0,2.5,0.5991110896808908
5.77611147851471,-1.5079170278729603,1.5538461538461539,0.0,2.5,0.5524552955204259
5.77611147851471,-1.4979170278729605,1.5538461538461539,0.0,2.5,0.5219462202124447
5.77611147851471,-1.4879170278729608,1.5538461538461539,0.0,2.5,0.497399813046384
5.77611147851471,-1.477917027872961,1.5538461538461539,0.0,2.5,0.5003288620235052
5.77611147851471,-1.4679170278729612,1.5538461538461539,0.0,2.5,0.5000129424813446
5.77611147851471,-1.4579170278729614,1.5538461538461539,0.0,2.5,0.5079635751494443
5.77611147851471,-1.4479170278729616,1.5538461538461539,0.0,2.5,0.555169361195861
5.77611147851471,-1.4379170278729618,2.2883333333333336,0.0,2.5,0.5724535321816923
5.77611147851471,-1.427917027872962,2.2883333333333336,0.0,2.5,0.5808006935588951
5.77611147851471,-1.4179170278729623,2.2883333333333336,0.0,2.5,0.5838696559371089
5.77611147851471,-1.4079170278729625,2.2883333333333336,0.0,2.5,0.6132809347463705
5.77611147851471,-1.3979170278729627,2.2883333333333336,0.0,2.5,0.6206448803246019
5.77611147851471,-1.387917027872963,2.2883333333333336,0.0,2.5,0.6225013948381471
5.77611147851471,-1.377917027872963,2.2883333333333336,0.0,2.5,0.6018639701658403
5.77611147851471,-1.3679170278729633,2.2883333333333336,0.0,2.5,0.6184786422245754
5.77611147851471,-1.3579170278729635,2.2883333333333336,0.0,2.5,0.6087978055877741
5.77611147851471,-1.3479170278729637,2.266306722680207,0.0,2.5,0.599640198938123
5.77611147851471,-1.337917027872964,1.5538461538461539,0.0,2.5,0.5747876050671735
5.77611147851471,-1.3279170278729642,1.5538461538461539,0.0,2.5,0.5635686083883901
5.77611147851471,-1.3179170278729644,1.5538461538461539,0.0,2.5,0.5699476328621561
5.77611147851471,-1.3079170278729646,1.5538461538461539,0.0,2.5,0.5655949262331219
5.77611147851471,-1.2979170278729648,1.5538461538461539,0.0,2.5,0.5614448439183614
5.77611147851471,-1.287917027872965,1.5538461538461539,0.0,2.5,0.5603269777763089
5.77611147851471,-1.2779170278729652,1.5538461538461539,0.0,2.5,0.5515261397304391
5.77611147851471,-1.2679170278729655,1.5538461538461539,0.0,2.5,0.5338309187307227
5.77611147851471,-1.2579170278729657,1.5538461538461539,0.0,2.5,0.5213444054965464
5.77611147851471,-1.2479170278729659,1.5538461538461539,0.0,2.5,0.4960100400043354
5.77611147851471,-1.237917027872966,1.5538461538461539,0.0,2.5,0.5404527892058888
5.77611147851471,-1.2279170278729663,1.5538461538461539,0.0,2.5,0.555675070282289
5.77611147851471,-1.2179170278729665,1.5538461538461539,0.0,2.5,0.5714166908029813
5.77611147851471,-1.2079170278729667,1.5538461538461539,0.0,2.5,0.5557922682115717
5.77611147851471,-1.197917027872967,1.5538461538461539,0.0,2.5,0.5689882402679348
5.77611147851471,-1.1879170278729672,1.5538461538461539,0.0,2.5,0.5667726769597644
5.77611147851471,-1.1779170278729674,1.5538461538461539,0.0,2.5,0.5660046561751201
5.77611147851471,-1.1679170278729676,1.5538461538461539,0.0,2.5,0.5572833255661584
5.78611147851471,-1.807917027872954,0.9440000000000001,0.0,2.5,0.5651245608627888
5.78611147851471,-1.7979170278729542,1.5538461538461539,0.0,2.5,0.595883961088694
5.78611147851471,-1.7879170278729544,1.5538461538461539,0.0,2.5,0.6093865581826988
5.78611147851471,-1.7779170278729546,1.4870524774579237,0.0,2.5,0.5988019285454069
5.78611147851471,-1.7679170278729548,1.5538461538461539,0.0,2.5,0.6111135352248863
5.78611147851471,-1.757917027872955,1.5538461538461539,0.0,2.5,0.6109651549504137
5.78611147851471,-1.7479170278729552,1.5538461538461539,0.0,2.5,0.5729209695054854
5.78611147851471,-1.7379170278729554,1.5538461538461539,0.0,2.5,0.5866867101580098
5.78611147851471,-1.7279170278729556,1.5538461538461539,0.0,2.5,0.5625869082737189
5.78611147851471,-1.7179170278729559,1.5538461538461539,0.0,2.5,0.5359238743188189
5.78611147851471,-1.707917027872956,1.5538461538461539,0.0,2.5,0.5322130910794135
5.78611147851471,-1.6979170278729563,1.5538461538461539,0.0,2.5,0.5350588639814146
5.78611147851471,-1.6879170278729565,0.9440000000000001,0.0,2.5,0.5127309422853354
5.78611147851471,-1.6779170278729567,0.9440000000000001,0.0,2.5,0.5235944706797893
5.78611147851471,-1.667917027872957,1.5538461538461539,0.0,2.5,0.5467076918658151
5.78611147851471,-1.6579170278729571,1.5538461538461539,0.0,2.5,0.5556296350505392
5.78611147851471,-1.6479170278729574,1.5538461538461539,0.0,2.5,0.5277546193790442
5.78611147851471,-1.6379170278729576,1.5538461538461539,0.0,2.5,0.537479966041941
5.78611147851471,-1.6279170278729578,1.5538461538461539,0.0,2.5,0.5305748368635391
5.78611147851471,-1.617917027872958,1.5538461538461539,0.0,2.5,0.5079042772892804
5.78611147851471,-1.6079170278729582,1.5538461538461539,0.0,2.5,0.5057339433995143
5.78611147851471,-1.5979170278729584,1.5538461538461539,0.0,2.5,0.5239310254079351
5.78611147851471,-1.5879170278729586,1.5538461538461539,0.0,2.5,0.569172144870306
5.78611147851471,-1.5779170278729588,1.5538461538461539,0.0,2.5,0.5785944065230001
5.78611147851471,-1.567917027872959,1.5538461538461539,0.0,2.5,0.5892919194298604
5.78611147851471,-1.5579170278729593,1.5538461538461539,0.0,2.5,0.5807108201675336
5.78611147851471,-1.5479170278729595,1.5538461538461539,0.0,2.5,0.5670440661484916
5.78611147851471,-1.5379170278729597,1.5538461538461539,0.0,2.5,0.5598102464969369
5.78611147851471,-1.52791702787296,1.5538461538461539,0.0,2.5,0.5235841876544427
5.78611147851471,-1.5179170278729601,1.5538461538461539,0.0,2.5,0.5184491382956196
5.78611147851471,-1.5079170278729603,1.5538461538461539,0.0,2.5,0.5036987858541244
5.78611147851471,-1.4979170278729605,1.5538461538461539,0.0,2.5,0.5132857746018525
5.78611147851471,-1.4879170278729608,1.5538461538461539,0.0,2.5,0.4926971667177903
5.78611147851471,-1.477917027872961,1.5538461538461539,0.0,2.5,0.49197804513356297
5.78611147851471,-1.4679170278729612,1.5538461538461539,0.0,2.5,0.49954002327325686
5.78611147851471,-1.4579170278729614,1.5538461538461539,0.0,2.5,0.5095433242533871
5.78611147851471,-1.4479170278729616,1.5538461538461539,0.0,2.5,0.5566623407558039
5.78611147851471,-1.4379170278729618,2.2883333333333336,0.0,2.5,0.5671052217979672
5.78611147851471,-1.427917027872962,2.2883333333333336,0.0,2.5,0.580115461989118
5.78611147851471,-1.4179170278729623,2.2883333333333336,0.0,2.5,0.6010735534228085
5.78611147851471,-1.4079170278729625,2.2883333333333336,0.0,2.5,0.6201022284656734
5.78611147851471,-1.3979170278729627,2.2883333333333336,0.0,2.5,0.6152217820156209
5.78611147851471,-1.387917027872963,2.2883333333333336,0.0,2.5,0.6187931096372745
5.78611147851471,-1.377917027872963,2.2883333333333336,0.0,2.5,0.5972777769554649
5.78611147851471,-1.3679170278729633,2.2883333333333336,0.0,2.5,0.6110484720812132
5.78611147851471,-1.3579170278729635,2.2883333333333336,0.0,2.5,0.6052189327483274
5.78611147851471,-1.3479170278729637,2.2624129051180404,0.0,2.5,0.5990040442088457
5.78611147851471,-1.337917027872964,1.5538461538461539,0.0,2.5,0.5679885212592256
5.78611147851471,-1.3279170278729642,1.5538461538461539,0.0,2.5,0.5667499887028355
5.78611147851471,-1.3179170278729644,1.5538461538461539,0.0,2.5,0.5738753981258526
5.78611147851471,-1.3079170278729646,1.5538461538461539,0.0,2.5,0.566442749388209
5.78611147851471,-1.2979170278729648,1.5538461538461539,0.0,2.5,0.5522699943275076
5.78611147851471,-1.287917027872965,1.5538461538461539,0.0,2.5,0.5433752605272402
5.78611147851471,-1.2779170278729652,1.5538461538461539,0.0,2.5,0.5376396496853569
5.78611147851471,-1.2679170278729655,1.5538461538461539,0.0,2.5,0.5276587196650457
5.78611147851471,-1.2579170278729657,1.5538461538461539,0.0,2.5,0.5267112377253839
5.78611147851471,-1.2479170278729659,1.5538461538461539,0.0,2.5,0.5263182217881374
5.78611147851471,-1.237917027872966,1.5538461538461539,0.0,2.5,0.5491322589404476
5.78611147851471,-1.2279170278729663,1.5538461538461539,0.0,2.5,0.5695169128587848
5.78611147851471,-1.2179170278729665,1.5538461538461539,0.0,2.5,0.5631333180562325
5.78611147851471,-1.2079170278729667,1.5538461538461539,0.0,2.5,0.5566191118311913
5.78611147851471,-1.197917027872967,1.5538461538461539,0.0,2.5,0.5542059530868044
5.78611147851471,-1.1879170278729672,1.5538461538461539,0.0,2.5,0.5628213683294994
5.78611147851471,-1.1779170278729674,1.5538461538461539,0.0,2.5,0.5687434950811091
5.78611147851471,-1.1679170278729676,1.5538461538461539,0.0,2.5,0.5567889629147292
5.796111478514709,-1.807917027872954,0.9440000000000001,0.0,2.5,0.5541335482065114
5.796111478514709,-1.7979170278729542,0.9440000000000001,0.0,2.5,0.5914173669294133
5.796111478514709,-1.7879170278729544,0.9440000000000001,0.0,2.5,0.6018624139144593
5.796111478514709,-1.7779170278729546,0.9440000000000001,0.0,2.5,0.6034314883165769
5.796111478514709,-1.7679170278729548,1.5538461538461539,0.0,2.5,0.5969299436037413
5.796111478514709,-1.757917027872955,1.5538461538461539,0.0,2.5,0.6330505753113254
5.796111478514709,-1.7479170278729552,1.5538461538461539,0.0,2.5,0.6062663730908043
5.796111478514709,-1.7379170278729554,1.5538461538461539,0.0,2.5,0.5985208660633907
5.796111478514709,-1.7279170278729556,1.5538461538461539,0.0,2.5,0.5558455667724421
5.796111478514709,-1.7179170278729559,1.5538461538461539,0.0,2.5,0.5576742555578873
5.796111478514709,-1.707917027872956,1.5538461538461539,0.0,2.5,0.524519458518426
5.796111478514709,-1.6979170278729563,1.5538461538461539,0.0,2.5,0.5126710120954541
5.796111478514709,-1.6879170278729565,1.5538461538461539,0.0,2.5,0.5033410682533593
5.796111478514709,-1.6779170278729567,1.5538461538461539,0.0,2.5,0.4960465498084702
5.796111478514709,-1.667917027872957,1.5538461538461539,0.0,2.5,0.5010934386190242
5.796111478514709,-1.6579170278729571,1.5538461538461539,0.0,2.5,0.5201916084385739
5.796111478514709,-1.6479170278729574,1.5538461538461539,0.0,2.5,0.5148006698048567
5.796111478514709,-1.6379170278729576,1.5538461538461539,0.0,2.5,0.5324855311219798
5.796111478514709,-1.6279170278729578,1.5538461538461539,0.0,2.5,0.5397171042823804
5.796111478514709,-1.617917027872958,1.5538461538461539,0.0,2.5,0.5145980134730456
5.796111478514709,-1.6079170278729582,1.5538461538461539,0.0,2.5,0.4945288798526098
5.796111478514709,-1.5979170278729584,1.5538461538461539,0.0,2.5,0.560427854180096
5.796111478514709,-1.5879170278729586,1.5538461538461539,0.0,2.5,0.5697351199133965
5.796111478514709,-1.5779170278729588,1.5538461538461539,0.0,2.5,0.5777582865278259
5.796111478514709,-1.567917027872959,1.5538461538461539,0.0,2.5,0.5766645411347187
5.796111478514709,-1.5579170278729593,1.5538461538461539,0.0,2.5,0.5599781640941112
5.796111478514709,-1.5479170278729595,1.5538461538461539,0.0,2.5,0.5102150130612649
5.796111478514709,-1.5379170278729597,1.5538461538461539,0.0,2.5,0.4990684892005846
5.796111478514709,-1.52791702787296,1.5538461538461539,0.0,2.5,0.48571786071914336
5.796111478514709,-1.5179170278729601,1.5538461538461539,0.0,2.5,0.5003231943690029
5.796111478514709,-1.5079170278729603,1.5538461538461539,0.0,2.5,0.5116810995635744
5.796111478514709,-1.4979170278729605,1.5538461538461539,0.0,2.5,0.49484362572364327
5.796111478514709,-1.4879170278729608,1.5538461538461539,0.0,2.5,0.48406501972663124
5.796111478514709,-1.477917027872961,1.5538461538461539,0.0,2.5,0.49536372278553964
5.796111478514709,-1.4679170278729612,1.5538461538461539,0.0,2.5,0.49768363638874064
5.796111478514709,-1.4579170278729614,1.5538461538461539,0.0,2.5,0.5259128519428417
5.796111478514709,-1.4479170278729616,1.5538461538461539,0.0,2.5,0.5707025323562127
5.796111478514709,-1.4379170278729618,2.2883333333333336,0.0,2.5,0.5829220274091685
5.796111478514709,-1.427917027872962,2.2883333333333336,0.0,2.5,0.5852843012160217
5.796111478514709,-1.4179170278729623,2.2883333333333336,0.0,2.5,0.6214847407151315
5.796111478514709,-1.4079170278729625,2.2883333333333336,0.0,2.5,0.6256984444537191
5.796111478514709,-1.3979170278729627,2.2883333333333336,0.0,2.5,0.6227396726530543
5.796111478514709,-1.387917027872963,2.2883333333333336,0.0,2.5,0.6192361238143269
5.796111478514709,-1.377917027872963,2.2883333333333336,0.0,2.5,0.5987242913043274
5.796111478514709,-1.3679170278729633,2.2883333333333336,0.0,2.5,0.5954793094174505
5.796111478514709,-1.3579170278729635,2.2883333333333336,0.0,2.5,0.604471441528634
5.796111478514709,-1.3479170278729637,2.19595370120824,0.0,2.5,0.5908086232303296
5.796111478514709,-1.337917027872964,1.5538461538461539,0.0,2.5,0.5596064900011917
5.796111478514709,-1.3279170278729642,1.5538461538461539,0.0,2.5,0.5553374119879031
5.796111478514709,-1.3179170278729644,1.5538461538461539,0.0,2.5,0.5671783156267077
5.796111478514709,-1.3079170278729646,1.5538461538461539,0.0,2.5,0.564523356577966
5.796111478514709,-1.2979170278729648,1.5538461538461539,0.0,2.5,0.5613835760045269
5.796111478514709,-1.287917027872965,1.5538461538461539,0.0,2.5,0.5339021029243625
5.796111478514709,-1.2779170278729652,1.5538461538461539,0.0,2.5,0.5309059397107913
5.796111478514709,-1.2679170278729655,1.5538461538461539,0.0,2.5,0.5210480741725892
5.796111478514709,-1.2579170278729657,1.5538461538461539,0.0,2.5,0.5396396188823768
5.796111478514709,-1.2479170278729659,1.5538461538461539,0.0,2.5,0.5354183797345003
5.796111478514709,-1.237917027872966,1.5538461538461539,0.0,2.5,0.5499272932968964
5.796111478514709,-1.2279170278729663,1.5538461538461539,0.0,2.5,0.5621668604972716
5.796111478514709,-1.2179170278729665,1.5538461538461539,0.0,2.5,0.5642849782889104
5.796111478514709,-1.2079170278729667,1.5538461538461539,0.0,2.5,0.5423258231153784
5.796111478514709,-1.197917027872967,1.5538461538461539,0.0,2.5,0.545844285820042
5.796111478514709,-1.1879170278729672,1.5538461538461539,0.0,2.5,0.5704096908242752
5.796111478514709,-1.1779170278729674,1.5538461538461539,0.0,2.5,0.5606079596434183
5.796111478514709,-1.1679170278729676,1.5538461538461539,0.0,2.5,0.5299272159794239
5.806111478514709,-1.807917027872954,0.9440000000000001,0.0,2.5,0.5095950565399119
5.806111478514709,-1.7979170278729542,0.9440000000000001,0.0,2.5,0.5515171220971489
5.806111478514709,-1.7879170278729544,0.9440000000000001,0.0,2.5,0.5745300509624736
5.806111478514709,-1.7779170278729546,0.9440000000000001,0.0,2.5,0.5858495516410646
5.806111478514709,-1.7679170278729548,1.5538461538461539,0.0,2.5,0.5931945931309169
5.806111478514709,-1.757917027872955,1.5538461538461539,0.0,2.5,0.5884517545600949
5.806111478514709,-1.7479170278729552,1.5538461538461539,0.0,2.5,0.6017714512717138
5.806111478514709,-1.7379170278729554,1.5538461538461539,0.0,2.5,0.6096658535181232
5.806111478514709,-1.7279170278729556,1.5538461538461539,0.0,2.5,0.6125443148289432
5.806111478514709,-1.7179170278729559,1.5538461538461539,0.0,2.5,0.5722813488164058
5.806111478514709,-1.707917027872956,1.5538461538461539,0.0,2.5,0.5496224504809178
5.806111478514709,-1.6979170278729563,1.5538461538461539,0.0,2.5,0.5111409046877338
5.806111478514709,-1.6879170278729565,1.5538461538461539,0.0,2.5,0.49994672559583364
5.806111478514709,-1.6779170278729567,1.5538461538461539,0.0,2.5,0.47047623109804354
5.806111478514709,-1.667917027872957,1.5538461538461539,0.0,2.5,0.4717616664741963
5.806111478514709,-1.6579170278729571,1.5538461538461539,0.0,2.5,0.4500253802219706
5.806111478514709,-1.6479170278729574,1.5538461538461539,0.0,2.5,0.4611022608181127
5.806111478514709,-1.6379170278729576,1.5538461538461539,0.0,2.5,0.4799380507981079
5.806111478514709,-1.6279170278729578,1.5538461538461539,0.0,2.5,0.47755060259234056
5.806111478514709,-1.617917027872958,1.5538461538461539,0.0,2.5,0.4806489600675289
5.806111478514709,-1.6079170278729582,1.5538461538461539,0.0,2.5,0.5064929275922253
5.806111478514709,-1.5979170278729584,1.5538461538461539,0.0,2.5,0.5474637375980663
5.806111478514709,-1.5879170278729586,1.5538461538461539,0.0,2.5,0.5559747445052338
5.806111478514709,-1.5779170278729588,1.5538461538461539,0.0,2.5,0.5375607953493006
5.806111478514709,-1.567917027872959,1.5538461538461539,0.0,2.5,0.4898075782685046
5.806111478514709,-1.5579170278729593,1.5538461538461539,0.0,2.5,0.4769729225141782
5.806111478514709,-1.5479170278729595,1.5538461538461539,0.0,2.5,0.482700646616982
5.806111478514709,-1.5379170278729597,1.5538461538461539,0.0,2.5,0.5034476493332091
5.806111478514709,-1.52791702787296,1.5538461538461539,0.0,2.5,0.47378274996416647
5.806111478514709,-1.5179170278729601,1.5538461538461539,0.0,2.5,0.4874499624695765
5.806111478514709,-1.5079170278729603,1.5538461538461539,0.0,2.5,0.5091551051009571
5.806111478514709,-1.4979170278729605,1.5538461538461539,0.0,2.5,0.47983539052676527
5.806111478514709,-1.4879170278729608,1.5538461538461539,0.0,2.5,0.49216838178044536
5.806111478514709,-1.477917027872961,1.5538461538461539,0.0,2.5,0.49364273849877693
5.806111478514709,-1.4679170278729612,1.5538461538461539,0.0,2.5,0.5008554243081075
5.806111478514709,-1.4579170278729614,2.220391316276104,0.0,2.5,0.5605797843827715
5.806111478514709,-1.4479170278729616,1.5538461538461539,0.0,2.5,0.5697732118282058
5.806111478514709,-1.4379170278729618,2.2883333333333336,0.0,2.5,0.5858128469930629
5.806111478514709,-1.427917027872962,2.2883333333333336,0.0,2.5,0.5888830277893543
5.806111478514709,-1.4179170278729623,2.2883333333333336,0.0,2.5,0.60766319330064
5.806111478514709,-1.4079170278729625,2.2883333333333336,0.0,2.5,0.603652530699647
5.806111478514709,-1.3979170278729627,2.2883333333333336,0.0,2.5,0.5988250087826626
5.806111478514709,-1.387917027872963,2.256552057931576,0.0,2.5,0.5878652570663306
5.806111478514709,-1.377917027872963,2.274178123336272,0.0,2.5,0.5889752676246465
5.806111478514709,-1.3679170278729633,2.1326820114099183,0.0,2.5,0.5760745665538891
5.806111478514709,-1.3579170278729635,1.7912626250399186,0.0,2.5,0.5777076895009668
5.806111478514709,-1.3479170278729637,1.5538461538461539,0.0,2.5,0.5584002557276113
5.806111478514709,-1.337917027872964,1.5538461538461539,0.0,2.5,0.5485834087385791
5.806111478514709,-1.3279170278729642,1.5538461538461539,0.0,2.5,0.5398256282721622
5.806111478514709,-1.3179170278729644,1.5538461538461539,0.0,2.5,0.5406888470855208
5.806111478514709,-1.3079170278729646,1.5538461538461539,0.0,2.5,0.542139361623429
5.806111478514709,-1.2979170278729648,1.5538461538461539,0.0,2.5,0.5405343118167667
5.806111478514709,-1.287917027872965,1.5538461538461539,0.0,2.5,0.5364945740602985
5.806111478514709,-1.2779170278729652,1.5538461538461539,0.0,2.5,0.5313755329174963
5.806111478514709,-1.2679170278729655,1.5538461538461539,0.0,2.5,0.5084976439204685
5.806111478514709,-1.2579170278729657,1.5538461538461539,0.0,2.5,0.5144166745891982
5.806111478514709,-1.2479170278729659,1.5538461538461539,0.0,2.5,0.5373767746854947
5.806111478514709,-1.237917027872966,1.5538461538461539,0.0,2.5,0.5577604966975525
5.806111478514709,-1.2279170278729663,1.5538461538461539,0.0,2.5,0.57450401157405
5.806111478514709,-1.2179170278729665,1.5538461538461539,0.0,2.5,0.5590000750666296
5.806111478514709,-1.2079170278729667,1.5538461538461539,0.0,2.5,0.5579380438530822
5.806111478514709,-1.197917027872967,1.5538461538461539,0.0,2.5,0.565446531098057
5.806111478514709,-1.1879170278729672,1.5538461538461539,0.0,2.5,0.5761286157319788
5.806111478514709,-1.1779170278729674,1.5538461538461539,0.0,2.5,0.5702782111810798
5.806111478514709,-1.1679170278729676,1.5538461538461539,0.0,2.5,0.5384276163866796
5.816111478514709,-1.807917027872954,0.9440000000000001,0.0,2.5,0.48187192267304085
5.816111478514709,-1.7979170278729542,0.9440000000000001,0.0,2.5,0.523830401614128
5.816111478514709,-1.7879170278729544,0.9440000000000001,0.0,2.5,0.5382520844983563
5.816111478514709,-1.7779170278729546,0.9440000000000001,0.0,2.5,0.5016203698504561
5.816111478514709,-1.7679170278729548,0.9440000000000001,0.0,2.5,0.4966015439769155
5.816111478514709,-1.757917027872955,0.9440000000000001,0.0,2.5,0.4957084957989059
5.816111478514709,-1.7479170278729552,0.9440000000000001,0.0,2.5,0.4890294392532277
5.816111478514709,-1.7379170278729554,0.9440000000000001,0.0,2.5,0.5022257470417956
5.816111478514709,-1.7279170278729556,1.5538461538461539,0.0,2.5,0.5586916013525137
5.816111478514709,-1.7179170278729559,1.5538461538461539,0.0,2.5,0.6122656306765561
5.816111478514709,-1.707917027872956,1.5538461538461539,0.0,2.5,0.5736339324541699
5.816111478514709,-1.6979170278729563,1.5538461538461539,0.0,2.5,0.49435243821925196
5.816111478514709,-1.6879170278729565,1.5538461538461539,0.0,2.5,0.48113067661506714
5.816111478514709,-1.6779170278729567,1.5538461538461539,0.0,2.5,0.4645954929072805
5.816111478514709,-1.667917027872957,1.5538461538461539,0.0,2.5,0.459314954571918
5.816111478514709,-1.6579170278729571,1.5538461538461539,0.0,2.5,0.4349992242126056
5.816111478514709,-1.6479170278729574,1.5538461538461539,0.0,2.5,0.4474245672055211
5.816111478514709,-1.6379170278729576,1.5538461538461539,0.0,2.5,0.4741572242594486
5.816111478514709,-1.6279170278729578,1.5538461538461539,0.0,2.5,0.456580486328079
5.816111478514709,-1.617917027872958,1.5538461538461539,0.0,2.5,0.43642346595297254
5.816111478514709,-1.6079170278729582,1.5538461538461539,0.0,2.5,0.46199359673149104
5.816111478514709,-1.5979170278729584,1.5538461538461539,0.0,2.5,0.49287027696688007
5.816111478514709,-1.5879170278729586,1.5538461538461539,0.0,2.5,0.4594791604982434
5.816111478514709,-1.5779170278729588,1.5538461538461539,0.0,2.5,0.4630828912262102
5.816111478514709,-1.567917027872959,1.5538461538461539,0.0,2.5,0.4722113832800802
5.816111478514709,-1.5579170278729593,1.5538461538461539,0.0,2.5,0.4743289757465366
5.816111478514709,-1.5479170278729595,1.5538461538461539,0.0,2.5,0.47643184247713266
5.816111478514709,-1.5379170278729597,1.5538461538461539,0.0,2.5,0.4964064819191761
5.816111478514709,-1.52791702787296,1.5538461538461539,0.0,2.5,0.516466970015524
5.816111478514709,-1.5179170278729601,1.5538461538461539,0.0,2.5,0.49257202285272106
5.816111478514709,-1.5079170278729603,1.5538461538461539,0.0,2.5,0.48185828729854385
5.816111478514709,-1.4979170278729605,1.5538461538461539,0.0,2.5,0.4557140362222676
5.816111478514709,-1.4879170278729608,1.5538461538461539,0.0,2.5,0.4597503260436592
5.816111478514709,-1.477917027872961,1.5538461538461539,0.0,2.5,0.46333084271722963
5.816111478514709,-1.4679170278729612,1.5538461538461539,0.0,2.5,0.4886848582931487
5.816111478514709,-1.4579170278729614,1.5538461538461539,0.0,2.5,0.529741176167659
5.816111478514709,-1.4479170278729616,1.5538461538461539,0.0,2.5,0.5542107103507412
5.816111478514709,-1.4379170278729618,1.5538461538461539,0.0,2.5,0.5508578057777594
5.816111478514709,-1.427917027872962,2.2883333333333336,0.0,2.5,0.5840075090963467
5.816111478514709,-1.4179170278729623,2.2883333333333336,0.0,2.5,0.5836068807250101
5.816111478514709,-1.4079170278729625,2.161446926196896,0.0,2.5,0.5795758781452413
5.816111478514709,-1.3979170278729627,2.1900721425903713,0.0,2.5,0.5822981522896613
5.816111478514709,-1.387917027872963,1.5538461538461539,0.0,2.5,0.5707071660110588
5.816111478514709,-1.377917027872963,1.5538461538461539,0.0,2.5,0.5682756562012772
5.816111478514709,-1.3679170278729633,1.5538461538461539,0.0,2.5,0.5570554687999829
5.816111478514709,-1.3579170278729635,1.5538461538461539,0.0,2.5,0.5479221343981552
5.816111478514709,-1.3479170278729637,1.5538461538461539,0.0,2.5,0.5429688281089186
5.816111478514709,-1.337917027872964,1.5538461538461539,0.0,2.5,0.5268814936053662
5.816111478514709,-1.3279170278729642,1.5538461538461539,0.0,2.5,0.5350507445707025
5.816111478514709,-1.3179170278729644,1.5538461538461539,0.0,2.5,0.5330386365259117
5.816111478514709,-1.3079170278729646,1.5538461538461539,0.0,2.5,0.5375175857995885
5.816111478514709,-1.2979170278729648,1.5538461538461539,0.0,2.5,0.5334794967409654
5.816111478514709,-1.287917027872965,1.5538461538461539,0.0,2.5,0.5321582714524229
5.816111478514709,-1.2779170278729652,1.5538461538461539,0.0,2.5,0.5268697677183349
5.816111478514709,-1.2679170278729655,1.5538461538461539,0.0,2.5,0.5165318947892207
5.816111478514709,-1.2579170278729657,1.5538461538461539,0.0,2.5,0.504967475486978
5.816111478514709,-1.2479170278729659,1.5538461538461539,0.0,2.5,0.5313922355043764
5.816111478514709,-1.237917027872966,1.5538461538461539,0.0,2.5,0.5547232580586396
5.816111478514709,-1.2279170278729663,1.5538461538461539,0.0,2.5,0.5664264346604285
5.816111478514709,-1.2179170278729665,1.5538461538461539,0.0,2.5,0.5471894786642613
5.816111478514709,-1.2079170278729667,1.5538461538461539,0.0,2.5,0.5601816700224714
5.816111478514709,-1.197917027872967,1.5538461538461539,0.0,2.5,0.5612005411716676
5.816111478514709,-1.1879170278729672,1.5538461538461539,0.0,2.5,0.5745255258428389
5.816111478514709,-1.1779170278729674,1.5538461538461539,0.0,2.5,0.5894643661630875
5.816111478514709,-1.1679170278729676,1.5538461538461539,0.0,2.5,0.5510312715827047
5.826111478514709,-1.807917027872954,0.9440000000000001,0.0,2.5,0.47105805261261546
5.826111478514709,-1.7979170278729542,0.9440000000000001,0.0,2.5,0.4934772555700518
5.826111478514709,-1.7879170278729544,0.9440000000000001,0.0,2.5,0.5060345278457269
5.826111478514709,-1.7779170278729546,0.9440000000000001,0.0,2.5,0.4680653850049825
5.826111478514709,-1.7679170278729548,0.9440000000000001,0.0,2.5,0.4860024852917625
5.826111478514709,-1.757917027872955,0.9440000000000001,0.0,2.5,0.4975098742073866
5.826111478514709,-1.7479170278729552,0.9440000000000001,0.0,2.5,0.512819950139239
5.826111478514709,-1.7379170278729554,0.9440000000000001,0.0,2.5,0.48382037124002236
5.826111478514709,-1.7279170278729556,0.9440000000000001,0.0,2.5,0.5035398835535152
5.826111478514709,-1.7179170278729559,1.5538461538461539,0.0,2.5,0.4924323874078765
5.826111478514709,-1.707917027872956,1.5538461538461539,0.0,2.5,0.4947397852253638
5.826111478514709,-1.6979170278729563,1.5538461538461539,0.0,2.5,0.4641801503588495
5.826111478514709,-1.6879170278729565,1.5538461538461539,0.0,2.5,0.4450414910607003
5.826111478514709,-1.6779170278729567,1.5538461538461539,0.0,2.5,0.4648230029348041
5.826111478514709,-1.667917027872957,1.5538461538461539,0.0,2.5,0.4423444784839369
5.826111478514709,-1.6579170278729571,1.5538461538461539,0.0,2.5,0.43641819434691237
5.826111478514709,-1.6479170278729574,1.5538461538461539,0.0,2.5,0.44629159728420137
5.826111478514709,-1.6379170278729576,1.5538461538461539,0.0,2.5,0.45252260767441177
5.826111478514709,-1.6279170278729578,1.5538461538461539,0.0,2.5,0.4696661268673759
5.826111478514709,-1.617917027872958,1.5538461538461539,0.0,2.5,0.4357627786167944
5.826111478514709,-1.6079170278729582,1.5538461538461539,0.0,2.5,0.43118229991499335
5.826111478514709,-1.5979170278729584,1.5538461538461539,0.0,2.5,0.4280776756074345
5.826111478514709,-1.5879170278729586,1.5538461538461539,0.0,2.5,0.44361821591381545
5.826111478514709,-1.5779170278729588,1.5538461538461539,0.0,2.5,0.46739081560327056
5.826111478514709,-1.567917027872959,1.5538461538461539,0.0,2.5,0.442836529210781
5.826111478514709,-1.5579170278729593,1.5538461538461539,0.0,2.5,0.5340466248315171
5.826111478514709,-1.5479170278729595,1.5538461538461539,0.0,2.5,0.5433838753944046
5.826111478514709,-1.5379170278729597,1.5538461538461539,0.0,2.5,0.5666852420300211
5.826111478514709,-1.52791702787296,1.5538461538461539,0.0,2.5,0.5223718909538704
5.826111478514709,-1.5179170278729601,1.5538461538461539,0.0,2.5,0.4601441903308112
5.826111478514709,-1.5079170278729603,1.5538461538461539,0.0,2.5,0.43454622821584193
5.826111478514709,-1.4979170278729605,1.5538461538461539,0.0,2.5,0.44677376221037746
5.826111478514709,-1.4879170278729608,1.5538461538461539,0.0,2.5,0.4430233812840655
5.826111478514709,-1.477917027872961,1.5538461538461539,0.0,2.5,0.449517978214005
5.826111478514709,-1.4679170278729612,1.5538461538461539,0.0,2.5,0.4958389661432913
5.826111478514709,-1.4579170278729614,1.5538461538461539,0.0,2.5,0.517968744784509
5.826111478514709,-1.4479170278729616,1.5538461538461539,0.0,2.5,0.5296016551099733
5.826111478514709,-1.4379170278729618,2.2750961703193116,0.0,2.5,0.569674269164589
5.826111478514709,-1.427917027872962,2.2883333333333336,0.0,2.5,0.5708110582663544
5.826111478514709,-1.4179170278729623,1.9620421679677407,0.0,2.5,0.556978656116009
5.826111478514709,-1.4079170278729625,1.5538461538461539,0.0,2.5,0.56786860235741
5.826111478514709,-1.3979170278729627,1.5538461538461539,0.0,2.5,0.5502004841600301
5.826111478514709,-1.387917027872963,1.5538461538461539,0.0,2.5,0.5569395612223589
5.826111478514709,-1.377917027872963,1.5538461538461539,0.0,2.5,0.5499192848442466
5.826111478514709,-1.3679170278729633,1.5538461538461539,0.0,2.5,0.5311063376035084
5.826111478514709,-1.3579170278729635,1.5538461538461539,0.0,2.5,0.5121526643038895
5.826111478514709,-1.3479170278729637,1.5538461538461539,0.0,2.5,0.5258359899111222
5.826111478514709,-1.337917027872964,1.5538461538461539,0.0,2.5,0.527238940962426
5.826111478514709,-1.3279170278729642,1.5538461538461539,0.0,2.5,0.509789793039842
5.826111478514709,-1.3179170278729644,1.5538461538461539,0.0,2.5,0.5445982611630323
5.826111478514709,-1.3079170278729646,1.5538461538461539,0.0,2.5,0.5607256418933277
5.826111478514709,-1.2979170278729648,1.5538461538461539,0.0,2.5,0.5457247433764711
5.826111478514709,-1.287917027872965,1.5538461538461539,0.0,2.5,0.509789793039842
5.826111478514709,-1.2779170278729652,1.5538461538461539,0.0,2.5,0.524450492742098
5.826111478514709,-1.2679170278729655,1.5538461538461539,0.0,2.5,0.5038532575328993
5.826111478514709,-1.2579170278729657,1.5538461538461539,0.0,2.5,0.49536950006382097
5.826111478514709,-1.2479170278729659,1.5538461538461539,0.0,2.5,0.5375836667536686
5.826111478514709,-1.237917027872966,1.5538461538461539,0.0,2.5,0.5601864041924904
5.826111478514709,-1.2279170278729663,1.5538461538461539,0.0,2.5,0.5593453122088432
5.826111478514709,-1.2179170278729665,1.5538461538461539,0.0,2.5,0.5686074614895722
5.826111478514709,-1.2079170278729667,1.5538461538461539,0.0,2.5,0.5734963118386134
5.826111478514709,-1.197917027872967,1.5538461538461539,0.0,2.5,0.5688804938597724
5.826111478514709,-1.1879170278729672,1.5538461538461539,0.0,2.5,0.5943876312661367
5.826111478514709,-1.1779170278729674,1.5538461538461539,0.0,2.5,0.5895349311904655
5.826111478514709,-1.1679170278729676,1.5538461538461539,0.0,2.5,0.561989815496097
5.836111478514709,-1.7979170278729542,0.9440000000000001,0.0,2.5,0.49936202008354824
5.836111478514709,-1.7879170278729544,0.9440000000000001,0.0,2.5,0.47700308187648355
5.836111478514709,-1.7779170278729546,0.9440000000000001,0.0,2.5,0.4385850330794018
5.836111478514709,-1.7679170278729548,0.9440000000000001,0.0,2.5,0.4628590754919262
5.836111478514709,-1.757917027872955,0.9440000000000001,0.0,2.5,0.49048791061280506
5.836111478514709,-1.7479170278729552,0.9440000000000001,0.0,2.5,0.494965193384332
5.836111478514709,-1.7379170278729554,0.9440000000000001,0.0,2.5,0.45724292723571636
5.836111478514709,-1.7279170278729556,0.9440000000000001,0.0,2.5,0.42585850579899515
5.836111478514709,-1.7179170278729559,0.9440000000000001,0.0,2.5,0.41937594838426073
5.836111478514709,-1.707917027872956,1.5538461538461539,0.0,2.5,0.4345999944231403
5.836111478514709,-1.6979170278729563,1.5538461538461539,0.0,2.5,0.45374097531702534
5.836111478514709,-1.6879170278729565,1.5538461538461539,0.0,2.5,0.4755376594807375
5.836111478514709,-1.6779170278729567,1.5538461538461539,0.0,2.5,0.4726156705412768
5.836111478514709,-1.667917027872957,2.169007963297214,0.0,2.5,0.4757270648561289
5.836111478514709,-1.6579170278729571,1.9606306097803525,0.0,2.5,0.46918249480418145
5.836111478514709,-1.6479170278729574,2.2883333333333336,0.0,2.5,0.45165887925460035
5.836111478514709,-1.6379170278729576,1.5538461538461539,0.0,2.5,0.4653646526936763
5.836111478514709,-1.6279170278729578,1.5538461538461539,0.0,2.5,0.4652278949680266
5.836111478514709,-1.617917027872958,1.5538461538461539,0.0,2.5,0.4556760330536869
5.836111478514709,-1.6079170278729582,1.5538461538461539,0.0,2.5,0.46256052358267896
5.836111478514709,-1.5979170278729584,1.5538461538461539,0.0,2.5,0.45016579744454027
5.836111478514709,-1.5879170278729586,1.5538461538461539,0.0,2.5,0.4490817359335363
5.836111478514709,-1.5779170278729588,1.5538461538461539,0.0,2.5,0.5348975799802108
5.836111478514709,-1.567917027872959,1.5538461538461539,0.0,2.5,0.5325165118189614
5.836111478514709,-1.5579170278729593,1.5538461538461539,0.0,2.5,0.5487043337787668
5.836111478514709,-1.5479170278729595,1.5538461538461539,0.0,2.5,0.5752140712289299
5.836111478514709,-1.5379170278729597,1.5538461538461539,0.0,2.5,0.5647168460537403
5.836111478514709,-1.52791702787296,1.5538461538461539,0.0,2.5,0.5292279081149351
5.836111478514709,-1.5179170278729601,1.5538461538461539,0.0,2.5,0.4608557487584346
5.836111478514709,-1.5079170278729603,1.5538461538461539,0.0,2.5,0.44547229121594994
5.836111478514709,-1.4979170278729605,1.5538461538461539,0.0,2.5,0.438945497415755
5.836111478514709,-1.4879170278729608,1.5538461538461539,0.0,2.5,0.44787151910953515
5.836111478514709,-1.477917027872961,1.5538461538461539,0.0,2.5,0.4882923325973095
5.836111478514709,-1.4679170278729612,1.5538461538461539,0.0,2.5,0.5043029182417834
5.836111478514709,-1.4579170278729614,2.2883333333333336,0.0,2.5,0.5338156189811848
5.836111478514709,-1.4479170278729616,1.5538461538461539,0.0,2.5,0.5515418221428573
5.836111478514709,-1.4379170278729618,2.2883333333333336,0.0,2.5,0.5720954067306826
5.836111478514709,-1.427917027872962,2.2883333333333336,0.0,2.5,0.5577987265706439
5.836111478514709,-1.4179170278729623,2.214110350661831,0.0,2.5,0.5633827315523032
5.836111478514709,-1.4079170278729625,1.5538461538461539,0.0,2.5,0.559522312452099
5.836111478514709,-1.3979170278729627,1.5538461538461539,0.0,2.5,0.5616791214299427
5.836111478514709,-1.387917027872963,1.5538461538461539,0.0,2.5,0.5499258574081756
5.836111478514709,-1.377917027872963,1.5538461538461539,0.0,2.5,0.528350229879245
5.836111478514709,-1.3679170278729633,1.5538461538461539,0.0,2.5,0.4916866372297721
5.836111478514709,-1.3579170278729635,1.5538461538461539,0.0,2.5,0.492157847965313
5.836111478514709,-1.3479170278729637,1.5538461538461539,0.0,2.5,0.5021844075155292
5.836111478514709,-1.337917027872964,1.5538461538461539,0.0,2.5,0.505445689636808
5.836111478514709,-1.3279170278729642,1.5538461538461539,0.0,2.5,0.5304997317212278
5.836111478514709,-1.3179170278729644,1.5538461538461539,0.0,2.5,0.5355238669912588
5.836111478514709,-1.3079170278729646,1.5538461538461539,0.0,2.5,0.534230511719874
5.836111478514709,-1.2979170278729648,1.5538461538461539,0.0,2.5,0.5362211459028233
5.836111478514709,-1.287917027872965,1.5538461538461539,0.0,2.5,0.5328400798983104
5.836111478514709,-1.2779170278729652,1.5538461538461539,0.0,2.5,0.5061291428742181
5.836111478514709,-1.2679170278729655,1.5538461538461539,0.0,2.5,0.49457769408152946
5.836111478514709,-1.2579170278729657,1.5538461538461539,0.0,2.5,0.4982604367495863
5.836111478514709,-1.2479170278729659,1.5538461538461539,0.0,2.5,0.5183225374515743
5.836111478514709,-1.237917027872966,1.5538461538461539,0.0,2.5,0.5476632539700027
5.836111478514709,-1.2279170278729663,1.5538461538461539,0.0,2.5,0.547399545954399
5.836111478514709,-1.2179170278729665,1.5538461538461539,0.0,2.5,0.5566253575711384
5.836111478514709,-1.2079170278729667,1.5538461538461539,0.0,2.5,0.5617811591178911
5.836111478514709,-1.197917027872967,1.5538461538461539,0.0,2.5,0.5802415568484586
5.836111478514709,-1.1879170278729672,1.5538461538461539,0.0,2.5,0.5954878341143344
5.836111478514709,-1.1779170278729674,1.5538461538461539,0.0,2.5,0.5916688538657366
5.836111478514709,-1.1679170278729676,1.5538461538461539,0.0,2.5,0.5691657791335248
5.846111478514708,-1.7979170278729542,0.9440000000000001,0.0,2.5,0.49840873570875505
5.846111478514708,-1.7879170278729544,0.9440000000000001,0.0,2.5,0.4747372910423047
5.846111478514708,-1.7779170278729546,0.9440000000000001,0.0,2.5,0.42142526838052996
5.846111478514708,-1.7679170278729548,0.9440000000000001,0.0,2.5,0.43988629105335264
5.846111478514708,-1.757917027872955,0.9440000000000001,0.0,2.5,0.46087707466269384
5.846111478514708,-1.7479170278729552,0.9440000000000001,0.0,2.5,0.4765019556573405
5.846111478514708,-1.7379170278729554,0.9440000000000001,0.0,2.5,0.4620489828537629
5.846111478514708,-1.7279170278729556,0.9440000000000001,0.0,2.5,0.44416754062751124
5.846111478514708,-1.7179170278729559,1.5538461538461539,0.0,2.5,0.44734160399525646
5.846111478514708,-1.707917027872956,1.5538461538461539,0.0,2.5,0.44163496505661376
5.846111478514708,-1.6979170278729563,1.5538461538461539,0.0,2.5,0.41733269502232984
5.846111478514708,-1.6879170278729565,1.5538461538461539,0.0,2.5,0.46859845042828674
5.846111478514708,-1.6779170278729567,1.5538461538461539,0.0,2.5,0.4715209399569201
5.846111478514708,-1.667917027872957,2.2883333333333336,0.0,2.5,0.47197464097932385
5.846111478514708,-1.6579170278729571,2.2883333333333336,0.0,2.5,0.4664785442578526
5.846111478514708,-1.6479170278729574,2.2883333333333336,0.0,2.5,0.46635679088072945
5.846111478514708,-1.6379170278729576,2.210274969415602,0.0,2.5,0.4733798234723967
5.846111478514708,-1.6279170278729578,1.5538461538461539,0.0,2.5,0.48222606614052077
5.846111478514708,-1.617917027872958,1.5538461538461539,0.0,2.5,0.47132617912786773
5.846111478514708,-1.6079170278729582,1.5538461538461539,0.0,2.5,0.47388207684867856
5.846111478514708,-1.5979170278729584,1.5538461538461539,0.0,2.5,0.5169684968467709
5.846111478514708,-1.5879170278729586,1.5538461538461539,0.0,2.5,0.5476827431490708
5.846111478514708,-1.5779170278729588,1.5538461538461539,0.0,2.5,0.538054526717792
5.846111478514708,-1.567917027872959,1.5538461538461539,0.0,2.5,0.5591527351728226
5.846111478514708,-1.5579170278729593,1.5538461538461539,0.0,2.5,0.5658908487120071
5.846111478514708,-1.5479170278729595,1.5538461538461539,0.0,2.5,0.5710174770929678
5.846111478514708,-1.5379170278729597,1.5538461538461539,0.0,2.5,0.5554413838598522
5.846111478514708,-1.52791702787296,1.5538461538461539,0.0,2.5,0.5429917916432474
5.846111478514708,-1.5179170278729601,1.5538461538461539,0.0,2.5,0.4720773489385046
5.846111478514708,-1.5079170278729603,1.5538461538461539,0.0,2.5,0.44493124643290005
5.846111478514708,-1.4979170278729605,1.5538461538461539,0.0,2.5,0.44109004401563967
5.846111478514708,-1.4879170278729608,1.5538461538461539,0.0,2.5,0.4532217829262039
5.846111478514708,-1.477917027872961,1.5538461538461539,0.0,2.5,0.49099917922938346
5.846111478514708,-1.4679170278729612,2.2883333333333336,0.0,2.5,0.504694630514497
5.846111478514708,-1.4579170278729614,2.2883333333333336,0.0,2.5,0.5223379712972808
5.846111478514708,-1.4479170278729616,1.5538461538461539,0.0,2.5,0.5478307239603887
5.846111478514708,-1.4379170278729618,1.5538461538461539,0.0,2.5,0.536020565835466
5.846111478514708,-1.427917027872962,2.2883333333333336,0.0,2.5,0.549153891616378
5.846111478514708,-1.4179170278729623,2.1843914624756766,0.0,2.5,0.5551169464553973
5.846111478514708,-1.4079170278729625,1.5538461538461539,0.0,2.5,0.5412629321490355
5.846111478514708,-1.3979170278729627,1.5538461538461539,0.0,2.5,0.5439598237835187
5.846111478514708,-1.387917027872963,1.5538461538461539,0.0,2.5,0.5469055410219397
5.846111478514708,-1.377917027872963,1.5538461538461539,0.0,2.5,0.5255941413423433
5.846111478514708,-1.3679170278729633,1.5538461538461539,0.0,2.5,0.5152548843356836
5.846111478514708,-1.3579170278729635,1.5538461538461539,0.0,2.5,0.5088941303864996
5.846111478514708,-1.3479170278729637,1.5538461538461539,0.0,2.5,0.5358949829684532
5.846111478514708,-1.337917027872964,1.5538461538461539,0.0,2.5,0.5542356451118835
5.846111478514708,-1.3279170278729642,1.5538461538461539,0.0,2.5,0.5593516944986173
5.846111478514708,-1.3179170278729644,1.5538461538461539,0.0,2.5,0.5611646793939724
5.846111478514708,-1.3079170278729646,1.5538461538461539,0.0,2.5,0.5449191577526635
5.846111478514708,-1.2979170278729648,1.5538461538461539,0.0,2.5,0.5611646793939724
5.846111478514708,-1.287917027872965,1.5538461538461539,0.0,2.5,0.5589108342835636
5.846111478514708,-1.2779170278729652,1.5538461538461539,0.0,2.5,0.5549329240234481
5.846111478514708,-1.2679170278729655,1.5538461538461539,0.0,2.5,0.5383582527848586
5.846111478514708,-1.2579170278729657,1.5538461538461539,0.0,2.5,0.5135576314908513
5.846111478514708,-1.2479170278729659,1.5538461538461539,0.0,2.5,0.5209429017263165
5.846111478514708,-1.237917027872966,1.5538461538461539,0.0,2.5,0.5405215229126276
5.846111478514708,-1.2279170278729663,1.5538461538461539,0.0,2.5,0.5611190694218401
5.846111478514708,-1.2179170278729665,1.5538461538461539,0.0,2.5,0.5725700095988299
5.846111478514708,-1.2079170278729667,1.5538461538461539,0.0,2.5,0.57382558865899
5.846111478514708,-1.197917027872967,1.5538461538461539,0.0,2.5,0.5856824170635124
5.846111478514708,-1.1879170278729672,1.6694041702676448,0.0,2.5,0.6064444475754093
5.846111478514708,-1.1779170278729674,1.5538461538461539,0.0,2.5,0.5985133994061225
5.846111478514708,-1.1679170278729676,1.5538461538461539,0.0,2.5,0.5733806582698165
5.856111478514708,-1.807917027872954,0.9440000000000001,0.0,2.5,0.45239096552301256
5.856111478514708,-1.7979170278729542,0.9440000000000001,0.0,2.5,0.4671124275283335
5.856111478514708,-1.7879170278729544,0.9440000000000001,0.0,2.5,0.4759640565037079
5.856111478514708,-1.7779170278729546,0.9440000000000001,0.0,2.5,0.4353052400307215
5.856111478514708,-1.7679170278729548,0.9440000000000001,0.0,2.5,0.45633559180237626
5.856111478514708,-1.757917027872955,0.9440000000000001,0.0,2.5,0.4533009667018061
5.856111478514708,-1.7479170278729552,0.9440000000000001,0.0,2.5,0.45842365333911705
5.856111478514708,-1.7379170278729554,0.9440000000000001,0.0,2.5,0.4628273127479998
5.856111478514708,-1.7279170278729556,0.9440000000000001,0.0,2.5,0.4671857108335614
5.856111478514708,-1.7179170278729559,1.5538461538461539,0.0,2.5,0.45164681755485137
5.856111478514708,-1.707917027872956,1.5538461538461539,0.0,2.5,0.45007241438942175
5.856111478514708,-1.6979170278729563,1.5538461538461539,0.0,2.5,0.43786513002973265
5.856111478514708,-1.6879170278729565,1.5538461538461539,0.0,2.5,0.43865338866012754
5.856111478514708,-1.6779170278729567,1.5538461538461539,0.0,2.5,0.45058961323619884
5.856111478514708,-1.667917027872957,2.2883333333333336,0.0,2.5,0.4564990109106086
5.856111478514708,-1.6579170278729571,2.5,0.0,2.5,0.48167820006661305
5.856111478514708,-1.6479170278729574,2.2883333333333336,0.0,2.5,0.4684403733237901
5.856111478514708,-1.6379170278729576,2.2010378321465836,0.0,2.5,0.4731142900581952
5.856111478514708,-1.6279170278729578,1.5538461538461539,0.0,2.5,0.4681824885140149
5.856111478514708,-1.617917027872958,1.5538461538461539,0.0,2.5,0.5234697640302397
5.856111478514708,-1.6079170278729582,1.5538461538461539,0.0,2.5,0.5399896301988207
5.856111478514708,-1.5979170278729584,1.5538461538461539,0.0,2.5,0.5009832600856394
5.856111478514708,-1.5879170278729586,1.5538461538461539,0.0,2.5,0.500608773844246
5.856111478514708,-1.5779170278729588,1.5538461538461539,0.0,2.5,0.5459414354222403
5.856111478514708,-1.567917027872959,1.5538461538461539,0.0,2.5,0.5737499857345981
5.856111478514708,-1.5579170278729593,1.5538461538461539,0.0,2.5,0.5760950173138486
5.856111478514708,-1.5479170278729595,1.5538461538461539,0.0,2.5,0.5784787505708494
5.856111478514708,-1.5379170278729597,1.5538461538461539,0.0,2.5,0.5759722617262049
5.856111478514708,-1.52791702787296,1.5538461538461539,0.0,2.5,0.5426308922063803
5.856111478514708,-1.5179170278729601,1.5538461538461539,0.0,2.5,0.4751691186351053
5.856111478514708,-1.5079170278729603,1.5538461538461539,0.0,2.5,0.4456576828860467
5.856111478514708,-1.4979170278729605,1.5538461538461539,0.0,2.5,0.45521996048661106
5.856111478514708,-1.4879170278729608,1.5538461538461539,0.0,2.5,0.48308061044484435
5.856111478514708,-1.477917027872961,1.5538461538461539,0.0,2.5,0.4955062336176804
5.856111478514708,-1.4679170278729612,2.2883333333333336,0.0,2.5,0.5265177985888152
5.856111478514708,-1.4579170278729614,2.2883333333333336,0.0,2.5,0.556644506293163
5.856111478514708,-1.4479170278729616,1.5538461538461539,0.0,2.5,0.5494338447395154
5.856111478514708,-1.4379170278729618,2.2883333333333336,0.0,2.5,0.5551960414011409
5.856111478514708,-1.427917027872962,2.2883333333333336,0.0,2.5,0.5677420499029655
5.856111478514708,-1.4179170278729623,1.5538461538461539,0.0,2.5,0.5558860023201009
5.856111478514708,-1.4079170278729625,1.5538461538461539,0.0,2.5,0.5646621176478143
5.856111478514708,-1.3979170278729627,1.5538461538461539,0.0,2.5,0.5569230565459038
5.856111478514708,-1.387917027872963,1.5538461538461539,0.0,2.5,0.545595889123687
5.856111478514708,-1.377917027872963,1.5538461538461539,0.0,2.5,0.5227176922413375
5.856111478514708,-1.3679170278729633,1.5538461538461539,0.0,2.5,0.5218778889123006
5.856111478514708,-1.3579170278729635,1.5538461538461539,0.0,2.5,0.5433356026353335
5.856111478514708,-1.3479170278729637,1.5538461538461539,0.0,2.5,0.5625987515952778
5.856111478514708,-1.337917027872964,1.5538461538461539,0.0,2.5,0.5625394489707561
5.856111478514708,-1.3279170278729642,1.5538461538461539,0.0,2.5,0.54320204388553
5.856111478514708,-1.3179170278729644,1.5538461538461539,0.0,2.5,0.5404121431746038
5.856111478514708,-1.3079170278729646,1.5538461538461539,0.0,2.5,0.5274117313822705
5.856111478514708,-1.2979170278729648,1.5538461538461539,0.0,2.5,0.5404121431746038
5.856111478514708,-1.287917027872965,1.5538461538461539,0.0,2.5,0.54320204388553
5.856111478514708,-1.2779170278729652,1.5538461538461539,0.0,2.5,0.562910773737051
5.856111478514708,-1.2679170278729655,1.5538461538461539,0.0,2.5,0.560334021939804
5.856111478514708,-1.2579170278729657,1.5538461538461539,0.0,2.5,0.5460652602768996
5.856111478514708,-1.2479170278729659,1.5538461538461539,0.0,2.5,0.5208262727806251
5.856111478514708,-1.237917027872966,1.5538461538461539,0.0,2.5,0.5156783120877189
5.856111478514708,-1.2279170278729663,1.5538461538461539,0.0,2.5,0.5466421891453369
5.856111478514708,-1.2179170278729665,1.5538461538461539,0.0,2.5,0.5693232647300303
5.856111478514708,-1.2079170278729667,1.5538461538461539,0.0,2.5,0.5712484381292323
5.856111478514708,-1.197917027872967,1.5538461538461539,0.0,2.5,0.5880894802072072
5.856111478514708,-1.1879170278729672,1.5538461538461539,0.0,2.5,0.59606975237426
5.856111478514708,-1.1779170278729674,1.5538461538461539,0.0,2.5,0.5861398080014709
5.866111478514708,-1.8379170278729533,0.9440000000000001,0.0,2.5,0.44699242191173094
5.866111478514708,-1.8279170278729535,0.9440000000000001,0.0,2.5,0.44655256928675907
5.866111478514708,-1.8179170278729537,0.9440000000000001,0.0,2.5,0.4610653131477322
5.866111478514708,-1.807917027872954,0.9440000000000001,0.0,2.5,0.46822527114272305
5.866111478514708,-1.7979170278729542,0.9440000000000001,0.0,2.5,0.4724797856014188
5.866111478514708,-1.7879170278729544,0.9440000000000001,0.0,2.5,0.49437553375677235
5.866111478514708,-1.7779170278729546,0.9440000000000001,0.0,2.5,0.4647001121161364
5.866111478514708,-1.7679170278729548,0.9440000000000001,0.0,2.5,0.47758412828065416
5.866111478514708,-1.757917027872955,0.9440000000000001,0.0,2.5,0.4874354453578283
5.866111478514708,-1.7479170278729552,0.9440000000000001,0.0,2.5,0.4749564853943963
5.866111478514708,-1.7379170278729554,0.9440000000000001,0.0,2.5,0.4511794756255104
5.866111478514708,-1.7279170278729556,1.2392180449506836,0.0,2.5,0.45290439759478857
5.866111478514708,-1.7179170278729559,1.5538461538461539,0.0,2.5,0.480939551975455
5.866111478514708,-1.707917027872956,1.5538461538461539,0.0,2.5,0.45998876952784173
5.866111478514708,-1.6979170278729563,1.5538461538461539,0.0,2.5,0.4399749241564649
5.866111478514708,-1.6879170278729565,1.5538461538461539,0.0,2.5,0.4520197001631186
5.866111478514708,-1.6779170278729567,1.5538461538461539,0.0,2.5,0.46894025793538285
5.866111478514708,-1.667917027872957,2.2883333333333336,0.0,2.5,0.46753817540704395
5.866111478514708,-1.6579170278729571,2.5,0.0,2.5,0.4739942399140317
5.866111478514708,-1.6479170278729574,2.5,0.0,2.5,0.47567100212061963
5.866111478514708,-1.6379170278729576,2.2883333333333336,0.0,2.5,0.5353794998329332
5.866111478514708,-1.6279170278729578,1.5538461538461539,0.0,2.5,0.5350507490185281
5.866111478514708,-1.617917027872958,1.5538461538461539,0.0,2.5,0.5141233877036083
5.866111478514708,-1.6079170278729582,1.5538461538461539,0.0,2.5,0.5425894720775222
5.866111478514708,-1.5979170278729584,1.5538461538461539,0.0,2.5,0.4860704991516968
5.866111478514708,-1.5879170278729586,1.5538461538461539,0.0,2.5,0.5175444358620059
5.866111478514708,-1.5779170278729588,1.5538461538461539,0.0,2.5,0.5595385263530398
5.866111478514708,-1.567917027872959,1.5538461538461539,0.0,2.5,0.5661317731563471
5.866111478514708,-1.5579170278729593,1.5538461538461539,0.0,2.5,0.563705637699136
5.866111478514708,-1.5479170278729595,1.5538461538461539,0.0,2.5,0.5780131665845114
5.866111478514708,-1.5379170278729597,1.5538461538461539,0.0,2.5,0.572517478305455
5.866111478514708,-1.52791702787296,1.5538461538461539,0.0,2.5,0.519834654811567
5.866111478514708,-1.5179170278729601,1.5538461538461539,0.0,2.5,0.498446537315612
5.866111478514708,-1.5079170278729603,2.2883333333333336,0.0,2.5,0.5037128489147904
5.866111478514708,-1.4979170278729605,1.5538461538461539,0.0,2.5,0.5029340965717335
5.866111478514708,-1.4579170278729614,2.2883333333333336,0.0,2.5,0.5369126726071859
5.866111478514708,-1.4479170278729616,1.5538461538461539,0.0,2.5,0.5382038730560049
5.866111478514708,-1.4379170278729618,2.2883333333333336,0.0,2.5,0.5489458254444929
5.866111478514708,-1.427917027872962,2.2883333333333336,0.0,2.5,0.5553457312536279
5.866111478514708,-1.4179170278729623,1.5538461538461539,0.0,2.5,0.5611603003959535
5.866111478514708,-1.4079170278729625,1.5538461538461539,0.0,2.5,0.5501624408557932
5.866111478514708,-1.3979170278729627,1.5538461538461539,0.0,2.5,0.5426881093910577
5.866111478514708,-1.387917027872963,1.5538461538461539,0.0,2.5,0.5252227900036288
5.866111478514708,-1.377917027872963,1.5538461538461539,0.0,2.5,0.5147482185848968
5.866111478514708,-1.3679170278729633,1.5538461538461539,0.0,2.5,0.5449850812120612
5.866111478514708,-1.3579170278729635,1.5538461538461539,0.0,2.5,0.5619861732807941
5.866111478514708,-1.3479170278729637,1.5538461538461539,0.0,2.5,0.5593548947460107
5.866111478514708,-1.337917027872964,1.5538461538461539,0.0,2.5,0.5460732432025504
5.866111478514708,-1.3279170278729642,1.5538461538461539,0.0,2.5,0.551573306301545
5.866111478514708,-1.3179170278729644,1.5538461538461539,0.0,2.5,0.5397789662701307
5.866111478514708,-1.3079170278729646,1.5538461538461539,0.0,2.5,0.5147390478237303
5.866111478514708,-1.2979170278729648,1.5538461538461539,0.0,2.5,0.5397789662701307
5.866111478514708,-1.287917027872965,1.5538461538461539,0.0,2.5,0.551573306301545
5.866111478514708,-1.2779170278729652,1.5538461538461539,0.0,2.5,0.5467705221141149
5.866111478514708,-1.2679170278729655,1.5538461538461539,0.0,2.5,0.5596500573541747
5.866111478514708,-1.2579170278729657,1.5538461538461539,0.0,2.5,0.5592940310754674
5.866111478514708,-1.2479170278729659,1.5538461538461539,0.0,2.5,0.5559792565989153
5.866111478514708,-1.237917027872966,1.5538461538461539,0.0,2.5,0.5254266892478775
5.866111478514708,-1.2279170278729663,1.5538461538461539,0.0,2.5,0.5502437017398988
5.866111478514708,-1.2179170278729665,1.5538461538461539,0.0,2.5,0.5720589284534024
5.866111478514708,-1.2079170278729667,1.8698852817402423,0.0,2.5,0.582240392736513
5.866111478514708,-1.197917027872967,1.5538461538461539,0.0,2.5,0.5841491799114701
5.866111478514708,-1.1879170278729672,1.5538461538461539,0.0,2.5,0.5852657024511975
5.876111478514708,-1.847917027872953,0.9440000000000001,0.0,2.5,0.4629672898732419
5.876111478514708,-1.8379170278729533,0.9440000000000001,0.0,2.5,0.4611461692074757
5.876111478514708,-1.8279170278729535,0.9440000000000001,0.0,2.5,0.4663792686755869
5.876111478514708,-1.8179170278729537,0.9440000000000001,0.0,2.5,0.47132435382985527
5.876111478514708,-1.807917027872954,0.9440000000000001,0.0,2.5,0.4723075176359542
5.876111478514708,-1.7979170278729542,0.9440000000000001,0.0,2.5,0.4896761170177046
5.876111478514708,-1.7879170278729544,0.9440000000000001,0.0,2.5,0.4866380431023655
5.876111478514708,-1.7779170278729546,0.9440000000000001,0.0,2.5,0.46813055250369057
5.876111478514708,-1.7679170278729548,0.9440000000000001,0.0,2.5,0.4914841798496356
5.876111478514708,-1.757917027872955,0.9440000000000001,0.0,2.5,0.5028959625241302
5.876111478514708,-1.7479170278729552,0.9864949173126851,0.0,2.5,0.4900015284645111
5.876111478514708,-1.7379170278729554,0.9440000000000001,0.0,2.5,0.46880966903488525
5.876111478514708,-1.7279170278729556,0.9440000000000001,0.0,2.5,0.4402434924385114
5.876111478514708,-1.7179170278729559,1.5538461538461539,0.0,2.5,0.4564195617788338
5.876111478514708,-1.707917027872956,1.5538461538461539,0.0,2.5,0.4378987490981291
5.876111478514708,-1.6979170278729563,1.5538461538461539,0.0,2.5,0.44078886372405
5.876111478514708,-1.6879170278729565,1.5538461538461539,0.0,2.5,0.49095165328433166
5.876111478514708,-1.6779170278729567,1.5538461538461539,0.0,2.5,0.48797634691385344
5.876111478514708,-1.667917027872957,2.2883333333333336,0.0,2.5,0.5086852167099704
5.876111478514708,-1.6579170278729571,2.5,0.0,2.5,0.5482211637549019
5.876111478514708,-1.6479170278729574,2.2883333333333336,0.0,2.5,0.5305754781232604
5.876111478514708,-1.6379170278729576,1.5538461538461539,0.0,2.5,0.5050761932673897
5.876111478514708,-1.6279170278729578,1.5538461538461539,0.0,2.5,0.5060991758720012
5.876111478514708,-1.617917027872958,1.5538461538461539,0.0,2.5,0.4959083739019358
5.876111478514708,-1.6079170278729582,1.5538461538461539,0.0,2.5,0.4766439837763405
5.876111478514708,-1.5979170278729584,1.5538461538461539,0.0,2.5,0.5130459032932396
5.876111478514708,-1.5879170278729586,1.5538461538461539,0.0,2.5,0.5309740574234295
5.876111478514708,-1.5779170278729588,1.5538461538461539,0.0,2.5,0.5270064968276994
5.876111478514708,-1.567917027872959,1.5538461538461539,0.0,2.5,0.5651300467475283
5.876111478514708,-1.5579170278729593,1.5538461538461539,0.0,2.5,0.5735660096592345
5.876111478514708,-1.5479170278729595,1.5538461538461539,0.0,2.5,0.579673029012413
5.876111478514708,-1.5379170278729597,1.5538461538461539,0.0,2.5,0.5671073340525967
5.876111478514708,-1.52791702787296,1.5538461538461539,0.0,2.5,0.5259335923653484
5.876111478514708,-1.4579170278729614,2.2883333333333336,0.0,2.5,0.542939538906216
5.876111478514708,-1.4479170278729616,1.5538461538461539,0.0,2.5,0.5497721044218737
5.876111478514708,-1.4379170278729618,2.2883333333333336,0.0,2.5,0.5686595217749362
5.876111478514708,-1.427917027872962,2.2883333333333336,0.0,2.5,0.5622267790095701
5.876111478514708,-1.4179170278729623,2.1695440268979787,0.0,2.5,0.5671212593094219
5.876111478514708,-1.4079170278729625,1.5538461538461539,0.0,2.5,0.5745651191792666
5.876111478514708,-1.3979170278729627,1.5538461538461539,0.0,2.5,0.556372246933834
5.876111478514708,-1.387917027872963,1.5538461538461539,0.0,2.5,0.5389973731573398
5.876111478514708,-1.377917027872963,1.5538461538461539,0.0,2.5,0.5649746624307412
5.876111478514708,-1.3679170278729633,1.5538461538461539,0.0,2.5,0.5672905333310102
5.876111478514708,-1.3579170278729635,1.5538461538461539,0.0,2.5,0.5742653615243638
5.876111478514708,-1.3479170278729637,1.5538461538461539,0.0,2.5,0.5638630281655256
5.876111478514708,-1.337917027872964,1.5538461538461539,0.0,2.5,0.567057299521249
5.876111478514708,-1.3279170278729642,1.5538461538461539,0.0,2.5,0.5441836367048389
5.876111478514708,-1.3179170278729644,1.5538461538461539,0.0,2.5,0.5040636203835208
5.876111478514708,-1.3079170278729646,1.5538461538461539,0.0,2.5,0.48452765048260527
5.876111478514708,-1.2979170278729648,1.5538461538461539,0.0,2.5,0.5040636203835208
5.876111478514708,-1.287917027872965,1.5538461538461539,0.0,2.5,0.539183636704839
5.876111478514708,-1.2779170278729652,1.5538461538461539,0.0,2.5,0.5662407376763853
5.876111478514708,-1.2679170278729655,1.5538461538461539,0.0,2.5,0.5732810679272646
5.876111478514708,-1.2579170278729657,1.5538461538461539,0.0,2.5,0.5717870625124513
5.876111478514708,-1.2479170278729659,1.5538461538461539,0.0,2.5,0.5682637612108453
5.876111478514708,-1.237917027872966,1.5538461538461539,0.0,2.5,0.570684510893964
5.876111478514708,-1.2279170278729663,1.5538461538461539,0.0,2.5,0.552978592838954
5.876111478514708,-1.2179170278729665,1.5538461538461539,0.0,2.5,0.5693570931301515
5.876111478514708,-1.2079170278729667,1.5538461538461539,0.0,2.5,0.5796571143257002
5.876111478514708,-1.197917027872967,1.5538461538461539,0.0,2.5,0.5822906467990777
5.876111478514708,-1.1879170278729672,1.5538461538461539,0.0,2.5,0.5989118222037237
5.8861114785147075,-1.8579170278729529,1.5538461538461539,0.0,2.5,0.49460447801798796
5.8861114785147075,-1.847917027872953,0.9440000000000001,0.0,2.5,0.4531402649093379
5.8861114785147075,-1.8379170278729533,0.9440000000000001,0.0,2.5,0.4643775829359012
5.8861114785147075,-1.8279170278729535,0.9440000000000001,0.0,2.5,0.46609991892500746
5.8861114785147075,-1.8179170278729537,0.9440000000000001,0.0,2.5,0.46561091970667223
5.8861114785147075,-1.807917027872954,0.9440000000000001,0.0,2.5,0.4599604858730866
5.8861114785147075,-1.7979170278729542,0.9440000000000001,0.0,2.5,0.4806554266118321
5.8861114785147075,-1.7879170278729544,0.9440000000000001,0.0,2.5,0.4912950488533327
5.8861114785147075,-1.7779170278729546,0.9440000000000001,0.0,2.5,0.4686670802896839
5.8861114785147075,-1.7679170278729548,0.9440000000000001,0.0,2.5,0.4978694709087006
5.8861114785147075,-1.757917027872955,1.1309469419168212,0.0,2.5,0.5074012449648603
5.8861114785147075,-1.7479170278729552,0.9440000000000001,0.0,2.5,0.4627228710847594
5.8861114785147075,-1.7379170278729554,0.9440000000000001,0.0,2.5,0.45262991842170514
5.8861114785147075,-1.7279170278729556,0.9440000000000001,0.0,2.5,0.4826556119151295
5.8861114785147075,-1.7179170278729559,0.9440000000000001,0.0,2.5,0.4636768765556057
5.8861114785147075,-1.707917027872956,0.9440000000000001,0.0,2.5,0.4326949100078526
5.8861114785147075,-1.6979170278729563,1.5538461538461539,0.0,2.5,0.45468330248847993
5.8861114785147075,-1.6879170278729565,1.5538461538461539,0.0,2.5,0.49598004958252306
5.8861114785147075,-1.6779170278729567,2.2883333333333336,0.0,2.5,0.5150127144680557
5.8861114785147075,-1.667917027872957,2.2883333333333336,0.0,2.5,0.5490487782143404
5.8861114785147075,-1.6579170278729571,2.2883333333333336,0.0,2.5,0.5229165536569128
5.8861114785147075,-1.6479170278729574,1.5538461538461539,0.0,2.5,0.5075553808700702
5.8861114785147075,-1.6379170278729576,1.5538461538461539,0.0,2.5,0.5193092303861183
5.8861114785147075,-1.6279170278729578,1.5538461538461539,0.0,2.5,0.491185175641166
5.8861114785147075,-1.617917027872958,1.5538461538461539,0.0,2.5,0.4882178984058795
5.8861114785147075,-1.6079170278729582,1.5538461538461539,0.0,2.5,0.4959677126705384
5.8861114785147075,-1.5979170278729584,1.5538461538461539,0.0,2.5,0.5064280255512636
5.8861114785147075,-1.5879170278729586,1.5538461538461539,0.0,2.5,0.5205452395740352
5.8861114785147075,-1.5779170278729588,1.5538461538461539,0.0,2.5,0.5285965287581548
5.8861114785147075,-1.567917027872959,1.5538461538461539,0.0,2.5,0.5478940907893933
5.8861114785147075,-1.5579170278729593,1.5538461538461539,0.0,2.5,0.548904193696567
5.8861114785147075,-1.5479170278729595,1.5538461538461539,0.0,2.5,0.5659728420293847
5.8861114785147075,-1.5379170278729597,1.5538461538461539,0.0,2.5,0.5572781554149232
5.8861114785147075,-1.52791702787296,1.5538461538461539,0.0,2.5,0.5406635351068929
5.8861114785147075,-1.5179170278729601,1.9071347719298297,0.0,2.5,0.5410555589000431
5.8861114785147075,-1.4579170278729614,2.2883333333333336,0.0,2.5,0.5641272378857788
5.8861114785147075,-1.4479170278729616,2.2883333333333336,0.0,2.5,0.5754140951479569
5.8861114785147075,-1.4379170278729618,2.2883333333333336,0.0,2.5,0.570009828183322
5.8861114785147075,-1.427917027872962,2.2883333333333336,0.0,2.5,0.5784165078589435
5.8861114785147075,-1.4179170278729623,2.2843177119107523,0.0,2.5,0.575549329290789
5.8861114785147075,-1.4079170278729625,1.5538461538461539,0.0,2.5,0.5690435617770161
5.8861114785147075,-1.3979170278729627,1.5538461538461539,0.0,2.5,0.5734231647685861
5.8861114785147075,-1.387917027872963,2.193096526252347,0.0,2.5,0.5801462116269215
5.8861114785147075,-1.377917027872963,2.0584896921860403,0.0,2.5,0.5748682248660171
5.8861114785147075,-1.3679170278729633,2.212830514771863,0.0,2.5,0.5824705157498614
5.8861114785147075,-1.3579170278729635,2.279239641510891,0.0,2.5,0.593865683250871
5.8861114785147075,-1.3479170278729637,1.5538461538461539,0.0,2.5,0.5702304255237229
5.8861114785147075,-1.337917027872964,1.5538461538461539,0.0,2.5,0.537379598036825
5.8861114785147075,-1.3279170278729642,1.5538461538461539,0.0,2.5,0.4865283575057246
5.8861114785147075,-1.3179170278729644,1.5538461538461539,0.0,2.5,0.4975828394469948
5.8861114785147075,-1.3079170278729646,1.5538461538461539,0.0,2.5,0.5062444706612055
5.8861114785147075,-1.287917027872965,1.5538461538461539,0.0,2.5,0.487257543673519
5.8861114785147075,-1.2779170278729652,1.5538461538461539,0.0,2.5,0.5383628114660817
5.8861114785147075,-1.2679170278729655,1.5538461538461539,0.0,2.5,0.5627955568178972
5.8861114785147075,-1.2579170278729657,1.5538461538461539,0.0,2.5,0.5926544522356832
5.8861114785147075,-1.2479170278729659,1.5538461538461539,0.0,2.5,0.589504727208896
5.8861114785147075,-1.237917027872966,1.5538461538461539,0.0,2.5,0.5760940313176299
5.8861114785147075,-1.2279170278729663,1.5538461538461539,0.0,2.5,0.5829539359434519
5.8861114785147075,-1.2179170278729665,1.6623287881056013,0.0,2.5,0.5823555735547611
5.8861114785147075,-1.2079170278729667,2.212695994228197,0.0,2.5,0.5899358992755298
5.8861114785147075,-1.197917027872967,1.5538461538461539,0.0,2.5,0.5808140718056093
5.8861114785147075,-1.1879170278729672,1.5538461538461539,0.0,2.5,0.598198012100601
5.896111478514707,-1.8679170278729527,1.5538461538461539,0.0,2.5,0.5073434847174813
5.896111478514707,-1.8579170278729529,0.9440000000000001,0.0,2.5,0.452938584558452
5.896111478514707,-1.847917027872953,1.5538461538461539,0.0,2.5,0.46650686020004223
5.896111478514707,-1.8379170278729533,1.0782817519189176,0.0,2.5,0.4683118828987046
5.896111478514707,-1.8279170278729535,1.2563510393972068,0.0,2.5,0.4689040601249638
5.896111478514707,-1.8179170278729537,1.407458001909231,0.0,2.5,0.46855463347772325
5.896111478514707,-1.807917027872954,1.5538461538461539,0.0,2.5,0.47951451731169586
5.896111478514707,-1.7979170278729542,1.5538461538461539,0.0,2.5,0.47844692324078086
5.896111478514707,-1.7879170278729544,1.5538461538461539,0.0,2.5,0.4933891535892179
5.896111478514707,-1.7779170278729546,0.9440000000000001,0.0,2.5,0.4719977794988178
5.896111478514707,-1.7679170278729548,0.9440000000000001,0.0,2.5,0.5010638104492862
5.896111478514707,-1.757917027872955,0.9445271427944905,0.0,2.5,0.4844858624877413
5.896111478514707,-1.7479170278729552,0.9440000000000001,0.0,2.5,0.46073347987137375
5.896111478514707,-1.7379170278729554,0.9440000000000001,0.0,2.5,0.4694784543944861
5.896111478514707,-1.7279170278729556,0.9440000000000001,0.0,2.5,0.4730846990500325
5.896111478514707,-1.7179170278729559,0.9440000000000001,0.0,2.5,0.4782346047391514
5.896111478514707,-1.707917027872956,0.9440000000000001,0.0,2.5,0.46809975395172737
5.896111478514707,-1.6979170278729563,1.5538461538461539,0.0,2.5,0.4998954023811501
5.896111478514707,-1.6879170278729565,1.5538461538461539,0.0,2.5,0.5463735284674873
5.896111478514707,-1.6779170278729567,2.2883333333333336,0.0,2.5,0.5630243795652319
5.896111478514707,-1.667917027872957,2.2883333333333336,0.0,2.5,0.532765559647442
5.896111478514707,-1.6579170278729571,1.5538461538461539,0.0,2.5,0.48264416246873915
5.896111478514707,-1.6479170278729574,1.5538461538461539,0.0,2.5,0.48612520386850955
5.896111478514707,-1.6379170278729576,1.5538461538461539,0.0,2.5,0.485942971463429
5.896111478514707,-1.6279170278729578,1.5538461538461539,0.0,2.5,0.47958390828047176
5.896111478514707,-1.617917027872958,1.5538461538461539,0.0,2.5,0.5081953289742269
5.896111478514707,-1.6079170278729582,1.5538461538461539,0.0,2.5,0.5113012514250531
5.896111478514707,-1.5979170278729584,1.5538461538461539,0.0,2.5,0.4916329823764728
5.896111478514707,-1.5879170278729586,1.5538461538461539,0.0,2.5,0.5060440143889856
5.896111478514707,-1.5779170278729588,1.5538461538461539,0.0,2.5,0.5124114230258523
5.896111478514707,-1.567917027872959,1.5538461538461539,0.0,2.5,0.5314203331548075
5.896111478514707,-1.5579170278729593,1.5538461538461539,0.0,2.5,0.5596080401519742
5.896111478514707,-1.5479170278729595,1.5538461538461539,0.0,2.5,0.5653631701237493
5.896111478514707,-1.5379170278729597,1.5538461538461539,0.0,2.5,0.5721161428350657
5.896111478514707,-1.52791702787296,1.5538461538461539,0.0,2.5,0.5696623709406587
5.896111478514707,-1.5179170278729601,2.2883333333333336,0.0,2.5,0.5666027390222926
5.896111478514707,-1.5079170278729603,2.2883333333333336,0.0,2.5,0.5588066028611598
5.896111478514707,-1.4479170278729616,2.2883333333333336,0.0,2.5,0.5970029209794335
5.896111478514707,-1.4379170278729618,2.2883333333333336,0.0,2.5,0.5872679931745155
5.896111478514707,-1.427917027872962,2.2883333333333336,0.0,2.5,0.591540949416255
5.896111478514707,-1.4179170278729623,2.2883333333333336,0.0,2.5,0.5895066959736557
5.896111478514707,-1.4079170278729625,2.0251489190242276,0.0,2.5,0.5783088014501728
5.896111478514707,-1.3979170278729627,2.236894353351213,0.0,2.5,0.5878857822211528
5.896111478514707,-1.387917027872963,2.2638126569112793,0.0,2.5,0.5887664748703894
5.896111478514707,-1.377917027872963,2.2883333333333336,0.0,2.5,0.6116854078724604
5.896111478514707,-1.3679170278729633,2.2883333333333336,0.0,2.5,0.6081088587662425
5.896111478514707,-1.3579170278729635,2.1512680030227553,0.0,2.5,0.5793600275555597
5.896111478514707,-1.3479170278729637,1.5538461538461539,0.0,2.5,0.5453931872041676
5.896111478514707,-1.337917027872964,1.5538461538461539,0.0,2.5,0.49865686032605594
5.896111478514707,-1.3279170278729642,1.5538461538461539,0.0,2.5,0.5122431552914806
5.896111478514707,-1.3179170278729644,1.5538461538461539,0.0,2.5,0.514535545421297
5.896111478514707,-1.3079170278729646,1.5538461538461539,0.0,2.5,0.5122539488112711
5.896111478514707,-1.2779170278729652,1.5538461538461539,0.0,2.5,0.49797340708864585
5.896111478514707,-1.2579170278729657,1.5538461538461539,0.0,2.5,0.5707060985172843
5.896111478514707,-1.2479170278729659,1.5538461538461539,0.0,2.5,0.5995083870464142
5.896111478514707,-1.237917027872966,1.5538461538461539,0.0,2.5,0.6098886558498483
5.896111478514707,-1.2279170278729663,2.2883333333333336,0.0,2.5,0.6136350394895909
5.896111478514707,-1.2179170278729665,2.2314503662577123,0.0,2.5,0.5934894830552813
5.896111478514707,-1.2079170278729667,2.1920204710429614,0.0,2.5,0.5876209266011959
5.896111478514707,-1.197917027872967,1.5538461538461539,0.0,2.5,0.585946568364022
5.896111478514707,-1.1879170278729672,1.5538461538461539,0.0,2.5,0.5795803254088192
5.906111478514707,-1.8879170278729522,1.5538461538461539,0.0,2.5,0.5742671802433397
5.906111478514707,-1.8779170278729524,1.5538461538461539,0.0,2.5,0.5680491387503986
5.906111478514707,-1.8679170278729527,1.5538461538461539,0.0,2.5,0.5369849037541496
5.906111478514707,-1.8579170278729529,1.5538461538461539,0.0,2.5,0.5029239973509704
5.906111478514707,-1.847917027872953,1.5538461538461539,0.0,2.5,0.46875659527496233
5.906111478514707,-1.8379170278729533,0.9440000000000001,0.0,2.5,0.4506225760297347
5.906111478514707,-1.8279170278729535,1.5538461538461539,0.0,2.5,0.4682274171983886
5.906111478514707,-1.8179170278729537,1.5538461538461539,0.0,2.5,0.48399625382291966
5.906111478514707,-1.807917027872954,1.5538461538461539,0.0,2.5,0.4686385384824795
5.906111478514707,-1.7979170278729542,1.5538461538461539,0.0,2.5,0.47068469936266155
5.906111478514707,-1.7879170278729544,1.5538461538461539,0.0,2.5,0.4710444941042175
5.906111478514707,-1.7779170278729546,1.5538461538461539,0.0,2.5,0.48613391878406076
5.906111478514707,-1.7679170278729548,0.9440000000000001,0.0,2.5,0.4794819018231918
5.906111478514707,-1.757917027872955,1.5538461538461539,0.0,2.5,0.477656537482383
5.906111478514707,-1.7479170278729552,1.0347399745535883,0.0,2.5,0.4722503278978673
5.906111478514707,-1.7379170278729554,0.9440000000000001,0.0,2.5,0.4897543768969068
5.906111478514707,-1.7279170278729556,0.9440000000000001,0.0,2.5,0.4722904136079534
5.906111478514707,-1.7179170278729559,0.9440000000000001,0.0,2.5,0.46585363016665143
5.906111478514707,-1.707917027872956,0.9440000000000001,0.0,2.5,0.5074836008364918
5.906111478514707,-1.6979170278729563,0.9440000000000001,0.0,2.5,0.5094518230548604
5.906111478514707,-1.6879170278729565,1.5538461538461539,0.0,2.5,0.5386725616671981
5.906111478514707,-1.6779170278729567,1.5538461538461539,0.0,2.5,0.5408275200048712
5.906111478514707,-1.667917027872957,1.5538461538461539,0.0,2.5,0.5400201286052773
5.906111478514707,-1.6579170278729571,1.5538461538461539,0.0,2.5,0.5059924686273887
5.906111478514707,-1.6479170278729574,1.5538461538461539,0.0,2.5,0.5399849984845674
5.906111478514707,-1.6379170278729576,1.5538461538461539,0.0,2.5,0.4923286454898084
5.906111478514707,-1.6279170278729578,1.5538461538461539,0.0,2.5,0.5149729850771616
5.906111478514707,-1.617917027872958,1.5538461538461539,0.0,2.5,0.48831026329327726
5.906111478514707,-1.6079170278729582,1.5538461538461539,0.0,2.5,0.5156403627077022
5.906111478514707,-1.5979170278729584,1.5538461538461539,0.0,2.5,0.5119776161578659
5.906111478514707,-1.5879170278729586,1.5538461538461539,0.0,2.5,0.4918065871310102
5.906111478514707,-1.5779170278729588,1.5538461538461539,0.0,2.5,0.5258666712892986
5.906111478514707,-1.567917027872959,1.5538461538461539,0.0,2.5,0.5348454172136488
5.906111478514707,-1.5579170278729593,1.5538461538461539,0.0,2.5,0.5555233718173108
5.906111478514707,-1.5479170278729595,1.5538461538461539,0.0,2.5,0.607239085500049
5.906111478514707,-1.5379170278729597,1.5538461538461539,0.0,2.5,0.6015551556108912
5.906111478514707,-1.52791702787296,1.5538461538461539,0.0,2.5,0.5906950465575028
5.906111478514707,-1.5179170278729601,2.2883333333333336,0.0,2.5,0.5916211166229292
5.906111478514707,-1.5079170278729603,2.2883333333333336,0.0,2.5,0.5899598919862007
5.906111478514707,-1.4179170278729623,2.2883333333333336,0.0,2.5,0.5861104298856028
5.906111478514707,-1.4079170278729625,1.5538461538461539,0.0,2.5,0.5775017124407998
5.906111478514707,-1.3979170278729627,2.2883333333333336,0.0,2.5,0.6018025405716114
5.906111478514707,-1.387917027872963,2.2718112062819222,0.0,2.5,0.5898716356169531
5.906111478514707,-1.377917027872963,2.1878809990569534,0.0,2.5,0.5788023552810144
5.906111478514707,-1.3679170278729633,1.5538461538461539,0.0,2.5,0.5574540710901591
5.906111478514707,-1.3579170278729635,1.5538461538461539,0.0,2.5,0.5055475823911083
5.906111478514707,-1.3479170278729637,1.5538461538461539,0.0,2.5,0.4709608015036694
5.906111478514707,-1.337917027872964,1.5538461538461539,0.0,2.5,0.4896494595613176
5.906111478514707,-1.3279170278729642,1.5538461538461539,0.0,2.5,0.49129846561599066
5.906111478514707,-1.3179170278729644,1.5538461538461539,0.0,2.5,0.4883801984402635
5.906111478514707,-1.2579170278729657,1.5538461538461539,0.0,2.5,0.4732505045221502
5.906111478514707,-1.2479170278729659,1.5538461538461539,0.0,2.5,0.5466294214955864
5.906111478514707,-1.237917027872966,1.5538461538461539,0.0,2.5,0.5744996341925791
5.906111478514707,-1.2279170278729663,1.5538461538461539,0.0,2.5,0.5795338441991266
5.906111478514707,-1.2179170278729665,2.2883333333333336,0.0,2.5,0.6012700767996446
5.906111478514707,-1.2079170278729667,2.2148603289289306,0.0,2.5,0.5907865562868015
5.906111478514707,-1.197917027872967,1.5538461538461539,0.0,2.5,0.5864743461417998
5.906111478514707,-1.1879170278729672,1.5538461538461539,0.0,2.5,0.5823237704104358
5.916111478514707,-1.897917027872952,1.5538461538461539,0.0,2.5,0.5559954291963563
5.916111478514707,-1.8879170278729522,1.5538461538461539,0.0,2.5,0.5674355617594573
5.916111478514707,-1.8779170278729524,1.5538461538461539,0.0,2.5,0.5584285341102497
5.916111478514707,-1.8679170278729527,1.5538461538461539,0.0,2.5,0.547233320319306
5.916111478514707,-1.8579170278729529,1.5538461538461539,0.0,2.5,0.5317951577121556
5.916111478514707,-1.847917027872953,1.5538461538461539,0.0,2.5,0.5166123568801114
5.916111478514707,-1.8379170278729533,1.5538461538461539,0.0,2.5,0.4813770088805104
5.916111478514707,-1.8279170278729535,1.5538461538461539,0.0,2.5,0.47590867541983717
5.916111478514707,-1.8179170278729537,1.5538461538461539,0.0,2.5,0.48938403460318314
5.916111478514707,-1.807917027872954,1.5538461538461539,0.0,2.5,0.49842198062284676
5.916111478514707,-1.7979170278729542,1.5538461538461539,0.0,2.5,0.4662736005328273
5.916111478514707,-1.7879170278729544,1.5538461538461539,0.0,2.5,0.4786202469667995
5.916111478514707,-1.7779170278729546,1.5538461538461539,0.0,2.5,0.48992965938330835
5.916111478514707,-1.7679170278729548,1.5538461538461539,0.0,2.5,0.4762309055927483
5.916111478514707,-1.757917027872955,1.5538461538461539,0.0,2.5,0.4771444972654056
5.916111478514707,-1.7479170278729552,1.5538461538461539,0.0,2.5,0.4980646658142099
5.916111478514707,-1.7379170278729554,1.0839098011612847,0.0,2.5,0.48668658895672506
5.916111478514707,-1.7279170278729556,0.9440000000000001,0.0,2.5,0.4763362390772036
5.916111478514707,-1.7179170278729559,0.9440000000000001,0.0,2.5,0.4999308220271412
5.916111478514707,-1.707917027872956,0.9440000000000001,0.0,2.5,0.5119566948568802
5.916111478514707,-1.6979170278729563,1.5451572839177534,0.0,2.5,0.5102437511568831
5.916111478514707,-1.6879170278729565,1.5538461538461539,0.0,2.5,0.5348945895443145
5.916111478514707,-1.6779170278729567,1.5538461538461539,0.0,2.5,0.5473293761815669
5.916111478514707,-1.667917027872957,1.5538461538461539,0.0,2.5,0.5515631253957345
5.916111478514707,-1.6579170278729571,1.5538461538461539,0.0,2.5,0.5366493465411102
5.916111478514707,-1.6479170278729574,1.5538461538461539,0.0,2.5,0.5292381662015183
5.916111478514707,-1.6379170278729576,1.5538461538461539,0.0,2.5,0.5037108341279315
5.916111478514707,-1.6279170278729578,1.5538461538461539,0.0,2.5,0.5183150164500648
5.916111478514707,-1.617917027872958,1.5538461538461539,0.0,2.5,0.5159644264667086
5.916111478514707,-1.6079170278729582,1.5538461538461539,0.0,2.5,0.47301792296008577
5.916111478514707,-1.5979170278729584,1.5538461538461539,0.0,2.5,0.5132274774410573
5.916111478514707,-1.5879170278729586,1.5538461538461539,0.0,2.5,0.5135555675326962
5.916111478514707,-1.5779170278729588,1.5538461538461539,0.0,2.5,0.5255275461657517
5.916111478514707,-1.567917027872959,1.5538461538461539,0.0,2.5,0.548320890531071
5.916111478514707,-1.5579170278729593,1.5538461538461539,0.0,2.5,0.5915632614986496
5.916111478514707,-1.5479170278729595,1.5538461538461539,0.0,2.5,0.6091313264853403
5.916111478514707,-1.5379170278729597,1.5538461538461539,0.0,2.5,0.5996156902330566
5.916111478514707,-1.52791702787296,2.2267831159581197,0.0,2.5,0.613363082580778
5.916111478514707,-1.4079170278729625,2.2883333333333336,0.0,2.5,0.607899540691753
5.916111478514707,-1.3979170278729627,2.1876136942575775,0.0,2.5,0.5834770117931036
5.916111478514707,-1.387917027872963,2.2883333333333336,0.0,2.5,0.5930467368303105
5.916111478514707,-1.377917027872963,2.123709402210363,0.0,2.5,0.5754326027628034
5.916111478514707,-1.3679170278729633,1.5538461538461539,0.0,2.5,0.5248526637522443
5.916111478514707,-1.3579170278729635,1.5538461538461539,0.0,2.5,0.5023734097465258
5.916111478514707,-1.3479170278729637,1.5538461538461539,0.0,2.5,0.5193294758202658
5.916111478514707,-1.237917027872966,1.5538461538461539,0.0,2.5,0.5462257699613766
5.916111478514707,-1.2279170278729663,1.5538461538461539,0.0,2.5,0.5810948551101439
5.916111478514707,-1.2179170278729665,2.2883333333333336,0.0,2.5,0.6021722588935957
5.916111478514707,-1.2079170278729667,2.2883333333333336,0.0,2.5,0.6068520797791902
5.916111478514707,-1.197917027872967,2.248953727268286,0.0,2.5,0.6034509276080787
5.916111478514707,-1.1879170278729672,1.5538461538461539,0.0,2.5,0.5890715211236242
5.926111478514707,-1.9079170278729518,1.5538461538461539,0.0,2.5,0.5110839129358837
5.926111478514707,-1.897917027872952,1.5538461538461539,0.0,2.5,0.5388748416062908
5.926111478514707,-1.8879170278729522,1.5538461538461539,0.0,2.5,0.5433523302461536
5.926111478514707,-1.8779170278729524,1.5538461538461539,0.0,2.5,0.5638377063941996
5.926111478514707,-1.8679170278729527,1.5538461538461539,0.0,2.5,0.5584512757901308
5.926111478514707,-1.8579170278729529,1.5538461538461539,0.0,2.5,0.5424580995301943
5.926111478514707,-1.847917027872953,1.5538461538461539,0.0,2.5,0.5308788782484709
5.926111478514707,-1.8379170278729533,1.5538461538461539,0.0,2.5,0.5522646188230677
5.926111478514707,-1.8279170278729535,1.5538461538461539,0.0,2.5,0.5038195646632201
5.926111478514707,-1.8179170278729537,1.5538461538461539,0.0,2.5,0.4771074363132493
5.926111478514707,-1.807917027872954,1.5538461538461539,0.0,2.5,0.5021153863551845
5.926111478514707,-1.7979170278729542,1.5538461538461539,0.0,2.5,0.48868977244320067
5.926111478514707,-1.7879170278729544,1.5538461538461539,0.0,2.5,0.4851912394132097
5.926111478514707,-1.7779170278729546,1.5538461538461539,0.0,2.5,0.48692448437727864
5.926111478514707,-1.7679170278729548,1.5538461538461539,0.0,2.5,0.4810691212327274
5.926111478514707,-1.757917027872955,1.5538461538461539,0.0,2.5,0.49564370205280434
5.926111478514707,-1.7479170278729552,1.5538461538461539,0.0,2.5,0.4945797271818104
5.926111478514707,-1.7379170278729554,1.5538461538461539,0.0,2.5,0.5312899281580219
5.926111478514707,-1.7279170278729556,1.5538461538461539,0.0,2.5,0.5462339266027746
5.926111478514707,-1.7179170278729559,1.1334484868129653,0.0,2.5,0.5374443869107502
5.926111478514707,-1.707917027872956,1.5538461538461539,0.0,2.5,0.5461278777101504
5.926111478514707,-1.6979170278729563,1.5538461538461539,0.0,2.5,0.5637877035344327
5.926111478514707,-1.6879170278729565,1.5538461538461539,0.0,2.5,0.5392343084804876
5.926111478514707,-1.6379170278729576,1.5538461538461539,0.0,2.5,0.528876273103471
5.926111478514707,-1.5979170278729584,1.5538461538461539,0.0,2.5,0.5196974760934433
5.926111478514707,-1.5879170278729586,1.5538461538461539,0.0,2.5,0.5358253479208936
5.926111478514707,-1.5479170278729595,1.5538461538461539,0.0,2.5,0.6057381262848955
5.926111478514707,-1.5379170278729597,1.5538461538461539,0.0,2.5,0.6115183796631125
5.926111478514707,-1.52791702787296,2.2883333333333336,0.0,2.5,0.6286762956996569
5.926111478514707,-1.3679170278729633,1.5538461538461539,0.0,2.5,0.5347624893607827
5.926111478514707,-1.3579170278729635,1.5538461538461539,0.0,2.5,0.5325330923412656
5.926111478514707,-1.237917027872966,1.5538461538461539,0.0,2.5,0.5098163700762155
5.926111478514707,-1.2279170278729663,1.5538461538461539,0.0,2.5,0.5640206269251051
5.926111478514707,-1.2179170278729665,2.185854790973681,0.0,2.5,0.5885114862945635
5.926111478514707,-1.2079170278729667,2.2883333333333336,0.0,2.5,0.6043265930198842
5.926111478514707,-1.197917027872967,2.167879492144357,0.0,2.5,0.59268856979851
5.936111478514706,-1.9079170278729518,1.5538461538461539,0.0,2.5,0.4929757544556001
5.936111478514706,-1.897917027872952,1.5538461538461539,0.0,2.5,0.529708338443248
5.936111478514706,-1.8879170278729522,1.5538461538461539,0.0,2.5,0.5171008390790608
5.936111478514706,-1.8779170278729524,1.5538461538461539,0.0,2.5,0.5404504921334004
5.936111478514706,-1.8679170278729527,1.5538461538461539,0.0,2.5,0.5471857701108973
5.936111478514706,-1.8579170278729529,1.5538461538461539,0.0,2.5,0.5489029593338373
5.936111478514706,-1.847917027872953,1.5538461538461539,0.0,2.5,0.5512048344020819
5.936111478514706,-1.8379170278729533,1.5538461538461539,0.0,2.5,0.5699918954903974
5.936111478514706,-1.8279170278729535,1.5538461538461539,0.0,2.5,0.5660794715149736
5.936111478514706,-1.8179170278729537,1.5538461538461539,0.0,2.5,0.5249695317317651
5.936111478514706,-1.807917027872954,1.5538461538461539,0.0,2.5,0.47441470699594296
5.936111478514706,-1.7979170278729542,1.5538461538461539,0.0,2.5,0.5066095869250437
5.936111478514706,-1.7879170278729544,1.5538461538461539,0.0,2.5,0.5057213417871504
5.936111478514706,-1.7779170278729546,1.5538461538461539,0.0,2.5,0.49345391111791315
5.936111478514706,-1.7679170278729548,1.5538461538461539,0.0,2.5,0.5137408739071035
5.936111478514706,-1.757917027872955,1.5538461538461539,0.0,2.5,0.49228269716696277
5.936111478514706,-1.7479170278729552,1.5538461538461539,0.0,2.5,0.573821437445648
5.936111478514706,-1.7379170278729554,1.5538461538461539,0.0,2.5,0.6062428191640138
5.936111478514706,-1.7279170278729556,1.5538461538461539,0.0,2.5,0.5923797634548885
5.936111478514706,-1.7179170278729559,1.5538461538461539,0.0,2.5,0.5498986752905052
5.936111478514706,-1.5379170278729597,1.5538461538461539,0.0,2.5,0.6072770899980522
5.936111478514706,-1.2179170278729665,1.5538461538461539,0.0,2.5,0.5560341714507772
5.936111478514706,-1.2079170278729667,1.5538461538461539,0.0,2.5,0.5656552252593231
5.946111478514706,-1.9179170278729516,1.5538461538461539,0.0,2.5,0.5041755204779503
5.946111478514706,-1.9079170278729518,1.5538461538461539,0.0,2.5,0.5069301164318329
5.946111478514706,-1.897917027872952,1.5538461538461539,0.0,2.5,0.48820203153288894
5.946111478514706,-1.8879170278729522,1.5538461538461539,0.0,2.5,0.5335084874677372
5.946111478514706,-1.8779170278729524,1.5538461538461539,0.0,2.5,0.4910500437799803
5.946111478514706,-1.8679170278729527,1.5538461538461539,0.0,2.5,0.5211014065538816
5.946111478514706,-1.8579170278729529,1.5538461538461539,0.0,2.5,0.5582302949841456
5.946111478514706,-1.847917027872953,1.5538461538461539,0.0,2.5,0.5664904183016619
5.946111478514706,-1.8379170278729533,1.5538461538461539,0.0,2.5,0.5688799737880227
5.946111478514706,-1.8279170278729535,1.5538461538461539,0.0,2.5,0.5908344622347514
5.946111478514706,-1.8179170278729537,1.5538461538461539,0.0,2.5,0.5642257116632916
5.946111478514706,-1.807917027872954,1.5538461538461539,0.0,2.5,0.5135586430149798
5.946111478514706,-1.7979170278729542,1.5538461538461539,0.0,2.5,0.4885414891270465
5.946111478514706,-1.7879170278729544,1.5538461538461539,0.0,2.5,0.5205807073166425
5.946111478514706,-1.7779170278729546,1.5538461538461539,0.0,2.5,0.5080632580257933
5.946111478514706,-1.7679170278729548,1.5538461538461539,0.0,2.5,0.49395087153778
5.946111478514706,-1.757917027872955,1.5538461538461539,0.0,2.5,0.6211611246252069
5.946111478514706,-1.7479170278729552,1.5538461538461539,0.0,2.5,0.6169183072659513
5.946111478514706,-1.7379170278729554,1.5538461538461539,0.0,2.5,0.5911805552035364
5.946111478514706,-1.7279170278729556,1.5538461538461539,0.0,2.5,0.5786536385766248
5.946111478514706,-1.7179170278729559,1.5538461538461539,0.0,2.5,0.5537601067501666
5.956111478514706,-1.9179170278729516,1.5538461538461539,0.0,2.5,0.49345309292737094
5.956111478514706,-1.9079170278729518,1.5538461538461539,0.0,2.5,0.48650031776853286
5.956111478514706,-1.897917027872952,1.5538461538461539,0.0,2.5,0.5170978718114462
5.956111478514706,-1.8879170278729522,1.5538461538461539,0.0,2.5,0.4877315073619703
5.956111478514706,-1.8779170278729524,1.5538461538461539,0.0,2.5,0.5223824909595326
5.956111478514706,-1.8679170278729527,1.5538461538461539,0.0,2.5,0.4890019138583432
5.956111478514706,-1.8579170278729529,1.5538461538461539,0.0,2.5,0.5447993326241648
5.956111478514706,-1.847917027872953,1.5538461538461539,0.0,2.5,0.5735260736236906
5.956111478514706,-1.8379170278729533,1.5538461538461539,0.0,2.5,0.5767405946046802
5.956111478514706,-1.8279170278729535,1.5538461538461539,0.0,2.5,0.5997240516728966
5.956111478514706,-1.8179170278729537,1.5538461538461539,0.0,2.5,0.5671665634142862
5.956111478514706,-1.807917027872954,1.5538461538461539,0.0,2.5,0.5570760955718452
5.956111478514706,-1.7979170278729542,1.5538461538461539,0.0,2.5,0.5533188077607003
5.956111478514706,-1.7879170278729544,1.5538461538461539,0.0,2.5,0.57271308923274
5.956111478514706,-1.7779170278729546,2.2883333333333336,0.0,2.5,0.6105982099368218
5.956111478514706,-1.7679170278729548,1.5538461538461539,0.0,2.5,0.6371592722644349
5.956111478514706,-1.757917027872955,0.9440000000000001,0.0,2.5,0.6280831130954941
5.956111478514706,-1.7479170278729552,0.9440000000000001,0.0,2.5,0.637087940190464
5.956111478514706,-1.7379170278729554,1.5538461538461539,0.0,2.5,0.6153348901088843
5.956111478514706,-1.7279170278729556,1.5538461538461539,0.0,2.5,0.5680885787765987
5.966111478514706,-1.9279170278729514,1.5538461538461539,0.0,2.5,0.5097391832873266
5.966111478514706,-1.9179170278729516,1.5538461538461539,0.0,2.5,0.4699495083057813
5.966111478514706,-1.9079170278729518,1.5538461538461539,0.0,2.5,0.4669373714379635
5.966111478514706,-1.897917027872952,1.5538461538461539,0.0,2.5,0.5066976458670601
5.966111478514706,-1.8879170278729522,1.5538461538461539,0.0,2.5,0.5121182472286252
5.966111478514706,-1.8779170278729524,1.5538461538461539,0.0,2.5,0.4772098034099625
5.966111478514706,-1.8679170278729527,1.5538461538461539,0.0,2.5,0.5152133006863014
5.966111478514706,-1.8579170278729529,1.5538461538461539,0.0,2.5,0.5217274695900317
5.966111478514706,-1.847917027872953,1.5538461538461539,0.0,2.5,0.5595481249653944
5.966111478514706,-1.8379170278729533,1.5538461538461539,0.0,2.5,0.5876289427144252
5.966111478514706,-1.8279170278729535,1.5538461538461539,0.0,2.5,0.5925236852583845
5.966111478514706,-1.8179170278729537,1.5538461538461539,0.0,2.5,0.5785178892784033
5.966111478514706,-1.807917027872954,1.5538461538461539,0.0,2.5,0.5722304082593728
5.966111478514706,-1.7979170278729542,1.5538461538461539,0.0,2.5,0.568641994991162
5.966111478514706,-1.7879170278729544,1.5538461538461539,0.0,2.5,0.5624161023990442
5.966111478514706,-1.7779170278729546,1.5538461538461539,0.0,2.5,0.5818855620688331
5.966111478514706,-1.7679170278729548,1.5538461538461539,0.0,2.5,0.6081027180719295
5.966111478514706,-1.7479170278729552,0.9440000000000001,0.0,2.5,0.5859846399101443
5.966111478514706,-1.7379170278729554,1.5538461538461539,0.0,2.5,0.5977954337697812
5.976111478514706,-1.9279170278729514,1.5538461538461539,0.0,2.5,0.4895268172751549
5.976111478514706,-1.9179170278729516,1.5538461538461539,0.0,2.5,0.4854328016434388
5.976111478514706,-1.9079170278729518,1.5538461538461539,0.0,2.5,0.4629004309729602
5.976111478514706,-1.897917027872952,1.5538461538461539,0.0,2.5,0.473978114346866
5.976111478514706,-1.8879170278729522,1.5538461538461539,0.0,2.5,0.48095915865927064
5.976111478514706,-1.8779170278729524,1.5538461538461539,0.0,2.5,0.4971087005467384
5.976111478514706,-1.8679170278729527,1.5538461538461539,0.0,2.5,0.5041828274048402
5.976111478514706,-1.8579170278729529,1.5538461538461539,0.0,2.5,0.5471764778013487
5.976111478514706,-1.847917027872953,1.5538461538461539,0.0,2.5,0.5122432341938535
5.976111478514706,-1.8379170278729533,1.5538461538461539,0.0,2.5,0.5458897325749387
5.976111478514706,-1.8279170278729535,1.5538461538461539,0.0,2.5,0.5546733910530552
5.976111478514706,-1.8179170278729537,1.5538461538461539,0.0,2.5,0.5353435063728207
5.976111478514706,-1.807917027872954,1.5538461538461539,0.0,2.5,0.5387768094609479
5.976111478514706,-1.7979170278729542,1.5538461538461539,0.0,2.5,0.5558987911666537
5.976111478514706,-1.7879170278729544,1.5538461538461539,0.0,2.5,0.5592705786292314
5.976111478514706,-1.7779170278729546,1.5538461538461539,0.0,2.5,0.5484291142397062
5.986111478514705,-1.9379170278729512,1.5538461538461539,0.0,2.5,0.5332214892586946
5.986111478514705,-1.9279170278729514,1.5538461538461539,0.0,2.5,0.5160981816995229
5.986111478514705,-1.9179170278729516,1.5538461538461539,0.0,2.5,0.4915511416469508
5.986111478514705,-1.9079170278729518,1.5538461538461539,0.0,2.5,0.4743184505725205
5.986111478514705,-1.897917027872952,1.5538461538461539,0.0,2.5,0.4459357115986328
5.986111478514705,-1.8879170278729522,1.5538461538461539,0.0,2.5,0.4509933514779861
5.986111478514705,-1.8779170278729524,1.5538461538461539,0.0,2.5,0.463491960052752
5.986111478514705,-1.8679170278729527,1.5538461538461539,0.0,2.5,0.47307599083827206
5.986111478514705,-1.8579170278729529,1.5538461538461539,0.0,2.5,0.4747884040603727
5.986111478514705,-1.847917027872953,1.5538461538461539,0.0,2.5,0.5087904536295454
5.986111478514705,-1.8379170278729533,1.5538461538461539,0.0,2.5,0.5318949427065068
5.986111478514705,-1.8279170278729535,1.5538461538461539,0.0,2.5,0.5426486994682805
5.986111478514705,-1.8179170278729537,1.5538461538461539,0.0,2.5,0.5324261649026817
5.986111478514705,-1.807917027872954,1.5538461538461539,0.0,2.5,0.5183419783872958
5.986111478514705,-1.7979170278729542,1.5538461538461539,0.0,2.5,0.5212641565026285
5.996111478514705,-1.947917027872951,1.5538461538461539,0.0,2.5,0.5160792337680382
5.996111478514705,-1.9379170278729512,1.5538461538461539,0.0,2.5,0.5522902263966653
5.996111478514705,-1.9279170278729514,1.5538461538461539,0.0,2.5,0.5244608408011013
5.996111478514705,-1.9179170278729516,1.5538461538461539,0.0,2.5,0.4638530979942694
5.996111478514705,-1.9079170278729518,1.5538461538461539,0.0,2.5,0.44631488448916995
5.996111478514705,-1.897917027872952,1.5538461538461539,0.0,2.5,0.44734501026257295
5.996111478514705,-1.8879170278729522,1.5538461538461539,0.0,2.5,0.45883752279765627
5.996111478514705,-1.8779170278729524,1.5538461538461539,0.0,2.5,0.4677695959697115
5.996111478514705,-1.8679170278729527,1.5538461538461539,0.0,2.5,0.5010057784247629
5.996111478514705,-1.8579170278729529,1.5538461538461539,0.0,2.5,0.5031220469834391
5.996111478514705,-1.847917027872953,1.5538461538461539,0.0,2.5,0.5014773438399766
5.996111478514705,-1.8379170278729533,1.5538461538461539,0.0,2.5,0.540222023710077
5.996111478514705,-1.8279170278729535,1.5538461538461539,0.0,2.5,0.5866412769367886
5.996111478514705,-1.8179170278729537,1.5538461538461539,0.0,2.5,0.6202355967445703
5.996111478514705,-1.807917027872954,1.5538461538461539,0.0,2.5,0.6099336672775356
5.996111478514705,-1.7979170278729542,1.5538461538461539,0.0,2.5,0.5788946367502484
6.006111478514705,-1.9579170278729507,1.5538461538461539,0.0,2.5,0.5139572111778054
6.006111478514705,-1.947917027872951,1.5538461538461539,0.0,2.5,0.48980655922409455
6.006111478514705,-1.9379170278729512,1.5538461538461539,0.0,2.5,0.5175516163808351
6.006111478514705,-1.9279170278729514,1.5538461538461539,0.0,2.5,0.5296716865639771
6.006111478514705,-1.9179170278729516,1.5538461538461539,0.0,2.5,0.5264681083738768
6.006111478514705,-1.9079170278729518,2.2883333333333336,0.0,2.5,0.590455995816069
6.006111478514705,-1.897917027872952,2.2883333333333336,0.0,2.5,0.6155572755621551
6.006111478514705,-1.8879170278729522,2.2883333333333336,0.0,2.5,0.6195206069692284
6.006111478514705,-1.8779170278729524,2.2883333333333336,0.0,2.5,0.6052702019888865
6.006111478514705,-1.8679170278729527,2.2883333333333336,0.0,2.5,0.615289360141737
6.006111478514705,-1.8579170278729529,2.2883333333333336,0.0,2.5,0.6261576671033189
6.006111478514705,-1.847917027872953,2.2883333333333336,0.0,2.5,0.6300388493331969
6.006111478514705,-1.8379170278729533,2.2226353357442528,0.0,2.5,0.6275437687444018
6.006111478514705,-1.8279170278729535,1.5538461538461539,0.0,2.5,0.6223632716489548
6.006111478514705,-1.8179170278729537,1.5538461538461539,0.0,2.5,0.6154135435569326
6.016111478514705,-1.98791702787295,2.5,0.0,2.5,0.4857857259067181
6.016111478514705,-1.9779170278729503,2.5,0.0,2.5,0.5753459800801743
6.016111478514705,-1.9679170278729505,2.2883333333333336,0.0,2.5,0.5340653950910532
6.016111478514705,-1.9579170278729507,2.2883333333333336,0.0,2.5,0.5522829580198888
6.016111478514705,-1.947917027872951,2.190779785316929,0.0,2.5,0.554685379084684
6.016111478514705,-1.9379170278729512,1.5538461538461539,0.0,2.5,0.5399415083723785
6.016111478514705,-1.9279170278729514,1.5538461538461539,0.0,2.5,0.5647394086556591
6.016111478514705,-1.8879170278729522,1.5538461538461539,0.0,2.5,0.5297574040301715
6.016111478514705,-1.8779170278729524,1.5538461538461539,0.0,2.5,0.5078740938757825
6.016111478514705,-1.847917027872953,1.5538461538461539,0.0,2.5,0.5052365811137443
6.016111478514705,-1.8379170278729533,1.5538461538461539,0.0,2.5,0.5042671933586421
6.016111478514705,-1.8279170278729535,1.5538461538461539,0.0,2.5,0.5032839799293856
6.016111478514705,-1.8179170278729537,1.5538461538461539,0.0,2.5,0.5367620838165366
6.0261114785147045,-1.99791702787295,2.5,0.0,2.5,0.5858491894195417
6.0261114785147045,-1.98791702787295,2.5,0.0,2.5,0.5772327536599309
6.0261114785147045,-1.9779170278729503,2.5,0.0,2.5,0.5824516044324048
6.0261114785147045,-1.9679170278729505,2.2883333333333336,0.0,2.5,0.5848161914574898
6.0261114785147045,-1.9579170278729507,2.2883333333333336,0.0,2.5,0.5798438615114004
6.0261114785147045,-1.947917027872951,1.5538461538461539,0.0,2.5,0.5077397018588613
6.0261114785147045,-1.9379170278729512,1.5538461538461539,0.0,2.5,0.5071906406383725
6.0261114785147045,-1.9279170278729514,1.5538461538461539,0.0,2.5,0.5069032477804107
6.0261114785147045,-1.8879170278729522,1.5538461538461539,0.0,2.5,0.5042671933586421
6.0261114785147045,-1.8779170278729524,1.5538461538461539,0.0,2.5,0.5042671933586421
6.0261114785147045,-1.847917027872953,1.5538461538461539,0.0,2.5,0.5042671933586421
6.0261114785147045,-1.8379170278729533,1.5538461538461539,0.0,2.5,0.5042671933586421
6.0261114785147045,-1.8279170278729535,1.5538461538461539,0.0,2.5,0.5051193979675686
6.0261114785147045,-1.8179170278729537,1.5538461538461539,0.0,2.5,0.5299064383756997
6.0261114785147045,-1.807917027872954,1.5538461538461539,0.0,2.5,0.5380000686067736
6.036111478514704,-2.0179170278729495,2.2883333333333336,0.0,2.5,0.5789797326335261
6.036111478514704,-2.0079170278729497,2.2883333333333336,0.0,2.5,0.579597340685016
6.036111478514704,-1.99791702787295,2.5,0.0,2.5,0.5824516044324048
6.036111478514704,-1.98791702787295,2.5,0.0,2.5,0.5824516044324048
6.036111478514704,-1.9779170278729503,2.5,0.0,2.5,0.5791182710990714
6.036111478514704,-1.9679170278729505,2.2883333333333336,0.0,2.5,0.5767543255208402
6.036111478514704,-1.9579170278729507,2.2883333333333336,0.0,2.5,0.5856388790365876
6.036111478514704,-1.947917027872951,2.2883333333333336,0.0,2.5,0.5917116781444695
6.036111478514704,-1.9379170278729512,1.5538461538461539,0.0,2.5,0.5005816667850191
6.046111478514704,-2.037917027872949,2.2883333333333336,0.0,2.5,0.5917116781444695
6.046111478514704,-2.0279170278729493,2.2883333333333336,0.0,2.5,0.5856388790365876
6.046111478514704,-2.0179170278729495,2.2883333333333336,0.0,2.5,0.5767543255208402
6.046111478514704,-2.0079170278729497,2.2883333333333336,0.0,2.5,0.5791182710990714
6.046111478514704,-1.99791702787295,2.5,0.0,2.5,0.5824516044324048
6.046111478514704,-1.98791702787295,2.5,0.0,2.5,0.5824516044324048
6.046111478514704,-1.9779170278729503,2.5,0.0,2.5,0.5824516044324048
6.046111478514704,-1.9679170278729505,2.2883333333333336,0.0,2.5,0.5824516044324048
6.046111478514704,-1.9579170278729507,2.2883333333333336,0.0,2.5,0.5824516044324048
6.046111478514704,-1.947917027872951,2.2883333333333336,0.0,2.5,0.5824516044324048
6.056111478514704,-2.047917027872949,2.2732006606214794,0.0,2.5,0.5824516044324048
6.056111478514704,-2.037917027872949,2.2883333333333336,0.0,2.5,0.5824516044324048
6.056111478514704,-2.0279170278729493,2.2883333333333336,0.0,2.5,0.5824516044324048
6.056111478514704,-2.0179170278729495,2.2883333333333336,0.0,2.5,0.5824516044324048
6.056111478514704,-2.0079170278729497,2.2883333333333336,0.0,2.5,0.5824516044324048
6.056111478514704,-1.99791702787295,2.5,0.0,2.5,0.5824516044324048
6.056111478514704,-1.98791702787295,2.5,0.0,2.5,0.5824516044324048
6.056111478514704,-1.9779170278729503,2.5,0.0,2.5,0.5824516044324048
6.066111478514704,-2.0579170278729486,2.2539062265520347,0.0,2.5,0.5824516044324048
6.066111478514704,-2.047917027872949,2.273190821182443,0.0,2.5,0.5824516044324048
6.066111478514704,-2.037917027872949,2.2883333333333336,0.0,2.5,0.5824516044324048
6.066111478514704,-2.0279170278729493,2.2883333333333336,0.0,2.5,0.5824516044324048
6.066111478514704,-2.0179170278729495,2.2883333333333336,0.0,2.5,0.5824516044324048
6.066111478514704,-2.0079170278729497,2.2883333333333336,0.0,2.5,0.5791182710990714
6.066111478514704,-1.99791702787295,2.5,0.0,2.5,0.5800876588541735
6.066111478514704,-1.98791702787295,2.5,0.0,2.5,0.5904049387817487
6.066111478514704,-1.9779170278729503,2.5,0.0,2.5,0.5986556294613916
6.0761114785147035,-2.0679170278729484,1.5538461538461539,0.0,2.5,0.4997686296577505
6.0761114785147035,-2.0579170278729486,2.2883333333333336,0.0,2.5,0.5986556294613916
6.0761114785147035,-2.047917027872949,2.2883333333333336,0.0,2.5,0.5904049387817487
6.0761114785147035,-2.037917027872949,2.2883333333333336,0.0,2.5,0.5800876588541735
6.0761114785147035,-2.0279170278729493,2.2883333333333336,0.0,2.5,0.5791182710990714
6.0761114785147035,-2.0179170278729495,2.2883333333333336,0.0,2.5,0.5824516044324048
6.0761114785147035,-2.0079170278729497,2.2883333333333336,0.0,2.5,0.5791182710990714
6.0761114785147035,-1.99791702787295,2.5,0.0,2.5,0.5800876588541735
6.0761114785147035,-1.98791702787295,2.5,0.0,2.5,0.5887382721150821
6.0761114785147035,-1.9779170278729503,2.5,0.0,2.5,0.6005967964066443
6.086111478514703,-2.077917027872948,1.5538461538461539,0.0,2.5,0.5274832090250502
6.086111478514703,-2.0679170278729484,1.5538461538461539,0.0,2.5,0.5274832090250502
6.086111478514703,-2.0579170278729486,2.2883333333333336,0.0,2.5,0.6005967964066443
6.086111478514703,-2.047917027872949,2.2883333333333336,0.0,2.5,0.5887382721150821
6.086111478514703,-2.037917027872949,2.2883333333333336,0.0,2.5,0.5800876588541735
6.086111478514703,-2.0279170278729493,2.2883333333333336,0.0,2.5,0.5791182710990714
6.086111478514703,-2.0179170278729495,2.2883333333333336,0.0,2.5,0.5791182710990714
6.086111478514703,-2.0079170278729497,2.2883333333333336,0.0,2.5,0.5800876588541735
6.086111478514703,-1.99791702787295,2.5,0.0,2.5,0.5887382721150821
6.086111478514703,-1.98791702787295,2.5,0.0,2.5,0.6005967964066443
6.096111478514703,-2.0979170278729478,1.5538461538461539,0.0,2.5,0.5460979780710813
6.096111478514703,-2.087917027872948,1.5538461538461539,0.0,2.5,0.5622522735330584
6.096111478514703,-2.077917027872948,1.5538461538461539,0.0,2.5,0.5622522735330584
6.096111478514703,-2.0679170278729484,1.5538461538461539,0.0,2.5,0.5460979780710813
6.096111478514703,-2.0579170278729486,2.2883333333333336,0.0,2.5,0.6005967964066443
6.096111478514703,-2.047917027872949,2.2883333333333336,0.0,2.5,0.5887382721150821
6.096111478514703,-2.037917027872949,2.2883333333333336,0.0,2.5,0.5800876588541735
6.096111478514703,-2.0279170278729493,2.2883333333333336,0.0,2.5,0.5791182710990714
6.096111478514703,-2.0179170278729495,2.2883333333333336,0.0,2.5,0.5791182710990714
6.096111478514703,-2.0079170278729497,2.2883333333333336,0.0,2.5,0.5800876588541735
6.096111478514703,-1.99791702787295,2.5,0.0,2.5,0.5887382721150821
6.096111478514703,-1.98791702787295,2.5,0.0,2.5,0.6005967964066443
6.106111478514703,-2.137917027872947,1.5538461538461539,0.0,2.5,0.5460979780710813
6.106111478514703,-2.127917027872947,1.5538461538461539,0.0,2.5,0.5622522735330584
6.106111478514703,-2.1179170278729473,1.5538461538461539,0.0,2.5,0.567667651160778
6.106111478514703,-2.1079170278729475,1.5538461538461539,0.0,2.5,0.567667651160778
6.106111478514703,-2.0979170278729478,1.5538461538461539,0.0,2.5,0.567667651160778
6.106111478514703,-2.087917027872948,1.5538461538461539,0.0,2.5,0.567667651160778
6.106111478514703,-2.077917027872948,1.5538461538461539,0.0,2.5,0.5622522735330584
6.106111478514703,-2.0679170278729484,1.5538461538461539,0.0,2.5,0.5460979780710813
6.106111478514703,-2.0579170278729486,2.2883333333333336,0.0,2.5,0.6005967964066443
6.106111478514703,-2.047917027872949,2.2883333333333336,0.0,2.5,0.5887382721150821
6.106111478514703,-2.037917027872949,2.2883333333333336,0.0,2.5,0.5800876588541735
6.106111478514703,-2.0279170278729493,2.2883333333333336,0.0,2.5,0.5791182710990714
6.106111478514703,-2.0179170278729495,2.2883333333333336,0.0,2.5,0.5791182710990714
6.106111478514703,-2.0079170278729497,2.2883333333333336,0.0,2.5,0.5800876588541735
6.106111478514703,-1.99791702787295,2.5,0.0,2.5,0.5887382721150821
6.106111478514703,-1.98791702787295,2.5,0.0,2.5,0.6005967964066443
6.116111478514703,-2.1479170278729467,1.5538461538461539,0.0,2.5,0.5460979780710813
6.116111478514703,-2.137917027872947,1.5538461538461539,0.0,2.5,0.5622522735330584
6.116111478514703,-2.127917027872947,1.5538461538461539,0.0,2.5,0.567667651160778
6.116111478514703,-2.1179170278729473,1.5538461538461539,0.0,2.5,0.567667651160778
6.116111478514703,-2.1079170278729475,1.5538461538461539,0.0,2.5,0.567667651160778
6.116111478514703,-2.0979170278729478,1.5538461538461539,0.0,2.5,0.567667651160778
6.116111478514703,-2.087917027872948,1.5538461538461539,0.0,2.5,0.5622522735330584
6.116111478514703,-2.077917027872948,1.5538461538461539,0.0,2.5,0.5460979780710813
6.116111478514703,-2.0679170278729484,2.2883333333333336,0.0,2.5,0.6005967964066443
6.116111478514703,-2.0579170278729486,2.2883333333333336,0.0,2.5,0.5887382721150821
6.116111478514703,-2.047917027872949,2.252488809735197,0.0,2.5,0.5800876588541735
6.116111478514703,-2.037917027872949,2.2883333333333336,0.0,2.5,0.5791182710990714
6.116111478514703,-2.0279170278729493,2.2883333333333336,0.0,2.5,0.5800876588541735
6.116111478514703,-2.0179170278729495,2.2883333333333336,0.0,2.5,0.5887382721150821
6.116111478514703,-1.98791702787295,2.5,0.0,2.5,0.6005967964066443
6.126111478514702,-2.1479170278729467,1.5538461538461539,0.0,2.5,0.5460979780710813
6.126111478514702,-2.137917027872947,1.5538461538461539,0.0,2.5,0.5622522735330584
6.126111478514702,-2.127917027872947,1.5538461538461539,0.0,2.5,0.567667651160778
6.126111478514702,-2.1179170278729473,1.5538461538461539,0.0,2.5,0.567667651160778
6.126111478514702,-2.1079170278729475,1.5538461538461539,0.0,2.5,0.567667651160778
6.126111478514702,-2.0979170278729478,1.5538461538461539,0.0,2.5,0.567667651160778
6.126111478514702,-2.087917027872948,1.5538461538461539,0.0,2.5,0.5622522735330584
6.126111478514702,-2.077917027872948,1.5538461538461539,0.0,2.5,0.5460979780710813
6.126111478514702,-2.0679170278729484,2.2883333333333336,0.0,2.5,0.6005967964066443
6.126111478514702,-2.0579170278729486,2.2883333333333336,0.0,2.5,0.5887382721150821
6.126111478514702,-2.047917027872949,2.2442961354731343,0.0,2.5,0.5791182710990714
6.126111478514702,-2.037917027872949,2.2883333333333336,0.0,2.5,0.5887382721150821
6.126111478514702,-2.0279170278729493,2.2883333333333336,0.0,2.5,0.6005967964066443
6.136111478514702,-2.1579170278729465,1.5538461538461539,0.0,2.5,0.5460979780710813
6.136111478514702,-2.1479170278729467,1.5538461538461539,0.0,2.5,0.5622522735330584
6.136111478514702,-2.137917027872947,1.5538461538461539,0.0,2.5,0.567667651160778
6.136111478514702,-2.127917027872947,1.5538461538461539,0.0,2.5,0.567667651160778
6.136111478514702,-2.1179170278729473,1.5538461538461539,0.0,2.5,0.567667651160778
6.136111478514702,-2.1079170278729475,1.5538461538461539,0.0,2.5,0.567667651160778
6.136111478514702,-2.0979170278729478,1.5538461538461539,0.0,2.5,0.567667651160778
6.136111478514702,-2.087917027872948,1.5538461538461539,0.0,2.5,0.5622522735330584
6.136111478514702,-2.077917027872948,1.5538461538461539,0.0,2.5,0.5460979780710813
6.136111478514702,-2.0679170278729484,2.2883333333333336,0.0,2.5,0.6005967964066443
6.136111478514702,-2.0579170278729486,2.2883333333333336,0.0,2.5,0.5887382721150821
6.136111478514702,-2.047917027872949,2.2442961354731,0.0,2.5,0.5791182710990714
6.136111478514702,-2.037917027872949,2.2883333333333336,0.0,2.5,0.5887382721150821
6.136111478514702,-2.0279170278729493,2.2883333333333336,0.0,2.5,0.6005967964066443
6.146111478514702,-2.1579170278729465,1.5538461538461539,0.0,2.5,0.5460979780710813
6.146111478514702,-2.1479170278729467,1.5538461538461539,0.0,2.5,0.5622522735330584
6.146111478514702,-2.137917027872947,1.5538461538461539,0.0,2.5,0.567667651160778
6.146111478514702,-2.127917027872947,1.5538461538461539,0.0,2.5,0.567667651160778
6.146111478514702,-2.1179170278729473,1.5538461538461539,0.0,2.5,0.567667651160778
6.146111478514702,-2.1079170278729475,1.5538461538461539,0.0,2.5,0.567667651160778
6.146111478514702,-2.0979170278729478,1.5538461538461539,0.0,2.5,0.567667651160778
6.146111478514702,-2.087917027872948,1.5538461538461539,0.0,2.5,0.5622522735330584
6.146111478514702,-2.077917027872948,1.5538461538461539,0.0,2.5,0.5460979780710813
6.146111478514702,-2.0679170278729484,2.2883333333333336,0.0,2.5,0.6005967964066443
6.146111478514702,-2.0579170278729486,2.2883333333333336,0.0,2.5,0.5887382721150821
6.146111478514702,-2.047917027872949,2.2442961354730633,0.0,2.5,0.5791182710990714
6.146111478514702,-2.037917027872949,2.2883333333333336,0.0,2.5,0.5887382721150821
6.146111478514702,-2.0279170278729493,2.2883333333333336,0.0,2.5,0.6005967964066443
6.156111478514702,-2.1579170278729465,1.5538461538461539,0.0,2.5,0.5460979780710813
6.156111478514702,-2.1479170278729467,1.5538461538461539,0.0,2.5,0.5622522735330584
6.156111478514702,-2.137917027872947,1.5538461538461539,0.0,2.5,0.567667651160778
6.156111478514702,-2.127917027872947,1.5538461538461539,0.0,2.5,0.567667651160778
6.156111478514702,-2.1179170278729473,1.5538461538461539,0.0,2.5,0.567667651160778
6.156111478514702,-2.1079170278729475,1.5538461538461539,0.0,2.5,0.567667651160778
6.156111478514702,-2.0979170278729478,1.5538461538461539,0.0,2.5,0.567667651160778
6.156111478514702,-2.087917027872948,1.5538461538461539,0.0,2.5,0.5622522735330584
6.156111478514702,-2.077917027872948,1.5538461538461539,0.0,2.5,0.5460979780710813
6.156111478514702,-2.0679170278729484,2.2883333333333336,0.0,2.5,0.6005967964066443
6.156111478514702,-2.0579170278729486,2.2883333333333336,0.0,2.5,0.5887382721150821
6.156111478514702,-2.047917027872949,2.2443316688223147,0.0,2.5,0.5791182710990714
6.156111478514702,-2.037917027872949,2.2883333333333336,0.0,2.5,0.5887382721150821
6.156111478514702,-2.0279170278729493,2.2883333333333336,0.0,2.5,0.6005967964066443
6.1661114785147015,-2.1579170278729465,1.5538461538461539,0.0,2.5,0.5460979780710813
6.1661114785147015,-2.1479170278729467,1.5538461538461539,0.0,2.5,0.5622522735330584
6.1661114785147015,-2.137917027872947,1.5538461538461539,0.0,2.5,0.567667651160778
6.1661114785147015,-2.127917027872947,1.5538461538461539,0.0,2.5,0.567667651160778
6.1661114785147015,-2.1179170278729473,1.5538461538461539,0.0,2.5,0.567667651160778
6.1661114785147015,-2.1079170278729475,1.5538461538461539,0.0,2.5,0.567667651160778
6.1661114785147015,-2.0979170278729478,1.5538461538461539,0.0,2.5,0.5622522735330584
6.1661114785147015,-2.087917027872948,1.5538461538461539,0.0,2.5,0.5460979780710813
6.1661114785147015,-2.077917027872948,2.2883333333333336,0.0,2.5,0.6005967964066443
6.1661114785147015,-2.0679170278729484,2.2883333333333336,0.0,2.5,0.5887382721150821
6.1661114785147015,-2.0579170278729486,2.2338770127199266,0.0,2.5,0.5800876588541735
6.1661114785147015,-2.047917027872949,2.2528022726195007,0.0,2.5,0.5800876588541735
6.1661114785147015,-2.037917027872949,2.2883333333333336,0.0,2.5,0.5887382721150821
6.1661114785147015,-2.0279170278729493,2.2883333333333336,0.0,2.5,0.6005967964066443
6.176111478514701,-2.1579170278729465,1.5538461538461539,0.0,2.5,0.5460979780710813
6.176111478514701,-2.1479170278729467,1.5538461538461539,0.0,2.5,0.5622522735330584
6.176111478514701,-2.137917027872947,1.5538461538461539,0.0,2.5,0.567667651160778
6.176111478514701,-2.127917027872947,1.5538461538461539,0.0,2.5,0.567667651160778
6.176111478514701,-2.1179170278729473,1.5538461538461539,0.0,2.5,0.567667651160778
6.176111478514701,-2.1079170278729475,1.5538461538461539,0.0,2.5,0.567667651160778
6.176111478514701,-2.0979170278729478,1.5538461538461539,0.0,2.5,0.5622522735330584
6.176111478514701,-2.087917027872948,1.5538461538461539,0.0,2.5,0.5460979780710813
6.176111478514701,-2.077917027872948,2.2883333333333336,0.0,2.5,0.6005967964066443
6.176111478514701,-2.0679170278729484,2.2883333333333336,0.0,2.5,0.5887382721150821
6.176111478514701,-2.0579170278729486,2.233875474874512,0.0,2.5,0.5800876588541735
6.176111478514701,-2.047917027872949,2.2527976964341665,0.0,2.5,0.5800876588541735
6.176111478514701,-2.037917027872949,2.2883333333333336,0.0,2.5,0.5887382721150821
6.176111478514701,-2.0279170278729493,2.2883333333333336,0.0,2.5,0.6005967964066443
6.186111478514701,-2.1579170278729465,1.5538461538461539,0.0,2.5,0.5460979780710813
6.186111478514701,-2.1479170278729467,1.5538461538461539,0.0,2.5,0.5622522735330584
6.186111478514701,-2.137917027872947,1.5538461538461539,0.0,2.5,0.567667651160778
6.186111478514701,-2.127917027872947,1.5538461538461539,0.0,2.5,0.567667651160778
6.186111478514701,-2.1179170278729473,1.5538461538461539,0.0,2.5,0.567667651160778
6.186111478514701,-2.1079170278729475,1.5538461538461539,0.0,2.5,0.567667651160778
6.186111478514701,-2.0979170278729478,1.5538461538461539,0.0,2.5,0.5622522735330584
6.186111478514701,-2.087917027872948,1.5538461538461539,0.0,2.5,0.5460979780710813
6.186111478514701,-2.077917027872948,2.2883333333333336,0.0,2.5,0.6005967964066443
6.186111478514701,-2.0679170278729484,2.2883333333333336,0.0,2.5,0.5887382721150821
6.186111478514701,-2.0579170278729486,2.225708579186617,0.0,2.5,0.5791182710990714
6.186111478514701,-2.047917027872949,2.2883333333333336,0.0,2.5,0.5887382721150821
6.186111478514701,-2.037917027872949,2.2883333333333336,0.0,2.5,0.6005967964066443
6.196111478514701,-2.1479170278729467,1.5538461538461539,0.0,2.5,0.5460979780710813
6.196111478514701,-2.137917027872947,1.5538461538461539,0.0,2.5,0.5622522735330584
6.196111478514701,-2.127917027872947,1.5538461538461539,0.0,2.5,0.567667651160778
6.196111478514701,-2.1179170278729473,1.5538461538461539,0.0,2.5,0.567667651160778
6.196111478514701,-2.1079170278729475,1.5538461538461539,0.0,2.5,0.567667651160778
6.196111478514701,-2.0979170278729478,1.5538461538461539,0.0,2.5,0.5622522735330584
6.196111478514701,-2.087917027872948,1.5538461538461539,0.0,2.5,0.5460979780710813
6.196111478514701,-2.077917027872948,2.2883333333333336,0.0,2.5,0.6005967964066443
6.196111478514701,-2.0679170278729484,2.2883333333333336,0.0,2.5,0.5887382721150821
6.196111478514701,-2.0579170278729486,2.2883333333333336,0.0,2.5,0.5887382721150821
6.196111478514701,-2.047917027872949,2.2883333333333336,0.0,2.5,0.6005967964066443
6.206111478514701,-2.1479170278729467,1.5538461538461539,0.0,2.5,0.5460979780710813
6.206111478514701,-2.137917027872947,1.5538461538461539,0.0,2.5,0.5622522735330584
6.206111478514701,-2.127917027872947,1.5538461538461539,0.0,2.5,0.567667651160778
6.206111478514701,-2.1179170278729473,1.5538461538461539,0.0,2.5,0.567667651160778
6.206111478514701,-2.1079170278729475,1.5538461538461539,0.0,2.5,0.567667651160778
6.206111478514701,-2.0979170278729478,1.5538461538461539,0.0,2.5,0.5622522735330584
6.206111478514701,-2.087917027872948,1.5538461538461539,0.0,2.5,0.5460979780710813
6.206111478514701,-2.077917027872948,2.2883333333333336,0.0,2.5,0.6005967964066443
6.206111478514701,-2.0679170278729484,2.2883333333333336,0.0,2.5,0.5887382721150821
6.206111478514701,-2.0579170278729486,2.2257085791865814,0.0,2.5,0.5791182710990714
6.206111478514701,-2.047917027872949,2.2883333333333336,0.0,2.5,0.5887382721150821
6.206111478514701,-2.037917027872949,2.2883333333333336,0.0,2.5,0.6005967964066443
6.2161114785147005,-2.1079170278729475,1.5538461538461539,0.0,2.5,0.5274832090250502
6.2161114785147005,-2.0979170278729478,1.5538461538461539,0.0,2.5,0.5274832090250502
6.2161114785147005,-2.087917027872948,2.2883333333333336,0.0,2.5,0.6005967964066443
6.2161114785147005,-2.077917027872948,2.2883333333333336,0.0,2.5,0.5887382721150821
6.2161114785147005,-2.0679170278729484,2.226516598357191,0.0,2.5,0.5800876588541735
6.2161114785147005,-2.0579170278729486,2.225708579186563,0.0,2.5,0.5791182710990714
6.2161114785147005,-2.047917027872949,2.2527976964339542,0.0,2.5,0.5800876588541735
6.2161114785147005,-2.037917027872949,2.2883333333333336,0.0,2.5,0.5904049387817487
6.2161114785147005,-2.0279170278729493,2.2883333333333336,0.0,2.5,0.5986556294613916
6.2261114785147,-2.0979170278729478,1.5538461538461539,0.0,2.5,0.4997686296577505
6.2261114785147,-2.087917027872948,2.2883333333333336,0.0,2.5,0.5986556294613916
6.2261114785147,-2.077917027872948,2.2883333333333336,0.0,2.5,0.5904049387817487
6.2261114785147,-2.0679170278729484,2.2265165983571835,0.0,2.5,0.5800876588541735
6.2261114785147,-2.0579170278729486,2.225708579186542,0.0,2.5,0.5791182710990714
6.2261114785147,-2.047917027872949,2.252797696433894,0.0,2.5,0.5800876588541735
6.2261114785147,-2.037917027872949,2.2883333333333336,0.0,2.5,0.5904049387817487
6.2261114785147,-2.0279170278729493,2.2883333333333336,0.0,2.5,0.5986556294613916
6.2361114785147,-2.0979170278729478,1.5538461538461539,0.0,2.5,0.4997686296577505
6.2361114785147,-2.087917027872948,2.2883333333333336,0.0,2.5,0.5986556294613916
6.2361114785147,-2.077917027872948,2.2883333333333336,0.0,2.5,0.5904049387817487
6.2361114785147,-2.0679170278729484,2.2265165983571755,0.0,2.5,0.5800876588541735
6.2361114785147,-2.0579170278729486,2.225708579186521,0.0,2.5,0.5791182710990714
6.2361114785147,-2.047917027872949,2.2527976964338308,0.0,2.5,0.5800876588541735
6.2361114785147,-2.037917027872949,2.2883333333333336,0.0,2.5,0.5904049387817487
6.2361114785147,-2.0279170278729493,2.2883333333333336,0.0,2.5,0.5986556294613916
6.2461114785147,-2.0979170278729478,1.5538461538461539,0.0,2.5,0.4997686296577505
6.2461114785147,-2.087917027872948,2.2883333333333336,0.0,2.5,0.5986556294613916
6.2461114785147,-2.077917027872948,2.2883333333333336,0.0,2.5,0.5904049387817487
6.2461114785147,-2.0679170278729484,2.226516598357169,0.0,2.5,0.5800876588541735
6.2461114785147,-2.0579170278729486,2.225708579186499,0.0,2.5,0.5791182710990714
6.2461114785147,-2.047917027872949,2.2527976964337655,0.0,2.5,0.5800876588541735
6.2461114785147,-2.037917027872949,2.2883333333333336,0.0,2.5,0.5904049387817487
6.2461114785147,-2.0279170278729493,2.2883333333333336,0.0,2.5,0.5986556294613916
6.2561114785147,-2.0979170278729478,1.5538461538461539,0.0,2.5,0.4997686296577505
6.2561114785147,-2.087917027872948,2.2883333333333336,0.0,2.5,0.5986556294613916
6.2561114785147,-2.077917027872948,2.2883333333333336,0.0,2.5,0.5904049387817487
6.2561114785147,-2.0679170278729484,2.226516598357161,0.0,2.5,0.5800876588541735
6.2561114785147,-2.0579170278729486,2.2257085791864766,0.0,2.5,0.5791182710990714
6.2561114785147,-2.047917027872949,2.272790570537778,0.0,2.5,0.5824516044324048
6.2561114785147,-2.037917027872949,2.2883333333333336,0.0,2.5,0.5824516044324048
6.2561114785147,-2.0279170278729493,2.2883333333333336,0.0,2.5,0.5824516044324048
6.2561114785147,-2.0179170278729495,2.2883333333333336,0.0,2.5,0.5824516044324048
6.266111478514699,-2.087917027872948,2.24251577989906,0.0,2.5,0.5824516044324048
6.266111478514699,-2.077917027872948,2.2435792094245297,0.0,2.5,0.5824516044324048
6.266111478514699,-2.0679170278729484,2.246402372983009,0.0,2.5,0.5824516044324048
6.266111478514699,-2.0579170278729486,2.253791238043017,0.0,2.5,0.5824516044324048
6.266111478514699,-2.047917027872949,2.2727905705377047,0.0,2.5,0.5824516044324048
6.266111478514699,-2.037917027872949,2.2883333333333336,0.0,2.5,0.5824516044324048
6.266111478514699,-2.0279170278729493,2.2883333333333336,0.0,2.5,0.5824516044324048
6.266111478514699,-2.0179170278729495,2.2883333333333336,0.0,2.5,0.5824516044324048
6.276111478514699,-2.087917027872948,2.24251577989906,0.0,2.5,0.5824516044324048
6.276111478514699,-2.077917027872948,2.243579209424527,0.0,2.5,0.5824516044324048
6.276111478514699,-2.0679170278729484,2.246402372983,0.0,2.5,0.5824516044324048
6.276111478514699,-2.0579170278729486,2.2537912380429908,0.0,2.5,0.5824516044324048
6.276111478514699,-2.047917027872949,2.27279057053763,0.0,2.5,0.5824516044324048
6.276111478514699,-2.037917027872949,2.2883333333333336,0.0,2.5,0.5824516044324048
6.276111478514699,-2.0279170278729493,2.2883333333333336,0.0,2.5,0.5824516044324048
6.276111478514699,-2.0179170278729495,2.2883333333333336,0.0,2.5,0.5824516044324048
6.276111478514699,-2.0079170278729497,2.2883333333333336,0.0,2.5,0.5824516044324048
6.286111478514699,-2.0979170278729478,2.2421198157093403,0.0,2.5,0.5824516044324048
6.286111478514699,-2.087917027872948,2.24251577989906,0.0,2.5,0.5824516044324048
6.296111478514699,-2.0979170278729478,2.2421198157093376,0.0,2.5,0.5824516044324048
