lat,lon,predicted_yield,predicted_lower,predicted_upper,productive_probability
5.046111478514725,-1.567917027872959,0.7391525423728812,0.0,2.5,0.9711865968103356
5.046111478514725,-1.5579170278729593,0.7391525423728812,0.0,2.5,0.9559993083334516
5.046111478514725,-1.5479170278729595,0.7391525423728812,0.0,2.5,0.9559024321798895
5.046111478514725,-1.5379170278729597,0.7391525423728812,0.0,2.5,0.9559024321798895
5.046111478514725,-1.52791702787296,0.7391525423728812,0.0,2.5,0.9546622526063764
5.046111478514725,-1.5179170278729601,0.7391525423728812,0.0,2.5,0.9531275303841541
5.046111478514725,-1.5079170278729603,0.7391525423728812,0.0,2.5,0.9531275303841541
5.046111478514725,-1.4979170278729605,0.7391525423728812,0.0,2.5,0.9514802223618463
5.056111478514725,-1.567917027872959,0.7391525423728812,0.0,2.5,0.9708799384825129
5.056111478514725,-1.5579170278729593,0.7391525423728812,0.0,2.5,0.9681050366867777
5.056111478514725,-1.5479170278729595,0.7391525423728812,0.0,2.5,0.9513830259876715
5.056111478514725,-1.5379170278729597,0.7391525423728812,0.0,2.5,0.9513830259876715
5.056111478514725,-1.52791702787296,0.7391525423728812,0.0,2.5,0.9529177482098938
5.056111478514725,-1.5179170278729601,0.7391525423728812,0.0,2.5,0.953014624363456
5.056111478514725,-1.5079170278729603,0.7391525423728812,0.0,2.5,0.9513943897593503
5.056111478514725,-1.4979170278729605,0.7391525423728812,0.0,2.5,0.9529291119815726
5.056111478514725,-1.4879170278729608,0.7391525423728812,0.0,2.5,0.9544638342037949
5.056111478514725,-1.477917027872961,0.7038888888888889,0.0,2.5,0.9531275303841541
5.056111478514725,-1.4679170278729612,0.7038888888888889,0.0,2.5,0.9500039364567026
5.056111478514725,-1.4579170278729614,0.7038888888888889,0.0,2.5,0.9215298274544691
5.066111478514725,-1.567917027872959,0.9333333333333335,0.0,2.5,0.9409633942572775
5.066111478514725,-1.5579170278729593,0.7391525423728812,0.0,2.5,0.9514934593702219
5.066111478514725,-1.5479170278729595,0.7391525423728812,0.0,2.5,0.963500870020111
5.066111478514725,-1.5379170278729597,0.7391525423728812,0.0,2.5,0.9666671906181176
5.066111478514725,-1.52791702787296,0.7391525423728812,0.0,2.5,0.9525881372703022
5.066111478514725,-1.5179170278729601,0.7391525423728812,0.0,2.5,0.9542548039369688
5.066111478514725,-1.5079170278729603,0.7391525423728812,0.0,2.5,0.9557895261591911
5.066111478514725,-1.4979170278729605,0.7391525423728812,0.0,2.5,0.9557895261591911
5.066111478514725,-1.4879170278729608,0.7038888888888889,0.0,2.5,0.9557895261591911
5.066111478514725,-1.477917027872961,0.7038888888888889,0.0,2.5,0.9527971675371282
5.066111478514725,-1.4679170278729612,0.7038888888888889,0.0,2.5,0.9527971675371282
5.066111478514725,-1.4579170278729614,0.6970270270270269,0.0,2.5,0.9527971675371282
5.066111478514725,-1.4479170278729616,0.6970270270270269,0.0,2.5,0.9528165261814867
5.066111478514725,-1.4379170278729618,0.6970270270270269,0.0,2.5,0.9200064690039257
5.066111478514725,-1.427917027872962,0.6970270270270269,0.0,2.5,0.9216267036080313
5.076111478514725,-1.567917027872959,0.9333333333333335,0.0,2.5,0.9413548130595492
5.076111478514725,-1.5579170278729593,0.7391525423728812,0.0,2.5,0.9459089673220367
5.076111478514725,-1.5479170278729595,0.7391525423728812,0.0,2.5,0.9425256215845242
5.076111478514725,-1.5379170278729597,0.7391525423728812,0.0,2.5,0.9472450962392522
5.076111478514725,-1.52791702787296,0.7391525423728812,0.0,2.5,0.9591945755863575
5.076111478514725,-1.5179170278729601,0.7391525423728812,0.0,2.5,0.9557262729656505
5.076111478514725,-1.5079170278729603,0.7391525423728812,0.0,2.5,0.9543041365435141
5.076111478514725,-1.4979170278729605,0.7391525423728812,0.0,2.5,0.9557262729656505
5.076111478514725,-1.4879170278729608,0.7038888888888889,0.0,2.5,0.9557262729656505
5.076111478514725,-1.477917027872961,0.7038888888888889,0.0,2.5,0.9573242483814134
5.076111478514725,-1.4679170278729612,0.6970270270270269,0.0,2.5,0.9573242483814134
5.076111478514725,-1.4579170278729614,0.6970270270270269,0.0,2.5,0.9588589706036356
5.076111478514725,-1.4479170278729616,0.6970270270270269,0.0,2.5,0.9588589706036356
5.076111478514725,-1.4379170278729618,0.6970270270270269,0.0,2.5,0.9555720693328633
5.076111478514725,-1.427917027872962,0.6970270270270269,0.0,2.5,0.9527971675371282
5.076111478514725,-1.4179170278729623,0.6409375,0.0,2.5,0.9511498595148201
5.076111478514725,-1.4079170278729625,0.6539339443888484,0.0,2.5,0.9211994646074431
5.076111478514725,-1.3979170278729627,0.6409375,0.0,2.5,0.9198745245594813
5.076111478514725,-1.387917027872963,0.6409375,0.0,2.5,0.9198745245594813
5.076111478514725,-1.377917027872963,0.6409375,0.0,2.5,0.8816200041211915
5.076111478514725,-1.3679170278729633,0.6409375,0.0,2.5,0.8816200041211915
5.086111478514725,-1.567917027872959,1.4487500000000002,0.0,2.5,0.9368339424147046
5.086111478514725,-1.5579170278729593,0.9333333333333335,0.0,2.5,0.9338770837703458
5.086111478514725,-1.5479170278729595,0.7391525423728812,0.0,2.5,0.9367285202700765
5.086111478514725,-1.5379170278729597,0.7391525423728812,0.0,2.5,0.9395666752593521
5.086111478514725,-1.52791702787296,0.7391525423728812,0.0,2.5,0.9381445388372157
5.086111478514725,-1.5179170278729601,0.7391525423728812,0.0,2.5,0.9380178042615133
5.086111478514725,-1.5079170278729603,0.7391525423728812,0.0,2.5,0.9573576360633589
5.086111478514725,-1.4979170278729605,0.7391525423728812,0.0,2.5,0.9541915507434282
5.086111478514725,-1.4879170278729608,0.7038888888888889,0.0,2.5,0.9557262729656505
5.086111478514725,-1.477917027872961,0.7038888888888889,0.0,2.5,0.9557262729656505
5.086111478514725,-1.4679170278729612,0.6970270270270269,0.0,2.5,0.9572609951878728
5.086111478514725,-1.4579170278729614,0.6970270270270269,0.0,2.5,0.9558388587657364
5.086111478514725,-1.4479170278729616,0.6970270270270269,0.0,2.5,0.9543041365435141
5.086111478514725,-1.4379170278729618,0.6970270270270269,0.0,2.5,0.9543041365435141
5.086111478514725,-1.427917027872962,0.6409375,0.0,2.5,0.9588589706036356
5.086111478514725,-1.4179170278729623,0.6409375,0.0,2.5,0.9573242483814134
5.086111478514725,-1.4079170278729625,0.6409375,0.0,2.5,0.9573242483814134
5.086111478514725,-1.3979170278729627,0.6409375,0.0,2.5,0.9573242483814134
5.086111478514725,-1.387917027872963,0.6409375,0.0,2.5,0.9407981808001387
5.086111478514725,-1.377917027872963,0.6409375,0.0,2.5,0.9224396441809561
5.086111478514725,-1.3679170278729633,0.6409375,0.0,2.5,0.9226494263552166
5.086111478514725,-1.3579170278729635,0.6409375,0.0,2.5,0.9199871103595674
5.096111478514724,-1.567917027872959,1.4487500000000002,0.0,2.5,0.9113393777534056
5.096111478514724,-1.5579170278729593,1.4487500000000002,0.0,2.5,0.912215803329283
5.096111478514724,-1.5479170278729595,0.78,0.0,2.5,0.9262329146316993
5.096111478514724,-1.5379170278729597,0.7391525423728812,0.0,2.5,0.9228418975505885
5.096111478514724,-1.52791702787296,0.7391525423728812,0.0,2.5,0.9285690774856659
5.096111478514724,-1.5179170278729601,0.7391525423728812,0.0,2.5,0.9329273621104719
5.096111478514724,-1.5079170278729603,0.7391525423728812,0.0,2.5,0.944164251940626
5.096111478514724,-1.4979170278729605,0.7391525423728812,0.0,2.5,0.9489870804057159
5.096111478514724,-1.4879170278729608,0.7038888888888889,0.0,2.5,0.9647418317731914
5.096111478514724,-1.477917027872961,0.7038888888888889,0.0,2.5,0.9632071095509692
5.096111478514724,-1.4679170278729612,0.6970270270270269,0.0,2.5,0.9533531237798908
5.096111478514724,-1.4579170278729614,0.6970270270270269,0.0,2.5,0.9486857039196834
5.096111478514724,-1.4479170278729616,0.6970270270270269,0.0,2.5,0.9517551483641279
5.096111478514724,-1.4379170278729618,0.6970270270270269,0.0,2.5,0.9547120070084865
5.096111478514724,-1.427917027872962,0.6409375,0.0,2.5,0.9547120070084865
5.096111478514724,-1.4179170278729623,0.6409375,0.0,2.5,0.9531772847862643
5.096111478514724,-1.4079170278729625,0.6409375,0.0,2.5,0.9561341434306229
5.096111478514724,-1.3979170278729627,0.6409375,0.0,2.5,0.9559243612563624
5.096111478514724,-1.387917027872963,0.6409375,0.0,2.5,0.9560460507669816
5.096111478514724,-1.377917027872963,0.6409375,0.0,2.5,0.9587463848035498
5.096111478514724,-1.3679170278729633,0.6409375,0.0,2.5,0.9570990767812416
5.096111478514724,-1.3579170278729635,0.6409375,0.0,2.5,0.9271486818738646
5.096111478514724,-1.3479170278729637,0.6409375,0.0,2.5,0.9257265454517284
5.096111478514724,-1.337917027872964,0.6409375,0.0,2.5,0.9257265454517284
5.096111478514724,-1.3279170278729642,0.6409375,0.0,2.5,0.8924901693799171
5.106111478514724,-1.567917027872959,1.4487500000000002,0.0,2.5,0.8962602663051564
5.106111478514724,-1.5579170278729593,1.4487500000000002,0.0,2.5,0.8865289184271897
5.106111478514724,-1.5479170278729595,1.4487500000000002,0.0,2.5,0.8968700787784267
5.106111478514724,-1.5379170278729597,0.9333333333333335,0.0,2.5,0.8943366039181063
5.106111478514724,-1.52791702787296,0.7391525423728812,0.0,2.5,0.9061186700371604
5.106111478514724,-1.5179170278729601,0.7391525423728812,0.0,2.5,0.9246375476809279
5.106111478514724,-1.5079170278729603,0.7391525423728812,0.0,2.5,0.929133265626337
5.106111478514724,-1.4979170278729605,0.7391525423728812,0.0,2.5,0.9393262138218623
5.106111478514724,-1.4879170278729608,0.7391525423728812,0.0,2.5,0.9429020099488116
5.106111478514724,-1.477917027872961,0.7038888888888889,0.0,2.5,0.9435321613612289
5.106111478514724,-1.4679170278729612,0.6970270270270269,0.0,2.5,0.9553431594424737
5.106111478514724,-1.4579170278729614,0.6970270270270269,0.0,2.5,0.9583883866019588
5.106111478514724,-1.4479170278729616,0.6970270270270269,0.0,2.5,0.9386403875566901
5.106111478514724,-1.4379170278729618,0.6970270270270269,0.0,2.5,0.9543582860265212
5.106111478514724,-1.427917027872962,0.6409375,0.0,2.5,0.9543582860265212
5.106111478514724,-1.4179170278729623,0.6409375,0.0,2.5,0.9558930082487435
5.106111478514724,-1.4079170278729625,0.6409375,0.0,2.5,0.9514986237563374
5.106111478514724,-1.3979170278729627,0.6409375,0.0,2.5,0.9530965991721003
5.106111478514724,-1.387917027872963,0.6409375,0.0,2.5,0.9579572904465575
5.106111478514724,-1.377917027872963,0.6409375,0.0,2.5,0.9579572904465575
5.106111478514724,-1.3679170278729633,0.6409375,0.0,2.5,0.9579572904465575
5.106111478514724,-1.3579170278729635,0.6409375,0.0,2.5,0.9564225682243352
5.106111478514724,-1.3479170278729637,0.6409375,0.0,2.5,0.9564858214178756
5.106111478514724,-1.337917027872964,0.6409375,0.0,2.5,0.9548385133955677
5.106111478514724,-1.3279170278729642,0.6409375,0.0,2.5,0.9216428350501197
5.106111478514724,-1.3179170278729644,0.6409375,0.0,2.5,0.926310254910327
5.106111478514724,-1.3079170278729646,0.6409375,0.0,2.5,0.9069656128491793
5.106111478514724,-1.2979170278729648,0.6409375,0.0,2.5,0.9213536682402302
5.106111478514724,-1.287917027872965,0.6409375,0.0,2.5,0.9214662540403162
5.106111478514724,-1.2779170278729652,0.6409375,0.0,2.5,0.9276190635162004
5.106111478514724,-1.2679170278729655,0.6409375,0.0,2.5,0.9211578672861562
5.106111478514724,-1.2579170278729657,0.6409375,0.0,2.5,0.944183506149922
5.106111478514724,-1.2479170278729659,0.6409375,0.0,2.5,0.9424393219740517
5.106111478514724,-1.237917027872966,0.6409375,0.0,2.5,0.9454236857234349
5.116111478514724,-1.567917027872959,1.825,0.0,2.5,0.8873904290687661
5.116111478514724,-1.5579170278729593,1.4487500000000002,0.0,2.5,0.8766718008988208
5.116111478514724,-1.5479170278729595,1.4487500000000002,0.0,2.5,0.8843504060206399
5.116111478514724,-1.5379170278729597,0.9333333333333335,0.0,2.5,0.8874545985353539
5.116111478514724,-1.52791702787296,0.7391525423728812,0.0,2.5,0.9061492430080959
5.116111478514724,-1.5179170278729601,0.7391525423728812,0.0,2.5,0.9124415594509824
5.116111478514724,-1.5079170278729603,0.7391525423728812,0.0,2.5,0.9115184357397578
5.116111478514724,-1.4979170278729605,0.7391525423728812,0.0,2.5,0.9255354760034178
5.116111478514724,-1.4879170278729608,0.7391525423728812,0.0,2.5,0.9313570297632212
5.116111478514724,-1.477917027872961,0.7038888888888889,0.0,2.5,0.9377492448828072
5.116111478514724,-1.4679170278729612,0.7038888888888889,0.0,2.5,0.9426131150926347
5.116111478514724,-1.4579170278729614,0.6970270270270269,0.0,2.5,0.94410269005404
5.116111478514724,-1.4479170278729616,0.6970270270270269,0.0,2.5,0.9486369604977074
5.116111478514724,-1.4379170278729618,0.6970270270270269,0.0,2.5,0.9583617968720131
5.116111478514724,-1.427917027872962,0.6409375,0.0,2.5,0.9548870622443542
5.116111478514724,-1.4179170278729623,0.6409375,0.0,2.5,0.9477095462991447
5.116111478514724,-1.4079170278729625,0.6409375,0.0,2.5,0.955683226074483
5.116111478514724,-1.3979170278729627,0.6409375,0.0,2.5,0.955683226074483
5.116111478514724,-1.387917027872963,0.6409375,0.0,2.5,0.9572179482967051
5.116111478514724,-1.377917027872963,0.6409375,0.0,2.5,0.9572179482967051
5.116111478514724,-1.3679170278729633,0.6409375,0.0,2.5,0.9557958118745689
5.116111478514724,-1.3579170278729635,0.6409375,0.0,2.5,0.957330534096791
5.116111478514724,-1.3479170278729637,0.6409375,0.0,2.5,0.957330534096791
5.116111478514724,-1.337917027872964,0.6409375,0.0,2.5,0.9562786294166307
5.116111478514724,-1.3279170278729642,0.6409375,0.0,2.5,0.9562786294166307
5.116111478514724,-1.3179170278729644,0.6008,0.0,2.5,0.9575881800386812
5.116111478514724,-1.3079170278729646,0.6409375,0.0,2.5,0.9444977793036028
5.116111478514724,-1.2979170278729648,0.6409375,0.0,2.5,0.92013289142948
5.116111478514724,-1.287917027872965,0.6409375,0.0,2.5,0.9139505656036983
5.116111478514724,-1.2779170278729652,0.6008,0.0,2.5,0.9452639159533535
5.116111478514724,-1.2679170278729655,0.6008,0.0,2.5,0.9515153906423283
5.116111478514724,-1.2579170278729657,0.6409375,0.0,2.5,0.9484810144887661
5.116111478514724,-1.2479170278729659,0.6409375,0.0,2.5,0.9483962540143173
5.116111478514724,-1.237917027872966,0.6409375,0.0,2.5,0.9515625746123239
5.116111478514724,-1.2279170278729663,0.6409375,0.0,2.5,0.9530972968345461
5.126111478514724,-1.567917027872959,1.4487500000000002,0.0,2.5,0.8949187538958335
5.126111478514724,-1.5579170278729593,1.4487500000000002,0.0,2.5,0.8831224562853851
5.126111478514724,-1.5479170278729595,1.4487500000000002,0.0,2.5,0.8897808542922622
5.126111478514724,-1.5379170278729597,0.78,0.0,2.5,0.9035133679258965
5.126111478514724,-1.52791702787296,0.7391525423728812,0.0,2.5,0.9153138329507967
5.126111478514724,-1.5179170278729601,0.7391525423728812,0.0,2.5,0.9155018701096577
5.126111478514724,-1.5079170278729603,0.7391525423728812,0.0,2.5,0.9140163033597353
5.126111478514724,-1.4979170278729605,0.7391525423728812,0.0,2.5,0.9138065211854746
5.126111478514724,-1.4879170278729608,0.7391525423728812,0.0,2.5,0.9124503313750375
5.126111478514724,-1.477917027872961,0.7391525423728812,0.0,2.5,0.9153878313750377
5.126111478514724,-1.4679170278729612,0.7038888888888889,0.0,2.5,0.9338598373244826
5.126111478514724,-1.4579170278729614,0.7009021483312029,0.0,2.5,0.935787304171411
5.126111478514724,-1.4479170278729616,0.6970270270270269,0.0,2.5,0.9373852795871739
5.126111478514724,-1.4379170278729618,0.6970270270270269,0.0,2.5,0.9392810665610455
5.126111478514724,-1.427917027872962,0.6970270270270269,0.0,2.5,0.9455468281964194
5.126111478514724,-1.4179170278729623,0.6409375,0.0,2.5,0.9585334505199115
5.126111478514724,-1.4079170278729625,0.6409375,0.0,2.5,0.9584701973263708
5.126111478514724,-1.3979170278729627,0.6409375,0.0,2.5,0.9369471311600779
5.126111478514724,-1.387917027872963,0.6409375,0.0,2.5,0.949832120557315
5.126111478514724,-1.377917027872963,0.6409375,0.0,2.5,0.9526408550482409
5.126111478514724,-1.3679170278729633,0.6409375,0.0,2.5,0.9557958118745689
5.126111478514724,-1.3579170278729635,0.6409375,0.0,2.5,0.9557958118745689
5.126111478514724,-1.3479170278729637,0.6409375,0.0,2.5,0.9572179482967051
5.126111478514724,-1.337917027872964,0.6409375,0.0,2.5,0.9588652563190133
5.126111478514724,-1.3279170278729642,0.6409375,0.0,2.5,0.9601748069410638
5.126111478514724,-1.3179170278729644,0.6008,0.0,2.5,0.9618582947387101
5.126111478514724,-1.3079170278729646,0.6008,0.0,2.5,0.9573034606785885
5.126111478514724,-1.2979170278729648,0.6008,0.0,2.5,0.9602109867164019
5.126111478514724,-1.287917027872965,0.6008,0.0,2.5,0.9545314097551306
5.126111478514724,-1.2779170278729652,0.6008,0.0,2.5,0.955790205956825
5.126111478514724,-1.2679170278729655,0.6409375,0.0,2.5,0.9500362068398027
5.126111478514724,-1.2579170278729657,0.6409375,0.0,2.5,0.948110065815309
5.126111478514724,-1.2479170278729659,0.6409375,0.0,2.5,0.9514861685875762
5.126111478514724,-1.237917027872966,0.6409375,0.0,2.5,0.9514861685875762
5.126111478514724,-1.2279170278729663,0.6409375,0.0,2.5,0.9421896546324469
5.126111478514724,-1.2179170278729665,0.6409375,0.0,2.5,0.9500278523901017
5.126111478514724,-1.2079170278729667,0.6409375,0.0,2.5,0.9530972968345461
5.1361114785147235,-1.567917027872959,1.4487500000000002,0.0,2.5,0.9019616017483876
5.1361114785147235,-1.5579170278729593,1.4487500000000002,0.0,2.5,0.8846716211868944
5.1361114785147235,-1.5479170278729595,0.9333333333333335,0.0,2.5,0.9019034807485656
5.1361114785147235,-1.5379170278729597,0.7391525423728812,0.0,2.5,0.9017712336115765
5.1361114785147235,-1.52791702787296,0.7391525423728812,0.0,2.5,0.905580876600679
5.1361114785147235,-1.5179170278729601,0.7391525423728812,0.0,2.5,0.8975649578413099
5.1361114785147235,-1.5079170278729603,0.7391525423728812,0.0,2.5,0.9063847677327352
5.1361114785147235,-1.4979170278729605,0.7391525423728812,0.0,2.5,0.9111783899198322
5.1361114785147235,-1.4879170278729608,0.7391525423728812,0.0,2.5,0.90964366769761
5.1361114785147235,-1.477917027872961,0.7391525423728812,0.0,2.5,0.9110583600947192
5.1361114785147235,-1.4679170278729612,0.7038888888888889,0.0,2.5,0.9173443121051469
5.1361114785147235,-1.4579170278729614,0.7038888888888889,0.0,2.5,0.9172742515247012
5.1361114785147235,-1.4479170278729616,0.7038888888888889,0.0,2.5,0.9252972639065846
5.1361114785147235,-1.4379170278729618,0.6970270270270269,0.0,2.5,0.9423973258918391
5.1361114785147235,-1.427917027872962,0.6970270270270269,0.0,2.5,0.9396049795628963
5.1361114785147235,-1.4179170278729623,0.6970270270270269,0.0,2.5,0.9396207498152204
5.1361114785147235,-1.4079170278729625,0.6409375,0.0,2.5,0.9457103060975642
5.1361114785147235,-1.3979170278729627,0.6409375,0.0,2.5,0.9522619757645869
5.1361114785147235,-1.387917027872963,0.6409375,0.0,2.5,0.9536721178234632
5.1361114785147235,-1.377917027872963,0.6409375,0.0,2.5,0.9568499627222654
5.1361114785147235,-1.3679170278729633,0.6409375,0.0,2.5,0.9354352970103302
5.1361114785147235,-1.3579170278729635,0.6409375,0.0,2.5,0.9529828920379148
5.1361114785147235,-1.3479170278729637,0.6409375,0.0,2.5,0.9529828920379148
5.1361114785147235,-1.337917027872964,0.6409375,0.0,2.5,0.9602109867164019
5.1361114785147235,-1.3279170278729642,0.6409375,0.0,2.5,0.9589014360943514
5.1361114785147235,-1.3179170278729644,0.6008,0.0,2.5,0.9555089921448267
5.1361114785147235,-1.3079170278729646,0.6008,0.0,2.5,0.949306850062397
5.1361114785147235,-1.2979170278729648,0.6008,0.0,2.5,0.9506534827393361
5.1361114785147235,-1.287917027872965,0.6008,0.0,2.5,0.9614313738249477
5.1361114785147235,-1.2779170278729652,0.6008,0.0,2.5,0.9643728960255963
5.1361114785147235,-1.2679170278729655,0.6008,0.0,2.5,0.9526710693288141
5.1361114785147235,-1.2579170278729657,0.6008,0.0,2.5,0.9556908609461007
5.1361114785147235,-1.2479170278729659,0.6409375,0.0,2.5,0.9420938899633406
5.1361114785147235,-1.237917027872966,0.6409375,0.0,2.5,0.9435653589920222
5.1361114785147235,-1.2279170278729663,0.6409375,0.0,2.5,0.9420306367698
5.1361114785147235,-1.2179170278729665,0.6409375,0.0,2.5,0.9420306367698
5.1361114785147235,-1.2079170278729667,0.6409375,0.0,2.5,0.9530208908097983
5.1361114785147235,-1.197917027872967,0.6409375,0.0,2.5,0.9530208908097983
5.146111478514723,-1.5579170278729593,0.9333333333333335,0.0,2.5,0.8919146261627012
5.146111478514723,-1.5479170278729595,0.9333333333333335,0.0,2.5,0.8895844864187046
5.146111478514723,-1.5379170278729597,0.78,0.0,2.5,0.8868514440050435
5.146111478514723,-1.52791702787296,0.7391525423728812,0.0,2.5,0.8905761264231815
5.146111478514723,-1.5179170278729601,0.7391525423728812,0.0,2.5,0.8909295905640376
5.146111478514723,-1.5079170278729603,0.7391525423728812,0.0,2.5,0.8932319654285281
5.146111478514723,-1.4979170278729605,0.7391525423728812,0.0,2.5,0.8915346932689409
5.146111478514723,-1.4879170278729608,0.7391525423728812,0.0,2.5,0.893205233011203
5.146111478514723,-1.477917027872961,0.7391525423728812,0.0,2.5,0.9005406383564222
5.146111478514723,-1.4679170278729612,0.7391525423728812,0.0,2.5,0.9055911224595087
5.146111478514723,-1.4579170278729614,0.7038888888888889,0.0,2.5,0.9101136355025398
5.146111478514723,-1.4479170278729616,0.7038888888888889,0.0,2.5,0.9079923904568543
5.146111478514723,-1.4379170278729618,0.6970270270270269,0.0,2.5,0.9095596343470513
5.146111478514723,-1.427917027872962,0.6970270270270269,0.0,2.5,0.9162314903355235
5.146111478514723,-1.4179170278729623,0.6970270270270269,0.0,2.5,0.9368780644324947
5.146111478514723,-1.4079170278729625,0.6409375,0.0,2.5,0.945910078560417
5.146111478514723,-1.3979170278729627,0.6409375,0.0,2.5,0.9460420230048614
5.146111478514723,-1.387917027872963,0.6409375,0.0,2.5,0.9505336038714421
5.146111478514723,-1.377917027872963,0.6409375,0.0,2.5,0.9537765900816182
5.146111478514723,-1.3679170278729633,0.6409375,0.0,2.5,0.9585218049032627
5.146111478514723,-1.3579170278729635,0.6409375,0.0,2.5,0.9608530285319545
5.146111478514723,-1.3479170278729637,0.6409375,0.0,2.5,0.9088956538158341
5.146111478514723,-1.337917027872964,0.6409375,0.0,2.5,0.9119844569046374
5.146111478514723,-1.3279170278729642,0.6409375,0.0,2.5,0.9059852272340364
5.146111478514723,-1.3179170278729644,0.6409375,0.0,2.5,0.899783085151607
5.146111478514723,-1.3079170278729646,0.6409375,0.0,2.5,0.8955480288928165
5.146111478514723,-1.2979170278729648,0.6008,0.0,2.5,0.9773072117665256
5.146111478514723,-1.287917027872965,0.6008,0.0,2.5,0.9879619783586694
5.146111478514723,-1.2779170278729652,0.6008,0.0,2.5,0.9843131167445707
5.146111478514723,-1.2679170278729655,0.6008,0.0,2.5,0.9812572708571603
5.146111478514723,-1.2579170278729657,0.6008,0.0,2.5,0.9836939695268112
5.146111478514723,-1.2479170278729659,0.6409375,0.0,2.5,0.9449882268101788
5.146111478514723,-1.237917027872966,0.6409375,0.0,2.5,0.9436286121855628
5.146111478514723,-1.2279170278729663,0.6409375,0.0,2.5,0.9436286121855628
5.146111478514723,-1.2179170278729665,0.6409375,0.0,2.5,0.9420938899633406
5.146111478514723,-1.2079170278729667,0.6409375,0.0,2.5,0.9436286121855628
5.146111478514723,-1.197917027872967,0.6409375,0.0,2.5,0.9515494217811168
5.146111478514723,-1.1879170278729672,0.6409375,0.0,2.5,0.9515494217811168
5.146111478514723,-1.1779170278729674,0.6409375,0.0,2.5,0.9499514463653539
5.146111478514723,-1.1679170278729676,0.6409375,0.0,2.5,0.9514861685875762
5.156111478514723,-1.5379170278729597,0.78,0.0,2.5,0.8857357428557164
5.156111478514723,-1.52791702787296,0.7391525423728812,0.0,2.5,0.886395223504141
5.156111478514723,-1.5179170278729601,0.7391525423728812,0.0,2.5,0.8851290096328124
5.156111478514723,-1.5079170278729603,0.7391525423728812,0.0,2.5,0.8807061200171354
5.156111478514723,-1.4979170278729605,0.7391525423728812,0.0,2.5,0.8825416586781112
5.156111478514723,-1.4879170278729608,0.7391525423728812,0.0,2.5,0.8840763809003335
5.156111478514723,-1.477917027872961,0.7391525423728812,0.0,2.5,0.889511453402809
5.156111478514723,-1.4679170278729612,0.7391525423728812,0.0,2.5,0.8875502440874328
5.156111478514723,-1.4579170278729614,0.7391525423728812,0.0,2.5,0.8805196454016436
5.156111478514723,-1.4479170278729616,0.7038888888888889,0.0,2.5,0.8899285965655133
5.156111478514723,-1.4379170278729618,0.6970270270270269,0.0,2.5,0.8945133501981483
5.156111478514723,-1.427917027872962,0.6970270270270269,0.0,2.5,0.9041914024361827
5.156111478514723,-1.4179170278729623,0.6970270270270269,0.0,2.5,0.9074523791386916
5.156111478514723,-1.4079170278729625,0.6970270270270269,0.0,2.5,0.9022384214914215
5.156111478514723,-1.3979170278729627,0.6970270270270269,0.0,2.5,0.8716862534783161
5.156111478514723,-1.387917027872963,0.6970270270270269,0.0,2.5,0.8691251860713559
5.156111478514723,-1.377917027872963,0.6970270270270269,0.0,2.5,0.8722612400898574
5.156111478514723,-1.3679170278729633,0.6409375,0.0,2.5,0.8636483100986715
5.156111478514723,-1.3579170278729635,0.6409375,0.0,2.5,0.8686983225028505
5.156111478514723,-1.3479170278729637,0.6409375,0.0,2.5,0.8768296551818643
5.156111478514723,-1.337917027872964,0.6409375,0.0,2.5,0.8796094858397214
5.156111478514723,-1.3279170278729642,0.6409375,0.0,2.5,0.8767158803889034
5.156111478514723,-1.3179170278729644,0.6409375,0.0,2.5,0.8754138284134162
5.156111478514723,-1.3079170278729646,0.6409375,0.0,2.5,0.8905812531085888
5.156111478514723,-1.2979170278729648,0.6008,0.0,2.5,0.9553606635680771
5.156111478514723,-1.287917027872965,0.6008,0.0,2.5,0.9743061557402619
5.156111478514723,-1.2779170278729652,0.6008,0.0,2.5,0.9769249445716355
5.156111478514723,-1.2679170278729655,0.6008,0.0,2.5,0.985866254400289
5.156111478514723,-1.2579170278729657,0.6008,0.0,2.5,0.986853743229601
5.156111478514723,-1.2479170278729659,0.6008,0.0,2.5,0.9853774573244573
5.156111478514723,-1.237917027872966,0.6008,0.0,2.5,0.982159247304589
5.156111478514723,-1.2279170278729663,0.6409375,0.0,2.5,0.9449882268101788
5.156111478514723,-1.2179170278729665,0.6409375,0.0,2.5,0.9436286121855628
5.156111478514723,-1.2079170278729667,0.6409375,0.0,2.5,0.9420938899633406
5.156111478514723,-1.197917027872967,0.6409375,0.0,2.5,0.9433340695368535
5.156111478514723,-1.1879170278729672,0.6409375,0.0,2.5,0.9512548791324076
5.156111478514723,-1.1779170278729674,0.6409375,0.0,2.5,0.9512548791324076
5.156111478514723,-1.1679170278729676,0.6409375,0.0,2.5,0.9500146995588945
5.156111478514723,-1.1579170278729678,0.6409375,0.0,2.5,0.9499514463653539
5.166111478514723,-1.52791702787296,0.7391525423728812,0.0,2.5,0.8839148615531646
5.166111478514723,-1.5179170278729601,0.7391525423728812,0.0,2.5,0.8735309088819015
5.166111478514723,-1.5079170278729603,0.7391525423728812,0.0,2.5,0.8440807334390515
5.166111478514723,-1.4979170278729605,0.7391525423728812,0.0,2.5,0.8427275774317263
5.166111478514723,-1.4879170278729608,0.7391525423728812,0.0,2.5,0.8412561084030447
5.166111478514723,-1.477917027872961,0.7391525423728812,0.0,2.5,0.84298121138679
5.166111478514723,-1.4679170278729612,0.7391525423728812,0.0,2.5,0.8446478780534566
5.166111478514723,-1.4579170278729614,0.7391525423728812,0.0,2.5,0.8462327891263195
5.166111478514723,-1.4479170278729616,0.7391525423728812,0.0,2.5,0.8531315953722184
5.166111478514723,-1.4379170278729618,0.7038888888888889,0.0,2.5,0.8535803211423008
5.166111478514723,-1.427917027872962,0.7038888888888889,0.0,2.5,0.8582038464533258
5.166111478514723,-1.4179170278729623,0.7038888888888889,0.0,2.5,0.8510010940575515
5.166111478514723,-1.4079170278729625,0.6970270270270269,0.0,2.5,0.8528595561581849
5.166111478514723,-1.3979170278729627,0.6970270270270269,0.0,2.5,0.8644261894582645
5.166111478514723,-1.387917027872963,0.6970270270270269,0.0,2.5,0.8628456640576129
5.166111478514723,-1.377917027872963,0.6409375,0.0,2.5,0.8673566035685525
5.166111478514723,-1.3679170278729633,0.6409375,0.0,2.5,0.8643997449241937
5.166111478514723,-1.3579170278729635,0.6409375,0.0,2.5,0.8676065334942195
5.166111478514723,-1.3479170278729637,0.6409375,0.0,2.5,0.8676416017851016
5.166111478514723,-1.337917027872964,0.6409375,0.0,2.5,0.8634879584986135
5.166111478514723,-1.3279170278729642,0.6409375,0.0,2.5,0.8712138134452784
5.166111478514723,-1.3179170278729644,0.6409375,0.0,2.5,0.8744271966974272
5.166111478514723,-1.3079170278729646,0.6409375,0.0,2.5,0.8712944990594422
5.166111478514723,-1.2979170278729648,0.6409375,0.0,2.5,0.8837646430196967
5.166111478514723,-1.287917027872965,0.6008,0.0,2.5,0.9692418764114952
5.166111478514723,-1.2779170278729652,0.6008,0.0,2.5,0.9502587956425339
5.166111478514723,-1.2679170278729655,0.6409375,0.0,2.5,0.8852759597321521
5.166111478514723,-1.2579170278729657,0.6008,0.0,2.5,0.9531091875347805
5.166111478514723,-1.2479170278729659,0.6008,0.0,2.5,0.9883751839413685
5.166111478514723,-1.237917027872966,0.6008,0.0,2.5,0.986853743229601
5.166111478514723,-1.2279170278729663,0.6008,0.0,2.5,0.9853774573244573
5.166111478514723,-1.2179170278729665,0.6409375,0.0,2.5,0.9824322826723901
5.166111478514723,-1.2079170278729667,0.6409375,0.0,2.5,0.946445111302585
5.166111478514723,-1.197917027872967,0.6409375,0.0,2.5,0.9433340695368535
5.166111478514723,-1.1879170278729672,0.6409375,0.0,2.5,0.9498827551144501
5.166111478514723,-1.1779170278729674,0.6409375,0.0,2.5,0.9558590457990743
5.166111478514723,-1.1679170278729676,0.6409375,0.0,2.5,0.9529993835288904
5.166111478514723,-1.1579170278729678,0.6409375,0.0,2.5,0.9558590457990742
5.166111478514723,-1.147917027872968,0.6409375,0.0,2.5,0.9527896013546296
5.166111478514723,-1.1379170278729682,0.6409375,0.0,2.5,0.9520086059127763
5.176111478514723,-1.5079170278729603,0.7391525423728812,0.0,2.5,0.8636721440352175
5.176111478514723,-1.4979170278729605,0.7391525423728812,0.0,2.5,0.8285447129189372
5.176111478514723,-1.4879170278729608,0.7391525423728812,0.0,2.5,0.8303821143592773
5.176111478514723,-1.477917027872961,0.7391525423728812,0.0,2.5,0.8335553300571817
5.176111478514723,-1.4679170278729612,0.7391525423728812,0.0,2.5,0.8340061130478569
5.176111478514723,-1.4579170278729614,0.7391525423728812,0.0,2.5,0.8355992715871576
5.176111478514723,-1.4479170278729616,0.7391525423728812,0.0,2.5,0.8375186745055322
5.176111478514723,-1.4379170278729618,0.7038888888888889,0.0,2.5,0.8453666645803666
5.176111478514723,-1.427917027872962,0.7038888888888889,0.0,2.5,0.846992813187114
5.176111478514723,-1.4179170278729623,0.6970270270270269,0.0,2.5,0.8648419029063776
5.176111478514723,-1.4079170278729625,0.6970270270270269,0.0,2.5,0.8621798921825653
5.176111478514723,-1.3979170278729627,0.6970270270270269,0.0,2.5,0.864880856810715
5.176111478514723,-1.387917027872963,0.6970270270270269,0.0,2.5,0.8576125965160092
5.176111478514723,-1.377917027872963,0.6409375,0.0,2.5,0.8605694551603679
5.176111478514723,-1.3679170278729633,0.6409375,0.0,2.5,0.8601639772034192
5.176111478514723,-1.3579170278729635,0.6409375,0.0,2.5,0.8621147582513118
5.176111478514723,-1.3479170278729637,0.6409375,0.0,2.5,0.8777237952051943
5.176111478514723,-1.337917027872964,0.6409375,0.0,2.5,0.8771412070806953
5.176111478514723,-1.3279170278729642,0.6409375,0.0,2.5,0.876674849602834
5.176111478514723,-1.3179170278729644,0.6409375,0.0,2.5,0.8800714361297082
5.176111478514723,-1.3079170278729646,0.6409375,0.0,2.5,0.8769396290675555
5.176111478514723,-1.2979170278729648,0.6409375,0.0,2.5,0.8774166487392995
5.176111478514723,-1.287917027872965,0.6409375,0.0,2.5,0.9108172477424805
5.176111478514723,-1.2779170278729652,0.6409375,0.0,2.5,0.8601977757437038
5.176111478514723,-1.2679170278729655,0.6409375,0.0,2.5,0.8680648895801577
5.176111478514723,-1.2579170278729657,0.6409375,0.0,2.5,0.8488577472599224
5.176111478514723,-1.2479170278729659,0.6409375,0.0,2.5,0.8574757166482281
5.176111478514723,-1.237917027872966,0.6409375,0.0,2.5,0.9073562628708385
5.176111478514723,-1.2279170278729663,0.6008,0.0,2.5,0.9821640641810508
5.176111478514723,-1.2179170278729665,0.6409375,0.0,2.5,0.986853743229601
5.176111478514723,-1.2079170278729667,0.6409375,0.0,2.5,0.9853774573244573
5.176111478514723,-1.197917027872967,0.6409375,0.0,2.5,0.9611276125875254
5.176111478514723,-1.1879170278729672,0.6008,0.0,2.5,0.9565625235935787
5.176111478514723,-1.1779170278729674,0.6008,0.0,2.5,0.9543243235768522
5.176111478514723,-1.1679170278729676,0.6409375,0.0,2.5,0.9545341057511126
5.176111478514723,-1.1579170278729678,0.6409375,0.0,2.5,0.9569238002163667
5.176111478514723,-1.147917027872968,0.6409375,0.0,2.5,0.958494753386779
5.176111478514723,-1.1379170278729682,0.6409375,0.0,2.5,0.950879904456602
5.176111478514723,-1.1279170278729684,0.6409375,0.0,2.5,0.8528487387394996
5.176111478514723,-1.1179170278729686,0.6409375,0.0,2.5,0.8647710860047266
5.186111478514722,-1.4879170278729608,0.7391525423728812,0.0,2.5,0.8255227153997389
5.186111478514722,-1.477917027872961,0.7391525423728812,0.0,2.5,0.8393630914957858
5.186111478514722,-1.4679170278729612,0.7391525423728812,0.0,2.5,0.8423439461534431
5.186111478514722,-1.4579170278729614,0.7391525423728812,0.0,2.5,0.8492370675340045
5.186111478514722,-1.4479170278729616,0.7038888888888889,0.0,2.5,0.8527711324929242
5.186111478514722,-1.4379170278729618,0.7038888888888889,0.0,2.5,0.8603553172007627
5.186111478514722,-1.427917027872962,0.6970270270270269,0.0,2.5,0.8573984585564042
5.186111478514722,-1.4179170278729623,0.6970270270270269,0.0,2.5,0.8664616696519238
5.186111478514722,-1.4079170278729625,0.6970270270270269,0.0,2.5,0.8742081633844706
5.186111478514722,-1.3979170278729627,0.6970270270270269,0.0,2.5,0.8699925085384177
5.186111478514722,-1.387917027872963,0.6409375,0.0,2.5,0.8667506015896097
5.186111478514722,-1.377917027872963,0.6409375,0.0,2.5,0.8668893952850715
5.186111478514722,-1.3679170278729633,0.6409375,0.0,2.5,0.8764616714980735
5.186111478514722,-1.3579170278729635,0.6409375,0.0,2.5,0.8774139574421467
5.186111478514722,-1.3479170278729637,0.6409375,0.0,2.5,0.8769808044389167
5.186111478514722,-1.337917027872964,0.6409375,0.0,2.5,0.8850551777454829
5.186111478514722,-1.3279170278729642,0.6409375,0.0,2.5,0.8804667207253398
5.186111478514722,-1.3179170278729644,0.6409375,0.0,2.5,0.8773456691101228
5.186111478514722,-1.3079170278729646,0.6409375,0.0,2.5,0.8755664166433703
5.186111478514722,-1.2979170278729648,0.6409375,0.0,2.5,0.8360040604797885
5.186111478514722,-1.287917027872965,0.6409375,0.0,2.5,0.8649592153941306
5.186111478514722,-1.2779170278729652,0.6409375,0.0,2.5,0.8518893392431299
5.186111478514722,-1.2679170278729655,0.6409375,0.0,2.5,0.8640764354861183
5.186111478514722,-1.2579170278729657,0.6409375,0.0,2.5,0.8280937515605931
5.186111478514722,-1.2479170278729659,0.6409375,0.0,2.5,0.8449551853232486
5.186111478514722,-1.237917027872966,0.6409375,0.0,2.5,0.8528314966714495
5.186111478514722,-1.2279170278729663,0.6409375,0.0,2.5,0.8361588873719278
5.186111478514722,-1.2179170278729665,0.6409375,0.0,2.5,0.8917804185406076
5.186111478514722,-1.2079170278729667,0.6409375,0.0,2.5,0.9695044817063181
5.186111478514722,-1.197917027872967,0.6008,0.0,2.5,0.9786337149186072
5.186111478514722,-1.1879170278729672,0.6008,0.0,2.5,0.9828552462729232
5.186111478514722,-1.1779170278729674,0.6008,0.0,2.5,0.9595928903653033
5.186111478514722,-1.1679170278729676,0.6008,0.0,2.5,0.9627750692011791
5.186111478514722,-1.1579170278729678,0.6409375,0.0,2.5,0.9526576569101854
5.186111478514722,-1.147917027872968,0.6409375,0.0,2.5,0.9559270590851758
5.186111478514722,-1.1379170278729682,0.6409375,0.0,2.5,0.8641200302213766
5.186111478514722,-1.1279170278729684,0.6409375,0.0,2.5,0.8654642846025592
5.186111478514722,-1.1179170278729686,0.6409375,0.0,2.5,0.8891508231429373
5.186111478514722,-1.1079170278729689,0.6409375,0.0,2.5,0.8751912959871718
5.196111478514722,-1.477917027872961,0.7391525423728812,0.0,2.5,0.8592316824375026
5.196111478514722,-1.4679170278729612,0.7391525423728812,0.0,2.5,0.855770585714424
5.196111478514722,-1.4579170278729614,0.7038888888888889,0.0,2.5,0.8619330129065297
5.196111478514722,-1.4479170278729616,0.7038888888888889,0.0,2.5,0.8602599231130292
5.196111478514722,-1.4379170278729618,0.6970270270270269,0.0,2.5,0.8640575807175348
5.196111478514722,-1.427917027872962,0.6970270270270269,0.0,2.5,0.8611979184473508
5.196111478514722,-1.4179170278729623,0.6970270270270269,0.0,2.5,0.8635847052360712
5.196111478514722,-1.4079170278729625,0.6970270270270269,0.0,2.5,0.8671625688139348
5.196111478514722,-1.3979170278729627,0.6970270270270269,0.0,2.5,0.861555830073653
5.196111478514722,-1.387917027872963,0.6409375,0.0,2.5,0.8694154063885757
5.196111478514722,-1.377917027872963,0.6970270270270269,0.0,2.5,0.8110015817412702
5.196111478514722,-1.3679170278729633,0.6409375,0.0,2.5,0.827359973277229
5.196111478514722,-1.3579170278729635,0.6409375,0.0,2.5,0.8312163127142451
5.196111478514722,-1.3479170278729637,0.6409375,0.0,2.5,0.8301309325403223
5.196111478514722,-1.337917027872964,0.6409375,0.0,2.5,0.8296113943568325
5.196111478514722,-1.3279170278729642,0.6409375,0.0,2.5,0.8323123758180224
5.196111478514722,-1.3179170278729644,0.6409375,0.0,2.5,0.824321166873927
5.196111478514722,-1.3079170278729646,0.6409375,0.0,2.5,0.7996145755340501
5.196111478514722,-1.2979170278729648,0.6409375,0.0,2.5,0.8018464358232528
5.196111478514722,-1.287917027872965,0.6409375,0.0,2.5,0.7953909252530745
5.196111478514722,-1.2779170278729652,0.6409375,0.0,2.5,0.8065084306282698
5.196111478514722,-1.2679170278729655,0.6409375,0.0,2.5,0.8326693983700117
5.196111478514722,-1.2579170278729657,0.6409375,0.0,2.5,0.8474884033809786
5.196111478514722,-1.2479170278729659,0.6409375,0.0,2.5,0.84285397748457
5.196111478514722,-1.237917027872966,0.6409375,0.0,2.5,0.8206289150971687
5.196111478514722,-1.2279170278729663,0.6970270270270269,0.0,2.5,0.7927197683745025
5.196111478514722,-1.2179170278729665,0.6409375,0.0,2.5,0.8160110322661961
5.196111478514722,-1.2079170278729667,0.6409375,0.0,2.5,0.866580351451301
5.196111478514722,-1.197917027872967,0.6409375,0.0,2.5,0.9165068721979128
5.196111478514722,-1.1879170278729672,0.6409375,0.0,2.5,0.963745857816443
5.196111478514722,-1.1779170278729674,0.6008,0.0,2.5,0.9696968738234106
5.196111478514722,-1.1679170278729676,0.6409375,0.0,2.5,0.9719791347884673
5.196111478514722,-1.1579170278729678,0.6409375,0.0,2.5,0.9538411055222218
5.196111478514722,-1.147917027872968,0.6409375,0.0,2.5,0.9362622170331639
5.196111478514722,-1.1379170278729682,0.6409375,0.0,2.5,0.8636960210696607
5.196111478514722,-1.1279170278729684,0.6409375,0.0,2.5,0.8860113293733679
5.196111478514722,-1.1179170278729686,0.6409375,0.0,2.5,0.8906902128786385
5.196111478514722,-1.1079170278729689,0.6409375,0.0,2.5,0.8849682129179007
5.196111478514722,-1.097917027872969,0.6409375,0.0,2.5,0.8908579332312022
5.196111478514722,-1.0879170278729693,0.6409375,0.0,2.5,0.8951088156602443
5.196111478514722,-1.0779170278729695,0.6409375,0.0,2.5,0.8890923868258589
5.196111478514722,-1.0679170278729697,0.6409375,0.0,2.5,0.8449974425997216
5.206111478514722,-1.4579170278729614,0.7391525423728812,0.0,2.5,0.8424940056317711
5.206111478514722,-1.4479170278729616,0.7391525423728812,0.0,2.5,0.8359693713335691
5.206111478514722,-1.4379170278729618,0.7391525423728812,0.0,2.5,0.814577625399878
5.206111478514722,-1.427917027872962,0.7038888888888889,0.0,2.5,0.816494594587453
5.206111478514722,-1.4179170278729623,0.7038888888888889,0.0,2.5,0.8219415515463382
5.206111478514722,-1.4079170278729625,0.6970270270270269,0.0,2.5,0.8296498111624042
5.206111478514722,-1.3979170278729627,0.6970270270270269,0.0,2.5,0.8258226004635483
5.206111478514722,-1.387917027872963,0.6409375,0.0,2.5,0.8423032996438947
5.206111478514722,-1.377917027872963,0.6409375,0.0,2.5,0.8414609457275597
5.206111478514722,-1.3679170278729633,0.6409375,0.0,2.5,0.8437789115105306
5.206111478514722,-1.3579170278729635,0.6409375,0.0,2.5,0.7972008084323584
5.206111478514722,-1.3479170278729637,0.6409375,0.0,2.5,0.7924899940091453
5.206111478514722,-1.337917027872964,0.6409375,0.0,2.5,0.794225005521383
5.206111478514722,-1.3279170278729642,0.6409375,0.0,2.5,0.791502759380074
5.206111478514722,-1.3179170278729644,0.6409375,0.0,2.5,0.7883282413138814
5.206111478514722,-1.3079170278729646,0.6409375,0.0,2.5,0.8041013555238927
5.206111478514722,-1.2979170278729648,0.6970270270270269,0.0,2.5,0.7466578820843913
5.206111478514722,-1.287917027872965,0.6970270270270269,0.0,2.5,0.7507087640411709
5.206111478514722,-1.2779170278729652,0.6409375,0.0,2.5,0.7896179232427045
5.206111478514722,-1.2679170278729655,0.6409375,0.0,2.5,0.8102858174860067
5.206111478514722,-1.2579170278729657,0.6409375,0.0,2.5,0.8224745274733832
5.206111478514722,-1.2479170278729659,0.6409375,0.0,2.5,0.832024690972445
5.206111478514722,-1.237917027872966,0.6409375,0.0,2.5,0.8078831255735747
5.206111478514722,-1.2279170278729663,0.6409375,0.0,2.5,0.8192463948569698
5.206111478514722,-1.2179170278729665,0.6970270270270269,0.0,2.5,0.8141323648252506
5.206111478514722,-1.2079170278729667,0.6409375,0.0,2.5,0.8140762220237844
5.206111478514722,-1.197917027872967,0.6409375,0.0,2.5,0.8397427448618414
5.206111478514722,-1.1879170278729672,0.6409375,0.0,2.5,0.8585103500903413
5.206111478514722,-1.1779170278729674,0.6409375,0.0,2.5,0.8949515650036836
5.206111478514722,-1.1679170278729676,0.6409375,0.0,2.5,0.96880634180904
5.206111478514722,-1.1579170278729678,0.6008,0.0,2.5,0.9636969675006853
5.206111478514722,-1.147917027872968,0.6409375,0.0,2.5,0.9256253629176631
5.206111478514722,-1.1379170278729682,0.6409375,0.0,2.5,0.9040804314683911
5.206111478514722,-1.1279170278729684,0.6409375,0.0,2.5,0.8894294434995322
5.206111478514722,-1.1179170278729686,0.6409375,0.0,2.5,0.8803864581657839
5.206111478514722,-1.1079170278729689,0.6409375,0.0,2.5,0.8930637291322095
5.206111478514722,-1.097917027872969,0.6409375,0.0,2.5,0.8879254710259933
5.206111478514722,-1.0879170278729693,0.6409375,0.0,2.5,0.8905630853106561
5.206111478514722,-1.0779170278729695,0.6409375,0.0,2.5,0.8921519570158855
5.206111478514722,-1.0679170278729697,0.6409375,0.0,2.5,0.8924547234271661
5.206111478514722,-1.05791702787297,0.6409375,0.0,2.5,0.853196782228677
5.206111478514722,-1.0479170278729701,0.6409375,0.0,2.5,0.868737385753864
5.206111478514722,-1.0379170278729704,0.6409375,0.0,2.5,0.8811420041740167
5.206111478514722,-1.0279170278729706,0.6409375,0.0,2.5,0.8844559788629912
5.206111478514722,-1.0179170278729708,0.6970270270270269,0.0,2.5,0.8842293755577509
5.206111478514722,-1.007917027872971,0.6970270270270269,0.0,2.5,0.8900458964722935
5.206111478514722,-0.9979170278729712,0.6970270270270269,0.0,2.5,0.8849457995541347
5.206111478514722,-0.9879170278729714,0.6409375,0.0,2.5,0.8881007563804625
5.206111478514722,-0.9779170278729716,0.6409375,0.0,2.5,0.8818105644027706
5.206111478514722,-0.9679170278729718,0.6409375,0.0,2.5,0.8953928111990287
5.206111478514722,-0.9579170278729721,0.6409375,0.0,2.5,0.8771978782020015
5.206111478514722,-0.9479170278729723,0.6409375,0.0,2.5,0.8849013628616589
5.206111478514722,-0.9379170278729725,0.6409375,0.0,2.5,0.887866741061851
5.206111478514722,-0.9279170278729727,0.6409375,0.0,2.5,0.8857995091140005
5.206111478514722,-0.9179170278729729,0.6409375,0.0,2.5,0.892008200738249
5.206111478514722,-0.9079170278729731,0.6409375,0.0,2.5,0.89653526107112
5.206111478514722,-0.8979170278729733,0.6409375,0.0,2.5,0.8950005388488979
5.206111478514722,-0.8879170278729736,0.6409375,0.0,2.5,0.893446457982317
5.206111478514722,-0.8779170278729738,0.6409375,0.0,2.5,0.8975028191142379
5.206111478514722,-0.867917027872974,0.6409375,0.0,2.5,0.893446457982317
5.206111478514722,-0.8579170278729742,0.6409375,0.0,2.5,0.8920436802045392
5.216111478514722,-1.4479170278729616,0.6970270270270269,0.0,2.5,0.8975450512679566
5.216111478514722,-1.4379170278729618,0.6970270270270269,0.0,2.5,0.9035736717243814
5.216111478514722,-1.427917027872962,0.6970270270270269,0.0,2.5,0.875546435354258
5.216111478514722,-1.4179170278729623,0.6970270270270269,0.0,2.5,0.867441084643978
5.216111478514722,-1.4079170278729625,0.6970270270270269,0.0,2.5,0.8531574937746427
5.216111478514722,-1.3979170278729627,0.6970270270270269,0.0,2.5,0.8527395217020345
5.216111478514722,-1.387917027872963,0.6409375,0.0,2.5,0.8771107214678634
5.216111478514722,-1.377917027872963,0.6409375,0.0,2.5,0.891006689229079
5.216111478514722,-1.3679170278729633,0.6409375,0.0,2.5,0.8775347702714497
5.216111478514722,-1.3579170278729635,0.6409375,0.0,2.5,0.882187855106637
5.216111478514722,-1.3479170278729637,0.6409375,0.0,2.5,0.8703086853996365
5.216111478514722,-1.337917027872964,0.6409375,0.0,2.5,0.8334828156103219
5.216111478514722,-1.3279170278729642,0.6409375,0.0,2.5,0.83961953024501
5.216111478514722,-1.3179170278729644,0.6409375,0.0,2.5,0.788898341331317
5.216111478514722,-1.3079170278729646,0.6409375,0.0,2.5,0.8062741544547539
5.216111478514722,-1.2979170278729648,0.6970270270270269,0.0,2.5,0.7379250388203584
5.216111478514722,-1.287917027872965,0.6970270270270269,0.0,2.5,0.7737180721417969
5.216111478514722,-1.2779170278729652,0.6409375,0.0,2.5,0.7990254115974825
5.216111478514722,-1.2679170278729655,0.6409375,0.0,2.5,0.8051426782026558
5.216111478514722,-1.2579170278729657,0.6409375,0.0,2.5,0.8120614209146707
5.216111478514722,-1.2479170278729659,0.6409375,0.0,2.5,0.8062038623677352
5.216111478514722,-1.237917027872966,0.6970270270270269,0.0,2.5,0.7807147664898861
5.216111478514722,-1.2279170278729663,0.6970270270270269,0.0,2.5,0.7940966194788922
5.216111478514722,-1.2179170278729665,0.6970270270270269,0.0,2.5,0.789531178479621
5.216111478514722,-1.2079170278729667,0.6970270270270269,0.0,2.5,0.8030296976802591
5.216111478514722,-1.197917027872967,0.6409375,0.0,2.5,0.8022397214919522
5.216111478514722,-1.1879170278729672,0.6409375,0.0,2.5,0.8264788450874251
5.216111478514722,-1.1779170278729674,0.6409375,0.0,2.5,0.8662001348713344
5.216111478514722,-1.1679170278729676,0.6409375,0.0,2.5,0.8899206807445682
5.216111478514722,-1.1579170278729678,0.6409375,0.0,2.5,0.9261710601629286
5.216111478514722,-1.147917027872968,0.6409375,0.0,2.5,0.8992761610277464
5.216111478514722,-1.1379170278729682,0.6409375,0.0,2.5,0.8684952408460538
5.216111478514722,-1.1279170278729684,0.6409375,0.0,2.5,0.8039996076845471
5.216111478514722,-1.1179170278729686,0.6409375,0.0,2.5,0.8563271952531525
5.216111478514722,-1.1079170278729689,0.6409375,0.0,2.5,0.8546414051323586
5.216111478514722,-1.097917027872969,0.6409375,0.0,2.5,0.8716067124289344
5.216111478514722,-1.0879170278729693,0.6409375,0.0,2.5,0.8900890071992528
5.216111478514722,-1.0779170278729695,0.6409375,0.0,2.5,0.8785755594952915
5.216111478514722,-1.0679170278729697,0.6409375,0.0,2.5,0.8951088156602443
5.216111478514722,-1.05791702787297,0.6409375,0.0,2.5,0.8777028412024307
5.216111478514722,-1.0479170278729701,0.6409375,0.0,2.5,0.851708492069016
5.216111478514722,-1.0379170278729704,0.6409375,0.0,2.5,0.8781412509804757
5.216111478514722,-1.0279170278729706,0.6409375,0.0,2.5,0.8796072819517944
5.216111478514722,-1.0179170278729708,0.6970270270270269,0.0,2.5,0.8812231843068472
5.216111478514722,-1.007917027872971,0.6970270270270269,0.0,2.5,0.8861332081878497
5.216111478514722,-0.9979170278729712,0.6970270270270269,0.0,2.5,0.8880839352494828
5.216111478514722,-0.9879170278729714,0.6409375,0.0,2.5,0.8879923559261048
5.216111478514722,-0.9779170278729716,0.6409375,0.0,2.5,0.8907937261359321
5.216111478514722,-0.9679170278729718,0.6409375,0.0,2.5,0.881546696025296
5.216111478514722,-0.9579170278729721,0.6409375,0.0,2.5,0.9092434073068449
5.216111478514722,-0.9479170278729723,0.6409375,0.0,2.5,0.8819237343792876
5.216111478514722,-0.9379170278729725,0.6409375,0.0,2.5,0.8848417845914204
5.216111478514722,-0.9279170278729727,0.6409375,0.0,2.5,0.8848659878683104
5.216111478514722,-0.9179170278729729,0.6409375,0.0,2.5,0.8920352741564517
5.216111478514722,-0.9079170278729731,0.6409375,0.0,2.5,0.89653526107112
5.216111478514722,-0.8979170278729733,0.6409375,0.0,2.5,0.89653526107112
5.216111478514722,-0.8879170278729736,0.6409375,0.0,2.5,0.8976347635586823
5.216111478514722,-0.8779170278729738,0.6409375,0.0,2.5,0.8963098235107206
5.216111478514722,-0.867917027872974,0.6409375,0.0,2.5,0.8932897116728213
5.216111478514722,-0.8579170278729742,0.6409375,0.0,2.5,0.8947118480949577
5.216111478514722,-0.8479170278729744,0.6409375,0.0,2.5,0.8963098235107206
5.216111478514722,-0.8379170278729746,0.6409375,0.0,2.5,0.8963098235107206
5.216111478514722,-0.8279170278729748,0.6409375,0.0,2.5,0.8963098235107206
5.216111478514722,-0.817917027872975,0.6970270270270269,0.0,2.5,0.8963098235107206
5.216111478514722,-0.8079170278729753,0.6970270270270269,0.0,2.5,0.8991694857809044
5.226111478514722,-1.4379170278729618,0.6970270270270269,0.0,2.5,0.8892666414947237
5.226111478514722,-1.427917027872962,0.6970270270270269,0.0,2.5,0.8842953307482591
5.226111478514722,-1.4179170278729623,0.6970270270270269,0.0,2.5,0.8543863045058242
5.226111478514722,-1.4079170278729625,0.6970270270270269,0.0,2.5,0.8386162038102183
5.226111478514722,-1.3979170278729627,0.6970270270270269,0.0,2.5,0.8096527299286277
5.226111478514722,-1.387917027872963,0.6970270270270269,0.0,2.5,0.8183293440875445
5.226111478514722,-1.377917027872963,0.6409375,0.0,2.5,0.8476993955692194
5.226111478514722,-1.3679170278729633,0.6409375,0.0,2.5,0.8695303057038009
5.226111478514722,-1.3579170278729635,0.6409375,0.0,2.5,0.8748619370599564
5.226111478514722,-1.3479170278729637,0.6409375,0.0,2.5,0.861361049666815
5.226111478514722,-1.337917027872964,0.6409375,0.0,2.5,0.8598981452566784
5.226111478514722,-1.3279170278729642,0.6409375,0.0,2.5,0.8172465554057367
5.226111478514722,-1.3179170278729644,0.6409375,0.0,2.5,0.7708878452927124
5.226111478514722,-1.3079170278729646,0.6409375,0.0,2.5,0.7541707818904484
5.226111478514722,-1.2979170278729648,0.6970270270270269,0.0,2.5,0.7354059281597415
5.226111478514722,-1.287917027872965,0.6970270270270269,0.0,2.5,0.7741295090591438
5.226111478514722,-1.2779170278729652,0.6970270270270269,0.0,2.5,0.7938418759511503
5.226111478514722,-1.2679170278729655,0.6970270270270269,0.0,2.5,0.8089472316589282
5.226111478514722,-1.2579170278729657,0.6970270270270269,0.0,2.5,0.8081208119341148
5.226111478514722,-1.2479170278729659,0.6970270270270269,0.0,2.5,0.8078369471258837
5.226111478514722,-1.237917027872966,0.6970270270270269,0.0,2.5,0.7950062900765678
5.226111478514722,-1.2279170278729663,0.6970270270270269,0.0,2.5,0.7961177091117662
5.226111478514722,-1.2179170278729665,0.6970270270270269,0.0,2.5,0.7911208404868612
5.226111478514722,-1.2079170278729667,0.6970270270270269,0.0,2.5,0.7688201045098989
5.226111478514722,-1.197917027872967,0.6970270270270269,0.0,2.5,0.7797567952297167
5.226111478514722,-1.1879170278729672,0.6970270270270269,0.0,2.5,0.7622048281885798
5.226111478514722,-1.1779170278729674,0.6409375,0.0,2.5,0.7869420696334011
5.226111478514722,-1.1679170278729676,0.6409375,0.0,2.5,0.80862828866846
5.226111478514722,-1.1579170278729678,0.6409375,0.0,2.5,0.8047805101658202
5.226111478514722,-1.147917027872968,0.6409375,0.0,2.5,0.7714013992999139
5.226111478514722,-1.1379170278729682,0.6409375,0.0,2.5,0.7994951731983806
5.226111478514722,-1.1279170278729684,0.6409375,0.0,2.5,0.826379147980342
5.226111478514722,-1.1179170278729686,0.6409375,0.0,2.5,0.8566068743123791
5.226111478514722,-1.1079170278729689,0.6409375,0.0,2.5,0.855882567863168
5.226111478514722,-1.097917027872969,0.6409375,0.0,2.5,0.8214642214298917
5.226111478514722,-1.0879170278729693,0.6409375,0.0,2.5,0.8026914292672654
5.226111478514722,-1.0779170278729695,0.6409375,0.0,2.5,0.8751576752849378
5.226111478514722,-1.0679170278729697,0.6409375,0.0,2.5,0.8826045473224938
5.226111478514722,-1.05791702787297,0.6409375,0.0,2.5,0.8891643052030421
5.226111478514722,-1.0479170278729701,0.6409375,0.0,2.5,0.8910594726494978
5.226111478514722,-1.0379170278729704,0.6409375,0.0,2.5,0.8501737698467937
5.226111478514722,-1.0279170278729706,0.6409375,0.0,2.5,0.8829406152851277
5.226111478514722,-1.0179170278729708,0.6970270270270269,0.0,2.5,0.8812739486184611
5.226111478514722,-1.007917027872971,0.6970270270270269,0.0,2.5,0.8811599311133066
5.226111478514722,-0.9979170278729712,0.6409375,0.0,2.5,0.8915806186945158
5.226111478514722,-0.9879170278729714,0.6409375,0.0,2.5,0.888127829798665
5.226111478514722,-0.9779170278729716,0.6409375,0.0,2.5,0.8897480644027704
5.226111478514722,-0.9679170278729718,0.6409375,0.0,2.5,0.8910821509296445
5.226111478514722,-0.9579170278729721,0.6409375,0.0,2.5,0.9303111594877843
5.226111478514722,-0.9479170278729723,0.6409375,0.0,2.5,0.9153962167827291
5.226111478514722,-0.9379170278729725,0.6409375,0.0,2.5,0.8881027517505478
5.226111478514722,-0.9279170278729727,0.6409375,0.0,2.5,0.8863103629673753
5.226111478514722,-0.9179170278729729,0.6409375,0.0,2.5,0.8873758286575097
5.226111478514722,-0.9079170278729731,0.6409375,0.0,2.5,0.8979628150392052
5.226111478514722,-0.8979170278729733,0.6409375,0.0,2.5,0.8981386540328318
5.226111478514722,-0.8879170278729736,0.6409375,0.0,2.5,0.8975492511767987
5.226111478514722,-0.8779170278729738,0.6409375,0.0,2.5,0.8975492511767987
5.226111478514722,-0.867917027872974,0.6409375,0.0,2.5,0.8978445457329426
5.226111478514722,-0.8579170278729742,0.6409375,0.0,2.5,0.8948876870885842
5.226111478514722,-0.8479170278729744,0.6409375,0.0,2.5,0.8948876870885842
5.226111478514722,-0.8379170278729746,0.6409375,0.0,2.5,0.8978445457329426
5.226111478514722,-0.8279170278729748,0.6409375,0.0,2.5,0.8978445457329426
5.226111478514722,-0.817917027872975,0.6409375,0.0,2.5,0.8978445457329426
5.226111478514722,-0.8079170278729753,0.6970270270270269,0.0,2.5,0.8978445457329426
5.226111478514722,-0.7979170278729755,0.6970270270270269,0.0,2.5,0.896224311128837
5.236111478514721,-1.427917027872962,0.6970270270270269,0.0,2.5,0.8867618832622164
5.236111478514721,-1.4179170278729623,0.6970270270270269,0.0,2.5,0.8626223477755457
5.236111478514721,-1.4079170278729625,0.6970270270270269,0.0,2.5,0.8290241728475106
5.236111478514721,-1.3979170278729627,0.6970270270270269,0.0,2.5,0.8054714558325112
5.236111478514721,-1.387917027872963,0.6970270270270269,0.0,2.5,0.8211839959621583
5.236111478514721,-1.377917027872963,0.6409375,0.0,2.5,0.8524988943164632
5.236111478514721,-1.3679170278729633,0.6409375,0.0,2.5,0.8688919747709846
5.236111478514721,-1.3579170278729635,0.6409375,0.0,2.5,0.853364208354415
5.236111478514721,-1.3479170278729637,0.6409375,0.0,2.5,0.8270488215458668
5.236111478514721,-1.337917027872964,0.6409375,0.0,2.5,0.81753959710781
5.236111478514721,-1.3279170278729642,0.6409375,0.0,2.5,0.8262092402910555
5.236111478514721,-1.3179170278729644,0.6409375,0.0,2.5,0.7888680510667047
5.236111478514721,-1.3079170278729646,0.6970270270270269,0.0,2.5,0.7455032600464999
5.236111478514721,-1.2979170278729648,0.6970270270270269,0.0,2.5,0.758696763951498
5.236111478514721,-1.287917027872965,0.6970270270270269,0.0,2.5,0.7790257297548806
5.236111478514721,-1.2779170278729652,0.6970270270270269,0.0,2.5,0.8044695703700444
5.236111478514721,-1.2679170278729655,0.6970270270270269,0.0,2.5,0.8115579420841335
5.236111478514721,-1.2579170278729657,0.6970270270270269,0.0,2.5,0.7993293093096594
5.236111478514721,-1.2479170278729659,0.6970270270270269,0.0,2.5,0.803476262038483
5.236111478514721,-1.237917027872966,0.6970270270270269,0.0,2.5,0.7824843478788631
5.236111478514721,-1.2279170278729663,0.6970270270270269,0.0,2.5,0.7854425816647047
5.236111478514721,-1.2179170278729665,0.6970270270270269,0.0,2.5,0.7805338364759027
5.236111478514721,-1.2079170278729667,0.6970270270270269,0.0,2.5,0.779398959579526
5.236111478514721,-1.197917027872967,0.6970270270270269,0.0,2.5,0.7694988264272211
5.236111478514721,-1.1879170278729672,0.6970270270270269,0.0,2.5,0.7556561587943461
5.236111478514721,-1.1779170278729674,0.6409375,0.0,2.5,0.762823665649664
5.236111478514721,-1.1679170278729676,0.6970270270270269,0.0,2.5,0.7413464626744594
5.236111478514721,-1.1579170278729678,0.6409375,0.0,2.5,0.7561600618048286
5.236111478514721,-1.147917027872968,0.6409375,0.0,2.5,0.7837933138265172
5.236111478514721,-1.1379170278729682,0.6409375,0.0,2.5,0.815633080737486
5.236111478514721,-1.1279170278729684,0.6409375,0.0,2.5,0.8444713252631899
5.236111478514721,-1.1179170278729686,0.6409375,0.0,2.5,0.833464286458711
5.236111478514721,-1.1079170278729689,0.6409375,0.0,2.5,0.8598975091333187
5.236111478514721,-1.097917027872969,0.6409375,0.0,2.5,0.8637074264356738
5.236111478514721,-1.0879170278729693,0.6409375,0.0,2.5,0.8211215254574965
5.236111478514721,-1.0779170278729695,0.6409375,0.0,2.5,0.8324263839251792
5.236111478514721,-1.0679170278729697,0.6409375,0.0,2.5,0.8282561287335398
5.236111478514721,-1.05791702787297,0.6409375,0.0,2.5,0.8298787231199061
5.236111478514721,-1.0479170278729701,0.6409375,0.0,2.5,0.8517743838163331
5.236111478514721,-1.0379170278729704,0.6409375,0.0,2.5,0.8906855453651598
5.236111478514721,-1.0279170278729706,0.6409375,0.0,2.5,0.8959458588870609
5.236111478514721,-1.0179170278729708,0.6970270270270269,0.0,2.5,0.8811420041740167
5.236111478514721,-1.007917027872971,0.6409375,0.0,2.5,0.8814329664811078
5.236111478514721,-0.9979170278729712,0.6409375,0.0,2.5,0.883176349543491
5.236111478514721,-0.9879170278729714,0.6409375,0.0,2.5,0.889618657471705
5.236111478514721,-0.9779170278729716,0.6409375,0.0,2.5,0.8928604114816604
5.236111478514721,-0.9679170278729718,0.6409375,0.0,2.5,0.8928200463605943
5.236111478514721,-0.9579170278729721,0.6409375,0.0,2.5,0.8911562802379116
5.236111478514721,-0.9479170278729723,0.6409375,0.0,2.5,0.9334101969989984
5.236111478514721,-0.9379170278729725,0.6409375,0.0,2.5,0.9123273730077718
5.236111478514721,-0.9279170278729727,0.6409375,0.0,2.5,0.8910021895912249
5.236111478514721,-0.9179170278729729,0.6409375,0.0,2.5,0.8848714054142593
5.236111478514721,-0.9079170278729731,0.6409375,0.0,2.5,0.8963312166634206
5.236111478514721,-0.8979170278729733,0.6409375,0.0,2.5,0.9012080984772759
5.236111478514721,-0.8879170278729736,0.6409375,0.0,2.5,0.9006602929425302
5.236111478514721,-0.8779170278729738,0.6409375,0.0,2.5,0.8992110831021913
5.236111478514721,-0.867917027872974,0.6409375,0.0,2.5,0.8976347635586821
5.236111478514721,-0.8579170278729742,0.6409375,0.0,2.5,0.8991110494638256
5.236111478514721,-0.8479170278729744,0.6409375,0.0,2.5,0.8963639729937277
5.236111478514721,-0.8379170278729746,0.6409375,0.0,2.5,0.8963639729937277
5.236111478514721,-0.8279170278729748,0.6409375,0.0,2.5,0.8963639729937277
5.236111478514721,-0.817917027872975,0.6409375,0.0,2.5,0.8963098235107204
5.236111478514721,-0.8079170278729753,0.6970270270270269,0.0,2.5,0.8946895889066148
5.236111478514721,-0.7979170278729755,0.6409375,0.0,2.5,0.928945075692209
5.236111478514721,-0.7879170278729757,0.6970270270270269,0.0,2.5,0.922882592828068
5.246111478514721,-1.427917027872962,0.6970270270270269,0.0,2.5,0.8805984383701045
5.246111478514721,-1.4179170278729623,0.6970270270270269,0.0,2.5,0.8549422377038318
5.246111478514721,-1.4079170278729625,0.6970270270270269,0.0,2.5,0.8278276070614338
5.246111478514721,-1.3979170278729627,0.6970270270270269,0.0,2.5,0.816042754422201
5.246111478514721,-1.387917027872963,0.6970270270270269,0.0,2.5,0.8235506147001549
5.246111478514721,-1.377917027872963,0.6409375,0.0,2.5,0.8580370129772209
5.246111478514721,-1.3679170278729633,0.6409375,0.0,2.5,0.844241675016106
5.246111478514721,-1.3579170278729635,0.6409375,0.0,2.5,0.824020746343484
5.246111478514721,-1.3479170278729637,0.6409375,0.0,2.5,0.8177147701770817
5.246111478514721,-1.337917027872964,0.6409375,0.0,2.5,0.8288994085601397
5.246111478514721,-1.3279170278729642,0.6409375,0.0,2.5,0.8392516439613399
5.246111478514721,-1.3179170278729644,0.6409375,0.0,2.5,0.8011401164035561
5.246111478514721,-1.3079170278729646,0.6970270270270269,0.0,2.5,0.7333795893561692
5.246111478514721,-1.2979170278729648,0.7038888888888889,0.0,2.5,0.715398339744589
5.246111478514721,-1.287917027872965,0.6970270270270269,0.0,2.5,0.7583798746677
5.246111478514721,-1.2779170278729652,0.6970270270270269,0.0,2.5,0.7861821856471203
5.246111478514721,-1.2679170278729655,0.6970270270270269,0.0,2.5,0.825672595687593
5.246111478514721,-1.2579170278729657,0.6970270270270269,0.0,2.5,0.8100006231474881
5.246111478514721,-1.2479170278729659,0.6970270270270269,0.0,2.5,0.801978712389391
5.246111478514721,-1.237917027872966,0.6970270270270269,0.0,2.5,0.793490632011538
5.246111478514721,-1.2279170278729663,0.6970270270270269,0.0,2.5,0.7748741559364735
5.246111478514721,-1.2179170278729665,0.6970270270270269,0.0,2.5,0.7607252806130353
5.246111478514721,-1.2079170278729667,0.6970270270270269,0.0,2.5,0.7661757428356673
5.246111478514721,-1.197917027872967,0.6970270270270269,0.0,2.5,0.7530904956310356
5.246111478514721,-1.1879170278729672,0.6409375,0.0,2.5,0.7679074438037792
5.246111478514721,-1.1779170278729674,0.6409375,0.0,2.5,0.7727990639183218
5.246111478514721,-1.1679170278729676,0.6409375,0.0,2.5,0.7630442163157081
5.246111478514721,-1.1579170278729678,0.6409375,0.0,2.5,0.7493424142239654
5.246111478514721,-1.147917027872968,0.6409375,0.0,2.5,0.7705257020892142
5.246111478514721,-1.1379170278729682,0.6409375,0.0,2.5,0.7771846037570181
5.246111478514721,-1.1279170278729684,0.6409375,0.0,2.5,0.8054900027039
5.246111478514721,-1.1179170278729686,0.6409375,0.0,2.5,0.8371318160084702
5.246111478514721,-1.1079170278729689,0.6409375,0.0,2.5,0.8377338510039187
5.246111478514721,-1.097917027872969,0.6409375,0.0,2.5,0.8377789399785988
5.246111478514721,-1.0879170278729693,0.6409375,0.0,2.5,0.8224085005754965
5.246111478514721,-1.0779170278729695,0.6409375,0.0,2.5,0.8480989179123541
5.246111478514721,-1.0679170278729697,0.6409375,0.0,2.5,0.8198515965569328
5.246111478514721,-1.05791702787297,0.6970270270270269,0.0,2.5,0.8188997155631406
5.246111478514721,-1.0479170278729701,0.6970270270270269,0.0,2.5,0.8065668283317134
5.246111478514721,-1.0379170278729704,0.6970270270270269,0.0,2.5,0.8512152650840987
5.246111478514721,-1.0279170278729706,0.6409375,0.0,2.5,0.8873607306917288
5.246111478514721,-1.0179170278729708,0.6409375,0.0,2.5,0.897549272360187
5.246111478514721,-1.007917027872971,0.6409375,0.0,2.5,0.8941889549210843
5.246111478514721,-0.9979170278729712,0.6409375,0.0,2.5,0.8829044355097896
5.246111478514721,-0.9879170278729714,0.6409375,0.0,2.5,0.8829149981679814
5.246111478514721,-0.9779170278729716,0.6409375,0.0,2.5,0.8871899270978698
5.246111478514721,-0.9679170278729718,0.6409375,0.0,2.5,0.8888101617019754
5.246111478514721,-0.9579170278729721,0.6409375,0.0,2.5,0.896018897736104
5.246111478514721,-0.9479170278729723,0.6409375,0.0,2.5,0.9559668339917332
5.246111478514721,-0.9379170278729725,0.6409375,0.0,2.5,0.9154509669352234
5.246111478514721,-0.9279170278729727,0.6409375,0.0,2.5,0.9193798256098781
5.246111478514721,-0.9179170278729729,0.6409375,0.0,2.5,0.8863867689921229
5.246111478514721,-0.9079170278729731,0.6409375,0.0,2.5,0.8953976954177307
5.246111478514721,-0.8979170278729733,0.6409375,0.0,2.5,0.9184603830100249
5.246111478514721,-0.8879170278729736,0.6409375,0.0,2.5,0.9284597714435692
5.246111478514721,-0.8779170278729738,0.6409375,0.0,2.5,0.9300800060476748
5.246111478514721,-0.867917027872974,0.6409375,0.0,2.5,0.9297854633989654
5.246111478514721,-0.8579170278729742,0.6409375,0.0,2.5,0.9281507075383776
5.246111478514721,-0.8479170278729744,0.6409375,0.0,2.5,0.9251305957004782
5.246111478514721,-0.8379170278729746,0.6409375,0.0,2.5,0.9190749825987689
5.246111478514721,-0.8279170278729748,0.6409375,0.0,2.5,0.9175402603765467
5.246111478514721,-0.817917027872975,0.6409375,0.0,2.5,0.9041080346255808
5.246111478514721,-0.8079170278729753,0.6409375,0.0,2.5,0.9145292522491807
5.246111478514721,-0.7979170278729755,0.6409375,0.0,2.5,0.9277681493122367
5.246111478514721,-0.7879170278729757,0.6970270270270269,0.0,2.5,0.9199951052322469
5.246111478514721,-0.7779170278729759,0.6970270270270269,0.0,2.5,0.9199951052322469
5.256111478514721,-1.427917027872962,0.6970270270270269,0.0,2.5,0.876257929741221
5.256111478514721,-1.4179170278729623,0.6970270270270269,0.0,2.5,0.8526505295849899
5.256111478514721,-1.4079170278729625,0.6970270270270269,0.0,2.5,0.8253800256310534
5.256111478514721,-1.3979170278729627,0.6970270270270269,0.0,2.5,0.8174952803423091
5.256111478514721,-1.387917027872963,0.6970270270270269,0.0,2.5,0.8185190619499892
5.256111478514721,-1.377917027872963,0.6970270270270269,0.0,2.5,0.8285934658295385
5.256111478514721,-1.3679170278729633,0.6970270270270269,0.0,2.5,0.8141168141576319
5.256111478514721,-1.3579170278729635,0.6970270270270269,0.0,2.5,0.7986927194028866
5.256111478514721,-1.3479170278729637,0.6409375,0.0,2.5,0.814781778799468
5.256111478514721,-1.337917027872964,0.6409375,0.0,2.5,0.8454077294428436
5.256111478514721,-1.3279170278729642,0.6409375,0.0,2.5,0.8471949884939497
5.256111478514721,-1.3179170278729644,0.6409375,0.0,2.5,0.802281136265057
5.256111478514721,-1.3079170278729646,0.6409375,0.0,2.5,0.7845192496831426
5.256111478514721,-1.2979170278729648,0.6970270270270269,0.0,2.5,0.7444704787082417
5.256111478514721,-1.287917027872965,0.7038888888888889,0.0,2.5,0.7210339729816104
5.256111478514721,-1.2779170278729652,0.7038888888888889,0.0,2.5,0.7406724684638857
5.256111478514721,-1.2679170278729655,0.6970270270270269,0.0,2.5,0.7832100013809001
5.256111478514721,-1.2579170278729657,0.6970270270270269,0.0,2.5,0.8181654336127789
5.256111478514721,-1.2479170278729659,0.7038888888888889,0.0,2.5,0.7839670081548462
5.256111478514721,-1.237917027872966,0.6970270270270269,0.0,2.5,0.8170039386504943
5.256111478514721,-1.2279170278729663,0.6970270270270269,0.0,2.5,0.8046356180260738
5.256111478514721,-1.2179170278729665,0.6970270270270269,0.0,2.5,0.7887087650243365
5.256111478514721,-1.2079170278729667,0.6970270270270269,0.0,2.5,0.7613803816946362
5.256111478514721,-1.197917027872967,0.6970270270270269,0.0,2.5,0.7404640268887953
5.256111478514721,-1.1879170278729672,0.6970270270270269,0.0,2.5,0.7526399995542964
5.256111478514721,-1.1779170278729674,0.6963859061883964,0.0,2.5,0.7615845217319707
5.256111478514721,-1.1679170278729676,0.6409375,0.0,2.5,0.7726887232415297
5.256111478514721,-1.1579170278729678,0.6409375,0.0,2.5,0.7679192744730645
5.256111478514721,-1.147917027872968,0.6409375,0.0,2.5,0.7625439163896434
5.256111478514721,-1.1379170278729682,0.6409375,0.0,2.5,0.7785446250495303
5.256111478514721,-1.1279170278729684,0.6409375,0.0,2.5,0.7881047130086184
5.256111478514721,-1.1179170278729686,0.6409375,0.0,2.5,0.8133607894113367
5.256111478514721,-1.1079170278729689,0.6409375,0.0,2.5,0.8209524559201057
5.256111478514721,-1.097917027872969,0.6409375,0.0,2.5,0.8133314872633836
5.256111478514721,-1.0879170278729693,0.6409375,0.0,2.5,0.7995302315323115
5.256111478514721,-1.0779170278729695,0.6970270270270269,0.0,2.5,0.7833974458047137
5.256111478514721,-1.0679170278729697,0.6970270270270269,0.0,2.5,0.7566620201926377
5.256111478514721,-1.05791702787297,0.6970270270270269,0.0,2.5,0.7845854730866221
5.256111478514721,-1.0479170278729701,0.6970270270270269,0.0,2.5,0.8221312192677667
5.256111478514721,-1.0379170278729704,0.7038888888888889,0.0,2.5,0.7998509112014311
5.256111478514721,-1.0279170278729706,0.7038888888888889,0.0,2.5,0.8128121986693135
5.256111478514721,-1.0179170278729708,0.6970270270270269,0.0,2.5,0.8604413737279765
5.256111478514721,-1.007917027872971,0.6409375,0.0,2.5,0.8886058516684813
5.256111478514721,-0.9979170278729712,0.6409375,0.0,2.5,0.8943256242829551
5.256111478514721,-0.9879170278729714,0.6409375,0.0,2.5,0.8826314001419883
5.256111478514721,-0.9779170278729716,0.6409375,0.0,2.5,0.8842670116341452
5.256111478514721,-0.9679170278729718,0.6409375,0.0,2.5,0.89023648346984
5.256111478514721,-0.9579170278729721,0.6409375,0.0,2.5,0.8948364647907784
5.256111478514721,-0.9479170278729723,0.6409375,0.0,2.5,0.9493968120167587
5.256111478514721,-0.9379170278729725,0.6336328247948064,0.0,2.5,0.9542881630705491
5.256111478514721,-0.9279170278729727,0.6409375,0.0,2.5,0.9185295150902012
5.256111478514721,-0.9179170278729729,0.6409375,0.0,2.5,0.9237451352888525
5.256111478514721,-0.9079170278729731,0.6409375,0.0,2.5,0.9257272252493622
5.256111478514721,-0.8979170278729733,0.6409375,0.0,2.5,0.9274377864652109
5.256111478514721,-0.8879170278729736,0.6008,0.0,2.5,0.9631112091711752
5.256111478514721,-0.8779170278729738,0.6409375,0.0,2.5,0.9520533943215742
5.256111478514721,-0.867917027872974,0.6409375,0.0,2.5,0.9535296802267178
5.256111478514721,-0.8579170278729742,0.6409375,0.0,2.5,0.9519949580044956
5.256111478514721,-0.8479170278729744,0.6409375,0.0,2.5,0.9535296802267178
5.256111478514721,-0.8379170278729746,0.6409375,0.0,2.5,0.9535296802267178
5.256111478514721,-0.8279170278729748,0.6409375,0.0,2.5,0.9478115183436582
5.256111478514721,-0.817917027872975,0.6409375,0.0,2.5,0.9474910818357216
5.256111478514721,-0.8079170278729753,0.6409375,0.0,2.5,0.9458931064199589
5.256111478514721,-0.7979170278729755,0.6409375,0.0,2.5,0.9458931064199589
5.256111478514721,-0.7879170278729757,0.6409375,0.0,2.5,0.9450151092670148
5.256111478514721,-0.7779170278729759,0.6409375,0.0,2.5,0.9508863421960196
5.256111478514721,-0.7679170278729761,0.6409375,0.0,2.5,0.9458702244562842
5.266111478514721,-1.427917027872962,0.6970270270270269,0.0,2.5,0.8674014562218656
5.266111478514721,-1.4179170278729623,0.6970270270270269,0.0,2.5,0.8469825255524372
5.266111478514721,-1.4079170278729625,0.6970270270270269,0.0,2.5,0.8278217963638613
5.266111478514721,-1.3979170278729627,0.6970270270270269,0.0,2.5,0.8102638894036774
5.266111478514721,-1.387917027872963,0.6970270270270269,0.0,2.5,0.8151971793434102
5.266111478514721,-1.377917027872963,0.6970270270270269,0.0,2.5,0.7873388276984076
5.266111478514721,-1.3679170278729633,0.6970270270270269,0.0,2.5,0.7939846988059402
5.266111478514721,-1.3579170278729635,0.6409375,0.0,2.5,0.8194413848060697
5.266111478514721,-1.3479170278729637,0.6409375,0.0,2.5,0.8372396071755408
5.266111478514721,-1.337917027872964,0.6409375,0.0,2.5,0.8289884317589198
5.266111478514721,-1.3279170278729642,0.6409375,0.0,2.5,0.8292962151969906
5.266111478514721,-1.3179170278729644,0.6409375,0.0,2.5,0.8199446386548552
5.266111478514721,-1.3079170278729646,0.6409375,0.0,2.5,0.7988852753982145
5.266111478514721,-1.2979170278729648,0.6409375,0.0,2.5,0.7936201604135582
5.266111478514721,-1.287917027872965,0.6970270270270269,0.0,2.5,0.7532160906016264
5.266111478514721,-1.2779170278729652,0.7038888888888889,0.0,2.5,0.73041149031347
5.266111478514721,-1.2679170278729655,0.7391525423728812,0.0,2.5,0.7289348169023303
5.266111478514721,-1.2579170278729657,0.7038888888888889,0.0,2.5,0.7723668797477717
5.266111478514721,-1.2479170278729659,0.7038888888888889,0.0,2.5,0.8021436351465694
5.266111478514721,-1.237917027872966,0.6970270270270269,0.0,2.5,0.8026960839081908
5.266111478514721,-1.2279170278729663,0.6970270270270269,0.0,2.5,0.8062729854194959
5.266111478514721,-1.2179170278729665,0.6970270270270269,0.0,2.5,0.810183595369217
5.266111478514721,-1.2079170278729667,0.6970270270270269,0.0,2.5,0.7896096495943062
5.266111478514721,-1.197917027872967,0.6970270270270269,0.0,2.5,0.7431739330954968
5.266111478514721,-1.1879170278729672,0.6970270270270269,0.0,2.5,0.7393701442952515
5.266111478514721,-1.1779170278729674,0.6970270270270269,0.0,2.5,0.7402161398663024
5.266111478514721,-1.1679170278729676,0.6970270270270269,0.0,2.5,0.7657934148286026
5.266111478514721,-1.1579170278729678,0.6409375,0.0,2.5,0.7924875921688646
5.266111478514721,-1.147917027872968,0.6409375,0.0,2.5,0.7633739998105219
5.266111478514721,-1.1379170278729682,0.6409375,0.0,2.5,0.7727157934073406
5.266111478514721,-1.1279170278729684,0.6409375,0.0,2.5,0.7873996588591506
5.266111478514721,-1.1179170278729686,0.6409375,0.0,2.5,0.7962191834134436
5.266111478514721,-1.1079170278729689,0.6409375,0.0,2.5,0.8236892529068232
5.266111478514721,-1.097917027872969,0.6409375,0.0,2.5,0.8059850454865167
5.266111478514721,-1.0879170278729693,0.6409375,0.0,2.5,0.7878125770685154
5.266111478514721,-1.0779170278729695,0.6970270270270269,0.0,2.5,0.7777705082017596
5.266111478514721,-1.0679170278729697,0.6970270270270269,0.0,2.5,0.7753413865194513
5.266111478514721,-1.05791702787297,0.6970270270270269,0.0,2.5,0.784532839104691
5.266111478514721,-1.0479170278729701,0.7391525423728812,0.0,2.5,0.744590008718362
5.266111478514721,-1.0379170278729704,0.7391525423728812,0.0,2.5,0.7486794593630874
5.266111478514721,-1.0279170278729706,0.7038888888888889,0.0,2.5,0.794474720278341
5.266111478514721,-1.0179170278729708,0.6970270270270269,0.0,2.5,0.8323806764353685
5.266111478514721,-1.007917027872971,0.6970270270270269,0.0,2.5,0.8428739799290741
5.266111478514721,-0.9979170278729712,0.6409375,0.0,2.5,0.8784440275093569
5.266111478514721,-0.9879170278729714,0.6409375,0.0,2.5,0.8901265318186394
5.266111478514721,-0.9779170278729716,0.6409375,0.0,2.5,0.9124068542931721
5.266111478514721,-0.9679170278729718,0.6409375,0.0,2.5,0.8928832995541347
5.266111478514721,-0.9579170278729721,0.6409375,0.0,2.5,0.8918796061464199
5.266111478514721,-0.9479170278729723,0.6409375,0.0,2.5,0.899220286624993
5.266111478514721,-0.9379170278729725,0.6008,0.0,2.5,0.9587680599448385
5.266111478514721,-0.9279170278729727,0.6008,0.0,2.5,0.9559083976746546
5.266111478514721,-0.9179170278729729,0.6409375,0.0,2.5,0.9218982027978229
5.266111478514721,-0.9079170278729731,0.6008,0.0,2.5,0.952961216896626
5.266111478514721,-0.8979170278729733,0.6008,0.0,2.5,0.9635625702391809
5.266111478514721,-0.8879170278729736,0.6008,0.0,2.5,0.9867934758915967
5.266111478514721,-0.8779170278729738,0.6008,0.0,2.5,0.9685140023695296
5.266111478514721,-0.867917027872974,0.6046816955337568,0.0,2.5,0.9701222327191177
5.266111478514721,-0.8579170278729742,0.6409375,0.0,2.5,0.9701222327191177
5.266111478514721,-0.8479170278729744,0.6409375,0.0,2.5,0.9701222327191177
5.266111478514721,-0.8379170278729746,0.6409375,0.0,2.5,0.968877269641341
5.266111478514721,-0.8279170278729748,0.6409375,0.0,2.5,0.9680476914339725
5.266111478514721,-0.817917027872975,0.6409375,0.0,2.5,0.9673133925507194
5.266111478514721,-0.8079170278729753,0.6409375,0.0,2.5,0.9715638488555777
5.266111478514721,-0.7979170278729755,0.6409375,0.0,2.5,0.9690100437997295
5.266111478514721,-0.7879170278729757,0.6409375,0.0,2.5,0.9718471391572041
5.266111478514721,-0.7779170278729759,0.6409375,0.0,2.5,0.9665790260308349
5.266111478514721,-0.7679170278729761,0.6409375,0.0,2.5,0.9655273359168052
5.266111478514721,-0.7579170278729763,0.6409375,0.0,2.5,0.9715115215999987
5.2761114785147205,-1.4379170278729618,0.6970270270270269,0.0,2.5,0.8628932245265655
5.2761114785147205,-1.427917027872962,0.6970270270270269,0.0,2.5,0.8512770477444345
5.2761114785147205,-1.4179170278729623,0.6970270270270269,0.0,2.5,0.8358306490943271
5.2761114785147205,-1.4079170278729625,0.6970270270270269,0.0,2.5,0.8324093630224146
5.2761114785147205,-1.3979170278729627,0.6970270270270269,0.0,2.5,0.8165256203128676
5.2761114785147205,-1.387917027872963,0.7038888888888889,0.0,2.5,0.7959460527511948
5.2761114785147205,-1.377917027872963,0.7038888888888889,0.0,2.5,0.7651575907394619
5.2761114785147205,-1.3679170278729633,0.6970270270270269,0.0,2.5,0.7817426929676388
5.2761114785147205,-1.3579170278729635,0.7038888888888889,0.0,2.5,0.7519376634461997
5.2761114785147205,-1.3479170278729637,0.6970270270270269,0.0,2.5,0.7664568628421534
5.2761114785147205,-1.337917027872964,0.6970270270270269,0.0,2.5,0.7818938886458898
5.2761114785147205,-1.3279170278729642,0.6970270270270269,0.0,2.5,0.7526825380270274
5.2761114785147205,-1.3179170278729644,0.6970270270270269,0.0,2.5,0.7789400771809897
5.2761114785147205,-1.3079170278729646,0.6970270270270269,0.0,2.5,0.7816863266201394
5.2761114785147205,-1.2979170278729648,0.6970270270270269,0.0,2.5,0.7944854209265676
5.2761114785147205,-1.287917027872965,0.6970270270270269,0.0,2.5,0.7968285899623043
5.2761114785147205,-1.2779170278729652,0.7038888888888889,0.0,2.5,0.761817257836902
5.2761114785147205,-1.2679170278729655,0.7391525423728812,0.0,2.5,0.7365934151028963
5.2761114785147205,-1.2579170278729657,0.7391525423728812,0.0,2.5,0.7325923895020158
5.2761114785147205,-1.2479170278729659,0.7391525423728812,0.0,2.5,0.7413911698512333
5.2761114785147205,-1.237917027872966,0.7038888888888889,0.0,2.5,0.7883640789923615
5.2761114785147205,-1.2279170278729663,0.6970270270270269,0.0,2.5,0.8008083929179867
5.2761114785147205,-1.2179170278729665,0.6970270270270269,0.0,2.5,0.7920282224359994
5.2761114785147205,-1.2079170278729667,0.6970270270270269,0.0,2.5,0.7990880141960655
5.2761114785147205,-1.197917027872967,0.6970270270270269,0.0,2.5,0.7940507947043001
5.2761114785147205,-1.1879170278729672,0.6970270270270269,0.0,2.5,0.7576581897993652
5.2761114785147205,-1.1779170278729674,0.6970270270270269,0.0,2.5,0.7779161583196686
5.2761114785147205,-1.1679170278729676,0.6409375,0.0,2.5,0.7980956559664765
5.2761114785147205,-1.1579170278729678,0.6409375,0.0,2.5,0.8021990650856698
5.2761114785147205,-1.147917027872968,0.6409375,0.0,2.5,0.790628265377592
5.2761114785147205,-1.1379170278729682,0.6970270270270269,0.0,2.5,0.7352009019263456
5.2761114785147205,-1.1279170278729684,0.6409375,0.0,2.5,0.7936350793490031
5.2761114785147205,-1.1179170278729686,0.6970270270270269,0.0,2.5,0.7776728631657915
5.2761114785147205,-1.1079170278729689,0.6409375,0.0,2.5,0.788287215949791
5.2761114785147205,-1.097917027872969,0.6409375,0.0,2.5,0.7898335226627629
5.2761114785147205,-1.0879170278729693,0.6970270270270269,0.0,2.5,0.7894155355346956
5.2761114785147205,-1.0779170278729695,0.6970270270270269,0.0,2.5,0.7944855878292881
5.2761114785147205,-1.0679170278729697,0.6970270270270269,0.0,2.5,0.7959396145460891
5.2761114785147205,-1.05791702787297,0.6970270270270269,0.0,2.5,0.773364727690863
5.2761114785147205,-1.0479170278729701,0.6970270270270269,0.0,2.5,0.7781142086141637
5.2761114785147205,-1.0379170278729704,0.7038888888888889,0.0,2.5,0.7744778159758218
5.2761114785147205,-1.0279170278729706,0.7038888888888889,0.0,2.5,0.7652290344866919
5.2761114785147205,-1.0179170278729708,0.7038888888888889,0.0,2.5,0.772112395214289
5.2761114785147205,-1.007917027872971,0.6970270270270269,0.0,2.5,0.7846738435517489
5.2761114785147205,-0.9979170278729712,0.6409375,0.0,2.5,0.8542476566979054
5.2761114785147205,-0.9879170278729714,0.6409375,0.0,2.5,0.8665517079340131
5.2761114785147205,-0.9779170278729716,0.6409375,0.0,2.5,0.8900199446808389
5.2761114785147205,-0.9679170278729718,0.6409375,0.0,2.5,0.9053731014251546
5.2761114785147205,-0.9579170278729721,0.6409375,0.0,2.5,0.9197241542493028
5.2761114785147205,-0.9479170278729723,0.6409375,0.0,2.5,0.900615349628927
5.2761114785147205,-0.9379170278729725,0.6008,0.0,2.5,0.957291774039695
5.2761114785147205,-0.9279170278729727,0.6008,0.0,2.5,0.9559083976746546
5.2761114785147205,-0.9179170278729729,0.6008,0.0,2.5,0.9589285095125537
5.2761114785147205,-0.9079170278729731,0.6008,0.0,2.5,0.9546313213943226
5.2761114785147205,-0.8979170278729733,0.6008,0.0,2.5,0.9609503288662542
5.2761114785147205,-0.8879170278729736,0.6008,0.0,2.5,0.9784475908790662
5.2761114785147205,-0.8779170278729738,0.6008,0.0,2.5,0.9735432615041523
5.2761114785147205,-0.867917027872974,0.6008,0.0,2.5,0.9744995145920241
5.2761114785147205,-0.8579170278729742,0.6409375,0.0,2.5,0.9761371476712759
5.2761114785147205,-0.8479170278729744,0.6409375,0.0,2.5,0.9794631167235108
5.2761114785147205,-0.8379170278729746,0.6409375,0.0,2.5,0.982222379593844
5.2761114785147205,-0.8279170278729748,0.6409375,0.0,2.5,0.9850820418640277
5.2761114785147205,-0.817917027872975,0.6409375,0.0,2.5,0.980016653068758
5.2761114785147205,-0.8079170278729753,0.6409375,0.0,2.5,0.9740674563137507
5.2761114785147205,-0.7979170278729755,0.6409375,0.0,2.5,0.9715452452622166
5.2761114785147205,-0.7879170278729757,0.6409375,0.0,2.5,0.9758997970309051
5.2761114785147205,-0.7779170278729759,0.6409375,0.0,2.5,0.9633721447793985
5.2761114785147205,-0.7679170278729761,0.6409375,0.0,2.5,0.9619185173784545
5.2761114785147205,-0.7579170278729763,0.6409375,0.0,2.5,0.9839894459823404
5.2761114785147205,-0.7479170278729765,0.6409375,0.0,2.5,0.9843472418245903
5.2761114785147205,-0.7379170278729767,0.6409375,0.0,2.5,0.9795540666474833
5.28611147851472,-1.4379170278729618,0.7038888888888889,0.0,2.5,0.8452517368377069
5.28611147851472,-1.427917027872962,0.6970270270270269,0.0,2.5,0.8549543779850591
5.28611147851472,-1.4179170278729623,0.7038888888888889,0.0,2.5,0.8342368936039389
5.28611147851472,-1.4079170278729625,0.7038888888888889,0.0,2.5,0.8136950377456766
5.28611147851472,-1.3979170278729627,0.7038888888888889,0.0,2.5,0.802899507230873
5.28611147851472,-1.387917027872963,0.7391525423728812,0.0,2.5,0.7670334210287258
5.28611147851472,-1.377917027872963,0.7391525423728812,0.0,2.5,0.7523252830857368
5.28611147851472,-1.3679170278729633,0.7391525423728812,0.0,2.5,0.7029418371583323
5.28611147851472,-1.3579170278729635,0.7038888888888889,0.0,2.5,0.7261598472081638
5.28611147851472,-1.3479170278729637,0.7038888888888889,0.0,2.5,0.7336379007548657
5.28611147851472,-1.337917027872964,0.6970270270270269,0.0,2.5,0.7439283355662397
5.28611147851472,-1.3279170278729642,0.6970270270270269,0.0,2.5,0.7329337323539643
5.28611147851472,-1.3179170278729644,0.7038888888888889,0.0,2.5,0.7076240699587074
5.28611147851472,-1.3079170278729646,0.7038888888888889,0.0,2.5,0.713543478303715
5.28611147851472,-1.2979170278729648,0.7391525423728812,0.0,2.5,0.683440180728206
5.28611147851472,-1.287917027872965,0.6970270270270269,0.0,2.5,0.754528215295896
5.28611147851472,-1.2779170278729652,0.6970270270270269,0.0,2.5,0.7856713143133303
5.28611147851472,-1.2679170278729655,0.7038888888888889,0.0,2.5,0.7517083863961908
5.28611147851472,-1.2579170278729657,0.7391525423728812,0.0,2.5,0.7440348935229291
5.28611147851472,-1.2479170278729659,0.7391525423728812,0.0,2.5,0.7380766533416724
5.28611147851472,-1.237917027872966,0.7391525423728812,0.0,2.5,0.735144381921879
5.28611147851472,-1.2279170278729663,0.7038888888888889,0.0,2.5,0.7672710503892033
5.28611147851472,-1.2179170278729665,0.6970270270270269,0.0,2.5,0.7934557935482278
5.28611147851472,-1.2079170278729667,0.6970270270270269,0.0,2.5,0.7824621410649034
5.28611147851472,-1.197917027872967,0.6970270270270269,0.0,2.5,0.7747385185605347
5.28611147851472,-1.1879170278729672,0.6970270270270269,0.0,2.5,0.7838963122679563
5.28611147851472,-1.1779170278729674,0.6970270270270269,0.0,2.5,0.765587812125421
5.28611147851472,-1.1679170278729676,0.6970270270270269,0.0,2.5,0.7836162533226585
5.28611147851472,-1.1579170278729678,0.6970270270270269,0.0,2.5,0.7953029719164388
5.28611147851472,-1.147917027872968,0.6409375,0.0,2.5,0.8017586527836382
5.28611147851472,-1.1379170278729682,0.6970270270270269,0.0,2.5,0.7586554707999555
5.28611147851472,-1.1279170278729684,0.6409375,0.0,2.5,0.7957353767571443
5.28611147851472,-1.1179170278729686,0.6409375,0.0,2.5,0.8070817054732812
5.28611147851472,-1.1079170278729689,0.6970270270270269,0.0,2.5,0.7925875041129241
5.28611147851472,-1.097917027872969,0.6970270270270269,0.0,2.5,0.7946763583233286
5.28611147851472,-1.0879170278729693,0.6970270270270269,0.0,2.5,0.7994154628171344
5.28611147851472,-1.0779170278729695,0.6970270270270269,0.0,2.5,0.8039581387997476
5.28611147851472,-1.0679170278729697,0.6970270270270269,0.0,2.5,0.7748775643712723
5.28611147851472,-1.05791702787297,0.6970270270270269,0.0,2.5,0.7790296527162763
5.28611147851472,-1.0479170278729701,0.6970270270270269,0.0,2.5,0.7895209907653616
5.28611147851472,-1.0379170278729704,0.6970270270270269,0.0,2.5,0.7861598747549896
5.28611147851472,-1.0279170278729706,0.6970270270270269,0.0,2.5,0.7866660966215537
5.28611147851472,-1.0179170278729708,0.7038888888888889,0.0,2.5,0.7773413829706918
5.28611147851472,-1.007917027872971,0.6970270270270269,0.0,2.5,0.7980967944471681
5.28611147851472,-0.9979170278729712,0.6970270270270269,0.0,2.5,0.8099335854636245
5.28611147851472,-0.9879170278729714,0.6409375,0.0,2.5,0.811849129271582
5.28611147851472,-0.9779170278729716,0.6409375,0.0,2.5,0.8443404218001079
5.28611147851472,-0.9679170278729718,0.6409375,0.0,2.5,0.9027238621493766
5.28611147851472,-0.9579170278729721,0.6409375,0.0,2.5,0.9108521952057438
5.28611147851472,-0.9479170278729723,0.6008,0.0,2.5,0.9440096870973993
5.28611147851472,-0.9379170278729725,0.6008,0.0,2.5,0.9819650031475847
5.28611147851472,-0.9279170278729727,0.6008,0.0,2.5,0.9616123327891114
5.28611147851472,-0.9179170278729729,0.6008,0.0,2.5,0.9527534408483268
5.28611147851472,-0.9079170278729731,0.6008,0.0,2.5,0.9542610896523466
5.28611147851472,-0.8979170278729733,0.6008,0.0,2.5,0.9620680769129706
5.28611147851472,-0.8879170278729736,0.6008,0.0,2.5,0.9825118250497604
5.28611147851472,-0.8779170278729738,0.6008,0.0,2.5,0.986515409393705
5.28611147851472,-0.867917027872974,0.6008,0.0,2.5,0.9853011236794192
5.28611147851472,-0.8579170278729742,0.6409375,0.0,2.5,0.9850642393841539
5.28611147851472,-0.8479170278729744,0.6409375,0.0,2.5,0.9882836816042432
5.28611147851472,-0.8379170278729746,0.6409375,0.0,2.5,0.9864291815806899
5.28611147851472,-0.8279170278729748,0.6409375,0.0,2.5,0.9893791909740312
5.28611147851472,-0.817917027872975,0.6409375,0.0,2.5,0.983072198376774
5.28611147851472,-0.8079170278729753,0.6409375,0.0,2.5,0.9830035071258701
5.28611147851472,-0.7979170278729755,0.6409375,0.0,2.5,0.9770181971031123
5.28611147851472,-0.7879170278729757,0.6409375,0.0,2.5,0.9673047240191833
5.28611147851472,-0.7779170278729759,0.6409375,0.0,2.5,0.9575569248433908
5.28611147851472,-0.7679170278729761,0.6409375,0.0,2.5,0.9669964094134552
5.28611147851472,-0.7579170278729763,0.6409375,0.0,2.5,0.9846754074333215
5.28611147851472,-0.7479170278729765,0.6409375,0.0,2.5,0.9706761833270295
5.28611147851472,-0.7379170278729767,0.6409375,0.0,2.5,0.9671584130720828
5.29611147851472,-1.4479170278729616,0.6970270270270269,0.0,2.5,0.8665443772945497
5.29611147851472,-1.4379170278729618,0.6970270270270269,0.0,2.5,0.8683175939096788
5.29611147851472,-1.427917027872962,0.7038888888888889,0.0,2.5,0.8376117028924095
5.29611147851472,-1.4179170278729623,0.7038888888888889,0.0,2.5,0.8270073037095401
5.29611147851472,-1.4079170278729625,0.7391525423728812,0.0,2.5,0.7974104659257674
5.29611147851472,-1.3979170278729627,0.7391525423728812,0.0,2.5,0.770635837768811
5.29611147851472,-1.387917027872963,0.7391525423728812,0.0,2.5,0.7582431426282812
5.29611147851472,-1.377917027872963,0.7391525423728812,0.0,2.5,0.6793417617151084
5.29611147851472,-1.3679170278729633,0.7391525423728812,0.0,2.5,0.731911182660458
5.29611147851472,-1.3579170278729635,0.7391525423728812,0.0,2.5,0.7216744028382064
5.29611147851472,-1.3479170278729637,0.7038888888888889,0.0,2.5,0.7216337925112972
5.29611147851472,-1.337917027872964,0.7038888888888889,0.0,2.5,0.7214037161218734
5.29611147851472,-1.3279170278729642,0.7038888888888889,0.0,2.5,0.7048629374968229
5.29611147851472,-1.3179170278729644,0.7391525423728812,0.0,2.5,0.6945309521124715
5.29611147851472,-1.3079170278729646,0.7391525423728812,0.0,2.5,0.6818272990312156
5.29611147851472,-1.2979170278729648,0.7038888888888889,0.0,2.5,0.7160622517946474
5.29611147851472,-1.287917027872965,0.7391525423728812,0.0,2.5,0.6991748285504701
5.29611147851472,-1.2779170278729652,0.7391525423728812,0.0,2.5,0.6823504489533069
5.29611147851472,-1.2679170278729655,0.7391525423728812,0.0,2.5,0.6808843655150345
5.29611147851472,-1.2579170278729657,0.7391525423728812,0.0,2.5,0.7347532983217978
5.29611147851472,-1.2479170278729659,0.7391525423728812,0.0,2.5,0.7254716226815955
5.29611147851472,-1.237917027872966,0.7391525423728812,0.0,2.5,0.745230676430198
5.29611147851472,-1.2279170278729663,0.7391525423728812,0.0,2.5,0.7421876054124488
5.29611147851472,-1.2179170278729665,0.7391525423728812,0.0,2.5,0.7554584939404905
5.29611147851472,-1.2079170278729667,0.7038888888888889,0.0,2.5,0.7495885623964061
5.29611147851472,-1.197917027872967,0.7038888888888889,0.0,2.5,0.7503813546164086
5.29611147851472,-1.1879170278729672,0.7038888888888889,0.0,2.5,0.753285280647423
5.29611147851472,-1.1779170278729674,0.7038888888888889,0.0,2.5,0.7449428126367013
5.29611147851472,-1.1679170278729676,0.7038888888888889,0.0,2.5,0.735293290204268
5.29611147851472,-1.1579170278729678,0.6970270270270269,0.0,2.5,0.7560735718291441
5.29611147851472,-1.147917027872968,0.6970270270270269,0.0,2.5,0.7930984901249895
5.29611147851472,-1.1379170278729682,0.6409375,0.0,2.5,0.819201329003124
5.29611147851472,-1.1279170278729684,0.6970270270270269,0.0,2.5,0.7648786399847746
5.29611147851472,-1.1179170278729686,0.6409375,0.0,2.5,0.7980133642211387
5.29611147851472,-1.1079170278729689,0.6409375,0.0,2.5,0.8028451730569054
5.29611147851472,-1.097917027872969,0.6970270270270269,0.0,2.5,0.7853700543248802
5.29611147851472,-1.0879170278729693,0.6409375,0.0,2.5,0.8026262090524207
5.29611147851472,-1.0779170278729695,0.6970270270270269,0.0,2.5,0.7826814508799387
5.29611147851472,-1.0679170278729697,0.6970270270270269,0.0,2.5,0.7850573806974763
5.29611147851472,-1.05791702787297,0.6970270270270269,0.0,2.5,0.7954067208460054
5.29611147851472,-1.0479170278729701,0.6970270270270269,0.0,2.5,0.8030312118855388
5.29611147851472,-1.0379170278729704,0.6970270270270269,0.0,2.5,0.8018656786376904
5.29611147851472,-1.0279170278729706,0.6970270270270269,0.0,2.5,0.79305442686063
5.29611147851472,-1.0179170278729708,0.6970270270270269,0.0,2.5,0.8076658642839604
5.29611147851472,-1.007917027872971,0.6970270270270269,0.0,2.5,0.8277775985814296
5.29611147851472,-0.9979170278729712,0.6409375,0.0,2.5,0.8366188854019302
5.29611147851472,-0.9879170278729714,0.6409375,0.0,2.5,0.8438965261845527
5.29611147851472,-0.9779170278729716,0.6409375,0.0,2.5,0.8697210349121525
5.29611147851472,-0.9679170278729718,0.6409375,0.0,2.5,0.8799581040456161
5.29611147851472,-0.9579170278729721,0.6409375,0.0,2.5,0.9288394509542051
5.29611147851472,-0.9479170278729723,0.6008,0.0,2.5,0.9485429353512789
5.29611147851472,-0.9379170278729725,0.6008,0.0,2.5,0.9807676513067242
5.29611147851472,-0.9279170278729727,0.6008,0.0,2.5,0.9951373825018076
5.29611147851472,-0.9179170278729729,0.6008,0.0,2.5,0.9879280351780352
5.29611147851472,-0.9079170278729731,0.6008,0.0,2.5,0.9647179570088938
5.29611147851472,-0.8979170278729733,0.6008,0.0,2.5,0.9870730629350034
5.29611147851472,-0.8879170278729736,0.6008,0.0,2.5,0.9805967425251085
5.29611147851472,-0.8779170278729738,0.6008,0.0,2.5,0.9843208615872652
5.29611147851472,-0.867917027872974,0.6008,0.0,2.5,0.9862030249110474
5.29611147851472,-0.8579170278729742,0.6409375,0.0,2.5,0.9862030249110474
5.29611147851472,-0.8479170278729744,0.6409375,0.0,2.5,0.9859584946665172
5.29611147851472,-0.8379170278729746,0.6409375,0.0,2.5,0.9889085040598583
5.29611147851472,-0.8279170278729748,0.6409375,0.0,2.5,0.9873737818376361
5.29611147851472,-0.817917027872975,0.6409375,0.0,2.5,0.9873737818376361
5.29611147851472,-0.8079170278729753,0.6409375,0.0,2.5,0.9892666051739453
5.29611147851472,-0.7979170278729755,0.6409375,0.0,2.5,0.9670352359273194
5.29611147851472,-0.7879170278729757,0.6409375,0.0,2.5,0.9678541347642234
5.29611147851472,-0.7779170278729759,0.6409375,0.0,2.5,0.9533357214776063
5.29611147851472,-0.7679170278729761,0.6409375,0.0,2.5,0.9493571372363867
5.29611147851472,-0.7579170278729763,0.6409375,0.0,2.5,0.9679125960969208
5.29611147851472,-0.7479170278729765,0.6409375,0.0,2.5,0.9646093008673321
5.29611147851472,-0.7379170278729767,0.6409375,0.0,2.5,0.962694470521821
5.29611147851472,-0.727917027872977,0.6409375,0.0,2.5,0.9623955461167795
5.30611147851472,-1.4879170278729608,0.6970270270270269,0.0,2.5,0.8894755351445347
5.30611147851472,-1.477917027872961,0.6970270270270269,0.0,2.5,0.8834158811129286
5.30611147851472,-1.4679170278729612,0.6970270270270269,0.0,2.5,0.8767075998261025
5.30611147851472,-1.4579170278729614,0.6970270270270269,0.0,2.5,0.8693563147969094
5.30611147851472,-1.4479170278729616,0.6970270270270269,0.0,2.5,0.8556450889979131
5.30611147851472,-1.4379170278729618,0.6970270270270269,0.0,2.5,0.8455948739767846
5.30611147851472,-1.427917027872962,0.6970270270270269,0.0,2.5,0.835901410272404
5.30611147851472,-1.4179170278729623,0.7038888888888889,0.0,2.5,0.8115648764254956
5.30611147851472,-1.4079170278729625,0.7391525423728812,0.0,2.5,0.7801896228102313
5.30611147851472,-1.3979170278729627,0.7391525423728812,0.0,2.5,0.6786502075714895
5.30611147851472,-1.387917027872963,0.7391525423728812,0.0,2.5,0.6871156304211361
5.30611147851472,-1.377917027872963,0.7391525423728812,0.0,2.5,0.7391467085294803
5.30611147851472,-1.3679170278729633,0.7391525423728812,0.0,2.5,0.7190023386305303
5.30611147851472,-1.3579170278729635,0.7391525423728812,0.0,2.5,0.7058522031809555
5.30611147851472,-1.3479170278729637,0.7391525423728812,0.0,2.5,0.7058750265469378
5.30611147851472,-1.337917027872964,0.7391525423728812,0.0,2.5,0.697477360399196
5.30611147851472,-1.3279170278729642,0.7391525423728812,0.0,2.5,0.6915413520860584
5.30611147851472,-1.3179170278729644,0.7391525423728812,0.0,2.5,0.6906389507802831
5.30611147851472,-1.3079170278729646,0.7391525423728812,0.0,2.5,0.6847992375655008
5.30611147851472,-1.2979170278729648,0.7391525423728812,0.0,2.5,0.6708501741914369
5.30611147851472,-1.287917027872965,0.7391525423728812,0.0,2.5,0.7012038682620587
5.30611147851472,-1.2779170278729652,0.7391525423728812,0.0,2.5,0.7062355831093009
5.30611147851472,-1.2679170278729655,0.7391525423728812,0.0,2.5,0.6952428441093509
5.30611147851472,-1.2579170278729657,0.7391525423728812,0.0,2.5,0.6895995490283529
5.30611147851472,-1.2479170278729659,1.4487500000000002,0.0,2.5,0.6388827232657548
5.30611147851472,-1.237917027872966,1.881856140225578,0.0,2.5,0.606842978941882
5.30611147851472,-1.2279170278729663,0.7391525423728812,0.0,2.5,0.7303553707345423
5.30611147851472,-1.2179170278729665,0.7391525423728812,0.0,2.5,0.7458785123280681
5.30611147851472,-1.2079170278729667,0.7391525423728812,0.0,2.5,0.7278495827537564
5.30611147851472,-1.197917027872967,0.7391525423728812,0.0,2.5,0.7196005129599112
5.30611147851472,-1.1879170278729672,0.7391525423728812,0.0,2.5,0.7283008983677564
5.30611147851472,-1.1779170278729674,0.7391525423728812,0.0,2.5,0.7122744242438549
5.30611147851472,-1.1679170278729676,0.7391525423728812,0.0,2.5,0.6976698617961901
5.30611147851472,-1.1579170278729678,0.7391525423728812,0.0,2.5,0.6981538365050068
5.30611147851472,-1.147917027872968,0.7391525423728812,0.0,2.5,0.6974689851051632
5.30611147851472,-1.1379170278729682,0.6970270270270269,0.0,2.5,0.7582145678091075
5.30611147851472,-1.1279170278729684,0.6409375,0.0,2.5,0.8124829620672612
5.30611147851472,-1.1179170278729686,0.6970270270270269,0.0,2.5,0.7595192766223905
5.30611147851472,-1.1079170278729689,0.6409375,0.0,2.5,0.8225845690019983
5.30611147851472,-1.097917027872969,0.6409375,0.0,2.5,0.7976996870149455
5.30611147851472,-1.0879170278729693,0.6409375,0.0,2.5,0.7841739400717361
5.30611147851472,-1.0779170278729695,0.6409375,0.0,2.5,0.793286442224591
5.30611147851472,-1.0679170278729697,0.6409375,0.0,2.5,0.7947111704981785
5.30611147851472,-1.05791702787297,0.6409375,0.0,2.5,0.8008229238442888
5.30611147851472,-1.0479170278729701,0.6409375,0.0,2.5,0.7989497379579691
5.30611147851472,-1.0379170278729704,0.6970270270270269,0.0,2.5,0.7885230863180772
5.30611147851472,-1.0279170278729706,0.6970270270270269,0.0,2.5,0.8108299135384789
5.30611147851472,-1.0179170278729708,0.6970270270270269,0.0,2.5,0.8255307304406101
5.30611147851472,-1.007917027872971,0.6970270270270269,0.0,2.5,0.8357188804965652
5.30611147851472,-0.9979170278729712,0.6409375,0.0,2.5,0.8459664635431703
5.30611147851472,-0.9879170278729714,0.6409375,0.0,2.5,0.8642293345242706
5.30611147851472,-0.9779170278729716,0.6409375,0.0,2.5,0.8833465672010541
5.30611147851472,-0.9679170278729718,0.6409375,0.0,2.5,0.8824922487178666
5.30611147851472,-0.9579170278729721,0.6008,0.0,2.5,0.9438113671287419
5.30611147851472,-0.9479170278729723,0.6008,0.0,2.5,0.955865599176135
5.30611147851472,-0.9379170278729725,0.6008,0.0,2.5,0.9689569788235963
5.30611147851472,-0.9279170278729727,0.6008,0.0,2.5,0.9715390904595805
5.30611147851472,-0.9179170278729729,0.6008,0.0,2.5,0.9861862860822256
5.30611147851472,-0.9079170278729731,0.6008,0.0,2.5,0.9921172706639083
5.30611147851472,-0.8979170278729733,0.6008,0.0,2.5,0.9877521961844087
5.30611147851472,-0.8879170278729736,0.6008,0.0,2.5,0.9804343364657414
5.30611147851472,-0.8779170278729738,0.6008,0.0,2.5,0.9845410275604555
5.30611147851472,-0.867917027872974,0.6409375,0.0,2.5,0.9769798976295874
5.30611147851472,-0.8579170278729742,0.6409375,0.0,2.5,0.9648186261262236
5.30611147851472,-0.8479170278729744,0.6409375,0.0,2.5,0.9691387473726458
5.30611147851472,-0.8379170278729746,0.6409375,0.0,2.5,0.9691089621609785
5.30611147851472,-0.8279170278729748,0.6409375,0.0,2.5,0.9702865683385846
5.30611147851472,-0.817917027872975,0.6409375,0.0,2.5,0.9781980399149971
5.30611147851472,-0.8079170278729753,0.6409375,0.0,2.5,0.9757339941195293
5.30611147851472,-0.7979170278729755,0.6409375,0.0,2.5,0.9574301448443826
5.30611147851472,-0.7879170278729757,0.6409375,0.0,2.5,0.9589431628803332
5.30611147851472,-0.7779170278729759,0.6409375,0.0,2.5,0.9529977511371996
5.30611147851472,-0.7679170278729761,0.6409375,0.0,2.5,0.9421740229709894
5.30611147851472,-0.7579170278729763,0.6409375,0.0,2.5,0.9587390336927982
5.30611147851472,-0.7479170278729765,0.6409375,0.0,2.5,0.9643967814229145
5.30611147851472,-0.7379170278729767,0.6409375,0.0,2.5,0.9352335094411462
5.30611147851472,-0.727917027872977,0.6409375,0.0,2.5,0.9398088370960522
5.30611147851472,-0.7179170278729772,0.6409375,0.0,2.5,0.9345751184137661
5.31611147851472,-1.4979170278729605,0.6970270270270269,0.0,2.5,0.8836417003574807
5.31611147851472,-1.4879170278729608,0.6970270270270269,0.0,2.5,0.8831713508683985
5.31611147851472,-1.477917027872961,0.6409375,0.0,2.5,0.8877892111759991
5.31611147851472,-1.4679170278729612,0.6409375,0.0,2.5,0.8811920261698292
5.31611147851472,-1.4579170278729614,0.6970270270270269,0.0,2.5,0.860599853059086
5.31611147851472,-1.4479170278729616,0.6970270270270269,0.0,2.5,0.8594883668292091
5.31611147851472,-1.4379170278729618,0.6970270270270269,0.0,2.5,0.8340324962021625
5.31611147851472,-1.427917027872962,0.6970270270270269,0.0,2.5,0.8210819479183918
5.31611147851472,-1.4179170278729623,0.7038888888888889,0.0,2.5,0.7981698639334625
5.31611147851472,-1.4079170278729625,0.7391525423728812,0.0,2.5,0.6841828785982442
5.31611147851472,-1.3979170278729627,0.7391525423728812,0.0,2.5,0.6639309140148809
5.31611147851472,-1.387917027872963,0.7391525423728812,0.0,2.5,0.7354116031515329
5.31611147851472,-1.377917027872963,0.7391525423728812,0.0,2.5,0.7393073040554867
5.31611147851472,-1.3679170278729633,0.7391525423728812,0.0,2.5,0.7124733699100784
5.31611147851472,-1.3579170278729635,0.7391525423728812,0.0,2.5,0.7114083598949406
5.31611147851472,-1.3479170278729637,0.7391525423728812,0.0,2.5,0.7089769357301619
5.31611147851472,-1.337917027872964,0.7391525423728812,0.0,2.5,0.705051810024016
5.31611147851472,-1.3279170278729642,0.7391525423728812,0.0,2.5,0.6955253975427269
5.31611147851472,-1.3179170278729644,0.7391525423728812,0.0,2.5,0.6942781312579945
5.31611147851472,-1.3079170278729646,0.7391525423728812,0.0,2.5,0.6909079147228923
5.31611147851472,-1.2979170278729648,0.7391525423728812,0.0,2.5,0.6635054779454185
5.31611147851472,-1.287917027872965,0.7391525423728812,0.0,2.5,0.6596517385086051
5.31611147851472,-1.2779170278729652,0.7391525423728812,0.0,2.5,0.6834071881719479
5.31611147851472,-1.2679170278729655,0.7391525423728812,0.0,2.5,0.7059409851030697
5.31611147851472,-1.2579170278729657,0.7391525423728812,0.0,2.5,0.7008345352163579
5.31611147851472,-1.2479170278729659,0.7391525423728812,0.0,2.5,0.6932233596508599
5.31611147851472,-1.237917027872966,1.4487500000000002,0.0,2.5,0.6373270673521044
5.31611147851472,-1.2279170278729663,1.4487500000000002,0.0,2.5,0.613690343331615
5.31611147851472,-1.2179170278729665,0.7391525423728812,0.0,2.5,0.7277352815439894
5.31611147851472,-1.2079170278729667,0.7391525423728812,0.0,2.5,0.7489483099586786
5.31611147851472,-1.197917027872967,0.7391525423728812,0.0,2.5,0.7229205213888481
5.31611147851472,-1.1879170278729672,0.7391525423728812,0.0,2.5,0.7471967697238875
5.31611147851472,-1.1779170278729674,0.7038888888888889,0.0,2.5,0.7555730694297074
5.31611147851472,-1.1679170278729676,0.7038888888888889,0.0,2.5,0.7611299406969788
5.31611147851472,-1.1579170278729678,0.7038888888888889,0.0,2.5,0.7531438606564768
5.31611147851472,-1.147917027872968,0.7038888888888889,0.0,2.5,0.7602484265030435
5.31611147851472,-1.1379170278729682,0.7391525423728812,0.0,2.5,0.6959826253302223
5.31611147851472,-1.1279170278729684,0.6970270270270269,0.0,2.5,0.7676003477588624
5.31611147851472,-1.1179170278729686,0.6970270270270269,0.0,2.5,0.7742068279135544
5.31611147851472,-1.1079170278729689,0.6409375,0.0,2.5,0.7787949496529774
5.31611147851472,-1.097917027872969,0.6409375,0.0,2.5,0.8202994849521068
5.31611147851472,-1.0879170278729693,0.6409375,0.0,2.5,0.8168161455915436
5.31611147851472,-1.0779170278729695,0.6409375,0.0,2.5,0.8248123927255657
5.31611147851472,-1.0679170278729697,0.6409375,0.0,2.5,0.8229403850756378
5.31611147851472,-1.05791702787297,0.6409375,0.0,2.5,0.8234301755361719
5.31611147851472,-1.0479170278729701,0.6409375,0.0,2.5,0.8151943532999334
5.31611147851472,-1.0379170278729704,0.6409375,0.0,2.5,0.8253292250298494
5.31611147851472,-1.0279170278729706,0.6409375,0.0,2.5,0.8434136907196871
5.31611147851472,-1.0179170278729708,0.6409375,0.0,2.5,0.8494054604754997
5.31611147851472,-1.007917027872971,0.6409375,0.0,2.5,0.853419576908365
5.31611147851472,-0.9979170278729712,0.6409375,0.0,2.5,0.868555031497475
5.31611147851472,-0.9879170278729714,0.6409375,0.0,2.5,0.8809055727215955
5.31611147851472,-0.9779170278729716,0.6409375,0.0,2.5,0.8810429845325548
5.31611147851472,-0.9679170278729718,0.6409375,0.0,2.5,0.8982126525348495
5.31611147851472,-0.9579170278729721,0.6019310259855039,0.0,2.5,0.9396564976760834
5.31611147851472,-0.9479170278729723,0.6008,0.0,2.5,0.9483084041021853
5.31611147851472,-0.9379170278729725,0.6008,0.0,2.5,0.9570153107241431
5.31611147851472,-0.9279170278729727,0.6008,0.0,2.5,0.9568155004822549
5.31611147851472,-0.9179170278729729,0.6008,0.0,2.5,0.963154216210027
5.31611147851472,-0.9079170278729731,0.6008,0.0,2.5,0.96635934271401
5.31611147851472,-0.8979170278729733,0.6008,0.0,2.5,0.9742043097333127
5.31611147851472,-0.8879170278729736,0.6008,0.0,2.5,0.987334295803414
5.31611147851472,-0.8779170278729738,0.6008,0.0,2.5,0.9856676291367474
5.31611147851472,-0.867917027872974,0.6409375,0.0,2.5,0.9777760029230774
5.31611147851472,-0.8579170278729742,0.6409375,0.0,2.5,0.9742172941099263
5.31611147851472,-0.8479170278729744,0.6409375,0.0,2.5,0.9650482466428911
5.31611147851472,-0.8379170278729746,0.6409375,0.0,2.5,0.9649781208905298
5.31611147851472,-0.8279170278729748,0.6409375,0.0,2.5,0.9567013720079344
5.31611147851472,-0.817917027872975,0.6409375,0.0,2.5,0.9688806468237262
5.31611147851472,-0.8079170278729753,0.6409375,0.0,2.5,0.9615677828285631
5.31611147851472,-0.7979170278729755,0.6409375,0.0,2.5,0.9593158542408509
5.31611147851472,-0.7879170278729757,0.6409375,0.0,2.5,0.9532694710286468
5.31611147851472,-0.7779170278729759,0.6409375,0.0,2.5,0.950812061323658
5.31611147851472,-0.7679170278729761,0.6409375,0.0,2.5,0.9313658770607139
5.31611147851472,-0.7579170278729763,0.6409375,0.0,2.5,0.932612189010062
5.31611147851472,-0.7479170278729765,0.6409375,0.0,2.5,0.9385716308993286
5.31611147851472,-0.7379170278729767,0.6409375,0.0,2.5,0.9382054821623412
5.31611147851472,-0.727917027872977,0.6409375,0.0,2.5,0.9254238551737366
5.31611147851472,-0.7179170278729772,0.6409375,0.0,2.5,0.9026724506085221
5.31611147851472,-0.7079170278729774,0.6409375,0.0,2.5,0.9172676692931833
5.31611147851472,-0.6979170278729776,0.6409375,0.0,2.5,0.9545526909946377
5.31611147851472,-0.6879170278729778,0.6409375,0.0,2.5,0.9037328296704675
5.326111478514719,-1.4979170278729605,0.6970270270270269,0.0,2.5,0.8346792923080475
5.326111478514719,-1.4879170278729608,0.6409375,0.0,2.5,0.8849080868786342
5.326111478514719,-1.477917027872961,0.6409375,0.0,2.5,0.8825191769434809
5.326111478514719,-1.4679170278729612,0.6409375,0.0,2.5,0.8729416035196387
5.326111478514719,-1.4579170278729614,0.6409375,0.0,2.5,0.8627088990683558
5.326111478514719,-1.4479170278729616,0.6970270270270269,0.0,2.5,0.8461566559676675
5.326111478514719,-1.4379170278729618,0.6970270270270269,0.0,2.5,0.8308393136138442
5.326111478514719,-1.427917027872962,0.7038888888888889,0.0,2.5,0.7584747778465203
5.326111478514719,-1.4179170278729623,0.7391525423728812,0.0,2.5,0.6990905675739704
5.326111478514719,-1.4079170278729625,0.7391525423728812,0.0,2.5,0.7004726171144213
5.326111478514719,-1.3979170278729627,0.7391525423728812,0.0,2.5,0.7211046097829077
5.326111478514719,-1.387917027872963,0.7391525423728812,0.0,2.5,0.7366203025838081
5.326111478514719,-1.377917027872963,0.7391525423728812,0.0,2.5,0.693152132192639
5.326111478514719,-1.3679170278729633,0.7391525423728812,0.0,2.5,0.7014101561521238
5.326111478514719,-1.3579170278729635,0.7391525423728812,0.0,2.5,0.7008623751135464
5.326111478514719,-1.3479170278729637,0.7391525423728812,0.0,2.5,0.7054198918256757
5.326111478514719,-1.337917027872964,0.7391525423728812,0.0,2.5,0.6932608721070428
5.326111478514719,-1.3279170278729642,0.7391525423728812,0.0,2.5,0.6913360373860098
5.326111478514719,-1.3179170278729644,0.7391525423728812,0.0,2.5,0.6893242735828731
5.326111478514719,-1.3079170278729646,0.7391525423728812,0.0,2.5,0.6935586955449556
5.326111478514719,-1.2979170278729648,0.7391525423728812,0.0,2.5,0.6745875123266107
5.326111478514719,-1.287917027872965,0.7391525423728812,0.0,2.5,0.6709109717315095
5.326111478514719,-1.2779170278729652,0.7391525423728812,0.0,2.5,0.6598601154259182
5.326111478514719,-1.2679170278729655,0.7391525423728812,0.0,2.5,0.6701075174820896
5.326111478514719,-1.2579170278729657,0.7391525423728812,0.0,2.5,0.7073197349877036
5.326111478514719,-1.2479170278729659,0.7391525423728812,0.0,2.5,0.7008801575678895
5.326111478514719,-1.237917027872966,0.7391525423728812,0.0,2.5,0.6991991399976211
5.326111478514719,-1.2279170278729663,0.7391525423728812,0.0,2.5,0.6747329423694364
5.326111478514719,-1.2179170278729665,0.7391525423728812,0.0,2.5,0.76081753909416
5.326111478514719,-1.2079170278729667,0.7391525423728812,0.0,2.5,0.7748368965217897
5.326111478514719,-1.197917027872967,0.7391525423728812,0.0,2.5,0.7713735698233704
5.326111478514719,-1.1879170278729672,0.7391525423728812,0.0,2.5,0.7570674012388264
5.326111478514719,-1.1779170278729674,0.7038888888888889,0.0,2.5,0.7863649985459413
5.326111478514719,-1.1679170278729676,0.6970270270270269,0.0,2.5,0.7812151427588916
5.326111478514719,-1.1579170278729678,0.7038888888888889,0.0,2.5,0.7501552593842533
5.326111478514719,-1.147917027872968,0.7038888888888889,0.0,2.5,0.7437212654645307
5.326111478514719,-1.1379170278729682,0.6970270270270269,0.0,2.5,0.7599649222934312
5.326111478514719,-1.1279170278729684,0.7038888888888889,0.0,2.5,0.7053979197366628
5.326111478514719,-1.1179170278729686,0.6409375,0.0,2.5,0.7766464039058953
5.326111478514719,-1.1079170278729689,0.6970270270270269,0.0,2.5,0.7489076364294533
5.326111478514719,-1.097917027872969,0.6409375,0.0,2.5,0.8060041718773391
5.326111478514719,-1.0879170278729693,0.6409375,0.0,2.5,0.8264420069951741
5.326111478514719,-1.0779170278729695,0.6409375,0.0,2.5,0.8248570027532549
5.326111478514719,-1.0679170278729697,0.6409375,0.0,2.5,0.8284552783415525
5.326111478514719,-1.05791702787297,0.6409375,0.0,2.5,0.8300113307724245
5.326111478514719,-1.0479170278729701,0.6409375,0.0,2.5,0.8359933471253952
5.326111478514719,-1.0379170278729704,0.6409375,0.0,2.5,0.8580770517184603
5.326111478514719,-1.0279170278729706,0.6409375,0.0,2.5,0.856582518653414
5.326111478514719,-1.0179170278729708,0.6409375,0.0,2.5,0.8688777740554815
5.326111478514719,-1.007917027872971,0.6409375,0.0,2.5,0.8683240340066796
5.326111478514719,-0.9979170278729712,0.6409375,0.0,2.5,0.8720011234577857
5.326111478514719,-0.9879170278729714,0.6409375,0.0,2.5,0.868860606911011
5.326111478514719,-0.9779170278729716,0.6409375,0.0,2.5,0.8746165851667412
5.326111478514719,-0.9679170278729718,0.6409375,0.0,2.5,0.8805319257398501
5.326111478514719,-0.9579170278729721,0.6409375,0.0,2.5,0.881353690862858
5.326111478514719,-0.9479170278729723,0.6409375,0.0,2.5,0.886740345208064
5.326111478514719,-0.9379170278729725,0.6409375,0.0,2.5,0.8948678245410608
5.326111478514719,-0.9279170278729727,0.6409375,0.0,2.5,0.912504512328939
5.326111478514719,-0.9179170278729729,0.6409375,0.0,2.5,0.9234607576581595
5.326111478514719,-0.9079170278729731,0.6008,0.0,2.5,0.9553292854131179
5.326111478514719,-0.8979170278729733,0.6008,0.0,2.5,0.9550677810987552
5.326111478514719,-0.8879170278729736,0.6008,0.0,2.5,0.9599160302793183
5.326111478514719,-0.8779170278729738,0.6008,0.0,2.5,0.9693745517448692
5.326111478514719,-0.867917027872974,0.6008,0.0,2.5,0.9758532213786282
5.326111478514719,-0.8579170278729742,0.6409375,0.0,2.5,0.9646556903223863
5.326111478514719,-0.8479170278729744,0.6409375,0.0,2.5,0.9613751445420181
5.326111478514719,-0.8379170278729746,0.6409375,0.0,2.5,0.9415269562988018
5.326111478514719,-0.8279170278729748,0.6409375,0.0,2.5,0.9394246073231568
5.326111478514719,-0.817917027872975,0.6409375,0.0,2.5,0.9298643915614256
5.326111478514719,-0.8079170278729753,0.6409375,0.0,2.5,0.9265471326787158
5.326111478514719,-0.7979170278729755,0.6409375,0.0,2.5,0.9287796039986339
5.326111478514719,-0.7879170278729757,0.6409375,0.0,2.5,0.8836231623498688
5.326111478514719,-0.7779170278729759,0.6409375,0.0,2.5,0.9145404893513724
5.326111478514719,-0.7679170278729761,0.6409375,0.0,2.5,0.9138778204012783
5.326111478514719,-0.7579170278729763,0.6409375,0.0,2.5,0.9319261924689757
5.326111478514719,-0.7479170278729765,0.6409375,0.0,2.5,0.9084014022781218
5.326111478514719,-0.7379170278729767,0.6409375,0.0,2.5,0.908447863007596
5.326111478514719,-0.727917027872977,0.6409375,0.0,2.5,0.9153323439472537
5.326111478514719,-0.7179170278729772,0.6409375,0.0,2.5,0.9148684364284674
5.326111478514719,-0.7079170278729774,0.6409375,0.0,2.5,0.9171071734049879
5.326111478514719,-0.6979170278729776,0.6409375,0.0,2.5,0.928310054305721
5.326111478514719,-0.6879170278729778,0.6409375,0.0,2.5,0.931842865310112
5.326111478514719,-0.677917027872978,0.6409375,0.0,2.5,0.9581176126469232
5.326111478514719,-0.6679170278729782,0.6409375,0.0,2.5,0.9540228570284124
5.326111478514719,-0.6579170278729785,0.6409375,0.0,2.5,0.8726696837394743
5.326111478514719,-0.6479170278729787,0.6409375,0.0,2.5,0.87417072874129
5.336111478514719,-1.6079170278729582,0.6409375,0.0,2.5,0.8701008102197759
5.336111478514719,-1.5979170278729584,0.6409375,0.0,2.5,0.8486870210460308
5.336111478514719,-1.5079170278729603,0.6970270270270269,0.0,2.5,0.8614201762398916
5.336111478514719,-1.4979170278729605,0.6970270270270269,0.0,2.5,0.8665907492713304
5.336111478514719,-1.4879170278729608,0.6970270270270269,0.0,2.5,0.8598210354779784
5.336111478514719,-1.477917027872961,0.6970270270270269,0.0,2.5,0.8451541990632214
5.336111478514719,-1.4679170278729612,0.6970270270270269,0.0,2.5,0.8350920027256153
5.336111478514719,-1.4579170278729614,0.6409375,0.0,2.5,0.8529160492936789
5.336111478514719,-1.4479170278729616,0.6409375,0.0,2.5,0.8436814658482067
5.336111478514719,-1.4379170278729618,0.6970270270270269,0.0,2.5,0.7815753248833551
5.336111478514719,-1.427917027872962,0.7038888888888889,0.0,2.5,0.7188463556326284
5.336111478514719,-1.4179170278729623,0.7391525423728812,0.0,2.5,0.7076693770632592
5.336111478514719,-1.4079170278729625,0.7038888888888889,0.0,2.5,0.7282841350319295
5.336111478514719,-1.3979170278729627,0.7038888888888889,0.0,2.5,0.7283418009181899
5.336111478514719,-1.387917027872963,0.7391525423728812,0.0,2.5,0.6994988944420188
5.336111478514719,-1.377917027872963,0.7391525423728812,0.0,2.5,0.6780764733162021
5.336111478514719,-1.3679170278729633,0.7391525423728812,0.0,2.5,0.6808090523090606
5.336111478514719,-1.3579170278729635,0.7391525423728812,0.0,2.5,0.6799814873567611
5.336111478514719,-1.3479170278729637,0.7391525423728812,0.0,2.5,0.6797444662892382
5.336111478514719,-1.337917027872964,0.7391525423728812,0.0,2.5,0.6824643606899244
5.336111478514719,-1.3279170278729642,0.7391525423728812,0.0,2.5,0.6833429604419179
5.336111478514719,-1.3179170278729644,0.7391525423728812,0.0,2.5,0.6835241018872134
5.336111478514719,-1.3079170278729646,0.7391525423728812,0.0,2.5,0.690159594587423
5.336111478514719,-1.2979170278729648,0.7391525423728812,0.0,2.5,0.6696111999141716
5.336111478514719,-1.287917027872965,0.7391525423728812,0.0,2.5,0.6675077963161556
5.336111478514719,-1.2779170278729652,0.78,0.0,2.5,0.6646989606475662
5.336111478514719,-1.2679170278729655,0.9302161474358098,0.0,2.5,0.6609096304424343
5.336111478514719,-1.2579170278729657,0.9333333333333335,0.0,2.5,0.6608968900074326
5.336111478514719,-1.2479170278729659,0.78,0.0,2.5,0.697317188759985
5.336111478514719,-1.237917027872966,0.7441505882624417,0.0,2.5,0.7026648510281615
5.336111478514719,-1.2279170278729663,0.78,0.0,2.5,0.6870187516150336
5.336111478514719,-1.2179170278729665,0.7391525423728812,0.0,2.5,0.7466965167675679
5.336111478514719,-1.2079170278729667,0.7391525423728812,0.0,2.5,0.7697964018318846
5.336111478514719,-1.197917027872967,0.7391525423728812,0.0,2.5,0.7616557767821605
5.336111478514719,-1.1879170278729672,0.7391525423728812,0.0,2.5,0.7537394640139975
5.336111478514719,-1.1779170278729674,0.7038888888888889,0.0,2.5,0.7667908277607246
5.336111478514719,-1.1679170278729676,0.6970270270270269,0.0,2.5,0.7720035684875441
5.336111478514719,-1.1579170278729678,0.7038888888888889,0.0,2.5,0.752357888042667
5.336111478514719,-1.147917027872968,0.6970270270270269,0.0,2.5,0.7349311963606872
5.336111478514719,-1.1379170278729682,0.6970270270270269,0.0,2.5,0.7356651589186087
5.336111478514719,-1.1279170278729684,0.6970270270270269,0.0,2.5,0.7613383531458585
5.336111478514719,-1.1179170278729686,0.7038888888888889,0.0,2.5,0.6928640517098886
5.336111478514719,-1.1079170278729689,0.6409375,0.0,2.5,0.7907149748536496
5.336111478514719,-1.097917027872969,0.6409375,0.0,2.5,0.7315151457985234
5.336111478514719,-1.0879170278729693,0.6409375,0.0,2.5,0.8135066538150817
5.336111478514719,-1.0779170278729695,0.6409375,0.0,2.5,0.8259226095820156
5.336111478514719,-1.0679170278729697,0.6409375,0.0,2.5,0.828736075741012
5.336111478514719,-1.05791702787297,0.6409375,0.0,2.5,0.8203278940987547
5.336111478514719,-1.0479170278729701,0.6409375,0.0,2.5,0.8289709398031068
5.336111478514719,-1.0379170278729704,0.6409375,0.0,2.5,0.8471976006475683
5.336111478514719,-1.0279170278729706,0.6409375,0.0,2.5,0.8581036575572173
5.336111478514719,-1.0179170278729708,0.6409375,0.0,2.5,0.8593744730257387
5.336111478514719,-1.007917027872971,0.6409375,0.0,2.5,0.8593735931862496
5.336111478514719,-0.9979170278729712,0.6409375,0.0,2.5,0.8620641648056789
5.336111478514719,-0.9879170278729714,0.6409375,0.0,2.5,0.860287443404627
5.336111478514719,-0.9779170278729716,0.6409375,0.0,2.5,0.8556551035469759
5.336111478514719,-0.9679170278729718,0.6409375,0.0,2.5,0.8547906479942217
5.336111478514719,-0.9579170278729721,0.6409375,0.0,2.5,0.8712205018368043
5.336111478514719,-0.9479170278729723,0.6409375,0.0,2.5,0.8907790715705386
5.336111478514719,-0.9379170278729725,0.6409375,0.0,2.5,0.8853431421702693
5.336111478514719,-0.9279170278729727,0.6409375,0.0,2.5,0.8980553478138211
5.336111478514719,-0.9179170278729729,0.6409375,0.0,2.5,0.8891173764844769
5.336111478514719,-0.9079170278729731,0.6409375,0.0,2.5,0.8858866677420321
5.336111478514719,-0.8979170278729733,0.6409375,0.0,2.5,0.8782623892374662
5.336111478514719,-0.8879170278729736,0.6409375,0.0,2.5,0.9080154284348496
5.336111478514719,-0.8779170278729738,0.6409375,0.0,2.5,0.944552980934969
5.336111478514719,-0.867917027872974,0.6326555788124694,0.0,2.5,0.9475217820355228
5.336111478514719,-0.8579170278729742,0.6008,0.0,2.5,0.9604081673359822
5.336111478514719,-0.8479170278729744,0.6409375,0.0,2.5,0.9552336988378128
5.336111478514719,-0.8379170278729746,0.6409375,0.0,2.5,0.9158247954826589
5.336111478514719,-0.8279170278729748,0.6409375,0.0,2.5,0.921030714643249
5.336111478514719,-0.817917027872975,0.6409375,0.0,2.5,0.8997807938951542
5.336111478514719,-0.8079170278729753,0.6409375,0.0,2.5,0.8555404464397223
5.336111478514719,-0.7979170278729755,0.6409375,0.0,2.5,0.8923809575398511
5.336111478514719,-0.7879170278729757,0.6409375,0.0,2.5,0.8898007205692613
5.336111478514719,-0.7779170278729759,0.6409375,0.0,2.5,0.8874227156829122
5.336111478514719,-0.7679170278729761,0.6409375,0.0,2.5,0.8748371545808592
5.336111478514719,-0.7579170278729763,0.6409375,0.0,2.5,0.9092306012443249
5.336111478514719,-0.7479170278729765,0.6409375,0.0,2.5,0.9138192895402265
5.336111478514719,-0.7379170278729767,0.6409375,0.0,2.5,0.8965741958204664
5.336111478514719,-0.727917027872977,0.6409375,0.0,2.5,0.8894679802954548
5.336111478514719,-0.7179170278729772,0.6409375,0.0,2.5,0.8881112124204015
5.336111478514719,-0.7079170278729774,0.6409375,0.0,2.5,0.8801118882853272
5.336111478514719,-0.6979170278729776,0.6409375,0.0,2.5,0.9006358709667859
5.336111478514719,-0.6879170278729778,0.6409375,0.0,2.5,0.9373790069789969
5.336111478514719,-0.677917027872978,0.6409375,0.0,2.5,0.9398997054649034
5.336111478514719,-0.6679170278729782,0.6409375,0.0,2.5,0.9492470367138475
5.336111478514719,-0.6579170278729785,0.6409375,0.0,2.5,0.956071007784138
5.336111478514719,-0.6479170278729787,0.6409375,0.0,2.5,0.8880983593316489
5.336111478514719,-0.6379170278729789,0.6008,0.0,2.5,0.9519672926537028
5.336111478514719,-0.6279170278729791,0.6409375,0.0,2.5,0.9438750250494055
5.346111478514719,-1.617917027872958,0.7038888888888889,0.0,2.5,0.75263048882451
5.346111478514719,-1.6079170278729582,0.6409375,0.0,2.5,0.8421033566484681
5.346111478514719,-1.5979170278729584,0.6409375,0.0,2.5,0.8585233410406994
5.346111478514719,-1.5079170278729603,0.6970270270270269,0.0,2.5,0.8591639635288618
5.346111478514719,-1.4979170278729605,0.6970270270270269,0.0,2.5,0.8636966522096811
5.346111478514719,-1.4879170278729608,0.6409375,0.0,2.5,0.8508300997880491
5.346111478514719,-1.477917027872961,0.6409375,0.0,2.5,0.8360586989728763
5.346111478514719,-1.4679170278729612,0.6970270270270269,0.0,2.5,0.821993251988004
5.346111478514719,-1.4579170278729614,0.6970270270270269,0.0,2.5,0.8124503363093522
5.346111478514719,-1.4479170278729616,0.6970270270270269,0.0,2.5,0.7862785478024409
5.346111478514719,-1.4379170278729618,0.7038888888888889,0.0,2.5,0.7319235403366191
5.346111478514719,-1.427917027872962,0.7038888888888889,0.0,2.5,0.727536792065006
5.346111478514719,-1.4179170278729623,0.7038888888888889,0.0,2.5,0.714640418946025
5.346111478514719,-1.4079170278729625,0.7038888888888889,0.0,2.5,0.7259167887301851
5.346111478514719,-1.3979170278729627,0.7038888888888889,0.0,2.5,0.7130084418801329
5.346111478514719,-1.387917027872963,0.7391525423728812,0.0,2.5,0.6710784600568289
5.346111478514719,-1.377917027872963,0.7391525423728812,0.0,2.5,0.6828146629453367
5.346111478514719,-1.3679170278729633,0.7391525423728812,0.0,2.5,0.6844711773038289
5.346111478514719,-1.3579170278729635,0.7391525423728812,0.0,2.5,0.6805275526070983
5.346111478514719,-1.3479170278729637,0.7391525423728812,0.0,2.5,0.6746157844183308
5.346111478514719,-1.337917027872964,0.7391525423728812,0.0,2.5,0.6743361882787534
5.346111478514719,-1.3279170278729642,0.7391525423728812,0.0,2.5,0.6791521689883282
5.346111478514719,-1.3179170278729644,0.7391525423728812,0.0,2.5,0.6930268823649441
5.346111478514719,-1.3079170278729646,0.7391525423728812,0.0,2.5,0.6746416280420795
5.346111478514719,-1.2979170278729648,0.9333333333333335,0.0,2.5,0.6487615635788175
5.346111478514719,-1.287917027872965,0.9333333333333335,0.0,2.5,0.6526483712689441
5.346111478514719,-1.2779170278729652,0.9333333333333335,0.0,2.5,0.6517119880796065
5.346111478514719,-1.2679170278729655,1.4487500000000002,0.0,2.5,0.6592093233595893
5.346111478514719,-1.2579170278729657,1.4487500000000002,0.0,2.5,0.6565205053821342
5.346111478514719,-1.2479170278729659,1.4487500000000002,0.0,2.5,0.6770096352856427
5.346111478514719,-1.237917027872966,0.78,0.0,2.5,0.700155353268897
5.346111478514719,-1.2279170278729663,0.7391525423728812,0.0,2.5,0.7110185120617291
5.346111478514719,-1.2179170278729665,0.7391525423728812,0.0,2.5,0.6767066455023598
5.346111478514719,-1.2079170278729667,0.7391525423728812,0.0,2.5,0.7438316091330822
5.346111478514719,-1.197917027872967,0.7391525423728812,0.0,2.5,0.7641637398698937
5.346111478514719,-1.1879170278729672,0.7391525423728812,0.0,2.5,0.7474521417482732
5.346111478514719,-1.1779170278729674,0.7038888888888889,0.0,2.5,0.7410425140608772
5.346111478514719,-1.1679170278729676,0.7038888888888889,0.0,2.5,0.7539882735717359
5.346111478514719,-1.1579170278729678,0.6970270270270269,0.0,2.5,0.7438220740639896
5.346111478514719,-1.147917027872968,0.6970270270270269,0.0,2.5,0.738825775925444
5.346111478514719,-1.1379170278729682,0.6970270270270269,0.0,2.5,0.7375649330096464
5.346111478514719,-1.1279170278729684,0.6970270270270269,0.0,2.5,0.764830892193692
5.346111478514719,-1.1179170278729686,0.6970270270270269,0.0,2.5,0.7559818802557934
5.346111478514719,-1.1079170278729689,0.6970270270270269,0.0,2.5,0.7269181847280386
5.346111478514719,-1.097917027872969,0.6409375,0.0,2.5,0.7643565624800345
5.346111478514719,-1.0879170278729693,0.6409375,0.0,2.5,0.7473740880356261
5.346111478514719,-1.0779170278729695,0.6409375,0.0,2.5,0.8165608592243002
5.346111478514719,-1.0679170278729697,0.6409375,0.0,2.5,0.830613563184252
5.346111478514719,-1.05791702787297,0.6409375,0.0,2.5,0.8339075817985208
5.346111478514719,-1.0479170278729701,0.6409375,0.0,2.5,0.8269533000436452
5.346111478514719,-1.0379170278729704,0.6409375,0.0,2.5,0.8249139187431596
5.346111478514719,-1.0279170278729706,0.6409375,0.0,2.5,0.8277312294297662
5.346111478514719,-1.0179170278729708,0.6409375,0.0,2.5,0.8334342031923794
5.346111478514719,-1.007917027872971,0.6970270270270269,0.0,2.5,0.8393140451737414
5.346111478514719,-0.9979170278729712,0.6409375,0.0,2.5,0.8486942421052451
5.346111478514719,-0.9879170278729714,0.6409375,0.0,2.5,0.8456832339778794
5.346111478514719,-0.9779170278729716,0.6409375,0.0,2.5,0.8442530026934635
5.346111478514719,-0.9679170278729718,0.6409375,0.0,2.5,0.8467460430654459
5.346111478514719,-0.9579170278729721,0.6409375,0.0,2.5,0.8540076541830636
5.346111478514719,-0.9479170278729723,0.6409375,0.0,2.5,0.870944307309217
5.346111478514719,-0.9379170278729725,0.6409375,0.0,2.5,0.8719072302878049
5.346111478514719,-0.9279170278729727,0.6409375,0.0,2.5,0.8743496625172694
5.346111478514719,-0.9179170278729729,0.6409375,0.0,2.5,0.8771372918966159
5.346111478514719,-0.9079170278729731,0.6409375,0.0,2.5,0.8765623161072594
5.346111478514719,-0.8979170278729733,0.6409375,0.0,2.5,0.8828352102927179
5.346111478514719,-0.8879170278729736,0.6409375,0.0,2.5,0.8877448836809748
5.346111478514719,-0.8779170278729738,0.6409375,0.0,2.5,0.8912869965604979
5.346111478514719,-0.867917027872974,0.6409375,0.0,2.5,0.8888922204349107
5.346111478514719,-0.8579170278729742,0.6409375,0.0,2.5,0.8910162831371999
5.346111478514719,-0.8479170278729744,0.6409375,0.0,2.5,0.8827493130101376
5.346111478514719,-0.8379170278729746,0.6409375,0.0,2.5,0.8326648939559542
5.346111478514719,-0.8279170278729748,0.6409375,0.0,2.5,0.8526865917247194
5.346111478514719,-0.817917027872975,0.6409375,0.0,2.5,0.8609870280014621
5.346111478514719,-0.8079170278729753,0.6409375,0.0,2.5,0.8525207315465065
5.346111478514719,-0.7979170278729755,0.6409375,0.0,2.5,0.8709072550667971
5.346111478514719,-0.7879170278729757,0.6409375,0.0,2.5,0.8887305882752118
5.346111478514719,-0.7779170278729759,0.6409375,0.0,2.5,0.8876754391644437
5.346111478514719,-0.7679170278729761,0.6409375,0.0,2.5,0.8754928662123105
5.346111478514719,-0.7579170278729763,0.6409375,0.0,2.5,0.898638007938879
5.346111478514719,-0.7479170278729765,0.6409375,0.0,2.5,0.887668913402036
5.346111478514719,-0.7379170278729767,0.6409375,0.0,2.5,0.884978387991458
5.346111478514719,-0.727917027872977,0.6970270270270269,0.0,2.5,0.850521845409691
5.346111478514719,-0.7179170278729772,0.6970270270270269,0.0,2.5,0.8387477126572492
5.346111478514719,-0.7079170278729774,0.6409375,0.0,2.5,0.8278323111656161
5.346111478514719,-0.6979170278729776,0.6409375,0.0,2.5,0.8470211765992577
5.346111478514719,-0.6879170278729778,0.6409375,0.0,2.5,0.8571571997552536
5.346111478514719,-0.677917027872978,0.6409375,0.0,2.5,0.8643948911552302
5.346111478514719,-0.6679170278729782,0.6409375,0.0,2.5,0.9369241375717322
5.346111478514719,-0.6579170278729785,0.6008,0.0,2.5,0.9509534125839678
5.346111478514719,-0.6479170278729787,0.6409375,0.0,2.5,0.8943518902893932
5.346111478514719,-0.6379170278729789,0.6409375,0.0,2.5,0.8980705853387423
5.346111478514719,-0.6279170278729791,0.6008,0.0,2.5,0.9562274987535628
5.346111478514719,-0.6179170278729793,0.6008,0.0,2.5,0.946685354713044
5.356111478514719,-1.617917027872958,0.6970270270270269,0.0,2.5,0.7544909481705614
5.356111478514719,-1.6079170278729582,0.6409375,0.0,2.5,0.8375985349925257
5.356111478514719,-1.5979170278729584,0.6409375,0.0,2.5,0.8543551188973126
5.356111478514719,-1.5879170278729586,0.6409375,0.0,2.5,0.8641179106423171
5.356111478514719,-1.5179170278729601,0.6970270270270269,0.0,2.5,0.8602566978304983
5.356111478514719,-1.5079170278729603,0.6409375,0.0,2.5,0.8662988983057338
5.356111478514719,-1.4979170278729605,0.6970270270270269,0.0,2.5,0.8554524130963947
5.356111478514719,-1.4879170278729608,0.6409375,0.0,2.5,0.8516740200873596
5.356111478514719,-1.477917027872961,0.6409375,0.0,2.5,0.8388788045674228
5.356111478514719,-1.4679170278729612,0.6409375,0.0,2.5,0.8231886548272601
5.356111478514719,-1.4579170278729614,0.6409375,0.0,2.5,0.8004947086670584
5.356111478514719,-1.4479170278729616,0.6970270270270269,0.0,2.5,0.7631799583143352
5.356111478514719,-1.4379170278729618,0.6970270270270269,0.0,2.5,0.7626533800266955
5.356111478514719,-1.427917027872962,0.6970270270270269,0.0,2.5,0.734921707197043
5.356111478514719,-1.4179170278729623,0.6970270270270269,0.0,2.5,0.7184902253608964
5.356111478514719,-1.4079170278729625,0.7038888888888889,0.0,2.5,0.7174795450886395
5.356111478514719,-1.3979170278729627,0.7038888888888889,0.0,2.5,0.6848398588248433
5.356111478514719,-1.387917027872963,0.7391525423728812,0.0,2.5,0.6766974121539854
5.356111478514719,-1.377917027872963,0.7391525423728812,0.0,2.5,0.6851952833902337
5.356111478514719,-1.3679170278729633,0.7391525423728812,0.0,2.5,0.6847462775564443
5.356111478514719,-1.3579170278729635,0.7391525423728812,0.0,2.5,0.6774845067471013
5.356111478514719,-1.3479170278729637,0.7391525423728812,0.0,2.5,0.6748371634244418
5.356111478514719,-1.337917027872964,0.7391525423728812,0.0,2.5,0.6757679920822905
5.356111478514719,-1.3279170278729642,0.7391525423728812,0.0,2.5,0.672724381310021
5.356111478514719,-1.3179170278729644,0.7391525423728812,0.0,2.5,0.690866181956414
5.356111478514719,-1.3079170278729646,0.7391525423728812,0.0,2.5,0.6922883183785503
5.356111478514719,-1.2979170278729648,0.9333333333333335,0.0,2.5,0.6529990468289394
5.356111478514719,-1.287917027872965,1.4487500000000002,0.0,2.5,0.6464318789766368
5.356111478514719,-1.2779170278729652,1.4487500000000002,0.0,2.5,0.6359122144103444
5.356111478514719,-1.2679170278729655,1.4487500000000002,0.0,2.5,0.643932749393949
5.356111478514719,-1.2579170278729657,1.4487500000000002,0.0,2.5,0.6471193608536244
5.356111478514719,-1.2479170278729659,1.90625,0.0,2.5,0.6472745234180598
5.356111478514719,-1.237917027872966,0.9333333333333335,0.0,2.5,0.6751665871952693
5.356111478514719,-1.2279170278729663,0.7391525423728812,0.0,2.5,0.6819086495531462
5.356111478514719,-1.2179170278729665,0.7391525423728812,0.0,2.5,0.6746257796692512
5.356111478514719,-1.2079170278729667,0.7391525423728812,0.0,2.5,0.73961919751204
5.356111478514719,-1.197917027872967,0.7391525423728812,0.0,2.5,0.7588933615809834
5.356111478514719,-1.1879170278729672,0.7038888888888889,0.0,2.5,0.7691867295335864
5.356111478514719,-1.1779170278729674,0.6970270270270269,0.0,2.5,0.7727458602347584
5.356111478514719,-1.1679170278729676,0.7038888888888889,0.0,2.5,0.7472740930496933
5.356111478514719,-1.1579170278729678,0.6970270270270269,0.0,2.5,0.769839202778252
5.356111478514719,-1.147917027872968,0.6970270270270269,0.0,2.5,0.7580094229160244
5.356111478514719,-1.1379170278729682,0.6970270270270269,0.0,2.5,0.7570860106106472
5.356111478514719,-1.1279170278729684,0.6970270270270269,0.0,2.5,0.7339280396582023
5.356111478514719,-1.1179170278729686,0.6409375,0.0,2.5,0.7611542669031526
5.356111478514719,-1.1079170278729689,0.6409375,0.0,2.5,0.7648450822701753
5.356111478514719,-1.097917027872969,0.6409375,0.0,2.5,0.7551205116074259
5.356111478514719,-1.0879170278729693,0.6409375,0.0,2.5,0.7555848472320397
5.356111478514719,-1.0779170278729695,0.6409375,0.0,2.5,0.8022152942680433
5.356111478514719,-1.0679170278729697,0.6409375,0.0,2.5,0.8136910182964787
5.356111478514719,-1.05791702787297,0.6409375,0.0,2.5,0.8326848840213038
5.356111478514719,-1.0479170278729701,0.6409375,0.0,2.5,0.8172977754014461
5.356111478514719,-1.0379170278729704,0.6409375,0.0,2.5,0.8118717629488333
5.356111478514719,-1.0279170278729706,0.6409375,0.0,2.5,0.8173058244927206
5.356111478514719,-1.0179170278729708,0.6970270270270269,0.0,2.5,0.8116176644434303
5.356111478514719,-1.007917027872971,0.6970270270270269,0.0,2.5,0.8060694603819104
5.356111478514719,-0.9979170278729712,0.6970270270270269,0.0,2.5,0.8089762349538226
5.356111478514719,-0.9879170278729714,0.6970270270270269,0.0,2.5,0.8189665625522393
5.356111478514719,-0.9779170278729716,0.6970270270270269,0.0,2.5,0.8250524577748984
5.356111478514719,-0.9679170278729718,0.6409375,0.0,2.5,0.8301157109684391
5.356111478514719,-0.9579170278729721,0.6409375,0.0,2.5,0.8356961356992485
5.356111478514719,-0.9479170278729723,0.6409375,0.0,2.5,0.8486655465053274
5.356111478514719,-0.9379170278729725,0.6409375,0.0,2.5,0.8662896399727481
5.356111478514719,-0.9279170278729727,0.6409375,0.0,2.5,0.8690811512826645
5.356111478514719,-0.9179170278729729,0.6409375,0.0,2.5,0.8706530549736224
5.356111478514719,-0.9079170278729731,0.6409375,0.0,2.5,0.8679399682524263
5.356111478514719,-0.8979170278729733,0.6409375,0.0,2.5,0.8677004807823191
5.356111478514719,-0.8879170278729736,0.6409375,0.0,2.5,0.8782268861642599
5.356111478514719,-0.8779170278729738,0.6409375,0.0,2.5,0.8777446800105237
5.356111478514719,-0.867917027872974,0.6409375,0.0,2.5,0.8846896437070548
5.356111478514719,-0.8579170278729742,0.6409375,0.0,2.5,0.8782083376444122
5.356111478514719,-0.8479170278729744,0.6409375,0.0,2.5,0.8527656715232997
5.356111478514719,-0.8379170278729746,0.6409375,0.0,2.5,0.8170580870608506
5.356111478514719,-0.8279170278729748,0.6409375,0.0,2.5,0.8078120226493756
5.356111478514719,-0.817917027872975,0.6409375,0.0,2.5,0.8097043240573121
5.356111478514719,-0.8079170278729753,0.6409375,0.0,2.5,0.8484164985945755
5.356111478514719,-0.7979170278729755,0.6409375,0.0,2.5,0.8681302282145966
5.356111478514719,-0.7879170278729757,0.6409375,0.0,2.5,0.859030765419424
5.356111478514719,-0.7779170278729759,0.6409375,0.0,2.5,0.8609740647558279
5.356111478514719,-0.7679170278729761,0.6970270270270269,0.0,2.5,0.8385995130391579
5.356111478514719,-0.7579170278729763,0.6409375,0.0,2.5,0.889080985478224
5.356111478514719,-0.7479170278729765,0.6409375,0.0,2.5,0.8869844781772344
5.356111478514719,-0.7379170278729767,0.6970270270270269,0.0,2.5,0.850649912304632
5.356111478514719,-0.727917027872977,0.6970270270270269,0.0,2.5,0.8514527253309137
5.356111478514719,-0.7179170278729772,0.6409375,0.0,2.5,0.8391261506115684
5.356111478514719,-0.7079170278729774,0.6970270270270269,0.0,2.5,0.8095886797281632
5.356111478514719,-0.6979170278729776,0.6409375,0.0,2.5,0.8154749651845784
5.356111478514719,-0.6879170278729778,0.6409375,0.0,2.5,0.8296501769146709
5.356111478514719,-0.677917027872978,0.6409375,0.0,2.5,0.87402197266078
5.356111478514719,-0.6679170278729782,0.6409375,0.0,2.5,0.8785652476801425
5.356111478514719,-0.6579170278729785,0.6008,0.0,2.5,0.9417186671351101
5.356111478514719,-0.6479170278729787,0.6008,0.0,2.5,0.952707020690984
5.356111478514719,-0.6379170278729789,0.6409375,0.0,2.5,0.8636162179882081
5.356111478514719,-0.6279170278729791,0.6008,0.0,2.5,0.9416934413931684
5.356111478514719,-0.6179170278729793,0.6409375,0.0,2.5,0.9416934413931684
5.356111478514719,-0.6079170278729795,0.6008,0.0,2.5,0.9605534849401856
5.356111478514719,-0.5979170278729797,0.6008,0.0,2.5,0.954329083669413
5.356111478514719,-0.58791702787298,0.6409375,0.0,2.5,0.9110249693290953
5.366111478514719,-1.6279170278729578,0.7038888888888889,0.0,2.5,0.7278861806255942
5.366111478514719,-1.617917027872958,0.6970270270270269,0.0,2.5,0.7852374758330208
5.366111478514719,-1.6079170278729582,0.6409375,0.0,2.5,0.8451394328662241
5.366111478514719,-1.5979170278729584,0.6409375,0.0,2.5,0.864432249221376
5.366111478514719,-1.5879170278729586,0.6409375,0.0,2.5,0.8658555535221393
5.366111478514719,-1.5779170278729588,0.6409375,0.0,2.5,0.8654502627586796
5.366111478514719,-1.5179170278729601,0.6409375,0.0,2.5,0.859991861310336
5.366111478514719,-1.5079170278729603,0.6970270270270269,0.0,2.5,0.8630202888353301
5.366111478514719,-1.4979170278729605,0.6409375,0.0,2.5,0.8550217919692538
5.366111478514719,-1.4879170278729608,0.6409375,0.0,2.5,0.8409765534901104
5.366111478514719,-1.477917027872961,0.6409375,0.0,2.5,0.8273187281905233
5.366111478514719,-1.4679170278729612,0.6409375,0.0,2.5,0.816638477634413
5.366111478514719,-1.4579170278729614,0.6409375,0.0,2.5,0.7862753321979822
5.366111478514719,-1.4479170278729616,0.6409375,0.0,2.5,0.7723053956373224
5.366111478514719,-1.4379170278729618,0.6970270270270269,0.0,2.5,0.7370454563108482
5.366111478514719,-1.427917027872962,0.6970270270270269,0.0,2.5,0.7161531691091491
5.366111478514719,-1.4179170278729623,0.6970270270270269,0.0,2.5,0.7217539729379827
5.366111478514719,-1.4079170278729625,0.7038888888888889,0.0,2.5,0.6875296613441648
5.366111478514719,-1.3979170278729627,0.7038888888888889,0.0,2.5,0.6709237697281051
5.366111478514719,-1.387917027872963,0.7038888888888889,0.0,2.5,0.6888673031019227
5.366111478514719,-1.377917027872963,0.7162250833144008,0.0,2.5,0.6947005260869684
5.366111478514719,-1.3679170278729633,0.7391525423728812,0.0,2.5,0.6820949396644884
5.366111478514719,-1.3579170278729635,0.7391525423728812,0.0,2.5,0.6769947312570791
5.366111478514719,-1.3479170278729637,0.7391525423728812,0.0,2.5,0.6781681544847923
5.366111478514719,-1.337917027872964,0.7391525423728812,0.0,2.5,0.6795152315713248
5.366111478514719,-1.3279170278729642,0.7391525423728812,0.0,2.5,0.6871664704116259
5.366111478514719,-1.3179170278729644,0.7391525423728812,0.0,2.5,0.7009349796250823
5.366111478514719,-1.3079170278729646,0.7391525423728812,0.0,2.5,0.697601409777027
5.366111478514719,-1.2979170278729648,0.9333333333333335,0.0,2.5,0.6684190784767916
5.366111478514719,-1.287917027872965,1.4487500000000002,0.0,2.5,0.6388977414306317
5.366111478514719,-1.2779170278729652,1.90625,0.0,2.5,0.6310915516813516
5.366111478514719,-1.2679170278729655,1.90625,0.0,2.5,0.630655085285346
5.366111478514719,-1.2579170278729657,1.90625,0.0,2.5,0.6476952402124372
5.366111478514719,-1.2479170278729659,1.4487500000000002,0.0,2.5,0.6516447548270985
5.366111478514719,-1.237917027872966,0.78,0.0,2.5,0.6997541706652283
5.366111478514719,-1.2279170278729663,0.7391525423728812,0.0,2.5,0.700952149346962
5.366111478514719,-1.2179170278729665,0.7391525423728812,0.0,2.5,0.7046221910613096
5.366111478514719,-1.2079170278729667,0.7391525423728812,0.0,2.5,0.7652849056754745
5.366111478514719,-1.197917027872967,0.7038888888888889,0.0,2.5,0.7758519306458366
5.366111478514719,-1.1879170278729672,0.7038888888888889,0.0,2.5,0.7747201367109338
5.366111478514719,-1.1779170278729674,0.6993342947689967,0.0,2.5,0.7645587218226948
5.366111478514719,-1.1679170278729676,0.6970270270270269,0.0,2.5,0.7850864627474096
5.366111478514719,-1.1579170278729678,0.6970270270270269,0.0,2.5,0.7773961933961107
5.366111478514719,-1.147917027872968,0.6409375,0.0,2.5,0.8038488752468204
5.366111478514719,-1.1379170278729682,0.6409375,0.0,2.5,0.7946880336541237
5.366111478514719,-1.1279170278729684,0.6409375,0.0,2.5,0.7867235247102159
5.366111478514719,-1.1179170278729686,0.6409375,0.0,2.5,0.7641913993154287
5.366111478514719,-1.1079170278729689,0.6970270270270269,0.0,2.5,0.7316066399579314
5.366111478514719,-1.097917027872969,0.6970270270270269,0.0,2.5,0.7149213425001051
5.366111478514719,-1.0879170278729693,0.6409375,0.0,2.5,0.7617841344567692
5.366111478514719,-1.0779170278729695,0.6409375,0.0,2.5,0.7535103489510407
5.366111478514719,-1.0679170278729697,0.6970270270270269,0.0,2.5,0.7472132989997811
5.366111478514719,-1.05791702787297,0.6409375,0.0,2.5,0.8099701870292253
5.366111478514719,-1.0479170278729701,0.6409375,0.0,2.5,0.8310242705453483
5.366111478514719,-1.0379170278729704,0.6409375,0.0,2.5,0.8342295845292276
5.366111478514719,-1.0279170278729706,0.6970270270270269,0.0,2.5,0.816671134568771
5.366111478514719,-1.0179170278729708,0.6970270270270269,0.0,2.5,0.8064675981719855
5.366111478514719,-1.007917027872971,0.7038888888888889,0.0,2.5,0.7819868736371052
5.366111478514719,-0.9979170278729712,0.7038888888888889,0.0,2.5,0.774539668741836
5.366111478514719,-0.9879170278729714,0.7038888888888889,0.0,2.5,0.7836681933096031
5.366111478514719,-0.9779170278729716,0.6970270270270269,0.0,2.5,0.7830628951891784
5.366111478514719,-0.9679170278729718,0.6970270270270269,0.0,2.5,0.7996670925068532
5.366111478514719,-0.9579170278729721,0.6409375,0.0,2.5,0.8327168018432175
5.366111478514719,-0.9479170278729723,0.6409375,0.0,2.5,0.8534122975768772
5.366111478514719,-0.9379170278729725,0.6409375,0.0,2.5,0.8664802637179811
5.366111478514719,-0.9279170278729727,0.6409375,0.0,2.5,0.8601106772134028
5.366111478514719,-0.9179170278729729,0.6409375,0.0,2.5,0.8564802785559088
5.366111478514719,-0.9079170278729731,0.6409375,0.0,2.5,0.8629004807807553
5.366111478514719,-0.8979170278729733,0.6409375,0.0,2.5,0.8656781594618311
5.366111478514719,-0.8879170278729736,0.6409375,0.0,2.5,0.8653788421029367
5.366111478514719,-0.8779170278729738,0.6409375,0.0,2.5,0.8675182871658531
5.366111478514719,-0.867917027872974,0.6409375,0.0,2.5,0.8799356638815135
5.366111478514719,-0.8579170278729742,0.6409375,0.0,2.5,0.8640144572993566
5.366111478514719,-0.8479170278729744,0.6409375,0.0,2.5,0.8100656722311796
5.366111478514719,-0.8379170278729746,0.6409375,0.0,2.5,0.837253668918017
5.366111478514719,-0.8279170278729748,0.6409375,0.0,2.5,0.8088349648185407
5.366111478514719,-0.817917027872975,0.6409375,0.0,2.5,0.7656822682894836
5.366111478514719,-0.8079170278729753,0.6409375,0.0,2.5,0.8367353169052814
5.366111478514719,-0.7979170278729755,0.6409375,0.0,2.5,0.8541334672090477
5.366111478514719,-0.7879170278729757,0.6409375,0.0,2.5,0.8531437586672304
5.366111478514719,-0.7779170278729759,0.6409375,0.0,2.5,0.8518882044106119
5.366111478514719,-0.7679170278729761,0.6970270270270269,0.0,2.5,0.8389744170896747
5.366111478514719,-0.7579170278729763,0.6409375,0.0,2.5,0.9068143176189062
5.366111478514719,-0.7479170278729765,0.6409375,0.0,2.5,0.8968540451321568
5.366111478514719,-0.7379170278729767,0.6970270270270269,0.0,2.5,0.863369106318008
5.366111478514719,-0.727917027872977,0.6409375,0.0,2.5,0.8537044644221984
5.366111478514719,-0.7179170278729772,0.6970270270270269,0.0,2.5,0.8106457626081448
5.366111478514719,-0.7079170278729774,0.6409375,0.0,2.5,0.8284213094897016
5.366111478514719,-0.6979170278729776,0.6409375,0.0,2.5,0.833668273166131
5.366111478514719,-0.6879170278729778,0.6409375,0.0,2.5,0.8270880222602405
5.366111478514719,-0.677917027872978,0.6409375,0.0,2.5,0.8377006365656328
5.366111478514719,-0.6679170278729782,0.6409375,0.0,2.5,0.8575104254348586
5.366111478514719,-0.6579170278729785,0.6409375,0.0,2.5,0.8801632230959054
5.366111478514719,-0.6479170278729787,0.6008,0.0,2.5,0.9447791440940754
5.366111478514719,-0.6379170278729789,0.6409375,0.0,2.5,0.9326213821067297
5.366111478514719,-0.6279170278729791,0.6409375,0.0,2.5,0.9421217892316103
5.366111478514719,-0.6179170278729793,0.6409375,0.0,2.5,0.9448395556888018
5.366111478514719,-0.6079170278729795,0.6409375,0.0,2.5,0.9403425367648578
5.366111478514719,-0.5979170278729797,0.6409375,0.0,2.5,0.9498688657017081
5.366111478514719,-0.58791702787298,0.6409375,0.0,2.5,0.9364777476357564
5.366111478514719,-0.5779170278729802,0.6409375,0.0,2.5,0.9334468656801767
5.366111478514719,-0.5679170278729804,0.6409375,0.0,2.5,0.9341859904013688
5.366111478514719,-0.5579170278729806,0.6409375,0.0,2.5,0.928068948701506
5.366111478514719,-0.5479170278729808,0.6409375,0.0,2.5,0.9377451441213469
5.366111478514719,-0.537917027872981,0.6409375,0.0,2.5,0.8767066890343574
5.376111478514718,-1.6279170278729578,0.6970270270270269,0.0,2.5,0.7936934863410806
5.376111478514718,-1.617917027872958,0.6409375,0.0,2.5,0.8094443665517066
5.376111478514718,-1.6079170278729582,0.6409375,0.0,2.5,0.7886957148328575
5.376111478514718,-1.5979170278729584,0.6409375,0.0,2.5,0.859676779465906
5.376111478514718,-1.5879170278729586,0.6409375,0.0,2.5,0.8643208312999171
5.376111478514718,-1.5779170278729588,0.6409375,0.0,2.5,0.8667684366859774
5.376111478514718,-1.52791702787296,0.6409375,0.0,2.5,0.8312608618285532
5.376111478514718,-1.5179170278729601,0.6409375,0.0,2.5,0.8694756676848067
5.376111478514718,-1.5079170278729603,0.6970270270270269,0.0,2.5,0.8519213595096954
5.376111478514718,-1.4979170278729605,0.6409375,0.0,2.5,0.8538347955173881
5.376111478514718,-1.4879170278729608,0.6409375,0.0,2.5,0.8388401757625175
5.376111478514718,-1.477917027872961,0.6409375,0.0,2.5,0.8276694321727218
5.376111478514718,-1.4679170278729612,0.6409375,0.0,2.5,0.7992873445375258
5.376111478514718,-1.4579170278729614,0.6409375,0.0,2.5,0.7746066690024278
5.376111478514718,-1.4479170278729616,0.6970270270270269,0.0,2.5,0.7407795314474942
5.376111478514718,-1.4379170278729618,0.6970270270270269,0.0,2.5,0.7265179804788495
5.376111478514718,-1.427917027872962,0.6970270270270269,0.0,2.5,0.7304689170831971
5.376111478514718,-1.4179170278729623,0.6970270270270269,0.0,2.5,0.7040012769505185
5.376111478514718,-1.4079170278729625,0.6970270270270269,0.0,2.5,0.6831580976100093
5.376111478514718,-1.3979170278729627,0.7038888888888889,0.0,2.5,0.6873059592330826
5.376111478514718,-1.387917027872963,0.7038888888888889,0.0,2.5,0.6942470510219526
5.376111478514718,-1.377917027872963,0.7038888888888889,0.0,2.5,0.6879352946456513
5.376111478514718,-1.3679170278729633,0.7391525423728812,0.0,2.5,0.6860540289282621
5.376111478514718,-1.3579170278729635,0.7391525423728812,0.0,2.5,0.6797551732714326
5.376111478514718,-1.3479170278729637,0.7391525423728812,0.0,2.5,0.6799718410514696
5.376111478514718,-1.337917027872964,0.7391525423728812,0.0,2.5,0.6799302437301826
5.376111478514718,-1.3279170278729642,0.7391525423728812,0.0,2.5,0.6992744720957856
5.376111478514718,-1.3179170278729644,0.7391525423728812,0.0,2.5,0.7042791685359777
5.376111478514718,-1.3079170278729646,0.7391525423728812,0.0,2.5,0.703896771935339
5.376111478514718,-1.2979170278729648,0.9333333333333335,0.0,2.5,0.6759923946334855
5.376111478514718,-1.287917027872965,1.4487500000000002,0.0,2.5,0.6662557203045419
5.376111478514718,-1.2779170278729652,1.4487500000000002,0.0,2.5,0.654956711633685
5.376111478514718,-1.2679170278729655,1.4487500000000002,0.0,2.5,0.6658106256427869
5.376111478514718,-1.2579170278729657,1.4487500000000002,0.0,2.5,0.6755849494057132
5.376111478514718,-1.2479170278729659,1.4487500000000002,0.0,2.5,0.6775547800038699
5.376111478514718,-1.237917027872966,0.9333333333333335,0.0,2.5,0.6878453555364772
5.376111478514718,-1.2279170278729663,0.7391525423728812,0.0,2.5,0.7181134195730402
5.376111478514718,-1.2179170278729665,0.7391525423728812,0.0,2.5,0.7259041103532045
5.376111478514718,-1.2079170278729667,0.7391525423728812,0.0,2.5,0.7186514465891222
5.376111478514718,-1.197917027872967,0.7038888888888889,0.0,2.5,0.7966161332088177
5.376111478514718,-1.1879170278729672,0.6970270270270269,0.0,2.5,0.8018180468321959
5.376111478514718,-1.1779170278729674,0.6970270270270269,0.0,2.5,0.8100575467760063
5.376111478514718,-1.1679170278729676,0.6970270270270269,0.0,2.5,0.8033891958001166
5.376111478514718,-1.1579170278729678,0.6970270270270269,0.0,2.5,0.7996602924862419
5.376111478514718,-1.147917027872968,0.6409375,0.0,2.5,0.8013542081489791
5.376111478514718,-1.1379170278729682,0.6409375,0.0,2.5,0.8132211278021636
5.376111478514718,-1.1279170278729684,0.6409375,0.0,2.5,0.8386172022695852
5.376111478514718,-1.1179170278729686,0.6409375,0.0,2.5,0.8375106177913836
5.376111478514718,-1.1079170278729689,0.6970270270270269,0.0,2.5,0.7368970284647076
5.376111478514718,-1.097917027872969,0.6970270270270269,0.0,2.5,0.7561137290219065
5.376111478514718,-1.0879170278729693,0.6970270270270269,0.0,2.5,0.6998581011869505
5.376111478514718,-1.0779170278729695,0.6970270270270269,0.0,2.5,0.7474908207272074
5.376111478514718,-1.0679170278729697,0.6970270270270269,0.0,2.5,0.7466505512659543
5.376111478514718,-1.05791702787297,0.6970270270270269,0.0,2.5,0.7674011952967396
5.376111478514718,-1.0479170278729701,0.6970270270270269,0.0,2.5,0.793182995670727
5.376111478514718,-1.0379170278729704,0.6970270270270269,0.0,2.5,0.8091501718956817
5.376111478514718,-1.0279170278729706,0.6409375,0.0,2.5,0.8348710298890959
5.376111478514718,-1.0179170278729708,0.6970270270270269,0.0,2.5,0.8302193196754124
5.376111478514718,-1.007917027872971,0.6970270270270269,0.0,2.5,0.8201473885386306
5.376111478514718,-0.9979170278729712,0.7038888888888889,0.0,2.5,0.8026534221724084
5.376111478514718,-0.9879170278729714,0.7038888888888889,0.0,2.5,0.7778258967149928
5.376111478514718,-0.9779170278729716,0.7038888888888889,0.0,2.5,0.7785245885399412
5.376111478514718,-0.9679170278729718,0.6970270270270269,0.0,2.5,0.8011123748963407
5.376111478514718,-0.9579170278729721,0.6970270270270269,0.0,2.5,0.8121933610621357
5.376111478514718,-0.9479170278729723,0.6970270270270269,0.0,2.5,0.8062904433614029
5.376111478514718,-0.9379170278729725,0.6970270270270269,0.0,2.5,0.8044641088873397
5.376111478514718,-0.9279170278729727,0.6970270270270269,0.0,2.5,0.8193222770263305
5.376111478514718,-0.9179170278729729,0.6970270270270269,0.0,2.5,0.8310176511755772
5.376111478514718,-0.9079170278729731,0.6409375,0.0,2.5,0.8325717320421582
5.376111478514718,-0.8979170278729733,0.6409375,0.0,2.5,0.8227138986255572
5.376111478514718,-0.8879170278729736,0.6409375,0.0,2.5,0.8586896099340429
5.376111478514718,-0.8779170278729738,0.6409375,0.0,2.5,0.8550161980754509
5.376111478514718,-0.867917027872974,0.6409375,0.0,2.5,0.8139026002713587
5.376111478514718,-0.8579170278729742,0.6409375,0.0,2.5,0.8422737784298556
5.376111478514718,-0.8479170278729744,0.6409375,0.0,2.5,0.8064582485238289
5.376111478514718,-0.8379170278729746,0.6409375,0.0,2.5,0.7981773223007789
5.376111478514718,-0.8279170278729748,0.6409375,0.0,2.5,0.8011474773770049
5.376111478514718,-0.817917027872975,0.6409375,0.0,2.5,0.7981317582355736
5.376111478514718,-0.8079170278729753,0.6409375,0.0,2.5,0.8206016498129887
5.376111478514718,-0.7979170278729755,0.6409375,0.0,2.5,0.8332011103202819
5.376111478514718,-0.7879170278729757,0.6409375,0.0,2.5,0.8512732553331019
5.376111478514718,-0.7779170278729759,0.6409375,0.0,2.5,0.8493602562942713
5.376111478514718,-0.7679170278729761,0.6409375,0.0,2.5,0.8767025400710857
5.376111478514718,-0.7579170278729763,0.6409375,0.0,2.5,0.9116442808379778
5.376111478514718,-0.7479170278729765,0.6970270270270269,0.0,2.5,0.87013610667665
5.376111478514718,-0.7379170278729767,0.6970270270270269,0.0,2.5,0.8569023562433347
5.376111478514718,-0.727917027872977,0.6970270270270269,0.0,2.5,0.8246737053518459
5.376111478514718,-0.7179170278729772,0.6970270270270269,0.0,2.5,0.821989019348851
5.376111478514718,-0.7079170278729774,0.6970270270270269,0.0,2.5,0.8060966508690498
5.376111478514718,-0.6979170278729776,0.6409375,0.0,2.5,0.8355165172374658
5.376111478514718,-0.6879170278729778,0.6409375,0.0,2.5,0.8312589894593556
5.376111478514718,-0.677917027872978,0.6409375,0.0,2.5,0.8269501908473162
5.376111478514718,-0.6679170278729782,0.6409375,0.0,2.5,0.8395137896639261
5.376111478514718,-0.6579170278729785,0.6409375,0.0,2.5,0.8769797611463067
5.376111478514718,-0.6479170278729787,0.6409375,0.0,2.5,0.8785019944866019
5.376111478514718,-0.6379170278729789,0.6409375,0.0,2.5,0.9213714867421139
5.376111478514718,-0.6279170278729791,0.6008,0.0,2.5,0.9482945785327543
5.376111478514718,-0.6179170278729793,0.6008,0.0,2.5,0.944961245199421
5.376111478514718,-0.6079170278729795,0.6409375,0.0,2.5,0.9308951112443573
5.376111478514718,-0.5979170278729797,0.6008,0.0,2.5,0.9525750762465396
5.376111478514718,-0.58791702787298,0.6008,0.0,2.5,0.9493533367985556
5.376111478514718,-0.5779170278729802,0.6008,0.0,2.5,0.9523101954429141
5.376111478514718,-0.5679170278729804,0.6409375,0.0,2.5,0.9334360238494128
5.376111478514718,-0.5579170278729806,0.6409375,0.0,2.5,0.9321766542346676
5.376111478514718,-0.5479170278729808,0.6409375,0.0,2.5,0.9178580295633768
5.376111478514718,-0.537917027872981,0.6409375,0.0,2.5,0.9117217266375119
5.376111478514718,-0.5279170278729812,0.6409375,0.0,2.5,0.9074791558006192
5.376111478514718,-0.5179170278729814,0.6409375,0.0,2.5,0.8515153834265761
5.376111478514718,-0.5079170278729817,0.7038888888888889,0.0,2.5,0.795011797603686
5.386111478514718,-1.6279170278729578,0.6970270270270269,0.0,2.5,0.7697743017072814
5.386111478514718,-1.617917027872958,0.6409375,0.0,2.5,0.8230019270467009
5.386111478514718,-1.6079170278729582,0.6409375,0.0,2.5,0.7889437663008988
5.386111478514718,-1.5979170278729584,0.6409375,0.0,2.5,0.8582822490182856
5.386111478514718,-1.5879170278729586,0.6409375,0.0,2.5,0.8641199926515161
5.386111478514718,-1.5779170278729588,0.6409375,0.0,2.5,0.8720907050989724
5.386111478514718,-1.567917027872959,0.6409375,0.0,2.5,0.8658555535221393
5.386111478514718,-1.5579170278729593,0.6409375,0.0,2.5,0.8617827533509143
5.386111478514718,-1.5479170278729595,0.6409375,0.0,2.5,0.8446212585159718
5.386111478514718,-1.5379170278729597,0.6409375,0.0,2.5,0.8332961834112822
5.386111478514718,-1.52791702787296,0.6409375,0.0,2.5,0.855931308867751
5.386111478514718,-1.5179170278729601,0.6409375,0.0,2.5,0.8692902975002605
5.386111478514718,-1.5079170278729603,0.6409375,0.0,2.5,0.8491336419294654
5.386111478514718,-1.4979170278729605,0.6409375,0.0,2.5,0.844962951429633
5.386111478514718,-1.4879170278729608,0.6409375,0.0,2.5,0.843331418117231
5.386111478514718,-1.477917027872961,0.6409375,0.0,2.5,0.8058006006375644
5.386111478514718,-1.4679170278729612,0.6409375,0.0,2.5,0.7680239925972473
5.386111478514718,-1.4579170278729614,0.6409375,0.0,2.5,0.747363573898718
5.386111478514718,-1.4479170278729616,0.6409375,0.0,2.5,0.7368013527173216
5.386111478514718,-1.4379170278729618,0.6409375,0.0,2.5,0.7224401384309899
5.386111478514718,-1.427917027872962,0.6970270270270269,0.0,2.5,0.6985775337050464
5.386111478514718,-1.4179170278729623,0.6970270270270269,0.0,2.5,0.6896448309057223
5.386111478514718,-1.4079170278729625,0.6970270270270269,0.0,2.5,0.6900785983771496
5.386111478514718,-1.3979170278729627,0.6970270270270269,0.0,2.5,0.7045570624154022
5.386111478514718,-1.387917027872963,0.6970270270270269,0.0,2.5,0.6990697421794257
5.386111478514718,-1.377917027872963,0.7038888888888889,0.0,2.5,0.6892219494629012
5.386111478514718,-1.3679170278729633,0.7038888888888889,0.0,2.5,0.6913786471944596
5.386111478514718,-1.3579170278729635,0.7391525423728812,0.0,2.5,0.6885301137741869
5.386111478514718,-1.3479170278729637,0.7391525423728812,0.0,2.5,0.6876313052306856
5.386111478514718,-1.337917027872964,0.7391525423728812,0.0,2.5,0.6890118443315351
5.386111478514718,-1.3279170278729642,0.7391525423728812,0.0,2.5,0.7144217420927231
5.386111478514718,-1.3179170278729644,0.7391525423728812,0.0,2.5,0.7176376240118763
5.386111478514718,-1.3079170278729646,0.7391525423728812,0.0,2.5,0.7148017660411666
5.386111478514718,-1.2979170278729648,0.7772038236392347,0.0,2.5,0.6880676216287146
5.386111478514718,-1.287917027872965,1.4487500000000002,0.0,2.5,0.6801726014816002
5.386111478514718,-1.2779170278729652,1.4487500000000002,0.0,2.5,0.6678397472966361
5.386111478514718,-1.2679170278729655,1.90625,0.0,2.5,0.672064449295654
5.386111478514718,-1.2579170278729657,1.4487500000000002,0.0,2.5,0.6821342851239378
5.386111478514718,-1.2479170278729659,0.9333333333333335,0.0,2.5,0.7063472796860821
5.386111478514718,-1.237917027872966,0.7391525423728812,0.0,2.5,0.7118181373965962
5.386111478514718,-1.2279170278729663,0.7391525423728812,0.0,2.5,0.7389065667190796
5.386111478514718,-1.2179170278729665,0.7391525423728812,0.0,2.5,0.7305115990657228
5.386111478514718,-1.2079170278729667,0.7391525423728812,0.0,2.5,0.7246757316571218
5.386111478514718,-1.197917027872967,0.7038888888888889,0.0,2.5,0.7899303181829803
5.386111478514718,-1.1879170278729672,0.7038888888888889,0.0,2.5,0.7839296318584188
5.386111478514718,-1.1779170278729674,0.6970270270270269,0.0,2.5,0.7806305993650233
5.386111478514718,-1.1679170278729676,0.6970270270270269,0.0,2.5,0.7684104326240593
5.386111478514718,-1.1579170278729678,0.6970270270270269,0.0,2.5,0.7584628083680975
5.386111478514718,-1.147917027872968,0.6970270270270269,0.0,2.5,0.7309666781312646
5.386111478514718,-1.1379170278729682,0.6970270270270269,0.0,2.5,0.7336171726339586
5.386111478514718,-1.1279170278729684,0.6970270270270269,0.0,2.5,0.73790038603242
5.386111478514718,-1.1179170278729686,0.6409375,0.0,2.5,0.7460281570640167
5.386111478514718,-1.1079170278729689,0.6970270270270269,0.0,2.5,0.730601838969899
5.386111478514718,-1.097917027872969,0.6970270270270269,0.0,2.5,0.7529974728455923
5.386111478514718,-1.0879170278729693,0.7038888888888889,0.0,2.5,0.6710174006993544
5.386111478514718,-1.0779170278729695,0.7038888888888889,0.0,2.5,0.6854171079161151
5.386111478514718,-1.0679170278729697,0.6970270270270269,0.0,2.5,0.722703781876082
5.386111478514718,-1.05791702787297,0.6970270270270269,0.0,2.5,0.7491910083518096
5.386111478514718,-1.0479170278729701,0.6970270270270269,0.0,2.5,0.7529557124612122
5.386111478514718,-1.0379170278729704,0.6970270270270269,0.0,2.5,0.7613848718473266
5.386111478514718,-1.0279170278729706,0.6970270270270269,0.0,2.5,0.821183866506635
5.386111478514718,-1.0179170278729708,0.6970270270270269,0.0,2.5,0.8392181320795977
5.386111478514718,-1.007917027872971,0.6970270270270269,0.0,2.5,0.8294897974629168
5.386111478514718,-0.9979170278729712,0.6970270270270269,0.0,2.5,0.8231957394523377
5.386111478514718,-0.9879170278729714,0.7038888888888889,0.0,2.5,0.814205011668956
5.386111478514718,-0.9779170278729716,0.7038888888888889,0.0,2.5,0.7929336787326056
5.386111478514718,-0.9679170278729718,0.7038888888888889,0.0,2.5,0.775191041096055
5.386111478514718,-0.9579170278729721,0.7038888888888889,0.0,2.5,0.7676320236799347
5.386111478514718,-0.9479170278729723,0.702292224859301,0.0,2.5,0.7873504773895308
5.386111478514718,-0.9379170278729725,0.6970270270270269,0.0,2.5,0.8023180792618456
5.386111478514718,-0.9279170278729727,0.6970270270270269,0.0,2.5,0.8090060284542099
5.386111478514718,-0.9179170278729729,0.6970270270270269,0.0,2.5,0.800358239348937
5.386111478514718,-0.9079170278729731,0.6970270270270269,0.0,2.5,0.8066331586042458
5.386111478514718,-0.8979170278729733,0.6409375,0.0,2.5,0.821946150158637
5.386111478514718,-0.8879170278729736,0.6409375,0.0,2.5,0.8355609336001735
5.386111478514718,-0.8779170278729738,0.6409375,0.0,2.5,0.8480034946865733
5.386111478514718,-0.867917027872974,0.6409375,0.0,2.5,0.7920124274628875
5.386111478514718,-0.8579170278729742,0.6409375,0.0,2.5,0.8268098339053295
5.386111478514718,-0.8479170278729744,0.6409375,0.0,2.5,0.7642676981643866
5.386111478514718,-0.8379170278729746,0.6409375,0.0,2.5,0.7791537590995711
5.386111478514718,-0.8279170278729748,0.6409375,0.0,2.5,0.7787202656681361
5.386111478514718,-0.817917027872975,0.6409375,0.0,2.5,0.7871326915865339
5.386111478514718,-0.8079170278729753,0.6409375,0.0,2.5,0.7993615553527698
5.386111478514718,-0.7979170278729755,0.6970270270270269,0.0,2.5,0.7852878866810377
5.386111478514718,-0.7879170278729757,0.6970270270270269,0.0,2.5,0.7904747944221268
5.386111478514718,-0.7779170278729759,0.6970270270270269,0.0,2.5,0.7955564770041897
5.386111478514718,-0.7679170278729761,0.6970270270270269,0.0,2.5,0.8157268529520859
5.386111478514718,-0.7579170278729763,0.6409375,0.0,2.5,0.8745707185038842
5.386111478514718,-0.7479170278729765,0.6970270270270269,0.0,2.5,0.8456021503890506
5.386111478514718,-0.7379170278729767,0.6970270270270269,0.0,2.5,0.8389519562255031
5.386111478514718,-0.727917027872977,0.6970270270270269,0.0,2.5,0.8411028387486987
5.386111478514718,-0.7179170278729772,0.6409375,0.0,2.5,0.8346929357015209
5.386111478514718,-0.7079170278729774,0.6409375,0.0,2.5,0.8347967069549808
5.386111478514718,-0.6979170278729776,0.6409375,0.0,2.5,0.8365307391584422
5.386111478514718,-0.6879170278729778,0.6409375,0.0,2.5,0.8363618346211222
5.386111478514718,-0.677917027872978,0.6409375,0.0,2.5,0.8228430447662016
5.386111478514718,-0.6679170278729782,0.6409375,0.0,2.5,0.8679083011791208
5.386111478514718,-0.6579170278729785,0.6409375,0.0,2.5,0.9355162935986809
5.386111478514718,-0.6479170278729787,0.6409375,0.0,2.5,0.9307070321753239
5.386111478514718,-0.6379170278729789,0.6409375,0.0,2.5,0.9065969833140218
5.386111478514718,-0.6279170278729791,0.6008,0.0,2.5,0.9377379879088104
5.386111478514718,-0.6179170278729793,0.6409375,0.0,2.5,0.9247262794723962
5.386111478514718,-0.6079170278729795,0.6409375,0.0,2.5,0.9201052943213522
5.386111478514718,-0.5979170278729797,0.6008,0.0,2.5,0.9465111643239325
5.386111478514718,-0.58791702787298,0.6409375,0.0,2.5,0.8660889581119698
5.386111478514718,-0.5779170278729802,0.6008,0.0,2.5,0.9477123144916252
5.386111478514718,-0.5679170278729804,0.6008,0.0,2.5,0.9582301984470091
5.386111478514718,-0.5579170278729806,0.6409375,0.0,2.5,0.9317796121165713
5.386111478514718,-0.5479170278729808,0.6409375,0.0,2.5,0.922081969601554
5.386111478514718,-0.537917027872981,0.6409375,0.0,2.5,0.9158829561490722
5.386111478514718,-0.5279170278729812,0.6409375,0.0,2.5,0.8865025490872434
5.386111478514718,-0.5179170278729814,0.6409375,0.0,2.5,0.8866126673269152
5.386111478514718,-0.5079170278729817,0.6970270270270269,0.0,2.5,0.8268469391243038
5.386111478514718,-0.49791702787298187,0.7391525423728812,0.0,2.5,0.7739046474715333
5.396111478514718,-1.6279170278729578,0.6970270270270269,0.0,2.5,0.7800450021721229
5.396111478514718,-1.617917027872958,0.6409375,0.0,2.5,0.7912508198821281
5.396111478514718,-1.6079170278729582,0.6409375,0.0,2.5,0.795803699935848
5.396111478514718,-1.5979170278729584,0.6409375,0.0,2.5,0.8565726048928624
5.396111478514718,-1.5879170278729586,0.6409375,0.0,2.5,0.8769518772663041
5.396111478514718,-1.5779170278729588,0.6409375,0.0,2.5,0.8753153393616765
5.396111478514718,-1.567917027872959,0.6409375,0.0,2.5,0.8624289830421535
5.396111478514718,-1.5579170278729593,0.6409375,0.0,2.5,0.8608655914467016
5.396111478514718,-1.5479170278729595,0.6409375,0.0,2.5,0.8339582993610714
5.396111478514718,-1.5379170278729597,0.6409375,0.0,2.5,0.8298216752949916
5.396111478514718,-1.52791702787296,0.6409375,0.0,2.5,0.8597946509284399
5.396111478514718,-1.5179170278729601,0.6409375,0.0,2.5,0.8672648568624891
5.396111478514718,-1.5079170278729603,0.6409375,0.0,2.5,0.8558628894996809
5.396111478514718,-1.4979170278729605,0.6409375,0.0,2.5,0.8467480021394765
5.396111478514718,-1.4879170278729608,0.6409375,0.0,2.5,0.8221181748304118
5.396111478514718,-1.477917027872961,0.6970270270270269,0.0,2.5,0.7771718252446632
5.396111478514718,-1.4679170278729612,0.6970270270270269,0.0,2.5,0.7547786001996715
5.396111478514718,-1.4579170278729614,0.6409375,0.0,2.5,0.7370686662699164
5.396111478514718,-1.4479170278729616,0.6409375,0.0,2.5,0.725977589632535
5.396111478514718,-1.4379170278729618,0.6409375,0.0,2.5,0.7056701656516163
5.396111478514718,-1.427917027872962,0.6409375,0.0,2.5,0.6849470099543004
5.396111478514718,-1.4179170278729623,0.6970270270270269,0.0,2.5,0.6997689677018308
5.396111478514718,-1.4079170278729625,0.6409375,0.0,2.5,0.7334084086192133
5.396111478514718,-1.3979170278729627,0.6970270270270269,0.0,2.5,0.7399762284965514
5.396111478514718,-1.387917027872963,0.6970270270270269,0.0,2.5,0.7297133227085119
5.396111478514718,-1.377917027872963,0.6970270270270269,0.0,2.5,0.7206461244876912
5.396111478514718,-1.3679170278729633,0.7038888888888889,0.0,2.5,0.7030104987378943
5.396111478514718,-1.3579170278729635,0.7038888888888889,0.0,2.5,0.7040438253394649
5.396111478514718,-1.3479170278729637,0.7391525423728812,0.0,2.5,0.7004326969513437
5.396111478514718,-1.337917027872964,0.7391525423728812,0.0,2.5,0.71257564737766
5.396111478514718,-1.3279170278729642,0.7391525423728812,0.0,2.5,0.7247949901947753
5.396111478514718,-1.3179170278729644,0.7391525423728812,0.0,2.5,0.7260140122777987
5.396111478514718,-1.3079170278729646,0.7391525423728812,0.0,2.5,0.7314206454183796
5.396111478514718,-1.2979170278729648,0.7391525423728812,0.0,2.5,0.6857702334935565
5.396111478514718,-1.287917027872965,1.4487500000000002,0.0,2.5,0.6418906115803907
5.396111478514718,-1.2779170278729652,1.90625,0.0,2.5,0.6235214926225177
5.396111478514718,-1.2679170278729655,1.90625,0.0,2.5,0.6263622631780689
5.396111478514718,-1.2579170278729657,1.90625,0.0,2.5,0.6329745154722968
5.396111478514718,-1.2479170278729659,1.4487500000000002,0.0,2.5,0.6509996058598473
5.396111478514718,-1.237917027872966,1.4487500000000002,0.0,2.5,0.6582463172818958
5.396111478514718,-1.2279170278729663,0.7391525423728812,0.0,2.5,0.6817403172581774
5.396111478514718,-1.2179170278729665,0.7391525423728812,0.0,2.5,0.696616019356685
5.396111478514718,-1.2079170278729667,0.7391525423728812,0.0,2.5,0.7089002722095351
5.396111478514718,-1.197917027872967,0.7391525423728812,0.0,2.5,0.7014304106654136
5.396111478514718,-1.1879170278729672,0.7391525423728812,0.0,2.5,0.677165339583831
5.396111478514718,-1.1779170278729674,0.7391525423728812,0.0,2.5,0.6184343745105545
5.396111478514718,-1.1679170278729676,0.7391525423728812,0.0,2.5,0.6586001999583208
5.396111478514718,-1.1579170278729678,0.7391525423728812,0.0,2.5,0.680671610691944
5.396111478514718,-1.147917027872968,0.7391525423728812,0.0,2.5,0.6862572955828781
5.396111478514718,-1.1379170278729682,0.7391525423728812,0.0,2.5,0.6553446091587174
5.396111478514718,-1.1279170278729684,0.7038888888888889,0.0,2.5,0.6871299935856559
5.396111478514718,-1.1179170278729686,0.7038888888888889,0.0,2.5,0.6680474029399613
5.396111478514718,-1.1079170278729689,0.6970270270270269,0.0,2.5,0.7454273508548336
5.396111478514718,-1.097917027872969,0.6409375,0.0,2.5,0.758821530630007
5.396111478514718,-1.0879170278729693,0.7038888888888889,0.0,2.5,0.681040977087704
5.396111478514718,-1.0779170278729695,0.7391525423728812,0.0,2.5,0.6603512854624628
5.396111478514718,-1.0679170278729697,0.7038888888888889,0.0,2.5,0.7243083644065055
5.396111478514718,-1.05791702787297,0.6970270270270269,0.0,2.5,0.75835728883985
5.396111478514718,-1.0479170278729701,0.6970270270270269,0.0,2.5,0.7644862564361216
5.396111478514718,-1.0379170278729704,0.6970270270270269,0.0,2.5,0.7870459848542242
5.396111478514718,-1.0279170278729706,0.6970270270270269,0.0,2.5,0.8266751718945676
5.396111478514718,-1.0179170278729708,0.6970270270270269,0.0,2.5,0.8543375922100036
5.396111478514718,-1.007917027872971,0.6970270270270269,0.0,2.5,0.8448081734167305
5.396111478514718,-0.9979170278729712,0.6970270270270269,0.0,2.5,0.8318742386602973
5.396111478514718,-0.9879170278729714,0.7038888888888889,0.0,2.5,0.8221680099567872
5.396111478514718,-0.9779170278729716,0.7038888888888889,0.0,2.5,0.8054737971237848
5.396111478514718,-0.9679170278729718,0.7038888888888889,0.0,2.5,0.782762269848681
5.396111478514718,-0.9579170278729721,0.7038888888888889,0.0,2.5,0.780635054677939
5.396111478514718,-0.9479170278729723,0.7038888888888889,0.0,2.5,0.7785269296164944
5.396111478514718,-0.9379170278729725,0.6970270270270269,0.0,2.5,0.8024675879288868
5.396111478514718,-0.9279170278729727,0.6970270270270269,0.0,2.5,0.8110199060691422
5.396111478514718,-0.9179170278729729,0.6970270270270269,0.0,2.5,0.8127819980445301
5.396111478514718,-0.9079170278729731,0.6409375,0.0,2.5,0.8100816640079619
5.396111478514718,-0.8979170278729733,0.6409375,0.0,2.5,0.7990639941002325
5.396111478514718,-0.8879170278729736,0.6409375,0.0,2.5,0.8094655290417979
5.396111478514718,-0.8779170278729738,0.6409375,0.0,2.5,0.8446007372711477
5.396111478514718,-0.867917027872974,0.6409375,0.0,2.5,0.8125697205911888
5.396111478514718,-0.8579170278729742,0.6409375,0.0,2.5,0.8123831321642053
5.396111478514718,-0.8479170278729744,0.6409375,0.0,2.5,0.7907888532302229
5.396111478514718,-0.8379170278729746,0.6409375,0.0,2.5,0.7944295532950136
5.396111478514718,-0.8279170278729748,0.6970270270270269,0.0,2.5,0.7817920750500236
5.396111478514718,-0.817917027872975,0.6970270270270269,0.0,2.5,0.7731047139517723
5.396111478514718,-0.8079170278729753,0.6970270270270269,0.0,2.5,0.7619242345098218
5.396111478514718,-0.7979170278729755,0.6409375,0.0,2.5,0.8068488272238681
5.396111478514718,-0.7879170278729757,0.6970270270270269,0.0,2.5,0.8102208922012377
5.396111478514718,-0.7779170278729759,0.6970270270270269,0.0,2.5,0.815594196267185
5.396111478514718,-0.7679170278729761,0.6970270270270269,0.0,2.5,0.814385121532055
5.396111478514718,-0.7579170278729763,0.6409375,0.0,2.5,0.8806512460072594
5.396111478514718,-0.7479170278729765,0.6970270270270269,0.0,2.5,0.8389263118097887
5.396111478514718,-0.7379170278729767,0.6970270270270269,0.0,2.5,0.8545002777877156
5.396111478514718,-0.727917027872977,0.6409375,0.0,2.5,0.8543953259861987
5.396111478514718,-0.7179170278729772,0.6409375,0.0,2.5,0.8557202660341602
5.396111478514718,-0.7079170278729774,0.6409375,0.0,2.5,0.8418394457874162
5.396111478514718,-0.6979170278729776,0.6409375,0.0,2.5,0.8162723886581192
5.396111478514718,-0.6879170278729778,0.6409375,0.0,2.5,0.8603568231414852
5.396111478514718,-0.677917027872978,0.6409375,0.0,2.5,0.8517308376207051
5.396111478514718,-0.6679170278729782,0.6409375,0.0,2.5,0.858676467430003
5.396111478514718,-0.6579170278729785,0.6409375,0.0,2.5,0.9278742481578485
5.396111478514718,-0.6479170278729787,0.6409375,0.0,2.5,0.9381311528478731
5.396111478514718,-0.6379170278729789,0.6409375,0.0,2.5,0.941614485403519
5.396111478514718,-0.6279170278729791,0.6008,0.0,2.5,0.9544069419106436
5.396111478514718,-0.6179170278729793,0.6008,0.0,2.5,0.9527596338883355
5.396111478514718,-0.6079170278729795,0.6008,0.0,2.5,0.9576028927421691
5.396111478514718,-0.5979170278729797,0.6409375,0.0,2.5,0.9274706635470288
5.396111478514718,-0.58791702787298,0.6008,0.0,2.5,0.9516350259704448
5.396111478514718,-0.5779170278729802,0.6409375,0.0,2.5,0.946374277911024
5.396111478514718,-0.5679170278729804,0.6409375,0.0,2.5,0.9415255809998272
5.396111478514718,-0.5579170278729806,0.6409375,0.0,2.5,0.9035956958718794
5.396111478514718,-0.5479170278729808,0.6409375,0.0,2.5,0.9373914298513093
5.396111478514718,-0.537917027872981,0.6409375,0.0,2.5,0.9266537924088648
5.396111478514718,-0.5279170278729812,0.6409375,0.0,2.5,0.9025473987603658
5.396111478514718,-0.5179170278729814,0.6409375,0.0,2.5,0.8894688934126495
5.396111478514718,-0.5079170278729817,0.6409375,0.0,2.5,0.8926024613546959
5.396111478514718,-0.49791702787298187,0.6409375,0.0,2.5,0.9093637827545838
5.396111478514718,-0.4879170278729821,0.7038888888888889,0.0,2.5,0.8164071344507156
5.406111478514718,-1.6279170278729578,0.6409375,0.0,2.5,0.780958726767095
5.406111478514718,-1.617917027872958,0.6409375,0.0,2.5,0.7976458623746476
5.406111478514718,-1.6079170278729582,0.6409375,0.0,2.5,0.7615939407417599
5.406111478514718,-1.5979170278729584,0.6409375,0.0,2.5,0.8545668819509615
5.406111478514718,-1.5879170278729586,0.6409375,0.0,2.5,0.8798415574039157
5.406111478514718,-1.5779170278729588,0.6409375,0.0,2.5,0.8785552907394301
5.406111478514718,-1.567917027872959,0.6409375,0.0,2.5,0.8632338521702877
5.406111478514718,-1.5579170278729593,0.6409375,0.0,2.5,0.8702121305424485
5.406111478514718,-1.5479170278729595,0.6409375,0.0,2.5,0.8635846452141768
5.406111478514718,-1.5379170278729597,0.6409375,0.0,2.5,0.8728022964474589
5.406111478514718,-1.52791702787296,0.6970270270270269,0.0,2.5,0.7663604478771906
5.406111478514718,-1.5179170278729601,0.6970270270270269,0.0,2.5,0.76941847328131
5.406111478514718,-1.5079170278729603,0.6970270270270269,0.0,2.5,0.8251689403687251
5.406111478514718,-1.4979170278729605,0.6409375,0.0,2.5,0.8608372411585742
5.406111478514718,-1.4879170278729608,0.6409375,0.0,2.5,0.8344919959934212
5.406111478514718,-1.477917027872961,0.6409375,0.0,2.5,0.7861918566747957
5.406111478514718,-1.4679170278729612,0.6970270270270269,0.0,2.5,0.7356408390279199
5.406111478514718,-1.4579170278729614,0.6970270270270269,0.0,2.5,0.7275931851154528
5.406111478514718,-1.4479170278729616,0.6409375,0.0,2.5,0.7217128461546153
5.406111478514718,-1.4379170278729618,0.6409375,0.0,2.5,0.712280076986871
5.406111478514718,-1.427917027872962,0.6409375,0.0,2.5,0.7061373901849413
5.406111478514718,-1.4179170278729623,0.6409375,0.0,2.5,0.7732611441534584
5.406111478514718,-1.4079170278729625,0.6409375,0.0,2.5,0.7674260554494603
5.406111478514718,-1.3979170278729627,0.6409375,0.0,2.5,0.7522697473752568
5.406111478514718,-1.387917027872963,0.6970270270270269,0.0,2.5,0.7441619235531237
5.406111478514718,-1.377917027872963,0.6970270270270269,0.0,2.5,0.732743076551801
5.406111478514718,-1.3679170278729633,0.6970270270270269,0.0,2.5,0.731104583076119
5.406111478514718,-1.3579170278729635,0.7038888888888889,0.0,2.5,0.7323957446604616
5.406111478514718,-1.3479170278729637,0.7038888888888889,0.0,2.5,0.7144759190819653
5.406111478514718,-1.337917027872964,0.7391525423728812,0.0,2.5,0.6922660974081589
5.406111478514718,-1.3279170278729642,0.7391525423728812,0.0,2.5,0.6889999026516886
5.406111478514718,-1.3179170278729644,0.7391525423728812,0.0,2.5,0.7186422229615258
5.406111478514718,-1.3079170278729646,0.7391525423728812,0.0,2.5,0.7171106808132757
5.406111478514718,-1.2979170278729648,0.7391525423728812,0.0,2.5,0.6834531613371119
5.406111478514718,-1.287917027872965,1.4487500000000002,0.0,2.5,0.6420019307659537
5.406111478514718,-1.2779170278729652,1.90625,0.0,2.5,0.6406156291758873
5.406111478514718,-1.2679170278729655,1.90625,0.0,2.5,0.6451704194050061
5.406111478514718,-1.2579170278729657,1.90625,0.0,2.5,0.6503218721547868
5.406111478514718,-1.2479170278729659,1.4487500000000002,0.0,2.5,0.6737082304314667
5.406111478514718,-1.237917027872966,1.4487500000000002,0.0,2.5,0.6549447632804618
5.406111478514718,-1.2279170278729663,0.7391525423728812,0.0,2.5,0.7169916000020146
5.406111478514718,-1.2179170278729665,0.7391525423728812,0.0,2.5,0.7949304943064798
5.406111478514718,-1.2079170278729667,0.6970270270270269,0.0,2.5,0.8298178618710295
5.406111478514718,-1.197917027872967,0.6970270270270269,0.0,2.5,0.8546017553490606
5.406111478514718,-1.1879170278729672,0.6970270270270269,0.0,2.5,0.8448501666564602
5.406111478514718,-1.1779170278729674,0.6409375,0.0,2.5,0.852474547389868
5.406111478514718,-1.1679170278729676,0.6409375,0.0,2.5,0.846087651111109
5.406111478514718,-1.1579170278729678,0.6409375,0.0,2.5,0.8259448312316188
5.406111478514718,-1.147917027872968,0.6409375,0.0,2.5,0.8387713855631646
5.406111478514718,-1.1379170278729682,0.6409375,0.0,2.5,0.89060374022519
5.406111478514718,-1.1279170278729684,0.6409375,0.0,2.5,0.874817204742962
5.406111478514718,-1.1179170278729686,0.6409375,0.0,2.5,0.8793695602164657
5.406111478514718,-1.1079170278729689,0.6409375,0.0,2.5,0.8557159079449487
5.406111478514718,-1.097917027872969,0.6409375,0.0,2.5,0.8801857065443774
5.406111478514718,-1.0879170278729693,0.6409375,0.0,2.5,0.865855268468437
5.406111478514718,-1.0779170278729695,0.6409375,0.0,2.5,0.8669243145001896
5.406111478514718,-1.0679170278729697,0.6409375,0.0,2.5,0.8635047934894517
5.406111478514718,-1.05791702787297,0.6409375,0.0,2.5,0.8448529042512404
5.406111478514718,-1.0479170278729701,0.6970270270270269,0.0,2.5,0.8152647011574362
5.406111478514718,-1.0379170278729704,0.6970270270270269,0.0,2.5,0.8059338691136528
5.406111478514718,-1.0279170278729706,0.7038888888888889,0.0,2.5,0.7739082358079179
5.406111478514718,-1.0179170278729708,0.7038888888888889,0.0,2.5,0.7791524541793231
5.406111478514718,-1.007917027872971,0.7391525423728812,0.0,2.5,0.7812012277917437
5.406111478514718,-0.9979170278729712,0.7391525423728812,0.0,2.5,0.7849727322105222
5.406111478514718,-0.9879170278729714,0.7391525423728812,0.0,2.5,0.7835800953863191
5.406111478514718,-0.9779170278729716,0.7391525423728812,0.0,2.5,0.7804057640339815
5.406111478514718,-0.9679170278729718,0.7391525423728812,0.0,2.5,0.7858515761151038
5.406111478514718,-0.9579170278729721,0.7038888888888889,0.0,2.5,0.7931056742655126
5.406111478514718,-0.9479170278729723,0.7038888888888889,0.0,2.5,0.8007207632386748
5.406111478514718,-0.9379170278729725,0.6970270270270269,0.0,2.5,0.8006109632792618
5.406111478514718,-0.9279170278729727,0.6970270270270269,0.0,2.5,0.7991540787868557
5.406111478514718,-0.9179170278729729,0.6970270270270269,0.0,2.5,0.8010355441034471
5.406111478514718,-0.9079170278729731,0.6970270270270269,0.0,2.5,0.7953954431705664
5.406111478514718,-0.8979170278729733,0.6409375,0.0,2.5,0.8155248993543517
5.406111478514718,-0.8879170278729736,0.6409375,0.0,2.5,0.8004034273604063
5.406111478514718,-0.8779170278729738,0.6409375,0.0,2.5,0.8423859084828894
5.406111478514718,-0.867917027872974,0.6409375,0.0,2.5,0.8321595478595226
5.406111478514718,-0.8579170278729742,0.6409375,0.0,2.5,0.8082345128321891
5.406111478514718,-0.8479170278729744,0.6409375,0.0,2.5,0.7946860675973647
5.406111478514718,-0.8379170278729746,0.6409375,0.0,2.5,0.8054431308996732
5.406111478514718,-0.8279170278729748,0.6409375,0.0,2.5,0.769960271752633
5.406111478514718,-0.817917027872975,0.6409375,0.0,2.5,0.8102712514859616
5.406111478514718,-0.8079170278729753,0.6409375,0.0,2.5,0.8158172092056417
5.406111478514718,-0.7979170278729755,0.6409375,0.0,2.5,0.8544911296990024
5.406111478514718,-0.7879170278729757,0.6409375,0.0,2.5,0.8573496816694728
5.406111478514718,-0.7779170278729759,0.6409375,0.0,2.5,0.8581166903187053
5.406111478514718,-0.7679170278729761,0.6409375,0.0,2.5,0.850955682290953
5.406111478514718,-0.7579170278729763,0.6409375,0.0,2.5,0.8843998917276172
5.406111478514718,-0.7479170278729765,0.6409375,0.0,2.5,0.8783168517136924
5.406111478514718,-0.7379170278729767,0.6409375,0.0,2.5,0.8598908670857891
5.406111478514718,-0.727917027872977,0.6409375,0.0,2.5,0.8630154037275236
5.406111478514718,-0.7179170278729772,0.6409375,0.0,2.5,0.8642226128631565
5.406111478514718,-0.7079170278729774,0.6409375,0.0,2.5,0.8491828026707929
5.406111478514718,-0.6979170278729776,0.6970270270270269,0.0,2.5,0.7913377286554953
5.406111478514718,-0.6879170278729778,0.6409375,0.0,2.5,0.8459987479417285
5.406111478514718,-0.677917027872978,0.6409375,0.0,2.5,0.8515302019253569
5.406111478514718,-0.6679170278729782,0.6409375,0.0,2.5,0.8727025114160549
5.406111478514718,-0.6579170278729785,0.6409375,0.0,2.5,0.9113083664625787
5.406111478514718,-0.6479170278729787,0.6409375,0.0,2.5,0.9414899818525445
5.406111478514718,-0.6379170278729789,0.6008,0.0,2.5,0.9609142772581287
5.406111478514718,-0.6279170278729791,0.6008,0.0,2.5,0.949473032368375
5.406111478514718,-0.6179170278729793,0.6008,0.0,2.5,0.95582907833278
5.406111478514718,-0.6079170278729795,0.6008,0.0,2.5,0.9500912000376892
5.406111478514718,-0.5979170278729797,0.6008,0.0,2.5,0.9129790829461041
5.406111478514718,-0.58791702787298,0.6008,0.0,2.5,0.9556764314970629
5.406111478514718,-0.5779170278729802,0.6008,0.0,2.5,0.9576613290592477
5.406111478514718,-0.5679170278729804,0.6409375,0.0,2.5,0.9496389199934537
5.406111478514718,-0.5579170278729806,0.6409375,0.0,2.5,0.9194958079867018
5.406111478514718,-0.5479170278729808,0.6409375,0.0,2.5,0.9144459182349041
5.406111478514718,-0.537917027872981,0.6409375,0.0,2.5,0.9182416699446321
5.406111478514718,-0.5279170278729812,0.6409375,0.0,2.5,0.9168626894809375
5.406111478514718,-0.5179170278729814,0.6409375,0.0,2.5,0.8941940897842471
5.406111478514718,-0.5079170278729817,0.6409375,0.0,2.5,0.8866603426863728
5.406111478514718,-0.49791702787298187,0.6409375,0.0,2.5,0.8945392491440166
5.406111478514718,-0.4879170278729821,0.6970270270270269,0.0,2.5,0.813381584555453
5.4161114785147175,-1.6279170278729578,0.6409375,0.0,2.5,0.7848269237448433
5.4161114785147175,-1.617917027872958,0.6409375,0.0,2.5,0.8021843935773236
5.4161114785147175,-1.6079170278729582,0.6409375,0.0,2.5,0.7878011500027501
5.4161114785147175,-1.5979170278729584,0.6409375,0.0,2.5,0.7974381120920914
5.4161114785147175,-1.5879170278729586,0.6409375,0.0,2.5,0.8899557446187611
5.4161114785147175,-1.5779170278729588,0.6409375,0.0,2.5,0.8592200730769904
5.4161114785147175,-1.567917027872959,0.6409375,0.0,2.5,0.859981122216927
5.4161114785147175,-1.5579170278729593,0.6409375,0.0,2.5,0.8746275956939534
5.4161114785147175,-1.5479170278729595,0.6409375,0.0,2.5,0.8318685058142591
5.4161114785147175,-1.5379170278729597,0.6409375,0.0,2.5,0.8391988394925186
5.4161114785147175,-1.52791702787296,0.6409375,0.0,2.5,0.8154135916426042
5.4161114785147175,-1.5179170278729601,0.6409375,0.0,2.5,0.8069363489055554
5.4161114785147175,-1.5079170278729603,0.6970270270270269,0.0,2.5,0.8197285218510193
5.4161114785147175,-1.4979170278729605,0.6409375,0.0,2.5,0.8452216929164742
5.4161114785147175,-1.4879170278729608,0.6409375,0.0,2.5,0.862084214109788
5.4161114785147175,-1.477917027872961,0.6409375,0.0,2.5,0.8304056408888353
5.4161114785147175,-1.4679170278729612,0.6409375,0.0,2.5,0.7883289521913055
5.4161114785147175,-1.4579170278729614,0.6409375,0.0,2.5,0.8095370937921086
5.4161114785147175,-1.4479170278729616,0.6409375,0.0,2.5,0.7954440793378955
5.4161114785147175,-1.4379170278729618,0.6409375,0.0,2.5,0.800184547237698
5.4161114785147175,-1.427917027872962,0.6409375,0.0,2.5,0.7708278867369533
5.4161114785147175,-1.4179170278729623,0.6409375,0.0,2.5,0.7725993875106837
5.4161114785147175,-1.4079170278729625,0.6409375,0.0,2.5,0.81798448245781
5.4161114785147175,-1.3979170278729627,0.6409375,0.0,2.5,0.8018400662684984
5.4161114785147175,-1.387917027872963,0.6409375,0.0,2.5,0.7689335970418282
5.4161114785147175,-1.377917027872963,0.7038888888888889,0.0,2.5,0.6917137319805358
5.4161114785147175,-1.3679170278729633,0.7038888888888889,0.0,2.5,0.7094545651415959
5.4161114785147175,-1.3579170278729635,0.7038888888888889,0.0,2.5,0.7081847849748357
5.4161114785147175,-1.3479170278729637,0.7391525423728812,0.0,2.5,0.6922819764432256
5.4161114785147175,-1.337917027872964,0.7391525423728812,0.0,2.5,0.6762748491258693
5.4161114785147175,-1.3279170278729642,0.7391525423728812,0.0,2.5,0.6760022278905239
5.4161114785147175,-1.3179170278729644,0.7391525423728812,0.0,2.5,0.7120381288772974
5.4161114785147175,-1.3079170278729646,0.7391525423728812,0.0,2.5,0.7151667218239176
5.4161114785147175,-1.2979170278729648,0.9333333333333335,0.0,2.5,0.6495755108484629
5.4161114785147175,-1.287917027872965,1.4487500000000002,0.0,2.5,0.6352546662700412
5.4161114785147175,-1.2779170278729652,1.90625,0.0,2.5,0.6452662305517173
5.4161114785147175,-1.2679170278729655,1.90625,0.0,2.5,0.6374339973169417
5.4161114785147175,-1.2579170278729657,1.90625,0.0,2.5,0.6427013335186333
5.4161114785147175,-1.2479170278729659,1.4487500000000002,0.0,2.5,0.6809017116197036
5.4161114785147175,-1.237917027872966,1.4487500000000002,0.0,2.5,0.6764314192045408
5.4161114785147175,-1.2279170278729663,0.7391525423728812,0.0,2.5,0.7221888704996253
5.4161114785147175,-1.2179170278729665,0.7391525423728812,0.0,2.5,0.8053033174131482
5.4161114785147175,-1.2079170278729667,0.6970270270270269,0.0,2.5,0.8437950174982694
5.4161114785147175,-1.197917027872967,0.6970270270270269,0.0,2.5,0.8510840197851698
5.4161114785147175,-1.1879170278729672,0.6409375,0.0,2.5,0.867626128112703
5.4161114785147175,-1.1779170278729674,0.6409375,0.0,2.5,0.8762133082573994
5.4161114785147175,-1.1679170278729676,0.6409375,0.0,2.5,0.8689100492493254
5.4161114785147175,-1.1579170278729678,0.6409375,0.0,2.5,0.852075369072147
5.4161114785147175,-1.147917027872968,0.6409375,0.0,2.5,0.8359097922671923
5.4161114785147175,-1.1379170278729682,0.6409375,0.0,2.5,0.8303476987075419
5.4161114785147175,-1.1279170278729684,0.6409375,0.0,2.5,0.8220288928395946
5.4161114785147175,-1.1179170278729686,0.6409375,0.0,2.5,0.7923205491089491
5.4161114785147175,-1.1079170278729689,0.6409375,0.0,2.5,0.8144502859548812
5.4161114785147175,-1.097917027872969,0.6409375,0.0,2.5,0.8471471342339061
5.4161114785147175,-1.0879170278729693,0.6409375,0.0,2.5,0.840045210453982
5.4161114785147175,-1.0779170278729695,0.6409375,0.0,2.5,0.8372512552857252
5.4161114785147175,-1.0679170278729697,0.6409375,0.0,2.5,0.8372512552857252
5.4161114785147175,-1.05791702787297,0.6409375,0.0,2.5,0.8293206386739489
5.4161114785147175,-1.0479170278729701,0.6970270270270269,0.0,2.5,0.8279901119772786
5.4161114785147175,-1.0379170278729704,0.6970270270270269,0.0,2.5,0.8310321081197585
5.4161114785147175,-1.0279170278729706,0.6970270270270269,0.0,2.5,0.8314611241718478
5.4161114785147175,-1.0179170278729708,0.6970270270270269,0.0,2.5,0.8254167775756422
5.4161114785147175,-1.007917027872971,0.7038888888888889,0.0,2.5,0.8270250079252303
5.4161114785147175,-0.9979170278729712,0.7038888888888889,0.0,2.5,0.8300166146398585
5.4161114785147175,-0.9879170278729714,0.7038888888888889,0.0,2.5,0.8326061384572496
5.4161114785147175,-0.9779170278729716,0.7038888888888889,0.0,2.5,0.830597745171878
5.4161114785147175,-0.9679170278729718,0.7038888888888889,0.0,2.5,0.8230069092246675
5.4161114785147175,-0.9579170278729721,0.7038888888888889,0.0,2.5,0.8109537902896684
5.4161114785147175,-0.9479170278729723,0.6970270270270269,0.0,2.5,0.8080414574389024
5.4161114785147175,-0.9379170278729725,0.6970270270270269,0.0,2.5,0.8042723466253933
5.4161114785147175,-0.9279170278729727,0.6970270270270269,0.0,2.5,0.7950393751198745
5.4161114785147175,-0.9179170278729729,0.6970270270270269,0.0,2.5,0.794279290616443
5.4161114785147175,-0.9079170278729731,0.6409375,0.0,2.5,0.8033414788771509
5.4161114785147175,-0.8979170278729733,0.6409375,0.0,2.5,0.7891927436009616
5.4161114785147175,-0.8879170278729736,0.6409375,0.0,2.5,0.7905956684940432
5.4161114785147175,-0.8779170278729738,0.6409375,0.0,2.5,0.8326565078837382
5.4161114785147175,-0.867917027872974,0.6409375,0.0,2.5,0.8546791108089674
5.4161114785147175,-0.8579170278729742,0.6409375,0.0,2.5,0.7845553618509293
5.4161114785147175,-0.8479170278729744,0.6409375,0.0,2.5,0.7760338094169993
5.4161114785147175,-0.8379170278729746,0.6409375,0.0,2.5,0.8133914210173206
5.4161114785147175,-0.8279170278729748,0.6409375,0.0,2.5,0.8492447431395783
5.4161114785147175,-0.817917027872975,0.6409375,0.0,2.5,0.8575530782228307
5.4161114785147175,-0.8079170278729753,0.6409375,0.0,2.5,0.8480937768573417
5.4161114785147175,-0.7979170278729755,0.6409375,0.0,2.5,0.8663883569393924
5.4161114785147175,-0.7879170278729757,0.6409375,0.0,2.5,0.8694491015405219
5.4161114785147175,-0.7779170278729759,0.6409375,0.0,2.5,0.8711470486332701
5.4161114785147175,-0.7679170278729761,0.6409375,0.0,2.5,0.8681584605053406
5.4161114785147175,-0.7579170278729763,0.6409375,0.0,2.5,0.8715025685212593
5.4161114785147175,-0.7479170278729765,0.6409375,0.0,2.5,0.8498856129871906
5.4161114785147175,-0.7379170278729767,0.6409375,0.0,2.5,0.8917636958052813
5.4161114785147175,-0.727917027872977,0.6409375,0.0,2.5,0.893235702408701
5.4161114785147175,-0.7179170278729772,0.6409375,0.0,2.5,0.8742229710594188
5.4161114785147175,-0.7079170278729774,0.6970270270270269,0.0,2.5,0.8229635373650313
5.4161114785147175,-0.6979170278729776,0.6970270270270269,0.0,2.5,0.8170300977866723
5.4161114785147175,-0.6879170278729778,0.6409375,0.0,2.5,0.8555592710132567
5.4161114785147175,-0.677917027872978,0.6409375,0.0,2.5,0.8526906213100186
5.4161114785147175,-0.6679170278729782,0.6409375,0.0,2.5,0.8766440684888571
5.4161114785147175,-0.6579170278729785,0.6409375,0.0,2.5,0.9073113182847385
5.4161114785147175,-0.6479170278729787,0.6409375,0.0,2.5,0.9455925853244445
5.4161114785147175,-0.6379170278729789,0.6008,0.0,2.5,0.9631844324353294
5.4161114785147175,-0.6279170278729791,0.6008,0.0,2.5,0.9566442555004084
5.4161114785147175,-0.6179170278729793,0.6008,0.0,2.5,0.9562907519471033
5.4161114785147175,-0.6079170278729795,0.6409375,0.0,2.5,0.9353833668453069
5.4161114785147175,-0.5979170278729797,0.6008,0.0,2.5,0.9542542950749268
5.4161114785147175,-0.58791702787298,0.6008,0.0,2.5,0.9542001455919192
5.4161114785147175,-0.5779170278729802,0.6409375,0.0,2.5,0.9586917264585001
5.4161114785147175,-0.5679170278729804,0.6409375,0.0,2.5,0.9466820613490949
5.4161114785147175,-0.5579170278729806,0.6409375,0.0,2.5,0.925591927436657
5.4161114785147175,-0.5479170278729808,0.6409375,0.0,2.5,0.9079866101226928
5.4161114785147175,-0.537917027872981,0.6409375,0.0,2.5,0.9298696184028877
5.4161114785147175,-0.5279170278729812,0.6409375,0.0,2.5,0.9102240807050774
5.4161114785147175,-0.5179170278729814,0.6409375,0.0,2.5,0.9052109438331005
5.4161114785147175,-0.5079170278729817,0.6409375,0.0,2.5,0.8884395951531254
5.4161114785147175,-0.49791702787298187,0.6409375,0.0,2.5,0.9190049792297101
5.4161114785147175,-0.4879170278729821,0.6409375,0.0,2.5,0.8901119094923884
5.4161114785147175,-0.4779170278729823,0.6970270270270269,0.0,2.5,0.7989445876690066
5.4161114785147175,-0.4679170278729825,0.7038888888888889,0.0,2.5,0.775532614686904
5.426111478514717,-1.617917027872958,0.6409375,0.0,2.5,0.815482644415218
5.426111478514717,-1.6079170278729582,0.6409375,0.0,2.5,0.80658634910886
5.426111478514717,-1.5979170278729584,0.6409375,0.0,2.5,0.794231513842125
5.426111478514717,-1.5879170278729586,0.6409375,0.0,2.5,0.803559737337338
5.426111478514717,-1.5779170278729588,0.6409375,0.0,2.5,0.8420494451573625
5.426111478514717,-1.567917027872959,0.6409375,0.0,2.5,0.9035930508280876
5.426111478514717,-1.5579170278729593,0.6409375,0.0,2.5,0.90453399944982
5.426111478514717,-1.5479170278729595,0.6409375,0.0,2.5,0.8646859347169169
5.426111478514717,-1.5379170278729597,0.6409375,0.0,2.5,0.8336400408605653
5.426111478514717,-1.52791702787296,0.6409375,0.0,2.5,0.8260833305354767
5.426111478514717,-1.5179170278729601,0.6409375,0.0,2.5,0.8169848761596588
5.426111478514717,-1.5079170278729603,0.6970270270270269,0.0,2.5,0.7745687700860148
5.426111478514717,-1.4979170278729605,0.6409375,0.0,2.5,0.8321536638610014
5.426111478514717,-1.4879170278729608,0.6409375,0.0,2.5,0.8669954886918217
5.426111478514717,-1.477917027872961,0.6409375,0.0,2.5,0.8453821029678931
5.426111478514717,-1.4679170278729612,0.6409375,0.0,2.5,0.7968671883000322
5.426111478514717,-1.4579170278729614,0.6409375,0.0,2.5,0.8075445319186644
5.426111478514717,-1.4479170278729616,0.6409375,0.0,2.5,0.7924675032757431
5.426111478514717,-1.4379170278729618,0.6409375,0.0,2.5,0.7418962342272676
5.426111478514717,-1.427917027872962,0.6409375,0.0,2.5,0.8154090618839154
5.426111478514717,-1.4179170278729623,0.6409375,0.0,2.5,0.8087331471115597
5.426111478514717,-1.4079170278729625,0.6409375,0.0,2.5,0.7688660127068002
5.426111478514717,-1.3979170278729627,0.6970270270270269,0.0,2.5,0.7017031283044949
5.426111478514717,-1.387917027872963,0.6970270270270269,0.0,2.5,0.7065077045183054
5.426111478514717,-1.377917027872963,0.7038888888888889,0.0,2.5,0.6774841836269447
5.426111478514717,-1.3679170278729633,0.7038888888888889,0.0,2.5,0.6840134126639987
5.426111478514717,-1.3579170278729635,0.7391525423728812,0.0,2.5,0.6851029275644503
5.426111478514717,-1.3479170278729637,0.7391525423728812,0.0,2.5,0.6953731234233662
5.426111478514717,-1.337917027872964,0.7391525423728812,0.0,2.5,0.6845531510874507
5.426111478514717,-1.3279170278729642,0.7391525423728812,0.0,2.5,0.6708012260183371
5.426111478514717,-1.3179170278729644,0.7391525423728812,0.0,2.5,0.6858127839725321
5.426111478514717,-1.3079170278729646,0.7391525423728812,0.0,2.5,0.7054065085566368
5.426111478514717,-1.2979170278729648,1.4487500000000002,0.0,2.5,0.6399601469407639
5.426111478514717,-1.287917027872965,1.4487500000000002,0.0,2.5,0.6393423274585881
5.426111478514717,-1.2779170278729652,1.825,0.0,2.5,0.6485491315057234
5.426111478514717,-1.2679170278729655,1.90625,0.0,2.5,0.6491844245094848
5.426111478514717,-1.2579170278729657,1.90625,0.0,2.5,0.6461554610687137
5.426111478514717,-1.2479170278729659,1.4487500000000002,0.0,2.5,0.6847427747893121
5.426111478514717,-1.237917027872966,1.4487500000000002,0.0,2.5,0.6873716913389297
5.426111478514717,-1.2279170278729663,0.7391525423728812,0.0,2.5,0.76955264366049
5.426111478514717,-1.2179170278729665,0.7038888888888889,0.0,2.5,0.8105758288250259
5.426111478514717,-1.2079170278729667,0.6970270270270269,0.0,2.5,0.8482865983648502
5.426111478514717,-1.197917027872967,0.6970270270270269,0.0,2.5,0.8434608543716339
5.426111478514717,-1.1879170278729672,0.6409375,0.0,2.5,0.8763980247936837
5.426111478514717,-1.1779170278729674,0.6409375,0.0,2.5,0.8776529650895658
5.426111478514717,-1.1679170278729676,0.6409375,0.0,2.5,0.871646511547676
5.426111478514717,-1.1579170278729678,0.6409375,0.0,2.5,0.8457734402566278
5.426111478514717,-1.147917027872968,0.6409375,0.0,2.5,0.8444572865161634
5.426111478514717,-1.1379170278729682,0.6409375,0.0,2.5,0.8182705285195533
5.426111478514717,-1.1279170278729684,0.6409375,0.0,2.5,0.8174514489547716
5.426111478514717,-1.1179170278729686,0.6409375,0.0,2.5,0.8265836990737216
5.426111478514717,-1.1079170278729689,0.6409375,0.0,2.5,0.8256210683085432
5.426111478514717,-1.097917027872969,0.6409375,0.0,2.5,0.855984132326156
5.426111478514717,-1.0879170278729693,0.6409375,0.0,2.5,0.859189538876394
5.426111478514717,-1.0779170278729695,0.6409375,0.0,2.5,0.8699998577002047
5.426111478514717,-1.0679170278729697,0.6409375,0.0,2.5,0.876411224867011
5.426111478514717,-1.05791702787297,0.6409375,0.0,2.5,0.8749543403746048
5.426111478514717,-1.0479170278729701,0.6409375,0.0,2.5,0.8716210070412713
5.426111478514717,-1.0379170278729704,0.6409375,0.0,2.5,0.8749192720837226
5.426111478514717,-1.0279170278729706,0.6970270270270269,0.0,2.5,0.8711533020748952
5.426111478514717,-1.0179170278729708,0.6970270270270269,0.0,2.5,0.8781981000248934
5.426111478514717,-1.007917027872971,0.6970270270270269,0.0,2.5,0.8750317794268867
5.426111478514717,-0.9979170278729712,0.6970270270270269,0.0,2.5,0.8764899669451137
5.426111478514717,-0.9879170278729714,0.7038888888888889,0.0,2.5,0.8691800463291398
5.426111478514717,-0.9779170278729716,0.6970270270270269,0.0,2.5,0.8704613747402148
5.426111478514717,-0.9679170278729718,0.6970270270270269,0.0,2.5,0.8690266861563584
5.426111478514717,-0.9579170278729721,0.6970270270270269,0.0,2.5,0.8668775221682424
5.426111478514717,-0.9479170278729723,0.6409375,0.0,2.5,0.8684862324715525
5.426111478514717,-0.9379170278729725,0.6409375,0.0,2.5,0.8631248216683234
5.426111478514717,-0.9279170278729727,0.6409375,0.0,2.5,0.8604061565973882
5.426111478514717,-0.9179170278729729,0.6409375,0.0,2.5,0.8515750390164398
5.426111478514717,-0.9079170278729731,0.6409375,0.0,2.5,0.8502636710261925
5.426111478514717,-0.8979170278729733,0.6409375,0.0,2.5,0.8287655123943309
5.426111478514717,-0.8879170278729736,0.6409375,0.0,2.5,0.8043758205772712
5.426111478514717,-0.8779170278729738,0.6409375,0.0,2.5,0.8206678524539078
5.426111478514717,-0.867917027872974,0.6409375,0.0,2.5,0.8468652490127265
5.426111478514717,-0.8579170278729742,0.6409375,0.0,2.5,0.7870167366414474
5.426111478514717,-0.8479170278729744,0.6409375,0.0,2.5,0.7443936231543544
5.426111478514717,-0.8379170278729746,0.6409375,0.0,2.5,0.8536864118556529
5.426111478514717,-0.8279170278729748,0.6409375,0.0,2.5,0.8601774558202485
5.426111478514717,-0.817917027872975,0.6409375,0.0,2.5,0.8543827626411261
5.426111478514717,-0.8079170278729753,0.6409375,0.0,2.5,0.8476663023688815
5.426111478514717,-0.7979170278729755,0.6409375,0.0,2.5,0.8427250565432203
5.426111478514717,-0.7879170278729757,0.6409375,0.0,2.5,0.8539758548868033
5.426111478514717,-0.7779170278729759,0.6409375,0.0,2.5,0.850141720080621
5.426111478514717,-0.7679170278729761,0.6409375,0.0,2.5,0.8453956916911066
5.426111478514717,-0.7579170278729763,0.6409375,0.0,2.5,0.8268766924273592
5.426111478514717,-0.7479170278729765,0.6409375,0.0,2.5,0.8251915989002176
5.426111478514717,-0.7379170278729767,0.6409375,0.0,2.5,0.8333438547701321
5.426111478514717,-0.727917027872977,0.6409375,0.0,2.5,0.824708007985019
5.426111478514717,-0.7179170278729772,0.6409375,0.0,2.5,0.8580205586778333
5.426111478514717,-0.7079170278729774,0.6409375,0.0,2.5,0.839693400305947
5.426111478514717,-0.6979170278729776,0.6409375,0.0,2.5,0.8677675275538819
5.426111478514717,-0.6879170278729778,0.6409375,0.0,2.5,0.8601852514361384
5.426111478514717,-0.677917027872978,0.6409375,0.0,2.5,0.8599062618158625
5.426111478514717,-0.6679170278729782,0.6409375,0.0,2.5,0.8798614304517776
5.426111478514717,-0.6579170278729785,0.6409375,0.0,2.5,0.9303342892697403
5.426111478514717,-0.6479170278729787,0.6409375,0.0,2.5,0.9494205131344396
5.426111478514717,-0.6379170278729789,0.6008,0.0,2.5,0.96147238834156
5.426111478514717,-0.6279170278729791,0.6008,0.0,2.5,0.9494055981637295
5.426111478514717,-0.6179170278729793,0.6008,0.0,2.5,0.954742797765527
5.426111478514717,-0.6079170278729795,0.6008,0.0,2.5,0.9604625550123531
5.426111478514717,-0.5979170278729797,0.6008,0.0,2.5,0.9547044704148893
5.426111478514717,-0.58791702787298,0.6008,0.0,2.5,0.9574515468849872
5.426111478514717,-0.5779170278729802,0.6404105111219817,0.0,2.5,0.9591404522285825
5.426111478514717,-0.5679170278729804,0.6409375,0.0,2.5,0.9510077545905972
5.426111478514717,-0.5579170278729806,0.6409375,0.0,2.5,0.932557670721388
5.426111478514717,-0.5479170278729808,0.6409375,0.0,2.5,0.9259040022175018
5.426111478514717,-0.537917027872981,0.6409375,0.0,2.5,0.9331452826578133
5.426111478514717,-0.5279170278729812,0.6409375,0.0,2.5,0.9260313771827001
5.426111478514717,-0.5179170278729814,0.6409375,0.0,2.5,0.9138440537875926
5.426111478514717,-0.5079170278729817,0.6409375,0.0,2.5,0.8931022007834728
5.426111478514717,-0.49791702787298187,0.6409375,0.0,2.5,0.9222430700415793
5.426111478514717,-0.4879170278729821,0.6409375,0.0,2.5,0.8883942721493376
5.426111478514717,-0.4779170278729823,0.6970270270270269,0.0,2.5,0.7989802348880312
5.426111478514717,-0.4679170278729825,0.6970270270270269,0.0,2.5,0.7771992813535707
5.436111478514717,-1.617917027872958,0.6409375,0.0,2.5,0.8030592732080793
5.436111478514717,-1.6079170278729582,0.6409375,0.0,2.5,0.8155796147171193
5.436111478514717,-1.5979170278729584,0.6409375,0.0,2.5,0.8389594720183152
5.436111478514717,-1.5879170278729586,0.6409375,0.0,2.5,0.8308423979319599
5.436111478514717,-1.5779170278729588,0.6409375,0.0,2.5,0.8224139065909977
5.436111478514717,-1.567917027872959,0.6409375,0.0,2.5,0.8927745108148789
5.436111478514717,-1.5579170278729593,0.6409375,0.0,2.5,0.902178935727969
5.436111478514717,-1.5479170278729595,0.6409375,0.0,2.5,0.8698638720701678
5.436111478514717,-1.5379170278729597,0.6409375,0.0,2.5,0.8351283310202264
5.436111478514717,-1.52791702787296,0.6409375,0.0,2.5,0.8348660766194292
5.436111478514717,-1.5179170278729601,0.6409375,0.0,2.5,0.8141792885773544
5.436111478514717,-1.5079170278729603,0.6970270270270269,0.0,2.5,0.7999007332028957
5.436111478514717,-1.4979170278729605,0.6970270270270269,0.0,2.5,0.830336116372889
5.436111478514717,-1.4879170278729608,0.6409375,0.0,2.5,0.8589406514530964
5.436111478514717,-1.477917027872961,0.6409375,0.0,2.5,0.8642899528908004
5.436111478514717,-1.4679170278729612,0.6409375,0.0,2.5,0.8394426433763975
5.436111478514717,-1.4579170278729614,0.6409375,0.0,2.5,0.8005259454145747
5.436111478514717,-1.4479170278729616,0.6409375,0.0,2.5,0.815091135290835
5.436111478514717,-1.4379170278729618,0.6409375,0.0,2.5,0.7843627058494493
5.436111478514717,-1.427917027872962,0.6409375,0.0,2.5,0.759445764686674
5.436111478514717,-1.4179170278729623,0.6409375,0.0,2.5,0.7546047391767885
5.436111478514717,-1.4079170278729625,0.6409375,0.0,2.5,0.7515933863062846
5.436111478514717,-1.3979170278729627,0.6970270270270269,0.0,2.5,0.6872184411847803
5.436111478514717,-1.387917027872963,0.6970270270270269,0.0,2.5,0.7136825255952289
5.436111478514717,-1.377917027872963,0.7038888888888889,0.0,2.5,0.6983272030309692
5.436111478514717,-1.3679170278729633,0.7038888888888889,0.0,2.5,0.7049760790184517
5.436111478514717,-1.3579170278729635,0.7038888888888889,0.0,2.5,0.7110526337993537
5.436111478514717,-1.3479170278729637,0.7391525423728812,0.0,2.5,0.688098266331465
5.436111478514717,-1.337917027872964,0.7391525423728812,0.0,2.5,0.6895441364324838
5.436111478514717,-1.3279170278729642,0.7391525423728812,0.0,2.5,0.6737359401776644
5.436111478514717,-1.3179170278729644,0.7391525423728812,0.0,2.5,0.6738436642786894
5.436111478514717,-1.3079170278729646,0.7391525423728812,0.0,2.5,0.6922312200882742
5.436111478514717,-1.2979170278729648,1.4487500000000002,0.0,2.5,0.6447001725701186
5.436111478514717,-1.287917027872965,1.4487500000000002,0.0,2.5,0.6414503489813367
5.436111478514717,-1.2779170278729652,1.825,0.0,2.5,0.6518087923566808
5.436111478514717,-1.2679170278729655,1.90625,0.0,2.5,0.6444523727318652
5.436111478514717,-1.2579170278729657,1.90625,0.0,2.5,0.6625606697840307
5.436111478514717,-1.2479170278729659,1.841687287726366,0.0,2.5,0.6665217719449513
5.436111478514717,-1.237917027872966,0.9228102281740301,0.0,2.5,0.709786095143275
5.436111478514717,-1.2279170278729663,0.7391525423728812,0.0,2.5,0.7892371289367295
5.436111478514717,-1.2179170278729665,0.7038888888888889,0.0,2.5,0.8157619251901921
5.436111478514717,-1.2079170278729667,0.6970270270270269,0.0,2.5,0.8466830361443225
5.436111478514717,-1.197917027872967,0.6970270270270269,0.0,2.5,0.849371897557604
5.436111478514717,-1.1879170278729672,0.6409375,0.0,2.5,0.875858951900444
5.436111478514717,-1.1779170278729674,0.6409375,0.0,2.5,0.8795177299382015
5.436111478514717,-1.1679170278729676,0.6409375,0.0,2.5,0.8697284653854619
5.436111478514717,-1.1579170278729678,0.6409375,0.0,2.5,0.8419488974261576
5.436111478514717,-1.147917027872968,0.6409375,0.0,2.5,0.8426868485960368
5.436111478514717,-1.1379170278729682,0.6409375,0.0,2.5,0.8209470750828346
5.436111478514717,-1.1279170278729684,0.6409375,0.0,2.5,0.8375019054719272
5.436111478514717,-1.1179170278729686,0.6409375,0.0,2.5,0.8441348905313552
5.436111478514717,-1.1079170278729689,0.6409375,0.0,2.5,0.8497331606462069
5.436111478514717,-1.097917027872969,0.6409375,0.0,2.5,0.8469481440365586
5.436111478514717,-1.0879170278729693,0.6409375,0.0,2.5,0.8689201914091628
5.436111478514717,-1.0779170278729695,0.6409375,0.0,2.5,0.8747445582003444
5.436111478514717,-1.0679170278729697,0.6409375,0.0,2.5,0.8836585196171819
5.436111478514717,-1.05791702787297,0.6409375,0.0,2.5,0.8854437596101572
5.436111478514717,-1.0479170278729701,0.6409375,0.0,2.5,0.8960963366989434
5.436111478514717,-1.0379170278729704,0.6409375,0.0,2.5,0.8888983407231209
5.436111478514717,-1.0279170278729706,0.6409375,0.0,2.5,0.8948998304548669
5.436111478514717,-1.0179170278729708,0.6970270270270269,0.0,2.5,0.8921721040167321
5.436111478514717,-1.007917027872971,0.6970270270270269,0.0,2.5,0.8891080720625575
5.436111478514717,-0.9979170278729712,0.6970270270270269,0.0,2.5,0.8891080720625575
5.436111478514717,-0.9879170278729714,0.6970270270270269,0.0,2.5,0.8891080720625575
5.436111478514717,-0.9779170278729716,0.6970270270270269,0.0,2.5,0.8874649493859778
5.436111478514717,-0.9679170278729718,0.6970270270270269,0.0,2.5,0.8810339867055413
5.436111478514717,-0.9579170278729721,0.6970270270270269,0.0,2.5,0.8715395452273452
5.436111478514717,-0.9479170278729723,0.6409375,0.0,2.5,0.8593050732363944
5.436111478514717,-0.9379170278729725,0.6409375,0.0,2.5,0.8666923337652829
5.436111478514717,-0.9279170278729727,0.6409375,0.0,2.5,0.856994295465062
5.436111478514717,-0.9179170278729729,0.6409375,0.0,2.5,0.8598193771757675
5.436111478514717,-0.9079170278729731,0.6409375,0.0,2.5,0.8609729015138341
5.436111478514717,-0.8979170278729733,0.6409375,0.0,2.5,0.8598261955837393
5.436111478514717,-0.8879170278729736,0.6409375,0.0,2.5,0.8002021415303793
5.436111478514717,-0.8779170278729738,0.6409375,0.0,2.5,0.8002558381873113
5.436111478514717,-0.867917027872974,0.6409375,0.0,2.5,0.8378860992170571
5.436111478514717,-0.8579170278729742,0.6409375,0.0,2.5,0.8346263370321406
5.436111478514717,-0.8479170278729744,0.6970270270270269,0.0,2.5,0.7529914801325566
5.436111478514717,-0.8379170278729746,0.6409375,0.0,2.5,0.8471424255577679
5.436111478514717,-0.8279170278729748,0.6409375,0.0,2.5,0.8227811279885877
5.436111478514717,-0.817917027872975,0.6409375,0.0,2.5,0.817503487964553
5.436111478514717,-0.8079170278729753,0.6409375,0.0,2.5,0.8150276300632077
5.436111478514717,-0.7979170278729755,0.6409375,0.0,2.5,0.7893481021855713
5.436111478514717,-0.7879170278729757,0.6409375,0.0,2.5,0.7917954222485051
5.436111478514717,-0.7779170278729759,0.6970270270270269,0.0,2.5,0.7716952141420677
5.436111478514717,-0.7679170278729761,0.6409375,0.0,2.5,0.7835433850037863
5.436111478514717,-0.7579170278729763,0.6409375,0.0,2.5,0.7904384920946774
5.436111478514717,-0.7479170278729765,0.6970270270270269,0.0,2.5,0.771157066473132
5.436111478514717,-0.7379170278729767,0.6409375,0.0,2.5,0.7980406377878669
5.436111478514717,-0.727917027872977,0.6409375,0.0,2.5,0.8086835603786889
5.436111478514717,-0.7179170278729772,0.6970270270270269,0.0,2.5,0.7994674463815802
5.436111478514717,-0.7079170278729774,0.6970270270270269,0.0,2.5,0.8151446410202609
5.436111478514717,-0.6979170278729776,0.6409375,0.0,2.5,0.8874094440163405
5.436111478514717,-0.6879170278729778,0.6409375,0.0,2.5,0.8840562213137806
5.436111478514717,-0.677917027872978,0.6409375,0.0,2.5,0.8798477700263728
5.436111478514717,-0.6679170278729782,0.6409375,0.0,2.5,0.8938042266738508
5.436111478514717,-0.6579170278729785,0.6409375,0.0,2.5,0.9380580537535425
5.436111478514717,-0.6479170278729787,0.6008,0.0,2.5,0.9542820055223838
5.436111478514717,-0.6379170278729789,0.6008,0.0,2.5,0.9616482273351865
5.436111478514717,-0.6279170278729791,0.6008,0.0,2.5,0.953589037824567
5.436111478514717,-0.6179170278729793,0.6008,0.0,2.5,0.9536905543408533
5.436111478514717,-0.6079170278729795,0.6008,0.0,2.5,0.9828749759214414
5.436111478514717,-0.5979170278729797,0.6008,0.0,2.5,0.9527208738312393
5.436111478514717,-0.58791702787298,0.6098198478979184,0.0,2.5,0.9509222627201281
5.436111478514717,-0.5779170278729802,0.6409375,0.0,2.5,0.9462770815368492
5.436111478514717,-0.5679170278729804,0.6409375,0.0,2.5,0.9449495513158725
5.436111478514717,-0.5579170278729806,0.6409375,0.0,2.5,0.9464035985440876
5.436111478514717,-0.5479170278729808,0.6409375,0.0,2.5,0.9316241278713568
5.436111478514717,-0.537917027872981,0.6409375,0.0,2.5,0.9366248865428692
5.436111478514717,-0.5279170278729812,0.6409375,0.0,2.5,0.9371694264143487
5.436111478514717,-0.5179170278729814,0.6409375,0.0,2.5,0.9111205593154712
5.436111478514717,-0.5079170278729817,0.6409375,0.0,2.5,0.9040011133492423
5.436111478514717,-0.49791702787298187,0.6409375,0.0,2.5,0.9136879939614838
5.436111478514717,-0.4879170278729821,0.6409375,0.0,2.5,0.8883942721493376
5.436111478514717,-0.4779170278729823,0.6409375,0.0,2.5,0.8648299771552032
5.436111478514717,-0.4679170278729825,0.6970270270270269,0.0,2.5,0.7638583955255959
5.436111478514717,-0.4579170278729827,0.6970270270270269,0.0,2.5,0.775601305937808
5.446111478514717,-1.5979170278729584,0.6409375,0.0,2.5,0.8409273259986811
5.446111478514717,-1.5879170278729586,0.6409375,0.0,2.5,0.8517623600814996
5.446111478514717,-1.5779170278729588,0.6409375,0.0,2.5,0.8603352171526937
5.446111478514717,-1.567917027872959,0.6409375,0.0,2.5,0.8129532158512168
5.446111478514717,-1.5579170278729593,0.6409375,0.0,2.5,0.9028875541539495
5.446111478514717,-1.5479170278729595,0.6409375,0.0,2.5,0.8698638720701678
5.446111478514717,-1.5379170278729597,0.6409375,0.0,2.5,0.8451440863942501
5.446111478514717,-1.52791702787296,0.6409375,0.0,2.5,0.835306707527232
5.446111478514717,-1.5179170278729601,0.6409375,0.0,2.5,0.8232229163578582
5.446111478514717,-1.5079170278729603,0.6409375,0.0,2.5,0.8158730606889723
5.446111478514717,-1.4979170278729605,0.6970270270270269,0.0,2.5,0.783141386659299
5.446111478514717,-1.4879170278729608,0.6409375,0.0,2.5,0.8512131652464154
5.446111478514717,-1.477917027872961,0.6409375,0.0,2.5,0.8668360241935769
5.446111478514717,-1.4679170278729612,0.6409375,0.0,2.5,0.851315178900969
5.446111478514717,-1.4579170278729614,0.6409375,0.0,2.5,0.8073721676755697
5.446111478514717,-1.4479170278729616,0.6409375,0.0,2.5,0.8102770382049693
5.446111478514717,-1.4379170278729618,0.6409375,0.0,2.5,0.7981794051201817
5.446111478514717,-1.427917027872962,0.6409375,0.0,2.5,0.7526042450569257
5.446111478514717,-1.4179170278729623,0.6409375,0.0,2.5,0.7883760202459028
5.446111478514717,-1.4079170278729625,0.6409375,0.0,2.5,0.7592488959055863
5.446111478514717,-1.3979170278729627,0.6970270270270269,0.0,2.5,0.7400103660854339
5.446111478514717,-1.387917027872963,0.6970270270270269,0.0,2.5,0.7511712878912804
5.446111478514717,-1.377917027872963,0.6970270270270269,0.0,2.5,0.7341763457798106
5.446111478514717,-1.3679170278729633,0.7038888888888889,0.0,2.5,0.7316287070950851
5.446111478514717,-1.3579170278729635,0.7391525423728812,0.0,2.5,0.6917325492896967
5.446111478514717,-1.3479170278729637,0.7391525423728812,0.0,2.5,0.6805363565894232
5.446111478514717,-1.337917027872964,0.7391525423728812,0.0,2.5,0.6899141539584543
5.446111478514717,-1.3279170278729642,0.7391525423728812,0.0,2.5,0.6743310365495464
5.446111478514717,-1.3179170278729644,0.7391525423728812,0.0,2.5,0.6550591215980182
5.446111478514717,-1.3079170278729646,0.7732909197846288,0.0,2.5,0.6589611126742344
5.446111478514717,-1.2979170278729648,1.4487500000000002,0.0,2.5,0.6479917520295927
5.446111478514717,-1.287917027872965,1.4487500000000002,0.0,2.5,0.6490074913255093
5.446111478514717,-1.2779170278729652,1.90625,0.0,2.5,0.6489131010854579
5.446111478514717,-1.2679170278729655,1.90625,0.0,2.5,0.6360830158376929
5.446111478514717,-1.2579170278729657,1.90625,0.0,2.5,0.6682138968261206
5.446111478514717,-1.2479170278729659,1.4487500000000002,0.0,2.5,0.673231484129367
5.446111478514717,-1.237917027872966,0.78,0.0,2.5,0.7210353440784719
5.446111478514717,-1.2279170278729663,0.7391525423728812,0.0,2.5,0.7928413384077088
5.446111478514717,-1.2179170278729665,0.7038888888888889,0.0,2.5,0.8204466068689042
5.446111478514717,-1.2079170278729667,0.6970270270270269,0.0,2.5,0.8414233196694373
5.446111478514717,-1.197917027872967,0.6970270270270269,0.0,2.5,0.8632884257920046
5.446111478514717,-1.1879170278729672,0.6970270270270269,0.0,2.5,0.8715749281713687
5.446111478514717,-1.1779170278729674,0.6409375,0.0,2.5,0.8755503618965289
5.446111478514717,-1.1679170278729676,0.6409375,0.0,2.5,0.864107172628217
5.446111478514717,-1.1579170278729678,0.6409375,0.0,2.5,0.8523537309135193
5.446111478514717,-1.147917027872968,0.6409375,0.0,2.5,0.832414849139234
5.446111478514717,-1.1379170278729682,0.6409375,0.0,2.5,0.8406941312868177
5.446111478514717,-1.1279170278729684,0.6409375,0.0,2.5,0.8492762483107085
5.446111478514717,-1.1179170278729686,0.6409375,0.0,2.5,0.857862759800925
5.446111478514717,-1.1079170278729689,0.6409375,0.0,2.5,0.8572331613917671
5.446111478514717,-1.097917027872969,0.6409375,0.0,2.5,0.8554160703918527
5.446111478514717,-1.0879170278729693,0.6409375,0.0,2.5,0.8558399965013405
5.446111478514717,-1.0779170278729695,0.6409375,0.0,2.5,0.887842077888047
5.446111478514717,-1.0679170278729697,0.6409375,0.0,2.5,0.8839526157845665
5.446111478514717,-1.05791702787297,0.6409375,0.0,2.5,0.8934785548593682
5.446111478514717,-1.0479170278729701,0.6409375,0.0,2.5,0.8857766958330165
5.446111478514717,-1.0379170278729704,0.6409375,0.0,2.5,0.8921968751513606
5.446111478514717,-1.0279170278729706,0.6409375,0.0,2.5,0.8926453763964752
5.446111478514717,-1.0179170278729708,0.6970270270270269,0.0,2.5,0.8896819887217119
5.446111478514717,-1.007917027872971,0.6970270270270269,0.0,2.5,0.8624020250239439
5.446111478514717,-0.9979170278729712,0.7038888888888889,0.0,2.5,0.8456805657725522
5.446111478514717,-0.9879170278729714,0.7391525423728812,0.0,2.5,0.8187718641415707
5.446111478514717,-0.9779170278729716,0.7038888888888889,0.0,2.5,0.8100488550465584
5.446111478514717,-0.9679170278729718,0.7014793187602608,0.0,2.5,0.8191636684030636
5.446111478514717,-0.9579170278729721,0.6970270270270269,0.0,2.5,0.8263253097619607
5.446111478514717,-0.9479170278729723,0.6970270270270269,0.0,2.5,0.8259835831432557
5.446111478514717,-0.9379170278729725,0.6970270270270269,0.0,2.5,0.8275993746036973
5.446111478514717,-0.9279170278729727,0.6409375,0.0,2.5,0.82919735001946
5.446111478514717,-0.9179170278729729,0.6409375,0.0,2.5,0.8311800947657885
5.446111478514717,-0.9079170278729731,0.6409375,0.0,2.5,0.8323334851407135
5.446111478514717,-0.8979170278729733,0.6409375,0.0,2.5,0.8453191246287362
5.446111478514717,-0.8879170278729736,0.6409375,0.0,2.5,0.8317024191816885
5.446111478514717,-0.8779170278729738,0.6409375,0.0,2.5,0.7997724292905963
5.446111478514717,-0.867917027872974,0.6409375,0.0,2.5,0.8301429901959158
5.446111478514717,-0.8579170278729742,0.6409375,0.0,2.5,0.8564471608183222
5.446111478514717,-0.8479170278729744,0.6409375,0.0,2.5,0.7698781136895255
5.446111478514717,-0.8379170278729746,0.6409375,0.0,2.5,0.8137986309915661
5.446111478514717,-0.8279170278729748,0.6409375,0.0,2.5,0.8240362041726069
5.446111478514717,-0.817917027872975,0.6409375,0.0,2.5,0.7649994376998447
5.446111478514717,-0.8079170278729753,0.6409375,0.0,2.5,0.7717678427313949
5.446111478514717,-0.7979170278729755,0.6970270270270269,0.0,2.5,0.7657118531962744
5.446111478514717,-0.7879170278729757,0.6970270270270269,0.0,2.5,0.7412617712957428
5.446111478514717,-0.7779170278729759,0.6970270270270269,0.0,2.5,0.7436032701849261
5.446111478514717,-0.7679170278729761,0.6970270270270269,0.0,2.5,0.7588753846740713
5.446111478514717,-0.7579170278729763,0.6970270270270269,0.0,2.5,0.7358314867144259
5.446111478514717,-0.7479170278729765,0.6970270270270269,0.0,2.5,0.7526783482430421
5.446111478514717,-0.7379170278729767,0.6970270270270269,0.0,2.5,0.7568472444057903
5.446111478514717,-0.727917027872977,0.6970270270270269,0.0,2.5,0.7291298433484191
5.446111478514717,-0.7179170278729772,0.6970270270270269,0.0,2.5,0.7519025241267222
5.446111478514717,-0.7079170278729774,0.7038888888888889,0.0,2.5,0.7207542525521162
5.446111478514717,-0.6979170278729776,0.6970270270270269,0.0,2.5,0.7626574818766044
5.446111478514717,-0.6879170278729778,0.6409375,0.0,2.5,0.8888854370877988
5.446111478514717,-0.677917027872978,0.6409375,0.0,2.5,0.8935588853710553
5.446111478514717,-0.6679170278729782,0.6409375,0.0,2.5,0.9182068396644255
5.446111478514717,-0.6579170278729785,0.6008,0.0,2.5,0.9649563774810459
5.446111478514717,-0.6479170278729787,0.6008,0.0,2.5,0.9582541783216916
5.446111478514717,-0.6379170278729789,0.6008,0.0,2.5,0.9631829495574088
5.446111478514717,-0.6279170278729791,0.6008,0.0,2.5,0.9647008327838392
5.446111478514717,-0.6179170278729793,0.6008,0.0,2.5,0.9552004632060185
5.446111478514717,-0.6079170278729795,0.6008,0.0,2.5,0.9552835347064792
5.446111478514717,-0.5979170278729797,0.6409375,0.0,2.5,0.9488803184778014
5.446111478514717,-0.58791702787298,0.6409375,0.0,2.5,0.9491533538456027
5.446111478514717,-0.5779170278729802,0.6409375,0.0,2.5,0.9353081657534807
5.446111478514717,-0.5679170278729804,0.6409375,0.0,2.5,0.9443954982038363
5.446111478514717,-0.5579170278729806,0.6409375,0.0,2.5,0.9362630914881264
5.446111478514717,-0.5479170278729808,0.6409375,0.0,2.5,0.9397656790431339
5.446111478514717,-0.537917027872981,0.6409375,0.0,2.5,0.9319455136403965
5.446111478514717,-0.5279170278729812,0.6409375,0.0,2.5,0.9295308747436892
5.446111478514717,-0.5179170278729814,0.6409375,0.0,2.5,0.9325802063133396
5.446111478514717,-0.5079170278729817,0.6409375,0.0,2.5,0.9105836015558922
5.446111478514717,-0.49791702787298187,0.6409375,0.0,2.5,0.8329168222495501
5.446111478514717,-0.4879170278729821,0.6970270270270269,0.0,2.5,0.7728116946973759
5.446111478514717,-0.4779170278729823,0.6970270270270269,0.0,2.5,0.7667151577579888
5.446111478514717,-0.4679170278729825,0.6970270270270269,0.0,2.5,0.7671719079772368
5.446111478514717,-0.4579170278729827,0.6970270270270269,0.0,2.5,0.7656653589459991
5.446111478514717,-0.44791702787298293,0.6970270270270269,0.0,2.5,0.7712769724751536
5.446111478514717,-0.43791702787298314,0.6970270270270269,0.0,2.5,0.8003863793474456
5.456111478514717,-1.5979170278729584,0.6409375,0.0,2.5,0.857037186098958
5.456111478514717,-1.5879170278729586,0.6409375,0.0,2.5,0.8447339249099638
5.456111478514717,-1.5779170278729588,0.6409375,0.0,2.5,0.8328848371372157
5.456111478514717,-1.567917027872959,0.6409375,0.0,2.5,0.8393851127285099
5.456111478514717,-1.5579170278729593,0.6409375,0.0,2.5,0.8531339609149307
5.456111478514717,-1.5479170278729595,0.6409375,0.0,2.5,0.8690529354201518
5.456111478514717,-1.5379170278729597,0.6409375,0.0,2.5,0.8399314285890146
5.456111478514717,-1.52791702787296,0.6409375,0.0,2.5,0.8368185416769799
5.456111478514717,-1.5179170278729601,0.6409375,0.0,2.5,0.8276424511373355
5.456111478514717,-1.5079170278729603,0.6970270270270269,0.0,2.5,0.8095308642415704
5.456111478514717,-1.4979170278729605,0.6970270270270269,0.0,2.5,0.7986884567900824
5.456111478514717,-1.4879170278729608,0.6409375,0.0,2.5,0.840586930822155
5.456111478514717,-1.477917027872961,0.6409375,0.0,2.5,0.8616065674960858
5.456111478514717,-1.4679170278729612,0.6409375,0.0,2.5,0.8702923045877446
5.456111478514717,-1.4579170278729614,0.6409375,0.0,2.5,0.844028465451633
5.456111478514717,-1.4479170278729616,0.6409375,0.0,2.5,0.8031253944127523
5.456111478514717,-1.4379170278729618,0.6409375,0.0,2.5,0.8111342448187039
5.456111478514717,-1.427917027872962,0.6409375,0.0,2.5,0.8058747922493953
5.456111478514717,-1.4179170278729623,0.6409375,0.0,2.5,0.7916011029817278
5.456111478514717,-1.4079170278729625,0.6970270270270269,0.0,2.5,0.7567925203630377
5.456111478514717,-1.3979170278729627,0.6970270270270269,0.0,2.5,0.7446526652732746
5.456111478514717,-1.387917027872963,0.6970270270270269,0.0,2.5,0.7568611739513909
5.456111478514717,-1.377917027872963,0.6970270270270269,0.0,2.5,0.7452526530901895
5.456111478514717,-1.3679170278729633,0.7038888888888889,0.0,2.5,0.7093087212132629
5.456111478514717,-1.3579170278729635,0.7391525423728812,0.0,2.5,0.6768996386284409
5.456111478514717,-1.3479170278729637,0.7391525423728812,0.0,2.5,0.6810960488566543
5.456111478514717,-1.337917027872964,0.7391525423728812,0.0,2.5,0.6902277684418922
5.456111478514717,-1.3279170278729642,0.7391525423728812,0.0,2.5,0.6685682836215501
5.456111478514717,-1.3179170278729644,0.7391525423728812,0.0,2.5,0.6546949057379872
5.456111478514717,-1.3079170278729646,0.9333333333333335,0.0,2.5,0.6511201643898316
5.456111478514717,-1.2979170278729648,1.4487500000000002,0.0,2.5,0.6500428274877944
5.456111478514717,-1.287917027872965,1.4487500000000002,0.0,2.5,0.6476486080969136
5.456111478514717,-1.2779170278729652,1.90625,0.0,2.5,0.6485450503093828
5.456111478514717,-1.2679170278729655,1.90625,0.0,2.5,0.6335603390868895
5.456111478514717,-1.2579170278729657,1.90625,0.0,2.5,0.6722338964225565
5.456111478514717,-1.2479170278729659,1.4487500000000002,0.0,2.5,0.6790377227682526
5.456111478514717,-1.237917027872966,0.7391525423728812,0.0,2.5,0.7527283131190758
5.456111478514717,-1.2279170278729663,0.7391525423728812,0.0,2.5,0.8017526546445175
5.456111478514717,-1.2179170278729665,0.7038888888888889,0.0,2.5,0.8340930849575967
5.456111478514717,-1.2079170278729667,0.6970270270270269,0.0,2.5,0.8436864576873223
5.456111478514717,-1.197917027872967,0.6970270270270269,0.0,2.5,0.8714747061466235
5.456111478514717,-1.1879170278729672,0.6970270270270269,0.0,2.5,0.8738872523117186
5.456111478514717,-1.1779170278729674,0.6409375,0.0,2.5,0.8721774710738784
5.456111478514717,-1.1679170278729676,0.6409375,0.0,2.5,0.8576337942518971
5.456111478514717,-1.1579170278729678,0.6409375,0.0,2.5,0.8556135561194868
5.456111478514717,-1.147917027872968,0.6409375,0.0,2.5,0.8637163575811284
5.456111478514717,-1.1379170278729682,0.6409375,0.0,2.5,0.8584543703503948
5.456111478514717,-1.1279170278729684,0.6409375,0.0,2.5,0.862306033732178
5.456111478514717,-1.1179170278729686,0.6409375,0.0,2.5,0.862300030050388
5.456111478514717,-1.1079170278729689,0.6409375,0.0,2.5,0.8637937380292477
5.456111478514717,-1.097917027872969,0.6409375,0.0,2.5,0.85789531681214
5.456111478514717,-1.0879170278729693,0.6409375,0.0,2.5,0.8485559674786262
5.456111478514717,-1.0779170278729695,0.6409375,0.0,2.5,0.8528917391600025
5.456111478514717,-1.0679170278729697,0.6409375,0.0,2.5,0.8946816566764682
5.456111478514717,-1.05791702787297,0.6409375,0.0,2.5,0.8873139155112871
5.456111478514717,-1.0479170278729701,0.6409375,0.0,2.5,0.8906613201679567
5.456111478514717,-1.0379170278729704,0.6409375,0.0,2.5,0.8959613861633833
5.456111478514717,-1.0279170278729706,0.6409375,0.0,2.5,0.8912232399743389
5.456111478514717,-1.0179170278729708,0.6970270270270269,0.0,2.5,0.8814277257522017
5.456111478514717,-1.007917027872971,0.6970270270270269,0.0,2.5,0.8614890980183039
5.456111478514717,-0.9979170278729712,0.7391525423728812,0.0,2.5,0.8158019132991959
5.456111478514717,-0.9879170278729714,0.7391525423728812,0.0,2.5,0.8129022240152075
5.456111478514717,-0.9779170278729716,0.7038888888888889,0.0,2.5,0.8167083164958633
5.456111478514717,-0.9679170278729718,0.7038888888888889,0.0,2.5,0.7878891373075003
5.456111478514717,-0.9579170278729721,0.7038888888888889,0.0,2.5,0.780538726187545
5.456111478514717,-0.9479170278729723,0.6970270270270269,0.0,2.5,0.7825160330062907
5.456111478514717,-0.9379170278729725,0.6970270270270269,0.0,2.5,0.7913226058413358
5.456111478514717,-0.9279170278729727,0.6970270270270269,0.0,2.5,0.7912587314668942
5.456111478514717,-0.9179170278729729,0.6970270270270269,0.0,2.5,0.7878102091528507
5.456111478514717,-0.9079170278729731,0.6409375,0.0,2.5,0.8141486235682842
5.456111478514717,-0.8979170278729733,0.6409375,0.0,2.5,0.8183584267209144
5.456111478514717,-0.8879170278729736,0.6409375,0.0,2.5,0.8226789238111514
5.456111478514717,-0.8779170278729738,0.6409375,0.0,2.5,0.8157949767604362
5.456111478514717,-0.867917027872974,0.6409375,0.0,2.5,0.805695659673549
5.456111478514717,-0.8579170278729742,0.6409375,0.0,2.5,0.8486693584786028
5.456111478514717,-0.8479170278729744,0.6409375,0.0,2.5,0.7650964219201171
5.456111478514717,-0.8379170278729746,0.6409375,0.0,2.5,0.7912786997563982
5.456111478514717,-0.8279170278729748,0.6409375,0.0,2.5,0.8099055989018333
5.456111478514717,-0.817917027872975,0.6409375,0.0,2.5,0.7934735871143676
5.456111478514717,-0.8079170278729753,0.6970270270270269,0.0,2.5,0.7181994342431537
5.456111478514717,-0.7979170278729755,0.7038888888888889,0.0,2.5,0.6914384022715626
5.456111478514717,-0.7879170278729757,0.7038888888888889,0.0,2.5,0.6734803821661148
5.456111478514717,-0.7779170278729759,0.7391525423728812,0.0,2.5,0.6471657257818021
5.456111478514717,-0.7679170278729761,0.7038888888888889,0.0,2.5,0.6406781372447709
5.456111478514717,-0.7579170278729763,0.7038888888888889,0.0,2.5,0.6374937754084508
5.456111478514717,-0.7479170278729765,0.7391525423728812,0.0,2.5,0.6262732086709294
5.456111478514717,-0.7379170278729767,0.7391525423728812,0.0,2.5,0.596356614782839
5.456111478514717,-0.727917027872977,0.7391525423728812,0.0,2.5,0.6508164907647703
5.456111478514717,-0.7179170278729772,0.6970270270270269,0.0,2.5,0.7482336418039709
5.456111478514717,-0.7079170278729774,0.7038888888888889,0.0,2.5,0.7222299159658596
5.456111478514717,-0.6979170278729776,0.7038888888888889,0.0,2.5,0.7211881014450137
5.456111478514717,-0.6879170278729778,0.6970270270270269,0.0,2.5,0.8072652844069834
5.456111478514717,-0.677917027872978,0.6409375,0.0,2.5,0.9275656674683057
5.456111478514717,-0.6679170278729782,0.6409375,0.0,2.5,0.9400841151803668
5.456111478514717,-0.6579170278729785,0.6008,0.0,2.5,0.9826303808543594
5.456111478514717,-0.6479170278729787,0.6008,0.0,2.5,0.970785572189721
5.456111478514717,-0.6379170278729789,0.6008,0.0,2.5,0.9677161277452766
5.456111478514717,-0.6279170278729791,0.6008,0.0,2.5,0.9691924136504201
5.456111478514717,-0.6179170278729793,0.6008,0.0,2.5,0.9827613820879411
5.456111478514717,-0.6079170278729795,0.6008,0.0,2.5,0.957695617879556
5.456111478514717,-0.5979170278729797,0.6409375,0.0,2.5,0.9353408420528022
5.456111478514717,-0.58791702787298,0.6409375,0.0,2.5,0.9458876416338836
5.456111478514717,-0.5779170278729802,0.6409375,0.0,2.5,0.9594106388977927
5.456111478514717,-0.5679170278729804,0.6409375,0.0,2.5,0.9642911611358399
5.456111478514717,-0.5579170278729806,0.6409375,0.0,2.5,0.9434689854270722
5.456111478514717,-0.5479170278729808,0.6409375,0.0,2.5,0.9429177353254774
5.456111478514717,-0.537917027872981,0.6409375,0.0,2.5,0.9429177353254774
5.456111478514717,-0.5279170278729812,0.6409375,0.0,2.5,0.923996400650024
5.456111478514717,-0.5179170278729814,0.6409375,0.0,2.5,0.9226293856449267
5.456111478514717,-0.5079170278729817,0.6409375,0.0,2.5,0.8824030301379299
5.456111478514717,-0.49791702787298187,0.6409375,0.0,2.5,0.8507117174963655
5.456111478514717,-0.4879170278729821,0.6409375,0.0,2.5,0.7728116946973759
5.456111478514717,-0.4779170278729823,0.6970270270270269,0.0,2.5,0.7667151577579888
5.456111478514717,-0.4679170278729825,0.6970270270270269,0.0,2.5,0.7671719079772368
5.456111478514717,-0.4579170278729827,0.6970270270270269,0.0,2.5,0.7671719079772368
5.456111478514717,-0.44791702787298293,0.6970270270270269,0.0,2.5,0.7639986922793324
5.456111478514717,-0.43791702787298314,0.6970270270270269,0.0,2.5,0.7696103058084869
5.456111478514717,-0.42791702787298336,0.6970270270270269,0.0,2.5,0.7987197126807789
5.4661114785147165,-1.6079170278729582,0.6409375,0.0,2.5,0.8257969978988574
5.4661114785147165,-1.5979170278729584,0.6409375,0.0,2.5,0.8304431343756431
5.4661114785147165,-1.5879170278729586,0.6409375,0.0,2.5,0.8407510783709153
5.4661114785147165,-1.5779170278729588,0.6409375,0.0,2.5,0.8366476593345399
5.4661114785147165,-1.567917027872959,0.6409375,0.0,2.5,0.8699429975712192
5.4661114785147165,-1.5579170278729593,0.6409375,0.0,2.5,0.8077470907530314
5.4661114785147165,-1.5479170278729595,0.6409375,0.0,2.5,0.8127064270592997
5.4661114785147165,-1.5379170278729597,0.6409375,0.0,2.5,0.8384616643535598
5.4661114785147165,-1.52791702787296,0.6409375,0.0,2.5,0.8369733741938987
5.4661114785147165,-1.5179170278729601,0.6409375,0.0,2.5,0.8381441311204875
5.4661114785147165,-1.5079170278729603,0.6970270270270269,0.0,2.5,0.8149015275246175
5.4661114785147165,-1.4979170278729605,0.6970270270270269,0.0,2.5,0.7994344008032652
5.4661114785147165,-1.4879170278729608,0.6409375,0.0,2.5,0.8396325276919895
5.4661114785147165,-1.477917027872961,0.6409375,0.0,2.5,0.8688111672340442
5.4661114785147165,-1.4679170278729612,0.6409375,0.0,2.5,0.867383534651046
5.4661114785147165,-1.4579170278729614,0.6409375,0.0,2.5,0.8620032141034083
5.4661114785147165,-1.4479170278729616,0.6409375,0.0,2.5,0.8195333304082634
5.4661114785147165,-1.4379170278729618,0.6409375,0.0,2.5,0.8183607724763522
5.4661114785147165,-1.427917027872962,0.6409375,0.0,2.5,0.7888525554838673
5.4661114785147165,-1.4179170278729623,0.6970270270270269,0.0,2.5,0.7569562768267895
5.4661114785147165,-1.4079170278729625,0.6970270270270269,0.0,2.5,0.7574123804891831
5.4661114785147165,-1.3979170278729627,0.6970270270270269,0.0,2.5,0.7637974512248613
5.4661114785147165,-1.387917027872963,0.6970270270270269,0.0,2.5,0.7468135781634819
5.4661114785147165,-1.377917027872963,0.6970270270270269,0.0,2.5,0.7557668448281841
5.4661114785147165,-1.3679170278729633,0.7391525423728812,0.0,2.5,0.7171188935050302
5.4661114785147165,-1.3579170278729635,0.7391525423728812,0.0,2.5,0.6876146393025957
5.4661114785147165,-1.3479170278729637,0.7391525423728812,0.0,2.5,0.6842477127479167
5.4661114785147165,-1.337917027872964,0.7391525423728812,0.0,2.5,0.6859210940617043
5.4661114785147165,-1.3279170278729642,0.7391525423728812,0.0,2.5,0.6652091371274561
5.4661114785147165,-1.3179170278729644,0.750010945365774,0.0,2.5,0.656097683515765
5.4661114785147165,-1.3079170278729646,0.9333333333333335,0.0,2.5,0.6553672155760394
5.4661114785147165,-1.2979170278729648,1.4487500000000002,0.0,2.5,0.6531190577489031
5.4661114785147165,-1.287917027872965,1.4487500000000002,0.0,2.5,0.6512381556670684
5.4661114785147165,-1.2779170278729652,1.90625,0.0,2.5,0.6543428660737731
5.4661114785147165,-1.2679170278729655,1.90625,0.0,2.5,0.6342245885468949
5.4661114785147165,-1.2579170278729657,1.90625,0.0,2.5,0.667060855981777
5.4661114785147165,-1.2479170278729659,1.4487500000000002,0.0,2.5,0.6950121595156706
5.4661114785147165,-1.237917027872966,0.7391525423728812,0.0,2.5,0.7572522715649271
5.4661114785147165,-1.2279170278729663,0.7391525423728812,0.0,2.5,0.8052938044830669
5.4661114785147165,-1.2179170278729665,0.7038888888888889,0.0,2.5,0.8316931082875928
5.4661114785147165,-1.2079170278729667,0.6970270270270269,0.0,2.5,0.8476089616252617
5.4661114785147165,-1.197917027872967,0.6970270270270269,0.0,2.5,0.870614251258279
5.4661114785147165,-1.1879170278729672,0.6970270270270269,0.0,2.5,0.8738872523117186
5.4661114785147165,-1.1779170278729674,0.6409375,0.0,2.5,0.8668400455313963
5.4661114785147165,-1.1679170278729676,0.6409375,0.0,2.5,0.8593282568280745
5.4661114785147165,-1.1579170278729678,0.6409375,0.0,2.5,0.8583223337876689
5.4661114785147165,-1.147917027872968,0.6409375,0.0,2.5,0.8638038207355351
5.4661114785147165,-1.1379170278729682,0.6409375,0.0,2.5,0.8608968638729272
5.4661114785147165,-1.1279170278729684,0.6409375,0.0,2.5,0.8662456780550372
5.4661114785147165,-1.1179170278729686,0.6409375,0.0,2.5,0.8691120814752855
5.4661114785147165,-1.1079170278729689,0.6409375,0.0,2.5,0.8715012512880217
5.4661114785147165,-1.097917027872969,0.6409375,0.0,2.5,0.8690363800009147
5.4661114785147165,-1.0879170278729693,0.6409375,0.0,2.5,0.8611370187272378
5.4661114785147165,-1.0779170278729695,0.6409375,0.0,2.5,0.8551009450135632
5.4661114785147165,-1.0679170278729697,0.6409375,0.0,2.5,0.9079696417679215
5.4661114785147165,-1.05791702787297,0.6409375,0.0,2.5,0.8962444583061946
5.4661114785147165,-1.0479170278729701,0.6409375,0.0,2.5,0.8923279868346234
5.4661114785147165,-1.0379170278729704,0.6409375,0.0,2.5,0.8958981329698427
5.4661114785147165,-1.0279170278729706,0.6409375,0.0,2.5,0.8928443981719218
5.4661114785147165,-1.0179170278729708,0.6970270270270269,0.0,2.5,0.8712013549390535
5.4661114785147165,-1.007917027872971,0.6970270270270269,0.0,2.5,0.8631438791759083
5.4661114785147165,-0.9979170278729712,0.7391525423728812,0.0,2.5,0.8175083363935421
5.4661114785147165,-0.9879170278729714,0.7391525423728812,0.0,2.5,0.8111943209886371
5.4661114785147165,-0.9779170278729716,0.7038888888888889,0.0,2.5,0.8161460000841767
5.4661114785147165,-0.9679170278729718,0.7038888888888889,0.0,2.5,0.7893436567407923
5.4661114785147165,-0.9579170278729721,0.7038888888888889,0.0,2.5,0.7856433218738442
5.4661114785147165,-0.9479170278729723,0.7038888888888889,0.0,2.5,0.7639811164943342
5.4661114785147165,-0.9379170278729725,0.7038888888888889,0.0,2.5,0.7427300370843158
5.4661114785147165,-0.9279170278729727,0.7038888888888889,0.0,2.5,0.7309193490712603
5.4661114785147165,-0.9179170278729729,0.7038888888888889,0.0,2.5,0.7208692416329141
5.4661114785147165,-0.9079170278729731,0.6970270270270269,0.0,2.5,0.7227918467265307
5.4661114785147165,-0.8979170278729733,0.6970270270270269,0.0,2.5,0.7259833613610019
5.4661114785147165,-0.8879170278729736,0.6970270270270269,0.0,2.5,0.7297357965842365
5.4661114785147165,-0.8779170278729738,0.6409375,0.0,2.5,0.8198366790150375
5.4661114785147165,-0.867917027872974,0.6409375,0.0,2.5,0.8169991112818037
5.4661114785147165,-0.8579170278729742,0.6409375,0.0,2.5,0.8473226084966634
5.4661114785147165,-0.8479170278729744,0.6409375,0.0,2.5,0.7610987467009928
5.4661114785147165,-0.8379170278729746,0.6409375,0.0,2.5,0.7824249535457587
5.4661114785147165,-0.8279170278729748,0.6409375,0.0,2.5,0.762468810313972
5.4661114785147165,-0.817917027872975,0.6970270270270269,0.0,2.5,0.7323898718984324
5.4661114785147165,-0.8079170278729753,0.7391525423728812,0.0,2.5,0.627162751467048
5.4661114785147165,-0.7979170278729755,0.7391525423728812,0.0,2.5,0.6130254943959754
5.4661114785147165,-0.7879170278729757,0.7391525423728812,0.0,2.5,0.6484166542272124
5.4661114785147165,-0.7779170278729759,0.6970270270270269,0.0,2.5,0.7080617303796812
5.4661114785147165,-0.7679170278729761,0.6409375,0.0,2.5,0.735193889949047
5.4661114785147165,-0.7579170278729763,0.6970270270270269,0.0,2.5,0.6650202374149556
5.4661114785147165,-0.7479170278729765,0.7038888888888889,0.0,2.5,0.6274151051650186
5.4661114785147165,-0.7379170278729767,0.7391525423728812,0.0,2.5,0.5860833069900034
5.4661114785147165,-0.727917027872977,0.7391525423728812,0.0,2.5,0.6180308193270855
5.4661114785147165,-0.7179170278729772,0.6970270270270269,0.0,2.5,0.7348047858312047
5.4661114785147165,-0.7079170278729774,0.6970270270270269,0.0,2.5,0.7249470056284447
5.4661114785147165,-0.6979170278729776,0.6970270270270269,0.0,2.5,0.7911959463579727
5.4661114785147165,-0.6879170278729778,0.6409375,0.0,2.5,0.8464723573823404
5.4661114785147165,-0.677917027872978,0.6409375,0.0,2.5,0.8780670282849912
5.4661114785147165,-0.6679170278729782,0.6409375,0.0,2.5,0.9047429297834813
5.4661114785147165,-0.6579170278729785,0.6008,0.0,2.5,0.9854316068074646
5.4661114785147165,-0.6479170278729787,0.6008,0.0,2.5,0.9900142661932231
5.4661114785147165,-0.6379170278729789,0.6008,0.0,2.5,0.9662355550060615
5.4661114785147165,-0.6279170278729791,0.6008,0.0,2.5,0.9707271358726424
5.4661114785147165,-0.6179170278729793,0.6008,0.0,2.5,0.9784517580699836
5.4661114785147165,-0.6079170278729795,0.6409375,0.0,2.5,0.9310570533685588
5.4661114785147165,-0.5979170278729797,0.6409375,0.0,2.5,0.8517407268331828
5.4661114785147165,-0.58791702787298,0.6409375,0.0,2.5,0.8525475971524963
5.4661114785147165,-0.5779170278729802,0.6409375,0.0,2.5,0.9120483354655275
5.4661114785147165,-0.5679170278729804,0.6409375,0.0,2.5,0.9388476258001952
5.4661114785147165,-0.5579170278729806,0.6409375,0.0,2.5,0.9615908270992719
5.4661114785147165,-0.5479170278729808,0.6409375,0.0,2.5,0.9641270747733216
5.4661114785147165,-0.537917027872981,0.6409375,0.0,2.5,0.9385742786123292
5.4661114785147165,-0.5279170278729812,0.6409375,0.0,2.5,0.9326117224768101
5.4661114785147165,-0.5179170278729814,0.6409375,0.0,2.5,0.9209508749120036
5.4661114785147165,-0.5079170278729817,0.6409375,0.0,2.5,0.8979018293274854
5.4661114785147165,-0.49791702787298187,0.6409375,0.0,2.5,0.8485067477276257
5.4661114785147165,-0.4879170278729821,0.6409375,0.0,2.5,0.7697422502529313
5.4661114785147165,-0.4779170278729823,0.6409375,0.0,2.5,0.7656653589459991
5.4661114785147165,-0.4679170278729825,0.6970270270270269,0.0,2.5,0.7671719079772368
5.4661114785147165,-0.4579170278729827,0.6970270270270269,0.0,2.5,0.7671719079772368
5.4661114785147165,-0.44791702787298293,0.6970270270270269,0.0,2.5,0.7671719079772368
5.4661114785147165,-0.43791702787298314,0.6970270270270269,0.0,2.5,0.7639986922793324
5.4661114785147165,-0.42791702787298336,0.6970270270270269,0.0,2.5,0.7696103058084869
5.4661114785147165,-0.41791702787298357,0.6970270270270269,0.0,2.5,0.7987197126807789
5.476111478514716,-1.6079170278729582,0.6409375,0.0,2.5,0.826991479735967
5.476111478514716,-1.5979170278729584,0.6409375,0.0,2.5,0.8276284678547203
5.476111478514716,-1.5879170278729586,0.6409375,0.0,2.5,0.8167777630625324
5.476111478514716,-1.5779170278729588,0.6409375,0.0,2.5,0.8165544461845183
5.476111478514716,-1.567917027872959,0.6409375,0.0,2.5,0.8514301959164944
5.476111478514716,-1.5579170278729593,0.6409375,0.0,2.5,0.8184977983313068
5.476111478514716,-1.5479170278729595,0.6970270270270269,0.0,2.5,0.7966879731943163
5.476111478514716,-1.5379170278729597,0.6970270270270269,0.0,2.5,0.8039821001978121
5.476111478514716,-1.52791702787296,0.6409375,0.0,2.5,0.8364774644538207
5.476111478514716,-1.5179170278729601,0.6970270270270269,0.0,2.5,0.8249706637607938
5.476111478514716,-1.5079170278729603,0.6970270270270269,0.0,2.5,0.8100720605785316
5.476111478514716,-1.4979170278729605,0.6970270270270269,0.0,2.5,0.8044811535794291
5.476111478514716,-1.4879170278729608,0.6970270270270269,0.0,2.5,0.7989348423078947
5.476111478514716,-1.477917027872961,0.6409375,0.0,2.5,0.834862216726933
5.476111478514716,-1.4679170278729612,0.6409375,0.0,2.5,0.8629977159031084
5.476111478514716,-1.4579170278729614,0.6409375,0.0,2.5,0.8697258437267313
5.476111478514716,-1.4479170278729616,0.6409375,0.0,2.5,0.8456264408673959
5.476111478514716,-1.4379170278729618,0.6409375,0.0,2.5,0.8169064043474104
5.476111478514716,-1.427917027872962,0.6409375,0.0,2.5,0.7934150038570191
5.476111478514716,-1.4179170278729623,0.6409375,0.0,2.5,0.7967093687308594
5.476111478514716,-1.4079170278729625,0.6970270270270269,0.0,2.5,0.804783827937008
5.476111478514716,-1.3979170278729627,0.6970270270270269,0.0,2.5,0.7685004841587464
5.476111478514716,-1.387917027872963,0.7038888888888889,0.0,2.5,0.7460515006860432
5.476111478514716,-1.377917027872963,0.7038888888888889,0.0,2.5,0.7340575887253964
5.476111478514716,-1.3679170278729633,0.7391525423728812,0.0,2.5,0.7228946989964636
5.476111478514716,-1.3579170278729635,0.7391525423728812,0.0,2.5,0.6893700147946799
5.476111478514716,-1.3479170278729637,0.7391525423728812,0.0,2.5,0.6765937378152836
5.476111478514716,-1.337917027872964,0.7391525423728812,0.0,2.5,0.6726692624460288
5.476111478514716,-1.3279170278729642,0.7391525423728812,0.0,2.5,0.6621087046678978
5.476111478514716,-1.3179170278729644,0.914858585660855,0.0,2.5,0.6551009189172621
5.476111478514716,-1.3079170278729646,0.9333333333333335,0.0,2.5,0.6545221287261057
5.476111478514716,-1.2979170278729648,1.4487500000000002,0.0,2.5,0.6537118620890688
5.476111478514716,-1.287917027872965,1.4487500000000002,0.0,2.5,0.6559383718602354
5.476111478514716,-1.2779170278729652,1.90625,0.0,2.5,0.6412858866131418
5.476111478514716,-1.2679170278729655,1.90625,0.0,2.5,0.6499031673649474
5.476111478514716,-1.2579170278729657,1.90625,0.0,2.5,0.6732781651692683
5.476111478514716,-1.2479170278729659,1.4487500000000002,0.0,2.5,0.7140674158931668
5.476111478514716,-1.237917027872966,0.7391525423728812,0.0,2.5,0.7693847853127402
5.476111478514716,-1.2279170278729663,0.7391525423728812,0.0,2.5,0.8089405256925564
5.476111478514716,-1.2179170278729665,0.7038888888888889,0.0,2.5,0.8292595192731566
5.476111478514716,-1.2079170278729667,0.6970270270270269,0.0,2.5,0.860877856820569
5.476111478514716,-1.197917027872967,0.6970270270270269,0.0,2.5,0.867494460154362
5.476111478514716,-1.1879170278729672,0.6970270270270269,0.0,2.5,0.8715420238017569
5.476111478514716,-1.1779170278729674,0.6970270270270269,0.0,2.5,0.8598101424181899
5.476111478514716,-1.1679170278729676,0.6409375,0.0,2.5,0.8675434475529835
5.476111478514716,-1.1579170278729678,0.6409375,0.0,2.5,0.8624736901621979
5.476111478514716,-1.147917027872968,0.6409375,0.0,2.5,0.8629420902832218
5.476111478514716,-1.1379170278729682,0.6409375,0.0,2.5,0.8539974912191712
5.476111478514716,-1.1279170278729684,0.6409375,0.0,2.5,0.8641987115499107
5.476111478514716,-1.1179170278729686,0.6409375,0.0,2.5,0.871849860328079
5.476111478514716,-1.1079170278729689,0.6409375,0.0,2.5,0.8734082170835857
5.476111478514716,-1.097917027872969,0.6409375,0.0,2.5,0.8744421716745779
5.476111478514716,-1.0879170278729693,0.6409375,0.0,2.5,0.8752534397750675
5.476111478514716,-1.0779170278729695,0.6409375,0.0,2.5,0.8695093319124406
5.476111478514716,-1.0679170278729697,0.6409375,0.0,2.5,0.8662990695454486
5.476111478514716,-1.05791702787297,0.6409375,0.0,2.5,0.9056702450433247
5.476111478514716,-1.0479170278729701,0.6409375,0.0,2.5,0.8973561793824376
5.476111478514716,-1.0379170278729704,0.6409375,0.0,2.5,0.8974533757566124
5.476111478514716,-1.0279170278729706,0.6970270270270269,0.0,2.5,0.8945110648385886
5.476111478514716,-1.0179170278729708,0.6970270270270269,0.0,2.5,0.8711966035385705
5.476111478514716,-1.007917027872971,0.7038888888888889,0.0,2.5,0.8591375304481664
5.476111478514716,-0.9979170278729712,0.7391525423728812,0.0,2.5,0.8151543173562281
5.476111478514716,-0.9879170278729714,0.7038888888888889,0.0,2.5,0.8192109873105524
5.476111478514716,-0.9779170278729716,0.7038888888888889,0.0,2.5,0.8231001535813646
5.476111478514716,-0.9679170278729718,0.7038888888888889,0.0,2.5,0.7923908289508428
5.476111478514716,-0.9579170278729721,0.7038888888888889,0.0,2.5,0.7893840175211504
5.476111478514716,-0.9479170278729723,0.7038888888888889,0.0,2.5,0.752227786655151
5.476111478514716,-0.9379170278729725,0.7391525423728812,0.0,2.5,0.7196883460071334
5.476111478514716,-0.9279170278729727,0.7038888888888889,0.0,2.5,0.7264257138399608
5.476111478514716,-0.9179170278729729,0.7038888888888889,0.0,2.5,0.7175320306318753
5.476111478514716,-0.9079170278729731,0.7038888888888889,0.0,2.5,0.687228256279519
5.476111478514716,-0.8979170278729733,0.6970270270270269,0.0,2.5,0.7197458115273464
5.476111478514716,-0.8879170278729736,0.6970270270270269,0.0,2.5,0.7278122394821935
5.476111478514716,-0.8779170278729738,0.6970270270270269,0.0,2.5,0.6546917501457485
5.476111478514716,-0.867917027872974,0.6409375,0.0,2.5,0.853158475026569
5.476111478514716,-0.8579170278729742,0.6409375,0.0,2.5,0.7447303569654425
5.476111478514716,-0.8479170278729744,0.6409375,0.0,2.5,0.73251230114439
5.476111478514716,-0.8379170278729746,0.6409375,0.0,2.5,0.7305294359567603
5.476111478514716,-0.8279170278729748,0.6409375,0.0,2.5,0.7351817981920683
5.476111478514716,-0.817917027872975,0.6970270270270269,0.0,2.5,0.7199914702794789
5.476111478514716,-0.8079170278729753,0.6970270270270269,0.0,2.5,0.7469428163145649
5.476111478514716,-0.7979170278729755,0.6970270270270269,0.0,2.5,0.7250490053661961
5.476111478514716,-0.7879170278729757,0.7038888888888889,0.0,2.5,0.6919209169685863
5.476111478514716,-0.7779170278729759,0.6409375,0.0,2.5,0.7437311022865519
5.476111478514716,-0.7679170278729761,0.6970270270270269,0.0,2.5,0.6884984384161027
5.476111478514716,-0.7579170278729763,0.6970270270270269,0.0,2.5,0.6575592833036448
5.476111478514716,-0.7479170278729765,0.6970270270270269,0.0,2.5,0.6576026495912076
5.476111478514716,-0.7379170278729767,0.7038888888888889,0.0,2.5,0.6448315562519301
5.476111478514716,-0.727917027872977,0.7038888888888889,0.0,2.5,0.6516530142871871
5.476111478514716,-0.7179170278729772,0.7038888888888889,0.0,2.5,0.6689271526481919
5.476111478514716,-0.7079170278729774,0.6970270270270269,0.0,2.5,0.7379998653112964
5.476111478514716,-0.6979170278729776,0.6970270270270269,0.0,2.5,0.7568016355183774
5.476111478514716,-0.6879170278729778,0.6970270270270269,0.0,2.5,0.7862992068415519
5.476111478514716,-0.677917027872978,0.6409375,0.0,2.5,0.8517450082307809
5.476111478514716,-0.6679170278729782,0.6409375,0.0,2.5,0.863072005196128
5.476111478514716,-0.6579170278729785,0.6008,0.0,2.5,0.9573825888273803
5.476111478514716,-0.6479170278729787,0.6008,0.0,2.5,0.9631900060313893
5.476111478514716,-0.6379170278729789,0.6008,0.0,2.5,0.9615551015794561
5.476111478514716,-0.6279170278729791,0.6008,0.0,2.5,0.9850738109652146
5.476111478514716,-0.6179170278729793,0.6008,0.0,2.5,0.962037244600224
5.476111478514716,-0.6079170278729795,0.6409375,0.0,2.5,0.8244986576633876
5.476111478514716,-0.5979170278729797,0.6409375,0.0,2.5,0.8097145703619076
5.476111478514716,-0.58791702787298,0.6409375,0.0,2.5,0.8242404929751689
5.476111478514716,-0.5779170278729802,0.6409375,0.0,2.5,0.8215167061310983
5.476111478514716,-0.5679170278729804,0.6409375,0.0,2.5,0.8304286320681206
5.476111478514716,-0.5579170278729806,0.6409375,0.0,2.5,0.9204613284888568
5.476111478514716,-0.5479170278729808,0.6409375,0.0,2.5,0.9265030792503302
5.476111478514716,-0.537917027872981,0.6409375,0.0,2.5,0.917758813615438
5.476111478514716,-0.5279170278729812,0.6409375,0.0,2.5,0.9194704959411903
5.476111478514716,-0.5179170278729814,0.6409375,0.0,2.5,0.9008735539972698
5.476111478514716,-0.5079170278729817,0.6409375,0.0,2.5,0.8748055424701742
5.476111478514716,-0.49791702787298187,0.6409375,0.0,2.5,0.83667025961975
5.476111478514716,-0.4879170278729821,0.6409375,0.0,2.5,0.7711164120128267
5.476111478514716,-0.4779170278729823,0.6409375,0.0,2.5,0.7656653589459991
5.476111478514716,-0.4679170278729825,0.6409375,0.0,2.5,0.7671719079772368
5.476111478514716,-0.4579170278729827,0.6970270270270269,0.0,2.5,0.7671719079772368
5.476111478514716,-0.44791702787298293,0.6970270270270269,0.0,2.5,0.7639986922793324
5.476111478514716,-0.43791702787298314,0.6970270270270269,0.0,2.5,0.7680755835862647
5.476111478514716,-0.42791702787298336,0.6409375,0.0,2.5,0.8297902039741138
5.476111478514716,-0.41791702787298357,0.6409375,0.0,2.5,0.8551367291606171
5.476111478514716,-0.4079170278729838,0.6970270270270269,0.0,2.5,0.8345040274443996
5.486111478514716,-1.6079170278729582,0.6409375,0.0,2.5,0.8354401075502497
5.486111478514716,-1.5979170278729584,0.6409375,0.0,2.5,0.8264069627953538
5.486111478514716,-1.5879170278729586,0.6409375,0.0,2.5,0.8215028393506464
5.486111478514716,-1.5779170278729588,0.6970270270270269,0.0,2.5,0.8022766246884359
5.486111478514716,-1.567917027872959,0.6409375,0.0,2.5,0.8256707662880599
5.486111478514716,-1.5579170278729593,0.6409375,0.0,2.5,0.851788723516103
5.486111478514716,-1.5479170278729595,0.6970270270270269,0.0,2.5,0.800939203524374
5.486111478514716,-1.5379170278729597,0.6970270270270269,0.0,2.5,0.7981413038971626
5.486111478514716,-1.52791702787296,0.6970270270270269,0.0,2.5,0.8266332957729307
5.486111478514716,-1.5179170278729601,0.6970270270270269,0.0,2.5,0.8187301243998784
5.486111478514716,-1.5079170278729603,0.6970270270270269,0.0,2.5,0.8151835319253531
5.486111478514716,-1.4979170278729605,0.6409375,0.0,2.5,0.8151449279664708
5.486111478514716,-1.4879170278729608,0.6970270270270269,0.0,2.5,0.7900852508957179
5.486111478514716,-1.477917027872961,0.6409375,0.0,2.5,0.843988629032337
5.486111478514716,-1.4679170278729612,0.6409375,0.0,2.5,0.8761350265816377
5.486111478514716,-1.4579170278729614,0.6409375,0.0,2.5,0.8639648373780242
5.486111478514716,-1.4479170278729616,0.6409375,0.0,2.5,0.8684136665332531
5.486111478514716,-1.4379170278729618,0.6409375,0.0,2.5,0.845528119382973
5.486111478514716,-1.427917027872962,0.6409375,0.0,2.5,0.8394830964553335
5.486111478514716,-1.4179170278729623,0.6409375,0.0,2.5,0.8312954557080172
5.486111478514716,-1.4079170278729625,0.6409375,0.0,2.5,0.8081563065542863
5.486111478514716,-1.3979170278729627,0.6970270270270269,0.0,2.5,0.7749261944992955
5.486111478514716,-1.387917027872963,0.7038888888888889,0.0,2.5,0.7302654451309241
5.486111478514716,-1.377917027872963,0.7391525423728812,0.0,2.5,0.7218934313563811
5.486111478514716,-1.3679170278729633,0.7391525423728812,0.0,2.5,0.7350202954885685
5.486111478514716,-1.3579170278729635,0.7391525423728812,0.0,2.5,0.7008028919049349
5.486111478514716,-1.3479170278729637,0.7391525423728812,0.0,2.5,0.6623901069014771
5.486111478514716,-1.337917027872964,0.7391525423728812,0.0,2.5,0.6795197905256841
5.486111478514716,-1.3279170278729642,0.7661557147646028,0.0,2.5,0.6552631513257895
5.486111478514716,-1.3179170278729644,0.9333333333333335,0.0,2.5,0.661075915544528
5.486111478514716,-1.3079170278729646,0.9333333333333335,0.0,2.5,0.6623325011581233
5.486111478514716,-1.2979170278729648,1.4487500000000002,0.0,2.5,0.6539654960441325
5.486111478514716,-1.287917027872965,1.90625,0.0,2.5,0.6511724184397512
5.486111478514716,-1.2779170278729652,1.90625,0.0,2.5,0.6403135958822039
5.486111478514716,-1.2679170278729655,1.90625,0.0,2.5,0.6563644833079819
5.486111478514716,-1.2579170278729657,1.90625,0.0,2.5,0.6920578016108259
5.486111478514716,-1.2479170278729659,0.7391525423728812,0.0,2.5,0.7532449608383824
5.486111478514716,-1.237917027872966,0.7391525423728812,0.0,2.5,0.7590168785096251
5.486111478514716,-1.2279170278729663,0.7391525423728812,0.0,2.5,0.8055908364675117
5.486111478514716,-1.2179170278729665,0.7038888888888889,0.0,2.5,0.8334143133343663
5.486111478514716,-1.2079170278729667,0.6970270270270269,0.0,2.5,0.8622728993130888
5.486111478514716,-1.197917027872967,0.6970270270270269,0.0,2.5,0.8746195878162027
5.486111478514716,-1.1879170278729672,0.6970270270270269,0.0,2.5,0.8674628459184119
5.486111478514716,-1.1779170278729674,0.6970270270270269,0.0,2.5,0.8683936953820635
5.486111478514716,-1.1679170278729676,0.6970270270270269,0.0,2.5,0.8673903831801923
5.486111478514716,-1.1579170278729678,0.6409375,0.0,2.5,0.868566439583214
5.486111478514716,-1.147917027872968,0.6409375,0.0,2.5,0.8703106237590845
5.486111478514716,-1.1379170278729682,0.6409375,0.0,2.5,0.8626811622577562
5.486111478514716,-1.1279170278729684,0.6409375,0.0,2.5,0.8704009430382554
5.486111478514716,-1.1179170278729686,0.6409375,0.0,2.5,0.8742564449671016
5.486111478514716,-1.1079170278729689,0.6409375,0.0,2.5,0.8856104729430089
5.486111478514716,-1.097917027872969,0.6409375,0.0,2.5,0.8881658666547014
5.486111478514716,-1.0879170278729693,0.6409375,0.0,2.5,0.8795701239882646
5.486111478514716,-1.0779170278729695,0.6409375,0.0,2.5,0.8757397599925525
5.486111478514716,-1.0679170278729697,0.6409375,0.0,2.5,0.8730661692970506
5.486111478514716,-1.05791702787297,0.6970270270270269,0.0,2.5,0.8633225984521861
5.486111478514716,-1.0479170278729701,0.6409375,0.0,2.5,0.9033294946406926
5.486111478514716,-1.0379170278729704,0.6409375,0.0,2.5,0.9011689123253105
5.486111478514716,-1.0279170278729706,0.6970270270270269,0.0,2.5,0.8949910429341696
5.486111478514716,-1.0179170278729708,0.6970270270270269,0.0,2.5,0.8675136369720448
5.486111478514716,-1.007917027872971,0.7038888888888889,0.0,2.5,0.8536770539596521
5.486111478514716,-0.9979170278729712,0.7391525423728812,0.0,2.5,0.8120495982996164
5.486111478514716,-0.9879170278729714,0.7038888888888889,0.0,2.5,0.8176178578187754
5.486111478514716,-0.9779170278729716,0.7038888888888889,0.0,2.5,0.8118376536109204
5.486111478514716,-0.9679170278729718,0.7038888888888889,0.0,2.5,0.8044736465893958
5.486111478514716,-0.9579170278729721,0.7038888888888889,0.0,2.5,0.785312770411396
5.486111478514716,-0.9479170278729723,0.7038888888888889,0.0,2.5,0.7466693228640945
5.486111478514716,-0.9379170278729725,0.7391525423728812,0.0,2.5,0.714916235606751
5.486111478514716,-0.9279170278729727,0.7038888888888889,0.0,2.5,0.728696531457846
5.486111478514716,-0.9179170278729729,0.7038888888888889,0.0,2.5,0.7063369265775524
5.486111478514716,-0.9079170278729731,0.7038888888888889,0.0,2.5,0.6893947504262695
5.486111478514716,-0.8979170278729733,0.6970270270270269,0.0,2.5,0.7453444981563089
5.486111478514716,-0.8879170278729736,0.6409375,0.0,2.5,0.7561049142903079
5.486111478514716,-0.8779170278729738,0.6409375,0.0,2.5,0.7284482869089297
5.486111478514716,-0.867917027872974,0.6970270270270269,0.0,2.5,0.7214095588526958
5.486111478514716,-0.8579170278729742,0.6970270270270269,0.0,2.5,0.6970250231022452
5.486111478514716,-0.8479170278729744,0.7391525423728812,0.0,2.5,0.6161106233774646
5.486111478514716,-0.8379170278729746,0.6970270270270269,0.0,2.5,0.6615724761018217
5.486111478514716,-0.8279170278729748,0.7038888888888889,0.0,2.5,0.649459251617236
5.486111478514716,-0.817917027872975,0.7391525423728812,0.0,2.5,0.6138809604251928
5.486111478514716,-0.8079170278729753,0.7391525423728812,0.0,2.5,0.6496417552824791
5.486111478514716,-0.7979170278729755,0.6970270270270269,0.0,2.5,0.7357706158021131
5.486111478514716,-0.7879170278729757,0.6970270270270269,0.0,2.5,0.7588668995824893
5.486111478514716,-0.7779170278729759,0.6409375,0.0,2.5,0.7924410188301482
5.486111478514716,-0.7679170278729761,0.6409375,0.0,2.5,0.8368263471937594
5.486111478514716,-0.7579170278729763,0.6409375,0.0,2.5,0.8652585729125294
5.486111478514716,-0.7479170278729765,0.6409375,0.0,2.5,0.8865095082432437
5.486111478514716,-0.7379170278729767,0.6409375,0.0,2.5,0.8352344593887604
5.486111478514716,-0.727917027872977,0.7038888888888889,0.0,2.5,0.6784937228569017
5.486111478514716,-0.7179170278729772,0.7038888888888889,0.0,2.5,0.6883700676339797
5.486111478514716,-0.7079170278729774,0.7038888888888889,0.0,2.5,0.6839645903655754
5.486111478514716,-0.6979170278729776,0.6970270270270269,0.0,2.5,0.7304656063947563
5.486111478514716,-0.6879170278729778,0.6970270270270269,0.0,2.5,0.7801606758689994
5.486111478514716,-0.677917027872978,0.6409375,0.0,2.5,0.8113478878693962
5.486111478514716,-0.6679170278729782,0.6409375,0.0,2.5,0.8290581726577705
5.486111478514716,-0.6579170278729785,0.6409375,0.0,2.5,0.924889288342094
5.486111478514716,-0.6479170278729787,0.6008,0.0,2.5,0.9647377925965117
5.486111478514716,-0.6379170278729789,0.6008,0.0,2.5,0.9604520332718247
5.486111478514716,-0.6279170278729791,0.6409375,0.0,2.5,0.9573825888273803
5.486111478514716,-0.6179170278729793,0.6409375,0.0,2.5,0.8958513929925065
5.486111478514716,-0.6079170278729795,0.6409375,0.0,2.5,0.7997075358207624
5.486111478514716,-0.5979170278729797,0.6970270270270269,0.0,2.5,0.7586581807386921
5.486111478514716,-0.58791702787298,0.7038888888888889,0.0,2.5,0.728054347956818
5.486111478514716,-0.5779170278729802,0.6970270270270269,0.0,2.5,0.7430405146383916
5.486111478514716,-0.5679170278729804,0.6970270270270269,0.0,2.5,0.7984528750313686
5.486111478514716,-0.5579170278729806,0.6970270270270269,0.0,2.5,0.77319600789183
5.486111478514716,-0.5479170278729808,0.6409375,0.0,2.5,0.8795520438472851
5.486111478514716,-0.537917027872981,0.6409375,0.0,2.5,0.9139280499054467
5.486111478514716,-0.5279170278729812,0.6409375,0.0,2.5,0.913614877310387
5.486111478514716,-0.5179170278729814,0.6409375,0.0,2.5,0.9035505660908846
5.486111478514716,-0.5079170278729817,0.6409375,0.0,2.5,0.8739652965351888
5.486111478514716,-0.49791702787298187,0.6409375,0.0,2.5,0.824981351965246
5.486111478514716,-0.4879170278729821,0.6409375,0.0,2.5,0.7683818244246555
5.486111478514716,-0.4779170278729823,0.6409375,0.0,2.5,0.7656653589459991
5.486111478514716,-0.4679170278729825,0.6409375,0.0,2.5,0.7639986922793324
5.486111478514716,-0.4579170278729827,0.6409375,0.0,2.5,0.7680755835862647
5.486111478514716,-0.44791702787298293,0.6409375,0.0,2.5,0.8297902039741138
5.486111478514716,-0.43791702787298314,0.6409375,0.0,2.5,0.8505374428503797
5.486111478514716,-0.42791702787298336,0.6409375,0.0,2.5,0.8522041095170464
5.486111478514716,-0.41791702787298357,0.6409375,0.0,2.5,0.8522041095170464
5.486111478514716,-0.4079170278729838,0.6409375,0.0,2.5,0.8551367291606171
5.486111478514716,-0.397917027872984,0.6970270270270269,0.0,2.5,0.8374036693772272
5.496111478514716,-1.617917027872958,0.6970270270270269,0.0,2.5,0.8071855793274851
5.496111478514716,-1.6079170278729582,0.6409375,0.0,2.5,0.835311280241608
5.496111478514716,-1.5979170278729584,0.6409375,0.0,2.5,0.8281414511056814
5.496111478514716,-1.5879170278729586,0.6970270270270269,0.0,2.5,0.8071903187597388
5.496111478514716,-1.5779170278729588,0.6970270270270269,0.0,2.5,0.808296160740777
5.496111478514716,-1.567917027872959,0.6970270270270269,0.0,2.5,0.8101763354717523
5.496111478514716,-1.5579170278729593,0.6970270270270269,0.0,2.5,0.8328320626269783
5.496111478514716,-1.5479170278729595,0.6970270270270269,0.0,2.5,0.8253957461016306
5.496111478514716,-1.5379170278729597,0.6970270270270269,0.0,2.5,0.8075412457301644
5.496111478514716,-1.52791702787296,0.6970270270270269,0.0,2.5,0.784205146183479
5.496111478514716,-1.5179170278729601,0.6970270270270269,0.0,2.5,0.8158690910309336
5.496111478514716,-1.5079170278729603,0.6409375,0.0,2.5,0.8072745412694444
5.496111478514716,-1.4979170278729605,0.6409375,0.0,2.5,0.8044577698337944
5.496111478514716,-1.4879170278729608,0.6409375,0.0,2.5,0.8018763062054965
5.496111478514716,-1.477917027872961,0.6409375,0.0,2.5,0.8414335667764561
5.496111478514716,-1.4679170278729612,0.6409375,0.0,2.5,0.8439387738087194
5.496111478514716,-1.4579170278729614,0.6409375,0.0,2.5,0.8660981483626667
5.496111478514716,-1.4479170278729616,0.6409375,0.0,2.5,0.8755775380021157
5.496111478514716,-1.4379170278729618,0.6409375,0.0,2.5,0.8654128959788318
5.496111478514716,-1.427917027872962,0.6409375,0.0,2.5,0.8603841722926338
5.496111478514716,-1.4179170278729623,0.6409375,0.0,2.5,0.8414384453420115
5.496111478514716,-1.4079170278729625,0.6409375,0.0,2.5,0.8022656688092978
5.496111478514716,-1.3979170278729627,0.6970270270270269,0.0,2.5,0.7533656534699257
5.496111478514716,-1.387917027872963,0.7038888888888889,0.0,2.5,0.7308368284093004
5.496111478514716,-1.377917027872963,0.7218520044610015,0.0,2.5,0.7064050487079608
5.496111478514716,-1.3679170278729633,0.7038888888888889,0.0,2.5,0.739980041503188
5.496111478514716,-1.3579170278729635,0.7391525423728812,0.0,2.5,0.7038512424134937
5.496111478514716,-1.3479170278729637,0.7391525423728812,0.0,2.5,0.666932099635971
5.496111478514716,-1.337917027872964,0.7391525423728812,0.0,2.5,0.6761864571923507
5.496111478514716,-1.3279170278729642,0.78,0.0,2.5,0.6556211452969445
5.496111478514716,-1.3179170278729644,0.9333333333333335,0.0,2.5,0.6609420641111357
5.496111478514716,-1.3079170278729646,1.4487500000000002,0.0,2.5,0.6549021192541221
5.496111478514716,-1.2979170278729648,1.4487500000000002,0.0,2.5,0.6571668849330212
5.496111478514716,-1.287917027872965,1.90625,0.0,2.5,0.6465747457326919
5.496111478514716,-1.2779170278729652,1.90625,0.0,2.5,0.639517599613087
5.496111478514716,-1.2679170278729655,1.90625,0.0,2.5,0.6750116071393194
5.496111478514716,-1.2579170278729657,1.4487500000000002,0.0,2.5,0.6996141488405442
5.496111478514716,-1.2479170278729659,0.7754850699776101,0.0,2.5,0.7528854092182531
5.496111478514716,-1.237917027872966,0.7391525423728812,0.0,2.5,0.7654833851524221
5.496111478514716,-1.2279170278729663,0.7391525423728812,0.0,2.5,0.8129619533860309
5.496111478514716,-1.2179170278729665,0.7038888888888889,0.0,2.5,0.8471266190907915
5.496111478514716,-1.2079170278729667,0.6970270270270269,0.0,2.5,0.8631284436979563
5.496111478514716,-1.197917027872967,0.6970270270270269,0.0,2.5,0.8705727875138872
5.496111478514716,-1.1879170278729672,0.6970270270270269,0.0,2.5,0.8697103805046447
5.496111478514716,-1.1779170278729674,0.6970270270270269,0.0,2.5,0.869501139322066
5.496111478514716,-1.1679170278729676,0.6970270270270269,0.0,2.5,0.8577765961818951
5.496111478514716,-1.1579170278729678,0.6970270270270269,0.0,2.5,0.8571321199187283
5.496111478514716,-1.147917027872968,0.6970270270270269,0.0,2.5,0.857702046490982
5.496111478514716,-1.1379170278729682,0.6409375,0.0,2.5,0.867482808407743
5.496111478514716,-1.1279170278729684,0.6409375,0.0,2.5,0.875277471193237
5.496111478514716,-1.1179170278729686,0.6409375,0.0,2.5,0.8901091471998067
5.496111478514716,-1.1079170278729689,0.6409375,0.0,2.5,0.8999272561358613
5.496111478514716,-1.097917027872969,0.6409375,0.0,2.5,0.8928366962047912
5.496111478514716,-1.0879170278729693,0.6409375,0.0,2.5,0.8923621643278749
5.496111478514716,-1.0779170278729695,0.6409375,0.0,2.5,0.8854640054893786
5.496111478514716,-1.0679170278729697,0.6409375,0.0,2.5,0.8789477675634157
5.496111478514716,-1.05791702787297,0.6970270270270269,0.0,2.5,0.8636533272916205
5.496111478514716,-1.0479170278729701,0.6970270270270269,0.0,2.5,0.8495522212990981
5.496111478514716,-1.0379170278729704,0.6970270270270269,0.0,2.5,0.8883735704870797
5.496111478514716,-1.0279170278729706,0.6970270270270269,0.0,2.5,0.8783518638286303
5.496111478514716,-1.0179170278729708,0.6970270270270269,0.0,2.5,0.8634589423891653
5.496111478514716,-1.007917027872971,0.7038888888888889,0.0,2.5,0.8406825847230373
5.496111478514716,-0.9979170278729712,0.7391525423728812,0.0,2.5,0.8183970725677362
5.496111478514716,-0.9879170278729714,0.7038888888888889,0.0,2.5,0.8200676686862647
5.496111478514716,-0.9779170278729716,0.7038888888888889,0.0,2.5,0.8056779720820355
5.496111478514716,-0.9679170278729718,0.7038888888888889,0.0,2.5,0.7999200936071991
5.496111478514716,-0.9579170278729721,0.7038888888888889,0.0,2.5,0.7607934811454681
5.496111478514716,-0.9479170278729723,0.7038888888888889,0.0,2.5,0.748403356162032
5.496111478514716,-0.9379170278729725,0.7391525423728812,0.0,2.5,0.7205891406321743
5.496111478514716,-0.9279170278729727,0.7038888888888889,0.0,2.5,0.7349724968989914
5.496111478514716,-0.9179170278729729,0.7038888888888889,0.0,2.5,0.7118418828504178
5.496111478514716,-0.9079170278729731,0.6970270270270269,0.0,2.5,0.7270745579997501
5.496111478514716,-0.8979170278729733,0.6970270270270269,0.0,2.5,0.7474753815209102
5.496111478514716,-0.8879170278729736,0.6970270270270269,0.0,2.5,0.7214262008501127
5.496111478514716,-0.8779170278729738,0.6409375,0.0,2.5,0.7297919528044505
5.496111478514716,-0.867917027872974,0.6970270270270269,0.0,2.5,0.6999253605056537
5.496111478514716,-0.8579170278729742,0.6409375,0.0,2.5,0.7186180256020349
5.496111478514716,-0.8479170278729744,0.6970270270270269,0.0,2.5,0.6851956814402618
5.496111478514716,-0.8379170278729746,0.6970270270270269,0.0,2.5,0.6782668755790174
5.496111478514716,-0.8279170278729748,0.7038888888888889,0.0,2.5,0.6674768746473737
5.496111478514716,-0.817917027872975,0.6970270270270269,0.0,2.5,0.6859876047744091
5.496111478514716,-0.8079170278729753,0.6970270270270269,0.0,2.5,0.7033656398361678
5.496111478514716,-0.7979170278729755,0.6970270270270269,0.0,2.5,0.7172141943876714
5.496111478514716,-0.7879170278729757,0.6970270270270269,0.0,2.5,0.7392412906004714
5.496111478514716,-0.7779170278729759,0.6409375,0.0,2.5,0.7900459545328092
5.496111478514716,-0.7679170278729761,0.6409375,0.0,2.5,0.8281417061141696
5.496111478514716,-0.7579170278729763,0.6409375,0.0,2.5,0.8506603586392137
5.496111478514716,-0.7479170278729765,0.6409375,0.0,2.5,0.8525101120947438
5.496111478514716,-0.7379170278729767,0.6409375,0.0,2.5,0.8690335593024042
5.496111478514716,-0.727917027872977,0.6409375,0.0,2.5,0.8847202428932639
5.496111478514716,-0.7179170278729772,0.6409375,0.0,2.5,0.8602515974150244
5.496111478514716,-0.7079170278729774,0.6970270270270269,0.0,2.5,0.7828640422917856
5.496111478514716,-0.6979170278729776,0.6970270270270269,0.0,2.5,0.7357869326812897
5.496111478514716,-0.6879170278729778,0.6970270270270269,0.0,2.5,0.7433809883738696
5.496111478514716,-0.677917027872978,0.6409375,0.0,2.5,0.7786604421594249
5.496111478514716,-0.6679170278729782,0.6409375,0.0,2.5,0.845230535623733
5.496111478514716,-0.6579170278729785,0.6409375,0.0,2.5,0.9266208790867654
5.496111478514716,-0.6479170278729787,0.6409375,0.0,2.5,0.9417295868102261
5.496111478514716,-0.6379170278729789,0.6409375,0.0,2.5,0.9324611210982647
5.496111478514716,-0.6279170278729791,0.6409375,0.0,2.5,0.824757618833113
5.496111478514716,-0.6179170278729793,0.6409375,0.0,2.5,0.798146464370776
5.496111478514716,-0.6079170278729795,0.6409375,0.0,2.5,0.7963876614330487
5.496111478514716,-0.5979170278729797,0.6970270270270269,0.0,2.5,0.7327365855502863
5.496111478514716,-0.58791702787298,0.7038888888888889,0.0,2.5,0.7144421422867535
5.496111478514716,-0.5779170278729802,0.6970270270270269,0.0,2.5,0.7326594168462349
5.496111478514716,-0.5679170278729804,0.6970270270270269,0.0,2.5,0.7325629838123049
5.496111478514716,-0.5579170278729806,0.6970270270270269,0.0,2.5,0.7331911874563654
5.496111478514716,-0.5479170278729808,0.6970270270270269,0.0,2.5,0.7396035701309184
5.496111478514716,-0.537917027872981,0.6409375,0.0,2.5,0.8123996233527767
5.496111478514716,-0.5279170278729812,0.6409375,0.0,2.5,0.874958425869777
5.496111478514716,-0.5179170278729814,0.6409375,0.0,2.5,0.8841197799860009
5.496111478514716,-0.5079170278729817,0.6409375,0.0,2.5,0.878613337930118
5.496111478514716,-0.49791702787298187,0.6409375,0.0,2.5,0.8320243241232389
5.496111478514716,-0.4879170278729821,0.6409375,0.0,2.5,0.7697422502529313
5.496111478514716,-0.4779170278729823,0.6409375,0.0,2.5,0.8297902039741138
5.496111478514716,-0.4679170278729825,0.6409375,0.0,2.5,0.8505374428503797
5.496111478514716,-0.4579170278729827,0.6409375,0.0,2.5,0.8522041095170464
5.496111478514716,-0.44791702787298293,0.6409375,0.0,2.5,0.8522041095170464
5.496111478514716,-0.43791702787298314,0.6409375,0.0,2.5,0.8522041095170464
5.496111478514716,-0.42791702787298336,0.6409375,0.0,2.5,0.8522041095170464
5.496111478514716,-0.41791702787298357,0.6409375,0.0,2.5,0.8522041095170464
5.496111478514716,-0.4079170278729838,0.6409375,0.0,2.5,0.8551367291606171
5.496111478514716,-0.397917027872984,0.6970270270270269,0.0,2.5,0.8374036693772272
5.506111478514716,-1.617917027872958,0.6970270270270269,0.0,2.5,0.8181692277484426
5.506111478514716,-1.6079170278729582,0.6970270270270269,0.0,2.5,0.8330336321026482
5.506111478514716,-1.5979170278729584,0.6970270270270269,0.0,2.5,0.8259689068651459
5.506111478514716,-1.5879170278729586,0.6970270270270269,0.0,2.5,0.8175240687031543
5.506111478514716,-1.5779170278729588,0.6970270270270269,0.0,2.5,0.8155854980178247
5.506111478514716,-1.567917027872959,0.6970270270270269,0.0,2.5,0.8027484297376254
5.506111478514716,-1.5579170278729593,0.6970270270270269,0.0,2.5,0.8117403141494814
5.506111478514716,-1.5479170278729595,0.6970270270270269,0.0,2.5,0.8328164435087978
5.506111478514716,-1.5379170278729597,0.7038888888888889,0.0,2.5,0.7686666863480608
5.506111478514716,-1.52791702787296,0.6970270270270269,0.0,2.5,0.7757324106372071
5.506111478514716,-1.5179170278729601,0.6970270270270269,0.0,2.5,0.7816018131737917
5.506111478514716,-1.5079170278729603,0.6409375,0.0,2.5,0.8040977772896716
5.506111478514716,-1.4979170278729605,0.6409375,0.0,2.5,0.7930013053104852
5.506111478514716,-1.4879170278729608,0.6409375,0.0,2.5,0.8247570139550267
5.506111478514716,-1.477917027872961,0.6409375,0.0,2.5,0.8313213480064905
5.506111478514716,-1.4679170278729612,0.6409375,0.0,2.5,0.8386197417938527
5.506111478514716,-1.4579170278729614,0.6409375,0.0,2.5,0.858901822164216
5.506111478514716,-1.4479170278729616,0.6409375,0.0,2.5,0.8608675759989834
5.506111478514716,-1.4379170278729618,0.6409375,0.0,2.5,0.8531359725597892
5.506111478514716,-1.427917027872962,0.6409375,0.0,2.5,0.8669332205677517
5.506111478514716,-1.4179170278729623,0.6409375,0.0,2.5,0.8492009231378217
5.506111478514716,-1.4079170278729625,0.6409375,0.0,2.5,0.8151124138332881
5.506111478514716,-1.3979170278729627,0.6970270270270269,0.0,2.5,0.7620256709936198
5.506111478514716,-1.387917027872963,0.6970270270270269,0.0,2.5,0.7405277109597723
5.506111478514716,-1.377917027872963,0.7038888888888889,0.0,2.5,0.7191472391306274
5.506111478514716,-1.3679170278729633,0.7038888888888889,0.0,2.5,0.7221659839237922
5.506111478514716,-1.3579170278729635,0.7391525423728812,0.0,2.5,0.7017852694369696
5.506111478514716,-1.3479170278729637,0.7391525423728812,0.0,2.5,0.6708519491438621
5.506111478514716,-1.337917027872964,0.7391525423728812,0.0,2.5,0.6622783326474967
5.506111478514716,-1.3279170278729642,0.7391525423728812,0.0,2.5,0.6600344282920781
5.506111478514716,-1.3179170278729644,0.9333333333333335,0.0,2.5,0.6624855151601292
5.506111478514716,-1.3079170278729646,1.4487500000000002,0.0,2.5,0.6626977892385796
5.506111478514716,-1.2979170278729648,1.4487500000000002,0.0,2.5,0.6644228312946777
5.506111478514716,-1.287917027872965,1.90625,0.0,2.5,0.6498393878151215
5.506111478514716,-1.2779170278729652,1.90625,0.0,2.5,0.6326551749795313
5.506111478514716,-1.2679170278729655,1.90625,0.0,2.5,0.6669775594760396
5.506111478514716,-1.2579170278729657,1.3341146511794444,0.0,2.5,0.7355065203590582
5.506111478514716,-1.2479170278729659,0.7391525423728812,0.0,2.5,0.7734909982135659
5.506111478514716,-1.237917027872966,0.7391525423728812,0.0,2.5,0.7772098472708674
5.506111478514716,-1.2279170278729663,0.7391525423728812,0.0,2.5,0.8144581131193884
5.506111478514716,-1.2179170278729665,0.7038888888888889,0.0,2.5,0.8503147866773981
5.506111478514716,-1.2079170278729667,0.7038888888888889,0.0,2.5,0.8633660788425888
5.506111478514716,-1.197917027872967,0.7038888888888889,0.0,2.5,0.8525971441733531
5.506111478514716,-1.1879170278729672,0.6970270270270269,0.0,2.5,0.8553214428700638
5.506111478514716,-1.1779170278729674,0.6970270270270269,0.0,2.5,0.8540121182998037
5.506111478514716,-1.1679170278729676,0.6970270270270269,0.0,2.5,0.8381205462949839
5.506111478514716,-1.1579170278729678,0.6970270270270269,0.0,2.5,0.8397165971998481
5.506111478514716,-1.147917027872968,0.6970270270270269,0.0,2.5,0.8453923257714878
5.506111478514716,-1.1379170278729682,0.6970270270270269,0.0,2.5,0.8611277238436855
5.506111478514716,-1.1279170278729684,0.6409375,0.0,2.5,0.865614449457578
5.506111478514716,-1.1179170278729686,0.6409375,0.0,2.5,0.878968884284258
5.506111478514716,-1.1079170278729689,0.6409375,0.0,2.5,0.8944757848423124
5.506111478514716,-1.097917027872969,0.6409375,0.0,2.5,0.8898315887285042
5.506111478514716,-1.0879170278729693,0.6409375,0.0,2.5,0.8781333470718227
5.506111478514716,-1.0779170278729695,0.6409375,0.0,2.5,0.8829360905894299
5.506111478514716,-1.0679170278729697,0.6970270270270269,0.0,2.5,0.872845249875574
5.506111478514716,-1.05791702787297,0.6970270270270269,0.0,2.5,0.8563556620305066
5.506111478514716,-1.0479170278729701,0.6970270270270269,0.0,2.5,0.841824520394242
5.506111478514716,-1.0379170278729704,0.6970270270270269,0.0,2.5,0.8353093826982536
5.506111478514716,-1.0279170278729706,0.6970270270270269,0.0,2.5,0.8663899415758946
5.506111478514716,-1.0179170278729708,0.7038888888888889,0.0,2.5,0.8538605428067768
5.506111478514716,-1.007917027872971,0.7038888888888889,0.0,2.5,0.8305590643955456
5.506111478514716,-0.9979170278729712,0.7391525423728812,0.0,2.5,0.8190717381050185
5.506111478514716,-0.9879170278729714,0.7038888888888889,0.0,2.5,0.8244674271527511
5.506111478514716,-0.9779170278729716,0.7038888888888889,0.0,2.5,0.8115184472254175
5.506111478514716,-0.9679170278729718,0.7038888888888889,0.0,2.5,0.8000522906015404
5.506111478514716,-0.9579170278729721,0.7391525423728812,0.0,2.5,0.754488227253117
5.506111478514716,-0.9479170278729723,0.7391525423728812,0.0,2.5,0.7247182871709427
5.506111478514716,-0.9379170278729725,0.7391525423728812,0.0,2.5,0.7165416756146206
5.506111478514716,-0.9279170278729727,0.7038888888888889,0.0,2.5,0.7257902897884702
5.506111478514716,-0.9179170278729729,0.7038888888888889,0.0,2.5,0.702926021490125
5.506111478514716,-0.9079170278729731,0.6970270270270269,0.0,2.5,0.7431024978774765
5.506111478514716,-0.8979170278729733,0.6970270270270269,0.0,2.5,0.7495252481326565
5.506111478514716,-0.8879170278729736,0.6970270270270269,0.0,2.5,0.723415737490144
5.506111478514716,-0.8779170278729738,0.6409375,0.0,2.5,0.7620246201264329
5.506111478514716,-0.867917027872974,0.6970270270270269,0.0,2.5,0.6878995158580141
5.506111478514716,-0.8579170278729742,0.6970270270270269,0.0,2.5,0.6829318651446712
5.506111478514716,-0.8479170278729744,0.6970270270270269,0.0,2.5,0.6850206244025094
5.506111478514716,-0.8379170278729746,0.6970270270270269,0.0,2.5,0.6677039233127475
5.506111478514716,-0.8279170278729748,0.6970270270270269,0.0,2.5,0.678236305802103
5.506111478514716,-0.817917027872975,0.6970270270270269,0.0,2.5,0.6874310761485415
5.506111478514716,-0.8079170278729753,0.7038888888888889,0.0,2.5,0.6716655749344721
5.506111478514716,-0.7979170278729755,0.7391525423728812,0.0,2.5,0.6815527344144091
5.506111478514716,-0.7879170278729757,0.6970270270270269,0.0,2.5,0.7449709548675244
5.506111478514716,-0.7779170278729759,0.6409375,0.0,2.5,0.771825024976614
5.506111478514716,-0.7679170278729761,0.6409375,0.0,2.5,0.8063125314678206
5.506111478514716,-0.7579170278729763,0.6409375,0.0,2.5,0.833010621145521
5.506111478514716,-0.7479170278729765,0.6409375,0.0,2.5,0.839992496708443
5.506111478514716,-0.7379170278729767,0.6409375,0.0,2.5,0.879819162272027
5.506111478514716,-0.727917027872977,0.6409375,0.0,2.5,0.868488103196694
5.506111478514716,-0.7179170278729772,0.6409375,0.0,2.5,0.8742578501532218
5.506111478514716,-0.7079170278729774,0.6409375,0.0,2.5,0.8594730448671307
5.506111478514716,-0.6979170278729776,0.6409375,0.0,2.5,0.8313110589453132
5.506111478514716,-0.6879170278729778,0.6409375,0.0,2.5,0.8384222534624761
5.506111478514716,-0.677917027872978,0.6409375,0.0,2.5,0.8200383579236711
5.506111478514716,-0.6679170278729782,0.6409375,0.0,2.5,0.8629114166852414
5.506111478514716,-0.6579170278729785,0.6409375,0.0,2.5,0.9247754195224451
5.506111478514716,-0.6479170278729787,0.6409375,0.0,2.5,0.9174086604690279
5.506111478514716,-0.6379170278729789,0.6409375,0.0,2.5,0.8902323690815797
5.506111478514716,-0.6279170278729791,0.6409375,0.0,2.5,0.8472886003521013
5.506111478514716,-0.6179170278729793,0.6970270270270269,0.0,2.5,0.7896564588699323
5.506111478514716,-0.6079170278729795,0.6970270270270269,0.0,2.5,0.7358538451501793
5.506111478514716,-0.5979170278729797,0.7038888888888889,0.0,2.5,0.7122540666318659
5.506111478514716,-0.58791702787298,0.6970270270270269,0.0,2.5,0.7181072840571978
5.506111478514716,-0.5779170278729802,0.7038888888888889,0.0,2.5,0.7037410499624824
5.506111478514716,-0.5679170278729804,0.7038888888888889,0.0,2.5,0.6794458825952655
5.506111478514716,-0.5579170278729806,0.6970270270270269,0.0,2.5,0.7010581024851709
5.506111478514716,-0.5479170278729808,0.7038888888888889,0.0,2.5,0.7005271110843149
5.506111478514716,-0.537917027872981,0.7038888888888889,0.0,2.5,0.7043696504239434
5.506111478514716,-0.5279170278729812,0.6970270270270269,0.0,2.5,0.7404733788899491
5.506111478514716,-0.5179170278729814,0.6409375,0.0,2.5,0.8546686753961509
5.506111478514716,-0.5079170278729817,0.6409375,0.0,2.5,0.868609865705632
5.506111478514716,-0.49791702787298187,0.6409375,0.0,2.5,0.872088453703462
5.506111478514716,-0.4879170278729821,0.6409375,0.0,2.5,0.8551416095170464
5.506111478514716,-0.4779170278729823,0.6409375,0.0,2.5,0.8522041095170464
5.506111478514716,-0.4679170278729825,0.6409375,0.0,2.5,0.8522041095170464
5.506111478514716,-0.4579170278729827,0.6409375,0.0,2.5,0.8522041095170464
5.506111478514716,-0.44791702787298293,0.6409375,0.0,2.5,0.8522041095170464
5.506111478514716,-0.43791702787298314,0.6409375,0.0,2.5,0.8522041095170464
5.506111478514716,-0.42791702787298336,0.6409375,0.0,2.5,0.8522041095170464
5.506111478514716,-0.41791702787298357,0.6409375,0.0,2.5,0.8522041095170464
5.506111478514716,-0.4079170278729838,0.6409375,0.0,2.5,0.8522041095170464
5.506111478514716,-0.397917027872984,0.6970270270270269,0.0,2.5,0.8551367291606171
5.506111478514716,-0.3879170278729842,0.6970270270270269,0.0,2.5,0.8374036693772272
5.516111478514715,-1.6079170278729582,0.6970270270270269,0.0,2.5,0.8539995619225981
5.516111478514715,-1.5979170278729584,0.6970270270270269,0.0,2.5,0.8396849121397929
5.516111478514715,-1.5879170278729586,0.6970270270270269,0.0,2.5,0.814884868322524
5.516111478514715,-1.5779170278729588,0.6970270270270269,0.0,2.5,0.814696540356797
5.516111478514715,-1.567917027872959,0.6970270270270269,0.0,2.5,0.808001183604652
5.516111478514715,-1.5579170278729593,0.6970270270270269,0.0,2.5,0.8136241836614777
5.516111478514715,-1.5479170278729595,0.6970270270270269,0.0,2.5,0.8185313644122519
5.516111478514715,-1.5379170278729597,0.7038888888888889,0.0,2.5,0.7582231984036187
5.516111478514715,-1.52791702787296,0.6970270270270269,0.0,2.5,0.7738192225319627
5.516111478514715,-1.5179170278729601,0.6970270270270269,0.0,2.5,0.7815844894750947
5.516111478514715,-1.5079170278729603,0.6970270270270269,0.0,2.5,0.7597791229343593
5.516111478514715,-1.4979170278729605,0.6409375,0.0,2.5,0.8197639421036942
5.516111478514715,-1.4879170278729608,0.6409375,0.0,2.5,0.8235883085764917
5.516111478514715,-1.477917027872961,0.6409375,0.0,2.5,0.8371259041630434
5.516111478514715,-1.4679170278729612,0.6409375,0.0,2.5,0.8605179636347651
5.516111478514715,-1.4579170278729614,0.6409375,0.0,2.5,0.8542199843894325
5.516111478514715,-1.4479170278729616,0.6409375,0.0,2.5,0.8624985271505454
5.516111478514715,-1.4379170278729618,0.6409375,0.0,2.5,0.857798131554539
5.516111478514715,-1.427917027872962,0.6409375,0.0,2.5,0.8699248272823801
5.516111478514715,-1.4179170278729623,0.6409375,0.0,2.5,0.8633264271354176
5.516111478514715,-1.4079170278729625,0.6409375,0.0,2.5,0.7741087276842273
5.516111478514715,-1.3979170278729627,0.6970270270270269,0.0,2.5,0.7646044019833814
5.516111478514715,-1.387917027872963,0.6970270270270269,0.0,2.5,0.7361159247125522
5.516111478514715,-1.377917027872963,0.7038888888888889,0.0,2.5,0.7177531866098956
5.516111478514715,-1.3679170278729633,0.7391525423728812,0.0,2.5,0.6915169337799676
5.516111478514715,-1.3579170278729635,0.7391525423728812,0.0,2.5,0.7170665707785285
5.516111478514715,-1.3479170278729637,0.7391525423728812,0.0,2.5,0.6768883987856094
5.516111478514715,-1.337917027872964,0.7391525423728812,0.0,2.5,0.6622633531148001
5.516111478514715,-1.3279170278729642,0.7391525423728812,0.0,2.5,0.6600674362243368
5.516111478514715,-1.3179170278729644,0.78,0.0,2.5,0.6639796045487003
5.516111478514715,-1.3079170278729646,0.9333333333333335,0.0,2.5,0.664897806104442
5.516111478514715,-1.2979170278729648,1.4487500000000002,0.0,2.5,0.6615129873985143
5.516111478514715,-1.287917027872965,1.90625,0.0,2.5,0.6504213702893575
5.516111478514715,-1.2779170278729652,1.90625,0.0,2.5,0.6424652201717357
5.516111478514715,-1.2679170278729655,1.90625,0.0,2.5,0.6693862525691139
5.516111478514715,-1.2579170278729657,0.7391525423728812,0.0,2.5,0.7527039531945454
5.516111478514715,-1.2479170278729659,0.7391525423728812,0.0,2.5,0.7715750658492326
5.516111478514715,-1.237917027872966,0.7391525423728812,0.0,2.5,0.7803841128991826
5.516111478514715,-1.2279170278729663,0.7391525423728812,0.0,2.5,0.8189428032167433
5.516111478514715,-1.2179170278729665,0.7038888888888889,0.0,2.5,0.8418275291997297
5.516111478514715,-1.2079170278729667,0.7038888888888889,0.0,2.5,0.829616391211898
5.516111478514715,-1.197917027872967,0.7038888888888889,0.0,2.5,0.8266853495175652
5.516111478514715,-1.1879170278729672,0.6970270270270269,0.0,2.5,0.8374326462868945
5.516111478514715,-1.1779170278729674,0.6970270270270269,0.0,2.5,0.8344754147702452
5.516111478514715,-1.1679170278729676,0.6970270270270269,0.0,2.5,0.8391167595119805
5.516111478514715,-1.1579170278729678,0.6970270270270269,0.0,2.5,0.8258421889173158
5.516111478514715,-1.147917027872968,0.6970270270270269,0.0,2.5,0.8292230745269197
5.516111478514715,-1.1379170278729682,0.6970270270270269,0.0,2.5,0.848123825980404
5.516111478514715,-1.1279170278729684,0.6970270270270269,0.0,2.5,0.8524138616180519
5.516111478514715,-1.1179170278729686,0.6970270270270269,0.0,2.5,0.8702994971979147
5.516111478514715,-1.1079170278729689,0.6409375,0.0,2.5,0.8792951268365806
5.516111478514715,-1.097917027872969,0.6409375,0.0,2.5,0.9016568683200791
5.516111478514715,-1.0879170278729693,0.6409375,0.0,2.5,0.8984128877340624
5.516111478514715,-1.0779170278729695,0.6409375,0.0,2.5,0.8969614219913147
5.516111478514715,-1.0679170278729697,0.6409375,0.0,2.5,0.8887732988069598
5.516111478514715,-1.05791702787297,0.6970270270270269,0.0,2.5,0.8808096302182391
5.516111478514715,-1.0479170278729701,0.6970270270270269,0.0,2.5,0.85987592549609
5.516111478514715,-1.0379170278729704,0.6970270270270269,0.0,2.5,0.8411981859234837
5.516111478514715,-1.0279170278729706,0.7038888888888889,0.0,2.5,0.8078916397636301
5.516111478514715,-1.0179170278729708,0.7038888888888889,0.0,2.5,0.835371517118819
5.516111478514715,-1.007917027872971,0.7038888888888889,0.0,2.5,0.8140314542722635
5.516111478514715,-0.9979170278729712,0.7038888888888889,0.0,2.5,0.8233408696907427
5.516111478514715,-0.9879170278729714,0.7038888888888889,0.0,2.5,0.8298826772180115
5.516111478514715,-0.9779170278729716,0.7038888888888889,0.0,2.5,0.8132213559446754
5.516111478514715,-0.9679170278729718,0.7038888888888889,0.0,2.5,0.7836834491317168
5.516111478514715,-0.9579170278729721,0.7391525423728812,0.0,2.5,0.7497545631504184
5.516111478514715,-0.9479170278729723,0.7391525423728812,0.0,2.5,0.7225310983454238
5.516111478514715,-0.9379170278729725,0.7038888888888889,0.0,2.5,0.7230135329747722
5.516111478514715,-0.9279170278729727,0.7038888888888889,0.0,2.5,0.7127884763103639
5.516111478514715,-0.9179170278729729,0.7038888888888889,0.0,2.5,0.7049517871445488
5.516111478514715,-0.9079170278729731,0.6970270270270269,0.0,2.5,0.7571097512581036
5.516111478514715,-0.8979170278729733,0.6970270270270269,0.0,2.5,0.7284912143182288
5.516111478514715,-0.8879170278729736,0.6409375,0.0,2.5,0.768683892726239
5.516111478514715,-0.8779170278729738,0.6409375,0.0,2.5,0.7584004705733659
5.516111478514715,-0.867917027872974,0.6970270270270269,0.0,2.5,0.686637723958135
5.516111478514715,-0.8579170278729742,0.6409375,0.0,2.5,0.7181840818229739
5.516111478514715,-0.8479170278729744,0.6409375,0.0,2.5,0.7546695690476131
5.516111478514715,-0.8379170278729746,0.6970270270270269,0.0,2.5,0.7101141994446752
5.516111478514715,-0.8279170278729748,0.6970270270270269,0.0,2.5,0.6969303050342759
5.516111478514715,-0.817917027872975,0.6970270270270269,0.0,2.5,0.7126381085069928
5.516111478514715,-0.8079170278729753,0.6970270270270269,0.0,2.5,0.7108831940612528
5.516111478514715,-0.7979170278729755,0.6970270270270269,0.0,2.5,0.7247826977002044
5.516111478514715,-0.7879170278729757,0.6970270270270269,0.0,2.5,0.772157762141622
5.516111478514715,-0.7779170278729759,0.6409375,0.0,2.5,0.8138281621703904
5.516111478514715,-0.7679170278729761,0.6409375,0.0,2.5,0.8416505807112024
5.516111478514715,-0.7579170278729763,0.6409375,0.0,2.5,0.8514902409143262
5.516111478514715,-0.7479170278729765,0.6409375,0.0,2.5,0.8316388023994006
5.516111478514715,-0.7379170278729767,0.6409375,0.0,2.5,0.8585023133142812
5.516111478514715,-0.727917027872977,0.6409375,0.0,2.5,0.8775799158792946
5.516111478514715,-0.7179170278729772,0.6409375,0.0,2.5,0.8570863056300415
5.516111478514715,-0.7079170278729774,0.6409375,0.0,2.5,0.8746136451416326
5.516111478514715,-0.6979170278729776,0.6409375,0.0,2.5,0.8675842912146968
5.516111478514715,-0.6879170278729778,0.6409375,0.0,2.5,0.8719121408854882
5.516111478514715,-0.677917027872978,0.6409375,0.0,2.5,0.8399410006287964
5.516111478514715,-0.6679170278729782,0.6409375,0.0,2.5,0.9072546304467303
5.516111478514715,-0.6579170278729785,0.6409375,0.0,2.5,0.9197480936817148
5.516111478514715,-0.6479170278729787,0.6409375,0.0,2.5,0.9020466564308072
5.516111478514715,-0.6379170278729789,0.6409375,0.0,2.5,0.8182747946166888
5.516111478514715,-0.6279170278729791,0.6409375,0.0,2.5,0.7977859853913464
5.516111478514715,-0.6179170278729793,0.6970270270270269,0.0,2.5,0.7782337394256564
5.516111478514715,-0.6079170278729795,0.6970270270270269,0.0,2.5,0.729871947523388
5.516111478514715,-0.5979170278729797,0.6970270270270269,0.0,2.5,0.7273474771881183
5.516111478514715,-0.58791702787298,0.6970270270270269,0.0,2.5,0.7309464176862961
5.516111478514715,-0.5779170278729802,0.6970270270270269,0.0,2.5,0.7336604533386036
5.516111478514715,-0.5679170278729804,0.7038888888888889,0.0,2.5,0.6721088045349874
5.516111478514715,-0.5579170278729806,0.7038888888888889,0.0,2.5,0.6653733008442057
5.516111478514715,-0.5479170278729808,0.7038888888888889,0.0,2.5,0.6795169847773053
5.516111478514715,-0.537917027872981,0.7038888888888889,0.0,2.5,0.7080033309647403
5.516111478514715,-0.5279170278729812,0.7038888888888889,0.0,2.5,0.6931059587044622
5.516111478514715,-0.5179170278729814,0.6970270270270269,0.0,2.5,0.7558532606872516
5.516111478514715,-0.5079170278729817,0.6409375,0.0,2.5,0.8652660233756717
5.516111478514715,-0.49791702787298187,0.6409375,0.0,2.5,0.867220358764877
5.516111478514715,-0.4879170278729821,0.6409375,0.0,2.5,0.9046121212450389
5.516111478514715,-0.4779170278729823,0.6409375,0.0,2.5,0.8522041095170464
5.516111478514715,-0.4679170278729825,0.6409375,0.0,2.5,0.8522041095170464
5.516111478514715,-0.4579170278729827,0.6409375,0.0,2.5,0.8522041095170464
5.516111478514715,-0.44791702787298293,0.6409375,0.0,2.5,0.8522041095170464
5.516111478514715,-0.43791702787298314,0.6409375,0.0,2.5,0.8522041095170464
5.516111478514715,-0.42791702787298336,0.6409375,0.0,2.5,0.8522041095170464
5.516111478514715,-0.41791702787298357,0.6409375,0.0,2.5,0.8522041095170464
5.516111478514715,-0.4079170278729838,0.6409375,0.0,2.5,0.8522041095170464
5.516111478514715,-0.397917027872984,0.6970270270270269,0.0,2.5,0.8551367291606171
5.516111478514715,-0.3879170278729842,0.6970270270270269,0.0,2.5,0.8357370027105605
5.526111478514715,-1.6079170278729582,0.6970270270270269,0.0,2.5,0.8502250194407331
5.526111478514715,-1.5979170278729584,0.6970270270270269,0.0,2.5,0.8541733273441465
5.526111478514715,-1.5879170278729586,0.6970270270270269,0.0,2.5,0.8307259402612974
5.526111478514715,-1.5779170278729588,0.6970270270270269,0.0,2.5,0.806683479433635
5.526111478514715,-1.567917027872959,0.7038888888888889,0.0,2.5,0.8050634754105663
5.526111478514715,-1.5579170278729593,0.7038888888888889,0.0,2.5,0.8130419825052667
5.526111478514715,-1.5479170278729595,0.6970270270270269,0.0,2.5,0.8140982022253043
5.526111478514715,-1.5379170278729597,0.6970270270270269,0.0,2.5,0.8237572300636994
5.526111478514715,-1.52791702787296,0.6970270270270269,0.0,2.5,0.7726286349880068
5.526111478514715,-1.5179170278729601,0.6970270270270269,0.0,2.5,0.7500262633774509
5.526111478514715,-1.5079170278729603,0.6970270270270269,0.0,2.5,0.782011689449119
5.526111478514715,-1.4979170278729605,0.6409375,0.0,2.5,0.7902832891427428
5.526111478514715,-1.4879170278729608,0.6409375,0.0,2.5,0.8262248115950718
5.526111478514715,-1.477917027872961,0.6409375,0.0,2.5,0.8583272424197484
5.526111478514715,-1.4679170278729612,0.6409375,0.0,2.5,0.8616877279231945
5.526111478514715,-1.4579170278729614,0.6409375,0.0,2.5,0.8626304715949898
5.526111478514715,-1.4479170278729616,0.6409375,0.0,2.5,0.8641530631893231
5.526111478514715,-1.4379170278729618,0.6409375,0.0,2.5,0.8592202679766755
5.526111478514715,-1.427917027872962,0.6409375,0.0,2.5,0.8683901050601579
5.526111478514715,-1.4179170278729623,0.6409375,0.0,2.5,0.8250177097194322
5.526111478514715,-1.4079170278729625,0.6409375,0.0,2.5,0.780444755568099
5.526111478514715,-1.3979170278729627,0.6970270270270269,0.0,2.5,0.76665100758173
5.526111478514715,-1.387917027872963,0.6970270270270269,0.0,2.5,0.7430493457010834
5.526111478514715,-1.377917027872963,0.7038888888888889,0.0,2.5,0.7096050535514496
5.526111478514715,-1.3679170278729633,0.7391525423728812,0.0,2.5,0.7004651345002603
5.526111478514715,-1.3579170278729635,0.7391525423728812,0.0,2.5,0.7072623178374635
5.526111478514715,-1.3479170278729637,0.7391525423728812,0.0,2.5,0.6893103295717699
5.526111478514715,-1.337917027872964,0.7391525423728812,0.0,2.5,0.6445614888884507
5.526111478514715,-1.3279170278729642,0.7391525423728812,0.0,2.5,0.6659130077649591
5.526111478514715,-1.3179170278729644,0.8048570669072407,0.0,2.5,0.6606451099699474
5.526111478514715,-1.3079170278729646,0.9333333333333335,0.0,2.5,0.6653227277717438
5.526111478514715,-1.2979170278729648,1.4487500000000002,0.0,2.5,0.6566280577763698
5.526111478514715,-1.287917027872965,1.90625,0.0,2.5,0.6506445585334588
5.526111478514715,-1.2779170278729652,1.90625,0.0,2.5,0.6741446205816827
5.526111478514715,-1.2679170278729655,1.4487500000000002,0.0,2.5,0.6863660578174118
5.526111478514715,-1.2579170278729657,0.7391525423728812,0.0,2.5,0.758781968159763
5.526111478514715,-1.2479170278729659,0.7391525423728812,0.0,2.5,0.7605336581127198
5.526111478514715,-1.237917027872966,0.7391525423728812,0.0,2.5,0.7864746048668414
5.526111478514715,-1.2279170278729663,0.7391525423728812,0.0,2.5,0.8149580381549826
5.526111478514715,-1.2179170278729665,0.7038888888888889,0.0,2.5,0.810427201992021
5.526111478514715,-1.2079170278729667,0.7038888888888889,0.0,2.5,0.822751035955497
5.526111478514715,-1.197917027872967,0.6970270270270269,0.0,2.5,0.8328581836982196
5.526111478514715,-1.1879170278729672,0.6970270270270269,0.0,2.5,0.8312150610216397
5.526111478514715,-1.1779170278729674,0.6970270270270269,0.0,2.5,0.8297618819628533
5.526111478514715,-1.1679170278729676,0.6970270270270269,0.0,2.5,0.8169657890520516
5.526111478514715,-1.1579170278729678,0.6970270270270269,0.0,2.5,0.8129494010255278
5.526111478514715,-1.147917027872968,0.6970270270270269,0.0,2.5,0.8084719879234866
5.526111478514715,-1.1379170278729682,0.6970270270270269,0.0,2.5,0.8254032272037449
5.526111478514715,-1.1279170278729684,0.6970270270270269,0.0,2.5,0.8156256463434077
5.526111478514715,-1.1179170278729686,0.6970270270270269,0.0,2.5,0.8414755810476026
5.526111478514715,-1.1079170278729689,0.6970270270270269,0.0,2.5,0.8567830322977269
5.526111478514715,-1.097917027872969,0.6970270270270269,0.0,2.5,0.8569519671730986
5.526111478514715,-1.0879170278729693,0.6409375,0.0,2.5,0.8923350660178361
5.526111478514715,-1.0779170278729695,0.6970270270270269,0.0,2.5,0.89107741042795
5.526111478514715,-1.0679170278729697,0.6409375,0.0,2.5,0.8860812621592351
5.526111478514715,-1.05791702787297,0.6409375,0.0,2.5,0.8859317843132317
5.526111478514715,-1.0479170278729701,0.6409375,0.0,2.5,0.8826821888575047
5.526111478514715,-1.0379170278729704,0.6970270270270269,0.0,2.5,0.8659394498724298
5.526111478514715,-1.0279170278729706,0.6970270270270269,0.0,2.5,0.8482109925590093
5.526111478514715,-1.0179170278729708,0.7038888888888889,0.0,2.5,0.8170665249907993
5.526111478514715,-1.007917027872971,0.6970270270270269,0.0,2.5,0.8374984439939496
5.526111478514715,-0.9979170278729712,0.7038888888888889,0.0,2.5,0.832782640126424
5.526111478514715,-0.9879170278729714,0.7038888888888889,0.0,2.5,0.8328638202592548
5.526111478514715,-0.9779170278729716,0.7038888888888889,0.0,2.5,0.8063548563251498
5.526111478514715,-0.9679170278729718,0.7391525423728812,0.0,2.5,0.7639307257652962
5.526111478514715,-0.9579170278729721,0.7038888888888889,0.0,2.5,0.7640669153622149
5.526111478514715,-0.9479170278729723,0.7391525423728812,0.0,2.5,0.728770692809816
5.526111478514715,-0.9379170278729725,0.7391525423728812,0.0,2.5,0.7229809276203861
5.526111478514715,-0.9279170278729727,0.7391525423728812,0.0,2.5,0.7077960320834468
5.526111478514715,-0.9179170278729729,0.6970270270270269,0.0,2.5,0.7369774650608824
5.526111478514715,-0.9079170278729731,0.6970270270270269,0.0,2.5,0.7642641698434478
5.526111478514715,-0.8979170278729733,0.6970270270270269,0.0,2.5,0.7444077778122533
5.526111478514715,-0.8879170278729736,0.6409375,0.0,2.5,0.7771911623911757
5.526111478514715,-0.8779170278729738,0.6409375,0.0,2.5,0.7609667082644003
5.526111478514715,-0.867917027872974,0.6970270270270269,0.0,2.5,0.7177073509491275
5.526111478514715,-0.8579170278729742,0.6409375,0.0,2.5,0.7632211587811546
5.526111478514715,-0.8479170278729744,0.6409375,0.0,2.5,0.7602907951461043
5.526111478514715,-0.8379170278729746,0.6409375,0.0,2.5,0.7862962488965259
5.526111478514715,-0.8279170278729748,0.6409375,0.0,2.5,0.7934190744942821
5.526111478514715,-0.817917027872975,0.6409375,0.0,2.5,0.7970827703180198
5.526111478514715,-0.8079170278729753,0.6409375,0.0,2.5,0.7997670680497783
5.526111478514715,-0.7979170278729755,0.6970270270270269,0.0,2.5,0.7881062748390558
5.526111478514715,-0.7879170278729757,0.6409375,0.0,2.5,0.8001181743723962
5.526111478514715,-0.7779170278729759,0.6409375,0.0,2.5,0.8253379901221678
5.526111478514715,-0.7679170278729761,0.6409375,0.0,2.5,0.8593270379055548
5.526111478514715,-0.7579170278729763,0.6409375,0.0,2.5,0.866953716116112
5.526111478514715,-0.7479170278729765,0.6409375,0.0,2.5,0.840050740337729
5.526111478514715,-0.7379170278729767,0.6409375,0.0,2.5,0.856847411961308
5.526111478514715,-0.727917027872977,0.6409375,0.0,2.5,0.852366296945213
5.526111478514715,-0.7179170278729772,0.6409375,0.0,2.5,0.8516209505326208
5.526111478514715,-0.7079170278729774,0.6409375,0.0,2.5,0.8673631367280145
5.526111478514715,-0.6979170278729776,0.6409375,0.0,2.5,0.8758229176582407
5.526111478514715,-0.6879170278729778,0.6409375,0.0,2.5,0.8710971621553792
5.526111478514715,-0.677917027872978,0.6409375,0.0,2.5,0.8832916430351304
5.526111478514715,-0.6679170278729782,0.6409375,0.0,2.5,0.8755119295633221
5.526111478514715,-0.6579170278729785,0.6409375,0.0,2.5,0.8719612556754913
5.526111478514715,-0.6479170278729787,0.6409375,0.0,2.5,0.8415575387414986
5.526111478514715,-0.6379170278729789,0.6409375,0.0,2.5,0.8362146562251027
5.526111478514715,-0.6279170278729791,0.6409375,0.0,2.5,0.8393285469019287
5.526111478514715,-0.6179170278729793,0.6409375,0.0,2.5,0.8508623747636087
5.526111478514715,-0.6079170278729795,0.6409375,0.0,2.5,0.8410070257875524
5.526111478514715,-0.5979170278729797,0.6970270270270269,0.0,2.5,0.7609945794440425
5.526111478514715,-0.58791702787298,0.6970270270270269,0.0,2.5,0.7200749775167269
5.526111478514715,-0.5779170278729802,0.6409375,0.0,2.5,0.8150010477459423
5.526111478514715,-0.5679170278729804,0.6409375,0.0,2.5,0.7312909896039084
5.526111478514715,-0.5579170278729806,0.6970270270270269,0.0,2.5,0.70587362772729
5.526111478514715,-0.5479170278729808,0.7391525423728812,0.0,2.5,0.6253711234493257
5.526111478514715,-0.537917027872981,0.7038888888888889,0.0,2.5,0.6848075109079798
5.526111478514715,-0.5279170278729812,0.6970270270270269,0.0,2.5,0.766796373451291
5.526111478514715,-0.5179170278729814,0.6970270270270269,0.0,2.5,0.7728195254789528
5.526111478514715,-0.5079170278729817,0.6409375,0.0,2.5,0.7919179984668564
5.526111478514715,-0.49791702787298187,0.6409375,0.0,2.5,0.8378379945211754
5.526111478514715,-0.4879170278729821,0.6409375,0.0,2.5,0.9168650060874396
5.526111478514715,-0.4779170278729823,0.6409375,0.0,2.5,0.8522041095170464
5.526111478514715,-0.4679170278729825,0.6409375,0.0,2.5,0.8522041095170464
5.526111478514715,-0.4579170278729827,0.6409375,0.0,2.5,0.8522041095170464
5.526111478514715,-0.44791702787298293,0.6409375,0.0,2.5,0.8522041095170464
5.526111478514715,-0.43791702787298314,0.6409375,0.0,2.5,0.8522041095170464
5.526111478514715,-0.42791702787298336,0.6409375,0.0,2.5,0.8522041095170464
5.526111478514715,-0.41791702787298357,0.6409375,0.0,2.5,0.8522041095170464
5.526111478514715,-0.4079170278729838,0.6571382437167553,0.0,2.5,0.8522041095170464
5.526111478514715,-0.397917027872984,0.6970270270270269,0.0,2.5,0.8520211943962178
5.526111478514715,-0.3879170278729842,0.6970270270270269,0.0,2.5,0.8357370027105605
5.536111478514715,-1.5979170278729584,0.6970270270270269,0.0,2.5,0.8504076207536265
5.536111478514715,-1.5879170278729586,0.6970270270270269,0.0,2.5,0.8404843830037767
5.536111478514715,-1.5779170278729588,0.6970270270270269,0.0,2.5,0.8293881154981879
5.536111478514715,-1.567917027872959,0.7038888888888889,0.0,2.5,0.8215641404258587
5.536111478514715,-1.5579170278729593,0.7038888888888889,0.0,2.5,0.8037146752017137
5.536111478514715,-1.5479170278729595,0.6970270270270269,0.0,2.5,0.8153745643274247
5.536111478514715,-1.5379170278729597,0.6970270270270269,0.0,2.5,0.8258070569984629
5.536111478514715,-1.52791702787296,0.6970270270270269,0.0,2.5,0.7981015610258805
5.536111478514715,-1.5179170278729601,0.6970270270270269,0.0,2.5,0.7687863817670008
5.536111478514715,-1.5079170278729603,0.6970270270270269,0.0,2.5,0.7547768344007463
5.536111478514715,-1.4979170278729605,0.6970270270270269,0.0,2.5,0.7853078608339271
5.536111478514715,-1.4879170278729608,0.6409375,0.0,2.5,0.8535911313086373
5.536111478514715,-1.477917027872961,0.6409375,0.0,2.5,0.8631942769544321
5.536111478514715,-1.4679170278729612,0.6409375,0.0,2.5,0.8658883661884061
5.536111478514715,-1.4579170278729614,0.6409375,0.0,2.5,0.8582861330146561
5.536111478514715,-1.4479170278729616,0.6409375,0.0,2.5,0.8182394352489049
5.536111478514715,-1.4379170278729618,0.6409375,0.0,2.5,0.8212986250593292
5.536111478514715,-1.427917027872962,0.6409375,0.0,2.5,0.8279872761648972
5.536111478514715,-1.4179170278729623,0.6409375,0.0,2.5,0.8332405420002874
5.536111478514715,-1.4079170278729625,0.6409375,0.0,2.5,0.7877254976114111
5.536111478514715,-1.3979170278729627,0.6970270270270269,0.0,2.5,0.7688310792372103
5.536111478514715,-1.387917027872963,0.6970270270270269,0.0,2.5,0.745217280394565
5.536111478514715,-1.377917027872963,0.7038888888888889,0.0,2.5,0.7113761610861492
5.536111478514715,-1.3679170278729633,0.7391525423728812,0.0,2.5,0.7054440355866517
5.536111478514715,-1.3579170278729635,0.7391525423728812,0.0,2.5,0.6973100613952629
5.536111478514715,-1.3479170278729637,0.7391525423728812,0.0,2.5,0.6919423873283739
5.536111478514715,-1.337917027872964,0.7391525423728812,0.0,2.5,0.6695448998715734
5.536111478514715,-1.3279170278729642,0.7532488795963174,0.0,2.5,0.6511520019050339
5.536111478514715,-1.3179170278729644,0.78,0.0,2.5,0.6635826099699476
5.536111478514715,-1.3079170278729646,0.9333333333333335,0.0,2.5,0.6667106358031302
5.536111478514715,-1.2979170278729648,1.4487500000000002,0.0,2.5,0.6561347275545505
5.536111478514715,-1.287917027872965,1.90625,0.0,2.5,0.6388201797630574
5.536111478514715,-1.2779170278729652,1.4487500000000002,0.0,2.5,0.6912790892634423
5.536111478514715,-1.2679170278729655,0.78,0.0,2.5,0.7296756967583229
5.536111478514715,-1.2579170278729657,0.7391525423728812,0.0,2.5,0.7671633273047195
5.536111478514715,-1.2479170278729659,0.7391525423728812,0.0,2.5,0.7597862186063535
5.536111478514715,-1.237917027872966,0.7391525423728812,0.0,2.5,0.7859319572151986
5.536111478514715,-1.2279170278729663,0.7391525423728812,0.0,2.5,0.7995855496943101
5.536111478514715,-1.2179170278729665,0.7217304018507454,0.0,2.5,0.7903283564887973
5.536111478514715,-1.2079170278729667,0.7038888888888889,0.0,2.5,0.7833832473132356
5.536111478514715,-1.197917027872967,0.7038888888888889,0.0,2.5,0.7792438167141114
5.536111478514715,-1.1879170278729672,0.7038888888888889,0.0,2.5,0.7746763207533146
5.536111478514715,-1.1779170278729674,0.7038888888888889,0.0,2.5,0.7679189430977812
5.536111478514715,-1.1679170278729676,0.7038888888888889,0.0,2.5,0.7648975071748911
5.536111478514715,-1.1579170278729678,0.7038888888888889,0.0,2.5,0.7594701452146267
5.536111478514715,-1.147917027872968,0.7038888888888889,0.0,2.5,0.7380880302206791
5.536111478514715,-1.1379170278729682,0.7038888888888889,0.0,2.5,0.7612642984937433
5.536111478514715,-1.1279170278729684,0.6970270270270269,0.0,2.5,0.7815240204113457
5.536111478514715,-1.1179170278729686,0.6970270270270269,0.0,2.5,0.8028508476722598
5.536111478514715,-1.1079170278729689,0.6970270270270269,0.0,2.5,0.8173738899183702
5.536111478514715,-1.097917027872969,0.6970270270270269,0.0,2.5,0.8254115982869203
5.536111478514715,-1.0879170278729693,0.6970270270270269,0.0,2.5,0.8000642199618713
5.536111478514715,-1.0779170278729695,0.6970270270270269,0.0,2.5,0.7971193313880607
5.536111478514715,-1.0679170278729697,0.6970270270270269,0.0,2.5,0.8224770338431746
5.536111478514715,-1.05791702787297,0.6970270270270269,0.0,2.5,0.8179417913583316
5.536111478514715,-1.0479170278729701,0.6970270270270269,0.0,2.5,0.8104493507036058
5.536111478514715,-1.0379170278729704,0.6970270270270269,0.0,2.5,0.7979690300615778
5.536111478514715,-1.0279170278729706,0.7038888888888889,0.0,2.5,0.7761169431437956
5.536111478514715,-1.0179170278729708,0.7391525423728812,0.0,2.5,0.7304934991007912
5.536111478514715,-1.007917027872971,0.7391525423728812,0.0,2.5,0.7439574403901585
5.536111478514715,-0.9979170278729712,0.7391525423728812,0.0,2.5,0.7619129092287955
5.536111478514715,-0.9879170278729714,0.7391525423728812,0.0,2.5,0.7687601360015904
5.536111478514715,-0.9779170278729716,0.7391525423728812,0.0,2.5,0.7702886905344122
5.536111478514715,-0.9679170278729718,0.7391525423728812,0.0,2.5,0.7576602004712156
5.536111478514715,-0.9579170278729721,0.7391525423728812,0.0,2.5,0.7360693935171638
5.536111478514715,-0.9479170278729723,0.7391525423728812,0.0,2.5,0.7079215810189571
5.536111478514715,-0.9379170278729725,0.7391525423728812,0.0,2.5,0.7119286745422727
5.536111478514715,-0.9279170278729727,0.7391525423728812,0.0,2.5,0.6977664776832367
5.536111478514715,-0.9179170278729729,0.6970270270270269,0.0,2.5,0.753769068222441
5.536111478514715,-0.9079170278729731,0.6970270270270269,0.0,2.5,0.7392586926011114
5.536111478514715,-0.8979170278729733,0.6409375,0.0,2.5,0.7765603157556465
5.536111478514715,-0.8879170278729736,0.6409375,0.0,2.5,0.7795386086444239
5.536111478514715,-0.8779170278729738,0.6409375,0.0,2.5,0.7545049070170438
5.536111478514715,-0.867917027872974,0.6409375,0.0,2.5,0.8048350632956953
5.536111478514715,-0.8579170278729742,0.6409375,0.0,2.5,0.8146000946557488
5.536111478514715,-0.8479170278729744,0.6409375,0.0,2.5,0.7605283256573496
5.536111478514715,-0.8379170278729746,0.6970270270270269,0.0,2.5,0.7517101845835462
5.536111478514715,-0.8279170278729748,0.6409375,0.0,2.5,0.8078170510719743
5.536111478514715,-0.817917027872975,0.6409375,0.0,2.5,0.8316809536794119
5.536111478514715,-0.8079170278729753,0.6409375,0.0,2.5,0.8525573825439685
5.536111478514715,-0.7979170278729755,0.6409375,0.0,2.5,0.8400857130993786
5.536111478514715,-0.7879170278729757,0.6409375,0.0,2.5,0.8167692994277193
5.536111478514715,-0.7779170278729759,0.6409375,0.0,2.5,0.8618487377523874
5.536111478514715,-0.7679170278729761,0.6409375,0.0,2.5,0.8714588275104515
5.536111478514715,-0.7579170278729763,0.6409375,0.0,2.5,0.8656968895568813
5.536111478514715,-0.7479170278729765,0.6409375,0.0,2.5,0.8534250860824936
5.536111478514715,-0.7379170278729767,0.6409375,0.0,2.5,0.8371542005305312
5.536111478514715,-0.727917027872977,0.6409375,0.0,2.5,0.8291427356095031
5.536111478514715,-0.7179170278729772,0.6409375,0.0,2.5,0.854852663302733
5.536111478514715,-0.7079170278729774,0.6409375,0.0,2.5,0.840332923299292
5.536111478514715,-0.6979170278729776,0.6409375,0.0,2.5,0.868057384436489
5.536111478514715,-0.6879170278729778,0.6409375,0.0,2.5,0.8773205922039896
5.536111478514715,-0.677917027872978,0.6409375,0.0,2.5,0.8546557154250517
5.536111478514715,-0.6679170278729782,0.6409375,0.0,2.5,0.8603173576332562
5.536111478514715,-0.6579170278729785,0.6409375,0.0,2.5,0.8579476513750336
5.536111478514715,-0.6479170278729787,0.6409375,0.0,2.5,0.8503338988371525
5.536111478514715,-0.6379170278729789,0.6409375,0.0,2.5,0.8463894683332669
5.536111478514715,-0.6279170278729791,0.6409375,0.0,2.5,0.8471109708523377
5.536111478514715,-0.6179170278729793,0.6409375,0.0,2.5,0.8389284261795682
5.536111478514715,-0.6079170278729795,0.6409375,0.0,2.5,0.8237628013110768
5.536111478514715,-0.5979170278729797,0.6409375,0.0,2.5,0.8048844643427183
5.536111478514715,-0.58791702787298,0.6409375,0.0,2.5,0.8502302596623833
5.536111478514715,-0.5779170278729802,0.6409375,0.0,2.5,0.8836504175292214
5.536111478514715,-0.5679170278729804,0.6409375,0.0,2.5,0.8395231017429279
5.536111478514715,-0.5579170278729806,0.6409375,0.0,2.5,0.7505316385996134
5.536111478514715,-0.5479170278729808,0.6409375,0.0,2.5,0.7691320621985173
5.536111478514715,-0.537917027872981,0.6970270270270269,0.0,2.5,0.7584966553325446
5.536111478514715,-0.5279170278729812,0.6970270270270269,0.0,2.5,0.7528106101066274
5.536111478514715,-0.5179170278729814,0.6970270270270269,0.0,2.5,0.761498172874434
5.536111478514715,-0.5079170278729817,0.6409375,0.0,2.5,0.8004712212465982
5.536111478514715,-0.49791702787298187,0.6409375,0.0,2.5,0.7845554264215662
5.536111478514715,-0.4879170278729821,0.6409375,0.0,2.5,0.9044400614393241
5.536111478514715,-0.4779170278729823,0.6409375,0.0,2.5,0.8522041095170464
5.536111478514715,-0.4679170278729825,0.6409375,0.0,2.5,0.8522041095170464
5.536111478514715,-0.4579170278729827,0.6409375,0.0,2.5,0.8522041095170464
5.536111478514715,-0.44791702787298293,0.6409375,0.0,2.5,0.8522041095170464
5.536111478514715,-0.43791702787298314,0.6409375,0.0,2.5,0.8522041095170464
5.536111478514715,-0.42791702787298336,0.6409375,0.0,2.5,0.8522041095170464
5.536111478514715,-0.41791702787298357,0.6409375,0.0,2.5,0.8522041095170464
5.536111478514715,-0.4079170278729838,0.6970270270270269,0.0,2.5,0.8522041095170464
5.536111478514715,-0.397917027872984,0.6970270270270269,0.0,2.5,0.8520211943962178
5.536111478514715,-0.3879170278729842,0.6970270270270269,0.0,2.5,0.830884336580916
5.546111478514715,-1.5979170278729584,0.6992871500620046,0.0,2.5,0.8496029142484877
5.546111478514715,-1.5879170278729586,0.7038888888888889,0.0,2.5,0.83415932310554
5.546111478514715,-1.5779170278729588,0.7038888888888889,0.0,2.5,0.8215808558329634
5.546111478514715,-1.567917027872959,0.7038888888888889,0.0,2.5,0.8255281328405187
5.546111478514715,-1.5579170278729593,0.7038888888888889,0.0,2.5,0.8246613908248028
5.546111478514715,-1.5479170278729595,0.6970270270270269,0.0,2.5,0.8217409704529648
5.546111478514715,-1.5379170278729597,0.6970270270270269,0.0,2.5,0.811480894961619
5.546111478514715,-1.52791702787296,0.6970270270270269,0.0,2.5,0.8327632231589227
5.546111478514715,-1.5179170278729601,0.6970270270270269,0.0,2.5,0.7567499252332308
5.546111478514715,-1.5079170278729603,0.6970270270270269,0.0,2.5,0.7815996541936314
5.546111478514715,-1.4979170278729605,0.6409375,0.0,2.5,0.8062665810601358
5.546111478514715,-1.4879170278729608,0.6409375,0.0,2.5,0.8211607808411251
5.546111478514715,-1.477917027872961,0.6409375,0.0,2.5,0.870379947054987
5.546111478514715,-1.4679170278729612,0.6409375,0.0,2.5,0.8775873016611374
5.546111478514715,-1.4579170278729614,0.6409375,0.0,2.5,0.8810223711984918
5.546111478514715,-1.4479170278729616,0.6409375,0.0,2.5,0.8407679131396878
5.546111478514715,-1.4379170278729618,0.6409375,0.0,2.5,0.8302237774858641
5.546111478514715,-1.427917027872962,0.6409375,0.0,2.5,0.8364331648523372
5.546111478514715,-1.4179170278729623,0.6409375,0.0,2.5,0.8277270346536681
5.546111478514715,-1.4079170278729625,0.6409375,0.0,2.5,0.8023850380367556
5.546111478514715,-1.3979170278729627,0.6970270270270269,0.0,2.5,0.7769128602351381
5.546111478514715,-1.387917027872963,0.6970270270270269,0.0,2.5,0.7313084129461979
5.546111478514715,-1.377917027872963,0.7038888888888889,0.0,2.5,0.71537305104163
5.546111478514715,-1.3679170278729633,0.7391525423728812,0.0,2.5,0.6963679567506222
5.546111478514715,-1.3579170278729635,0.7391525423728812,0.0,2.5,0.6750816242651161
5.546111478514715,-1.3479170278729637,0.7391525423728812,0.0,2.5,0.6968653985339266
5.546111478514715,-1.337917027872964,0.7391525423728812,0.0,2.5,0.6780493410092769
5.546111478514715,-1.3279170278729642,0.78,0.0,2.5,0.6470119912338973
5.546111478514715,-1.3179170278729644,0.9333333333333335,0.0,2.5,0.6605505669745668
5.546111478514715,-1.3079170278729646,0.9333333333333335,0.0,2.5,0.6714382765772278
5.546111478514715,-1.2979170278729648,1.4487500000000002,0.0,2.5,0.6439296643628025
5.546111478514715,-1.287917027872965,1.90625,0.0,2.5,0.6452278629048643
5.546111478514715,-1.2779170278729652,1.90625,0.0,2.5,0.6747994897854174
5.546111478514715,-1.2679170278729655,0.7391525423728812,0.0,2.5,0.7392710048594922
5.546111478514715,-1.2579170278729657,0.7391525423728812,0.0,2.5,0.7701249743970551
5.546111478514715,-1.2479170278729659,0.7391525423728812,0.0,2.5,0.7681502264987844
5.546111478514715,-1.237917027872966,0.7391525423728812,0.0,2.5,0.7845781734472583
5.546111478514715,-1.2279170278729663,0.7391525423728812,0.0,2.5,0.7678893315081045
5.546111478514715,-1.2179170278729665,0.7391525423728812,0.0,2.5,0.7740848504225923
5.546111478514715,-1.2079170278729667,0.7038888888888889,0.0,2.5,0.7682489197987409
5.546111478514715,-1.197917027872967,0.7038888888888889,0.0,2.5,0.7558836306236342
5.546111478514715,-1.1879170278729672,0.7038888888888889,0.0,2.5,0.7439453582655216
5.546111478514715,-1.1779170278729674,0.7038888888888889,0.0,2.5,0.7310124728645945
5.546111478514715,-1.1679170278729676,0.7391525423728812,0.0,2.5,0.7187442472323246
5.546111478514715,-1.1579170278729678,0.7038888888888889,0.0,2.5,0.7390674817631151
5.546111478514715,-1.147917027872968,0.7038888888888889,0.0,2.5,0.7399737610490192
5.546111478514715,-1.1379170278729682,0.7038888888888889,0.0,2.5,0.741989675566838
5.546111478514715,-1.1279170278729684,0.6970270270270269,0.0,2.5,0.7640076603037678
5.546111478514715,-1.1179170278729686,0.6970270270270269,0.0,2.5,0.7757901522703771
5.546111478514715,-1.1079170278729689,0.6970270270270269,0.0,2.5,0.7769483963833469
5.546111478514715,-1.097917027872969,0.6970270270270269,0.0,2.5,0.7776517060104967
5.546111478514715,-1.0879170278729693,0.6970270270270269,0.0,2.5,0.7842527575285885
5.546111478514715,-1.0779170278729695,0.6970270270270269,0.0,2.5,0.781851631666216
5.546111478514715,-1.0679170278729697,0.6970270270270269,0.0,2.5,0.7674619216136436
5.546111478514715,-1.05791702787297,0.7038888888888889,0.0,2.5,0.7607598710779478
5.546111478514715,-1.0479170278729701,0.7038888888888889,0.0,2.5,0.7542983108411574
5.546111478514715,-1.0379170278729704,0.7038888888888889,0.0,2.5,0.745823789356588
5.546111478514715,-1.0279170278729706,0.7391525423728812,0.0,2.5,0.7258764399762799
5.546111478514715,-1.0179170278729708,0.7391525423728812,0.0,2.5,0.7046668583535516
5.546111478514715,-1.007917027872971,0.7391525423728812,0.0,2.5,0.6571003164918424
5.546111478514715,-0.9979170278729712,0.7391525423728812,0.0,2.5,0.6794340040688052
5.546111478514715,-0.9879170278729714,0.7391525423728812,0.0,2.5,0.7040608506846958
5.546111478514715,-0.9779170278729716,0.7391525423728812,0.0,2.5,0.7278375347997204
5.546111478514715,-0.9679170278729718,0.7391525423728812,0.0,2.5,0.7246684442210655
5.546111478514715,-0.9579170278729721,0.7391525423728812,0.0,2.5,0.7270777347743742
5.546111478514715,-0.9479170278729723,0.7391525423728812,0.0,2.5,0.7114920803157222
5.546111478514715,-0.9379170278729725,0.7391525423728812,0.0,2.5,0.7117021183638137
5.546111478514715,-0.9279170278729727,0.7391525423728812,0.0,2.5,0.7031280064151899
5.546111478514715,-0.9179170278729729,0.6970270270270269,0.0,2.5,0.7605461740641984
5.546111478514715,-0.9079170278729731,0.6970270270270269,0.0,2.5,0.785644706399222
5.546111478514715,-0.8979170278729733,0.6970270270270269,0.0,2.5,0.7797650093892848
5.546111478514715,-0.8879170278729736,0.6970270270270269,0.0,2.5,0.7664711053543347
5.546111478514715,-0.8779170278729738,0.6409375,0.0,2.5,0.7808201076157961
5.546111478514715,-0.867917027872974,0.6409375,0.0,2.5,0.8238787868169528
5.546111478514715,-0.8579170278729742,0.6409375,0.0,2.5,0.817738434728507
5.546111478514715,-0.8479170278729744,0.6409375,0.0,2.5,0.8003350726490434
5.546111478514715,-0.8379170278729746,0.6970270270270269,0.0,2.5,0.7479288775118415
5.546111478514715,-0.8279170278729748,0.6970270270270269,0.0,2.5,0.7750448876075537
5.546111478514715,-0.817917027872975,0.6409375,0.0,2.5,0.8377386297274767
5.546111478514715,-0.8079170278729753,0.6409375,0.0,2.5,0.8605066606864601
5.546111478514715,-0.7979170278729755,0.6409375,0.0,2.5,0.8662608633733203
5.546111478514715,-0.7879170278729757,0.6409375,0.0,2.5,0.887947530080588
5.546111478514715,-0.7779170278729759,0.6409375,0.0,2.5,0.8815685656416209
5.546111478514715,-0.7679170278729761,0.6409375,0.0,2.5,0.8958332328392705
5.546111478514715,-0.7579170278729763,0.6409375,0.0,2.5,0.8800448209192366
5.546111478514715,-0.7479170278729765,0.6409375,0.0,2.5,0.8649321780677374
5.546111478514715,-0.7379170278729767,0.6409375,0.0,2.5,0.8465592053113776
5.546111478514715,-0.727917027872977,0.6409375,0.0,2.5,0.835366498461272
5.546111478514715,-0.7179170278729772,0.6409375,0.0,2.5,0.8445945739257888
5.546111478514715,-0.7079170278729774,0.6409375,0.0,2.5,0.8386188355054875
5.546111478514715,-0.6979170278729776,0.6409375,0.0,2.5,0.850896993773697
5.546111478514715,-0.6879170278729778,0.6409375,0.0,2.5,0.8502811950667227
5.546111478514715,-0.677917027872978,0.6409375,0.0,2.5,0.8294665216095104
5.546111478514715,-0.6679170278729782,0.6409375,0.0,2.5,0.8211072150103388
5.546111478514715,-0.6579170278729785,0.6409375,0.0,2.5,0.8310798414657548
5.546111478514715,-0.6479170278729787,0.6409375,0.0,2.5,0.8263571529707302
5.546111478514715,-0.6379170278729789,0.6409375,0.0,2.5,0.8267598513424121
5.546111478514715,-0.6279170278729791,0.6409375,0.0,2.5,0.8342300500426465
5.546111478514715,-0.6179170278729793,0.6409375,0.0,2.5,0.8401018080632962
5.546111478514715,-0.6079170278729795,0.6409375,0.0,2.5,0.8368695704232312
5.546111478514715,-0.5979170278729797,0.6409375,0.0,2.5,0.8666658960590121
5.546111478514715,-0.58791702787298,0.6409375,0.0,2.5,0.8601808173556742
5.546111478514715,-0.5779170278729802,0.6409375,0.0,2.5,0.8482031603494318
5.546111478514715,-0.5679170278729804,0.6409375,0.0,2.5,0.8551306038837589
5.546111478514715,-0.5579170278729806,0.6409375,0.0,2.5,0.8788202892538105
5.546111478514715,-0.5479170278729808,0.6409375,0.0,2.5,0.8719448401221693
5.546111478514715,-0.537917027872981,0.6409375,0.0,2.5,0.8234195161028006
5.546111478514715,-0.5279170278729812,0.6970270270270269,0.0,2.5,0.7972871752091569
5.546111478514715,-0.5179170278729814,0.6409375,0.0,2.5,0.7954604250839722
5.546111478514715,-0.5079170278729817,0.6970270270270269,0.0,2.5,0.7794816448765406
5.546111478514715,-0.49791702787298187,0.6409375,0.0,2.5,0.7856037116096323
5.546111478514715,-0.4879170278729821,0.6409375,0.0,2.5,0.9014629994379445
5.546111478514715,-0.4779170278729823,0.6409375,0.0,2.5,0.8522041095170464
5.546111478514715,-0.4679170278729825,0.6409375,0.0,2.5,0.8522041095170464
5.546111478514715,-0.4579170278729827,0.6409375,0.0,2.5,0.8522041095170464
5.546111478514715,-0.44791702787298293,0.6409375,0.0,2.5,0.8522041095170464
5.546111478514715,-0.43791702787298314,0.6409375,0.0,2.5,0.8522041095170464
5.546111478514715,-0.42791702787298336,0.6409375,0.0,2.5,0.8522041095170464
5.546111478514715,-0.41791702787298357,0.6970270270270269,0.0,2.5,0.8522041095170464
5.546111478514715,-0.4079170278729838,0.6970270270270269,0.0,2.5,0.8522041095170464
5.546111478514715,-0.397917027872984,0.6970270270270269,0.0,2.5,0.8520211943962178
5.546111478514715,-0.3879170278729842,0.7038888888888889,0.0,2.5,0.8262406079128698
5.5561114785147145,-1.5879170278729586,0.6970270270270269,0.0,2.5,0.8420092108966997
5.5561114785147145,-1.5779170278729588,0.7038888888888889,0.0,2.5,0.8280360086828883
5.5561114785147145,-1.567917027872959,0.7038888888888889,0.0,2.5,0.8137412632542368
5.5561114785147145,-1.5579170278729593,0.6970270270270269,0.0,2.5,0.8168709824140321
5.5561114785147145,-1.5479170278729595,0.6970270270270269,0.0,2.5,0.8302487297143651
5.5561114785147145,-1.5379170278729597,0.6970270270270269,0.0,2.5,0.8307069277466109
5.5561114785147145,-1.52791702787296,0.6970270270270269,0.0,2.5,0.8108340233342345
5.5561114785147145,-1.5179170278729601,0.6970270270270269,0.0,2.5,0.7989645711023899
5.5561114785147145,-1.5079170278729603,0.6970270270270269,0.0,2.5,0.8008475948226023
5.5561114785147145,-1.4979170278729605,0.6409375,0.0,2.5,0.8269943041785062
5.5561114785147145,-1.4879170278729608,0.6409375,0.0,2.5,0.833229255728688
5.5561114785147145,-1.477917027872961,0.6409375,0.0,2.5,0.8388429264476636
5.5561114785147145,-1.4679170278729612,0.6409375,0.0,2.5,0.8717838365078847
5.5561114785147145,-1.4579170278729614,0.6409375,0.0,2.5,0.8330769773955514
5.5561114785147145,-1.4479170278729616,0.6409375,0.0,2.5,0.8262001862612778
5.5561114785147145,-1.4379170278729618,0.6409375,0.0,2.5,0.8317983130264534
5.5561114785147145,-1.427917027872962,0.6409375,0.0,2.5,0.8345796546100038
5.5561114785147145,-1.4179170278729623,0.6409375,0.0,2.5,0.8124836808464994
5.5561114785147145,-1.4079170278729625,0.6409375,0.0,2.5,0.7991753414210802
5.5561114785147145,-1.3979170278729627,0.6970270270270269,0.0,2.5,0.7746413558075375
5.5561114785147145,-1.387917027872963,0.6970270270270269,0.0,2.5,0.7470196352774795
5.5561114785147145,-1.377917027872963,0.7038888888888889,0.0,2.5,0.7180556667638954
5.5561114785147145,-1.3679170278729633,0.7391525423728812,0.0,2.5,0.6995222976114108
5.5561114785147145,-1.3579170278729635,0.7391525423728812,0.0,2.5,0.694072445318927
5.5561114785147145,-1.3479170278729637,0.7391525423728812,0.0,2.5,0.6972153802511026
5.5561114785147145,-1.337917027872964,0.7391525423728812,0.0,2.5,0.6838583011445221
5.5561114785147145,-1.3279170278729642,0.9333333333333335,0.0,2.5,0.6478976877511347
5.5561114785147145,-1.3179170278729644,0.9333333333333335,0.0,2.5,0.6536663670812908
5.5561114785147145,-1.3079170278729646,0.9333333333333335,0.0,2.5,0.6663960760740136
5.5561114785147145,-1.2979170278729648,1.4487500000000002,0.0,2.5,0.64454622558108
5.5561114785147145,-1.287917027872965,1.90625,0.0,2.5,0.6519595504980714
5.5561114785147145,-1.2779170278729652,1.4487500000000002,0.0,2.5,0.6760303933152579
5.5561114785147145,-1.2679170278729655,0.7391525423728812,0.0,2.5,0.7619772881442757
5.5561114785147145,-1.2579170278729657,0.7391525423728812,0.0,2.5,0.7496571666479352
5.5561114785147145,-1.2479170278729659,0.7391525423728812,0.0,2.5,0.7266796163037892
5.5561114785147145,-1.237917027872966,0.7391525423728812,0.0,2.5,0.723170680199656
5.5561114785147145,-1.2279170278729663,0.7391525423728812,0.0,2.5,0.7245159444592227
5.5561114785147145,-1.2179170278729665,0.7391525423728812,0.0,2.5,0.7277144923983153
5.5561114785147145,-1.2079170278729667,0.7391525423728812,0.0,2.5,0.7158791310571343
5.5561114785147145,-1.197917027872967,0.7391525423728812,0.0,2.5,0.7146871424772553
5.5561114785147145,-1.1879170278729672,0.7391525423728812,0.0,2.5,0.7127858823109944
5.5561114785147145,-1.1779170278729674,0.7038888888888889,0.0,2.5,0.7168343534120687
5.5561114785147145,-1.1679170278729676,0.7038888888888889,0.0,2.5,0.7019916785575382
5.5561114785147145,-1.1579170278729678,0.7038888888888889,0.0,2.5,0.7003818437132193
5.5561114785147145,-1.147917027872968,0.7038888888888889,0.0,2.5,0.68511561353797
5.5561114785147145,-1.1379170278729682,0.7038888888888889,0.0,2.5,0.6979562281189595
5.5561114785147145,-1.1279170278729684,0.7038888888888889,0.0,2.5,0.7163604572756177
5.5561114785147145,-1.1179170278729686,0.7038888888888889,0.0,2.5,0.73266285435211
5.5561114785147145,-1.1079170278729689,0.7038888888888889,0.0,2.5,0.7416641816099379
5.5561114785147145,-1.097917027872969,0.7038888888888889,0.0,2.5,0.7453567618790392
5.5561114785147145,-1.0879170278729693,0.7038888888888889,0.0,2.5,0.7474546609091114
5.5561114785147145,-1.0779170278729695,0.7038888888888889,0.0,2.5,0.750930090787673
5.5561114785147145,-1.0679170278729697,0.6970270270270269,0.0,2.5,0.7495885773657733
5.5561114785147145,-1.05791702787297,0.7038888888888889,0.0,2.5,0.7165869932850463
5.5561114785147145,-1.0479170278729701,0.7038888888888889,0.0,2.5,0.7143543407983555
5.5561114785147145,-1.0379170278729704,0.7391525423728812,0.0,2.5,0.6927512628498012
5.5561114785147145,-1.0279170278729706,0.7391525423728812,0.0,2.5,0.6894238812062135
5.5561114785147145,-1.0179170278729708,0.7391525423728812,0.0,2.5,0.6809215681068619
5.5561114785147145,-1.007917027872971,0.7391525423728812,0.0,2.5,0.6656484552819865
5.5561114785147145,-0.9979170278729712,0.9333333333333335,0.0,2.5,0.6208040292337138
5.5561114785147145,-0.9879170278729714,0.8431038692522748,0.0,2.5,0.6366575091097951
5.5561114785147145,-0.9779170278729716,0.9333333333333335,0.0,2.5,0.6580957817958727
5.5561114785147145,-0.9679170278729718,0.7391525423728812,0.0,2.5,0.7182353988719239
5.5561114785147145,-0.9579170278729721,0.7391525423728812,0.0,2.5,0.7201076236813474
5.5561114785147145,-0.9479170278729723,0.7391525423728812,0.0,2.5,0.7069472870372022
5.5561114785147145,-0.9379170278729725,0.7391525423728812,0.0,2.5,0.7080352278781337
5.5561114785147145,-0.9279170278729727,0.7391525423728812,0.0,2.5,0.7354723501857416
5.5561114785147145,-0.9179170278729729,0.6970270270270269,0.0,2.5,0.7727099546745178
5.5561114785147145,-0.9079170278729731,0.6970270270270269,0.0,2.5,0.7922164456858113
5.5561114785147145,-0.8979170278729733,0.6970270270270269,0.0,2.5,0.7856495278195197
5.5561114785147145,-0.8879170278729736,0.6970270270270269,0.0,2.5,0.766379263798199
5.5561114785147145,-0.8779170278729738,0.6409375,0.0,2.5,0.807970002397909
5.5561114785147145,-0.867917027872974,0.6409375,0.0,2.5,0.8235803146993591
5.5561114785147145,-0.8579170278729742,0.6409375,0.0,2.5,0.8193020013517627
5.5561114785147145,-0.8479170278729744,0.6409375,0.0,2.5,0.7956139312264056
5.5561114785147145,-0.8379170278729746,0.6970270270270269,0.0,2.5,0.78515035692218
5.5561114785147145,-0.8279170278729748,0.6409375,0.0,2.5,0.8012196225584376
5.5561114785147145,-0.817917027872975,0.6409375,0.0,2.5,0.8418370022292686
5.5561114785147145,-0.8079170278729753,0.6409375,0.0,2.5,0.8570853224115981
5.5561114785147145,-0.7979170278729755,0.6409375,0.0,2.5,0.8659370393285638
5.5561114785147145,-0.7879170278729757,0.6409375,0.0,2.5,0.8860320463353196
5.5561114785147145,-0.7779170278729759,0.6409375,0.0,2.5,0.8955887025947402
5.5561114785147145,-0.7679170278729761,0.6409375,0.0,2.5,0.9017641606831874
5.5561114785147145,-0.7579170278729763,0.6409375,0.0,2.5,0.8817476852260535
5.5561114785147145,-0.7479170278729765,0.6409375,0.0,2.5,0.8734730290421938
5.5561114785147145,-0.7379170278729767,0.6409375,0.0,2.5,0.8478977793607535
5.5561114785147145,-0.727917027872977,0.6409375,0.0,2.5,0.8577238620265767
5.5561114785147145,-0.7179170278729772,0.6409375,0.0,2.5,0.8720519847741739
5.5561114785147145,-0.7079170278729774,0.6409375,0.0,2.5,0.8443633720563104
5.5561114785147145,-0.6979170278729776,0.6409375,0.0,2.5,0.8600536025207061
5.5561114785147145,-0.6879170278729778,0.6409375,0.0,2.5,0.8363354382088402
5.5561114785147145,-0.677917027872978,0.6409375,0.0,2.5,0.8234949327646182
5.5561114785147145,-0.6679170278729782,0.6409375,0.0,2.5,0.8297120520533554
5.5561114785147145,-0.6579170278729785,0.6409375,0.0,2.5,0.8282413760706903
5.5561114785147145,-0.6479170278729787,0.6409375,0.0,2.5,0.8207008445109517
5.5561114785147145,-0.6379170278729789,0.6409375,0.0,2.5,0.8390169553784513
5.5561114785147145,-0.6279170278729791,0.6409375,0.0,2.5,0.8421057584672544
5.5561114785147145,-0.6179170278729793,0.6409375,0.0,2.5,0.8342454067249486
5.5561114785147145,-0.6079170278729795,0.6409375,0.0,2.5,0.8366606125645042
5.5561114785147145,-0.5979170278729797,0.6409375,0.0,2.5,0.8362686261904835
5.5561114785147145,-0.58791702787298,0.6409375,0.0,2.5,0.8598443366601504
5.5561114785147145,-0.5779170278729802,0.6409375,0.0,2.5,0.8374154444664441
5.5561114785147145,-0.5679170278729804,0.6409375,0.0,2.5,0.8371620396361353
5.5561114785147145,-0.5579170278729806,0.6409375,0.0,2.5,0.8454657519105043
5.5561114785147145,-0.5479170278729808,0.6409375,0.0,2.5,0.8757620178037523
5.5561114785147145,-0.537917027872981,0.6409375,0.0,2.5,0.8875753323830892
5.5561114785147145,-0.5279170278729812,0.6409375,0.0,2.5,0.8827105567108322
5.5561114785147145,-0.5179170278729814,0.6409375,0.0,2.5,0.8299031969155664
5.5561114785147145,-0.5079170278729817,0.6970270270270269,0.0,2.5,0.7916033175029993
5.5561114785147145,-0.49791702787298187,0.6409375,0.0,2.5,0.7953565796535804
5.5561114785147145,-0.4879170278729821,0.6409375,0.0,2.5,0.7921233683361026
5.5561114785147145,-0.4779170278729823,0.6409375,0.0,2.5,0.7937422079918639
5.5561114785147145,-0.4679170278729825,0.6970270270270269,0.0,2.5,0.7921658884483546
5.5561114785147145,-0.4579170278729827,0.6970270270270269,0.0,2.5,0.7715854448824112
5.5561114785147145,-0.44791702787298293,0.6409375,0.0,2.5,0.8886785801664803
5.5561114785147145,-0.43791702787298314,0.6409375,0.0,2.5,0.9062787879117055
5.5561114785147145,-0.42791702787298336,0.6970270270270269,0.0,2.5,0.8522041095170464
5.5561114785147145,-0.41791702787298357,0.6970270270270269,0.0,2.5,0.8522041095170464
5.5561114785147145,-0.4079170278729838,0.6970270270270269,0.0,2.5,0.8522041095170464
5.5561114785147145,-0.397917027872984,0.6970270270270269,0.0,2.5,0.8520211943962178
5.5561114785147145,-0.3879170278729842,0.7038888888888889,0.0,2.5,0.8241316671001695
5.566111478514714,-1.5979170278729584,0.7038888888888889,0.0,2.5,0.8045009134606874
5.566111478514714,-1.5879170278729586,0.7038888888888889,0.0,2.5,0.8036602353597055
5.566111478514714,-1.5779170278729588,0.6970270270270269,0.0,2.5,0.813738809404237
5.566111478514714,-1.567917027872959,0.6970270270270269,0.0,2.5,0.8221806810114439
5.566111478514714,-1.5579170278729593,0.6970270270270269,0.0,2.5,0.8276222621223912
5.566111478514714,-1.5479170278729595,0.6970270270270269,0.0,2.5,0.8125316320793552
5.566111478514714,-1.5379170278729597,0.6970270270270269,0.0,2.5,0.8275617889035304
5.566111478514714,-1.52791702787296,0.6970270270270269,0.0,2.5,0.8229806218560314
5.566111478514714,-1.5179170278729601,0.6970270270270269,0.0,2.5,0.8101173805782742
5.566111478514714,-1.5079170278729603,0.6970270270270269,0.0,2.5,0.8205035253995925
5.566111478514714,-1.4979170278729605,0.6970270270270269,0.0,2.5,0.8240595228486743
5.566111478514714,-1.4879170278729608,0.6409375,0.0,2.5,0.8345595462702959
5.566111478514714,-1.477917027872961,0.6409375,0.0,2.5,0.8190823021327852
5.566111478514714,-1.4679170278729612,0.6409375,0.0,2.5,0.8277350552650279
5.566111478514714,-1.4579170278729614,0.6409375,0.0,2.5,0.8464856212234647
5.566111478514714,-1.4479170278729616,0.6409375,0.0,2.5,0.8262830620669132
5.566111478514714,-1.4379170278729618,0.6409375,0.0,2.5,0.835230832992344
5.566111478514714,-1.427917027872962,0.6409375,0.0,2.5,0.8291267397645872
5.566111478514714,-1.4179170278729623,0.6409375,0.0,2.5,0.8035810728132206
5.566111478514714,-1.4079170278729625,0.6970270270270269,0.0,2.5,0.8039405825365457
5.566111478514714,-1.3979170278729627,0.6970270270270269,0.0,2.5,0.7778284339992312
5.566111478514714,-1.387917027872963,0.7038888888888889,0.0,2.5,0.7463856722622576
5.566111478514714,-1.377917027872963,0.7038888888888889,0.0,2.5,0.7321777537599305
5.566111478514714,-1.3679170278729633,0.7391525423728812,0.0,2.5,0.700769409981333
5.566111478514714,-1.3579170278729635,0.7391525423728812,0.0,2.5,0.6880804872977867
5.566111478514714,-1.3479170278729637,0.7391525423728812,0.0,2.5,0.679613745783742
5.566111478514714,-1.337917027872964,0.7391525423728812,0.0,2.5,0.6905410224777969
5.566111478514714,-1.3279170278729642,0.9333333333333335,0.0,2.5,0.6519502984441562
5.566111478514714,-1.3179170278729644,1.4487500000000002,0.0,2.5,0.6537750339512223
5.566111478514714,-1.3079170278729646,1.4487500000000002,0.0,2.5,0.6648803026700336
5.566111478514714,-1.2979170278729648,1.90625,0.0,2.5,0.6419571711185461
5.566111478514714,-1.287917027872965,1.825,0.0,2.5,0.6746153608270724
5.566111478514714,-1.2779170278729652,0.7391525423728812,0.0,2.5,0.7283598269534574
5.566111478514714,-1.2679170278729655,0.8338684414160399,0.0,2.5,0.6982714695702208
5.566111478514714,-1.2579170278729657,0.7391525423728812,0.0,2.5,0.6963317339473869
5.566111478514714,-1.2479170278729659,0.7391525423728812,0.0,2.5,0.6769241714229154
5.566111478514714,-1.237917027872966,0.7391525423728812,0.0,2.5,0.6860820736950122
5.566111478514714,-1.2279170278729663,0.7391525423728812,0.0,2.5,0.7025549986541745
5.566111478514714,-1.2179170278729665,0.7391525423728812,0.0,2.5,0.7094794033327934
5.566111478514714,-1.2079170278729667,0.7038888888888889,0.0,2.5,0.7371630433066358
5.566111478514714,-1.197917027872967,0.7038888888888889,0.0,2.5,0.7376779099960274
5.566111478514714,-1.1879170278729672,0.7038888888888889,0.0,2.5,0.7382831734867668
5.566111478514714,-1.1779170278729674,0.7038888888888889,0.0,2.5,0.7232686463196654
5.566111478514714,-1.1679170278729676,0.6970270270270269,0.0,2.5,0.7288028069651821
5.566111478514714,-1.1579170278729678,0.6970270270270269,0.0,2.5,0.7330973709068983
5.566111478514714,-1.147917027872968,0.6970270270270269,0.0,2.5,0.7201381420905459
5.566111478514714,-1.1379170278729682,0.6970270270270269,0.0,2.5,0.7377395709729243
5.566111478514714,-1.1279170278729684,0.6970270270270269,0.0,2.5,0.758275120382443
5.566111478514714,-1.1179170278729686,0.6970270270270269,0.0,2.5,0.7545942949360562
5.566111478514714,-1.1079170278729689,0.6970270270270269,0.0,2.5,0.7489885958083452
5.566111478514714,-1.097917027872969,0.6970270270270269,0.0,2.5,0.7658802425310408
5.566111478514714,-1.0879170278729693,0.6970270270270269,0.0,2.5,0.7803223697159154
5.566111478514714,-1.0779170278729695,0.6970270270270269,0.0,2.5,0.773043148204134
5.566111478514714,-1.0679170278729697,0.6970270270270269,0.0,2.5,0.77954392430037
5.566111478514714,-1.05791702787297,0.6970270270270269,0.0,2.5,0.7735659186851991
5.566111478514714,-1.0479170278729701,0.6970270270270269,0.0,2.5,0.7627374543111849
5.566111478514714,-1.0379170278729704,0.7038888888888889,0.0,2.5,0.7079544565089289
5.566111478514714,-1.0279170278729706,0.7038888888888889,0.0,2.5,0.6965068435090078
5.566111478514714,-1.0179170278729708,0.7391525423728812,0.0,2.5,0.6696107575653172
5.566111478514714,-1.007917027872971,0.7391525423728812,0.0,2.5,0.6597580003747379
5.566111478514714,-0.9979170278729712,0.7391525423728812,0.0,2.5,0.6454378752648627
5.566111478514714,-0.9879170278729714,0.9333333333333335,0.0,2.5,0.60449245538042
5.566111478514714,-0.9779170278729716,1.4487500000000002,0.0,2.5,0.6129901167858315
5.566111478514714,-0.9679170278729718,0.9333333333333335,0.0,2.5,0.6489919245700064
5.566111478514714,-0.9579170278729721,0.7391525423728812,0.0,2.5,0.6871935306630953
5.566111478514714,-0.9479170278729723,0.7391525423728812,0.0,2.5,0.7058669082329597
5.566111478514714,-0.9379170278729725,0.7391525423728812,0.0,2.5,0.7078487431367082
5.566111478514714,-0.9279170278729727,0.7038888888888889,0.0,2.5,0.760114127601637
5.566111478514714,-0.9179170278729729,0.6970270270270269,0.0,2.5,0.7877739132990869
5.566111478514714,-0.9079170278729731,0.6970270270270269,0.0,2.5,0.8003001298414426
5.566111478514714,-0.8979170278729733,0.6970270270270269,0.0,2.5,0.7841587206578937
5.566111478514714,-0.8879170278729736,0.6409375,0.0,2.5,0.818401522989941
5.566111478514714,-0.8779170278729738,0.6970270270270269,0.0,2.5,0.7774459058199401
5.566111478514714,-0.867917027872974,0.6970270270270269,0.0,2.5,0.792761549276694
5.566111478514714,-0.8579170278729742,0.6970270270270269,0.0,2.5,0.7890243486080596
5.566111478514714,-0.8479170278729744,0.6970270270270269,0.0,2.5,0.8000818290498362
5.566111478514714,-0.8379170278729746,0.6409375,0.0,2.5,0.8195005010046652
5.566111478514714,-0.8279170278729748,0.6409375,0.0,2.5,0.8290301154562238
5.566111478514714,-0.817917027872975,0.6970270270270269,0.0,2.5,0.8274793315273439
5.566111478514714,-0.8079170278729753,0.6409375,0.0,2.5,0.8514176798374273
5.566111478514714,-0.7979170278729755,0.6409375,0.0,2.5,0.8699376508252756
5.566111478514714,-0.7879170278729757,0.6409375,0.0,2.5,0.8853101130804585
5.566111478514714,-0.7779170278729759,0.6409375,0.0,2.5,0.8862224270968427
5.566111478514714,-0.7679170278729761,0.6409375,0.0,2.5,0.8907196915692036
5.566111478514714,-0.7579170278729763,0.6409375,0.0,2.5,0.8766362685756758
5.566111478514714,-0.7479170278729765,0.6409375,0.0,2.5,0.872477914734478
5.566111478514714,-0.7379170278729767,0.6409375,0.0,2.5,0.8672249583217515
5.566111478514714,-0.727917027872977,0.6409375,0.0,2.5,0.8614084844760181
5.566111478514714,-0.7179170278729772,0.6409375,0.0,2.5,0.8694738824228396
5.566111478514714,-0.7079170278729774,0.6409375,0.0,2.5,0.8607204062317398
5.566111478514714,-0.6979170278729776,0.6409375,0.0,2.5,0.840519982071262
5.566111478514714,-0.6879170278729778,0.6409375,0.0,2.5,0.8399534809957143
5.566111478514714,-0.677917027872978,0.6409375,0.0,2.5,0.8517147724724972
5.566111478514714,-0.6679170278729782,0.6409375,0.0,2.5,0.8518583462876969
5.566111478514714,-0.6579170278729785,0.6409375,0.0,2.5,0.8548784581255962
5.566111478514714,-0.6479170278729787,0.6409375,0.0,2.5,0.8346214018088899
5.566111478514714,-0.6379170278729789,0.6409375,0.0,2.5,0.8319720644397675
5.566111478514714,-0.6279170278729791,0.6409375,0.0,2.5,0.8360119230605729
5.566111478514714,-0.6179170278729793,0.6409375,0.0,2.5,0.8401980112402445
5.566111478514714,-0.6079170278729795,0.6409375,0.0,2.5,0.835553947531661
5.566111478514714,-0.5979170278729797,0.6409375,0.0,2.5,0.8470180313454336
5.566111478514714,-0.58791702787298,0.6409375,0.0,2.5,0.8310697636408475
5.566111478514714,-0.5779170278729802,0.6409375,0.0,2.5,0.8337839861595292
5.566111478514714,-0.5679170278729804,0.6409375,0.0,2.5,0.8293594055195918
5.566111478514714,-0.5579170278729806,0.6409375,0.0,2.5,0.8009365830189623
5.566111478514714,-0.5479170278729808,0.6409375,0.0,2.5,0.801274194474306
5.566111478514714,-0.537917027872981,0.6409375,0.0,2.5,0.8384808436641882
5.566111478514714,-0.5279170278729812,0.6409375,0.0,2.5,0.9033492964452858
5.566111478514714,-0.5179170278729814,0.6409375,0.0,2.5,0.8857302272168013
5.566111478514714,-0.5079170278729817,0.6409375,0.0,2.5,0.8631417894872442
5.566111478514714,-0.49791702787298187,0.6970270270270269,0.0,2.5,0.7951977164178076
5.566111478514714,-0.4879170278729821,0.6970270270270269,0.0,2.5,0.78576992316487
5.566111478514714,-0.4779170278729823,0.6970270270270269,0.0,2.5,0.7937422079918639
5.566111478514714,-0.4679170278729825,0.6970270270270269,0.0,2.5,0.7937422079918639
5.566111478514714,-0.4579170278729827,0.6970270270270269,0.0,2.5,0.7937422079918639
5.566111478514714,-0.44791702787298293,0.6970270270270269,0.0,2.5,0.7937422079918639
5.566111478514714,-0.43791702787298314,0.6970270270270269,0.0,2.5,0.7937422079918639
5.566111478514714,-0.42791702787298336,0.7038888888888889,0.0,2.5,0.7937422079918639
5.566111478514714,-0.41791702787298357,0.7038888888888889,0.0,2.5,0.7937422079918639
5.566111478514714,-0.4079170278729838,0.7391525423728812,0.0,2.5,0.7937422079918639
5.566111478514714,-0.397917027872984,0.7391525423728812,0.0,2.5,0.7940524850628615
5.576111478514714,-1.6079170278729582,0.7391525423728812,0.0,2.5,0.7403632448493
5.576111478514714,-1.5979170278729584,0.7391525423728812,0.0,2.5,0.7139465449318575
5.576111478514714,-1.5879170278729586,0.7038888888888889,0.0,2.5,0.7706903654824726
5.576111478514714,-1.5779170278729588,0.7038888888888889,0.0,2.5,0.7955725602072008
5.576111478514714,-1.567917027872959,0.6970270270270269,0.0,2.5,0.7980388843744958
5.576111478514714,-1.5579170278729593,0.6970270270270269,0.0,2.5,0.825970767050277
5.576111478514714,-1.5479170278729595,0.6970270270270269,0.0,2.5,0.8249050243208935
5.576111478514714,-1.5379170278729597,0.6970270270270269,0.0,2.5,0.8242420500908991
5.576111478514714,-1.52791702787296,0.6970270270270269,0.0,2.5,0.8184618601280832
5.576111478514714,-1.5179170278729601,0.6970270270270269,0.0,2.5,0.8211041730151041
5.576111478514714,-1.5079170278729603,0.6970270270270269,0.0,2.5,0.8192097261646953
5.576111478514714,-1.4979170278729605,0.6970270270270269,0.0,2.5,0.8341451558287905
5.576111478514714,-1.4879170278729608,0.6970270270270269,0.0,2.5,0.8350716639512237
5.576111478514714,-1.477917027872961,0.6970270270270269,0.0,2.5,0.7985558862696736
5.576111478514714,-1.4679170278729612,0.6970270270270269,0.0,2.5,0.7824727598984991
5.576111478514714,-1.4579170278729614,0.6409375,0.0,2.5,0.8449464966315738
5.576111478514714,-1.4479170278729616,0.6409375,0.0,2.5,0.835020019308581
5.576111478514714,-1.4379170278729618,0.6409375,0.0,2.5,0.8389689953929181
5.576111478514714,-1.427917027872962,0.6700100421513173,0.0,2.5,0.8186682821251074
5.576111478514714,-1.4179170278729623,0.6970270270270269,0.0,2.5,0.8136459706874626
5.576111478514714,-1.4079170278729625,0.6970270270270269,0.0,2.5,0.807519006235317
5.576111478514714,-1.3979170278729627,0.6970270270270269,0.0,2.5,0.7823158425762509
5.576111478514714,-1.387917027872963,0.7038888888888889,0.0,2.5,0.7470023472131148
5.576111478514714,-1.377917027872963,0.7038888888888889,0.0,2.5,0.7387113771566681
5.576111478514714,-1.3679170278729633,0.7391525423728812,0.0,2.5,0.7011488330236011
5.576111478514714,-1.3579170278729635,0.7391525423728812,0.0,2.5,0.6928809692400327
5.576111478514714,-1.3479170278729637,0.7391525423728812,0.0,2.5,0.6854728168800844
5.576111478514714,-1.337917027872964,0.7391525423728812,0.0,2.5,0.673242957202806
5.576111478514714,-1.3279170278729642,0.9333333333333335,0.0,2.5,0.6562941574331521
5.576111478514714,-1.3179170278729644,1.4487500000000002,0.0,2.5,0.6408994431338187
5.576111478514714,-1.3079170278729646,1.4487500000000002,0.0,2.5,0.6562687300443112
5.576111478514714,-1.2979170278729648,1.90625,0.0,2.5,0.6452975517443179
5.576111478514714,-1.287917027872965,1.4487500000000002,0.0,2.5,0.7028504585690422
5.576111478514714,-1.2779170278729652,0.9333333333333335,0.0,2.5,0.7028040265064811
5.576111478514714,-1.2679170278729655,0.7918184278479838,0.0,2.5,0.6939807273177233
5.576111478514714,-1.2579170278729657,0.7391525423728812,0.0,2.5,0.689178626216069
5.576111478514714,-1.2479170278729659,0.7391525423728812,0.0,2.5,0.6759205546496373
5.576111478514714,-1.237917027872966,0.7391525423728812,0.0,2.5,0.7230214666107286
5.576111478514714,-1.2279170278729663,0.7391525423728812,0.0,2.5,0.7236863878128778
5.576111478514714,-1.2179170278729665,0.7391525423728812,0.0,2.5,0.7326093368905224
5.576111478514714,-1.2079170278729667,0.7391525423728812,0.0,2.5,0.7191992341346023
5.576111478514714,-1.197917027872967,0.7038888888888889,0.0,2.5,0.7150820598920288
5.576111478514714,-1.1879170278729672,0.7038888888888889,0.0,2.5,0.7132610134488678
5.576111478514714,-1.1779170278729674,0.7038888888888889,0.0,2.5,0.7078586222270948
5.576111478514714,-1.1679170278729676,0.6970270270270269,0.0,2.5,0.7037452656506392
5.576111478514714,-1.1579170278729678,0.6970270270270269,0.0,2.5,0.6971220302851598
5.576111478514714,-1.147917027872968,0.6970270270270269,0.0,2.5,0.7067951416152868
5.576111478514714,-1.1379170278729682,0.6970270270270269,0.0,2.5,0.731924821076432
5.576111478514714,-1.1279170278729684,0.6970270270270269,0.0,2.5,0.7406023113535385
5.576111478514714,-1.1179170278729686,0.6970270270270269,0.0,2.5,0.7433798763029777
5.576111478514714,-1.1079170278729689,0.6970270270270269,0.0,2.5,0.7505248456239845
5.576111478514714,-1.097917027872969,0.6970270270270269,0.0,2.5,0.7471428010666834
5.576111478514714,-1.0879170278729693,0.6970270270270269,0.0,2.5,0.7331435450000826
5.576111478514714,-1.0779170278729695,0.6970270270270269,0.0,2.5,0.7392802479762293
5.576111478514714,-1.0679170278729697,0.6970270270270269,0.0,2.5,0.7431501207763704
5.576111478514714,-1.05791702787297,0.6970270270270269,0.0,2.5,0.7463278365441123
5.576111478514714,-1.0479170278729701,0.6970270270270269,0.0,2.5,0.7487992318644378
5.576111478514714,-1.0379170278729704,0.6970270270270269,0.0,2.5,0.7397797225379148
5.576111478514714,-1.0279170278729706,0.6970270270270269,0.0,2.5,0.7090668905647776
5.576111478514714,-1.0179170278729708,0.7038888888888889,0.0,2.5,0.7126547210298099
5.576111478514714,-1.007917027872971,0.7038888888888889,0.0,2.5,0.7120847768157863
5.576111478514714,-0.9979170278729712,0.7391525423728812,0.0,2.5,0.7079987482564286
5.576111478514714,-0.9879170278729714,0.7391525423728812,0.0,2.5,0.6910008225010543
5.576111478514714,-0.9779170278729716,0.7391525423728812,0.0,2.5,0.6785767335555174
5.576111478514714,-0.9679170278729718,0.7391525423728812,0.0,2.5,0.701152154625014
5.576111478514714,-0.9579170278729721,0.7391525423728812,0.0,2.5,0.7239213094294207
5.576111478514714,-0.9479170278729723,0.7391525423728812,0.0,2.5,0.7402002616063998
5.576111478514714,-0.9379170278729725,0.6970270270270269,0.0,2.5,0.7914566398568816
5.576111478514714,-0.9279170278729727,0.7038888888888889,0.0,2.5,0.7700280689440361
5.576111478514714,-0.9179170278729729,0.6970270270270269,0.0,2.5,0.7901348691186582
5.576111478514714,-0.9079170278729731,0.6970270270270269,0.0,2.5,0.7988118396817815
5.576111478514714,-0.8979170278729733,0.6970270270270269,0.0,2.5,0.7757816887619208
5.576111478514714,-0.8879170278729736,0.6970270270270269,0.0,2.5,0.8100050541255086
5.576111478514714,-0.8779170278729738,0.6970270270270269,0.0,2.5,0.7778304574585794
5.576111478514714,-0.867917027872974,0.6409375,0.0,2.5,0.8230279194238829
5.576111478514714,-0.8579170278729742,0.6970270270270269,0.0,2.5,0.7899628527192648
5.576111478514714,-0.8479170278729744,0.6970270270270269,0.0,2.5,0.8139975144134617
5.576111478514714,-0.8379170278729746,0.6409375,0.0,2.5,0.8417279344116532
5.576111478514714,-0.8279170278729748,0.6409375,0.0,2.5,0.8483542310552019
5.576111478514714,-0.817917027872975,0.6970270270270269,0.0,2.5,0.8303410919273297
5.576111478514714,-0.8079170278729753,0.6409375,0.0,2.5,0.8446270963132297
5.576111478514714,-0.7979170278729755,0.6409375,0.0,2.5,0.8606172566934616
5.576111478514714,-0.7879170278729757,0.6409375,0.0,2.5,0.8757615360209164
5.576111478514714,-0.7779170278729759,0.6409375,0.0,2.5,0.8731854717767255
5.576111478514714,-0.7679170278729761,0.6409375,0.0,2.5,0.8791409345544433
5.576111478514714,-0.7579170278729763,0.6409375,0.0,2.5,0.8759769365716501
5.576111478514714,-0.7479170278729765,0.6409375,0.0,2.5,0.87386480218958
5.576111478514714,-0.7379170278729767,0.6409375,0.0,2.5,0.8747639821329778
5.576111478514714,-0.727917027872977,0.6409375,0.0,2.5,0.8904516865389482
5.576111478514714,-0.7179170278729772,0.6409375,0.0,2.5,0.8972282928236869
5.576111478514714,-0.7079170278729774,0.6409375,0.0,2.5,0.8530371817460335
5.576111478514714,-0.6979170278729776,0.6409375,0.0,2.5,0.8698658403308744
5.576111478514714,-0.6879170278729778,0.6409375,0.0,2.5,0.8316730371745118
5.576111478514714,-0.677917027872978,0.6409375,0.0,2.5,0.8591294492620769
5.576111478514714,-0.6679170278729782,0.6409375,0.0,2.5,0.8589975048176325
5.576111478514714,-0.6579170278729785,0.6409375,0.0,2.5,0.8574627825954102
5.576111478514714,-0.6479170278729787,0.6409375,0.0,2.5,0.8518419000404795
5.576111478514714,-0.6379170278729789,0.6409375,0.0,2.5,0.8535718199006869
5.576111478514714,-0.6279170278729791,0.6409375,0.0,2.5,0.8346398676988326
5.576111478514714,-0.6179170278729793,0.6409375,0.0,2.5,0.8362032281653192
5.576111478514714,-0.6079170278729795,0.6409375,0.0,2.5,0.8414777112986639
5.576111478514714,-0.5979170278729797,0.6409375,0.0,2.5,0.8382817604671383
5.576111478514714,-0.58791702787298,0.6409375,0.0,2.5,0.8335920814185883
5.576111478514714,-0.5779170278729802,0.6409375,0.0,2.5,0.7974263288241084
5.576111478514714,-0.5679170278729804,0.6409375,0.0,2.5,0.7996837450818677
5.576111478514714,-0.5579170278729806,0.6409375,0.0,2.5,0.7980514647396165
5.576111478514714,-0.5479170278729808,0.6409375,0.0,2.5,0.7969578141468235
5.576111478514714,-0.537917027872981,0.6970270270270269,0.0,2.5,0.8010181598278077
5.576111478514714,-0.5279170278729812,0.6409375,0.0,2.5,0.8346004011338355
5.576111478514714,-0.5179170278729814,0.6409375,0.0,2.5,0.83449808692291
5.576111478514714,-0.5079170278729817,0.6409375,0.0,2.5,0.8754909848848854
5.576111478514714,-0.49791702787298187,0.6970270270270269,0.0,2.5,0.7897419959989581
5.576111478514714,-0.4879170278729821,0.6970270270270269,0.0,2.5,0.7903789067079988
5.576111478514714,-0.4779170278729823,0.6970270270270269,0.0,2.5,0.7937422079918639
5.576111478514714,-0.4679170278729825,0.6970270270270269,0.0,2.5,0.7937422079918639
5.576111478514714,-0.4579170278729827,0.6970270270270269,0.0,2.5,0.7937422079918639
5.576111478514714,-0.44791702787298293,0.6970270270270269,0.0,2.5,0.7937422079918639
5.576111478514714,-0.43791702787298314,0.7038888888888889,0.0,2.5,0.7937422079918639
5.576111478514714,-0.42791702787298336,0.7038888888888889,0.0,2.5,0.7937422079918639
5.576111478514714,-0.41791702787298357,0.7038888888888889,0.0,2.5,0.7937422079918639
5.576111478514714,-0.4079170278729838,0.7391525423728812,0.0,2.5,0.7937422079918639
5.576111478514714,-0.397917027872984,0.7391525423728812,0.0,2.5,0.7962909905272424
5.586111478514714,-1.6279170278729578,0.78,0.0,2.5,0.6782639847152254
5.586111478514714,-1.617917027872958,0.7391525423728812,0.0,2.5,0.7261045073007971
5.586111478514714,-1.6079170278729582,0.7391525423728812,0.0,2.5,0.7250850464836237
5.586111478514714,-1.5979170278729584,0.7391525423728812,0.0,2.5,0.7407506838287097
5.586111478514714,-1.5879170278729586,0.7391525423728812,0.0,2.5,0.7056276162795326
5.586111478514714,-1.5779170278729588,0.7391525423728812,0.0,2.5,0.7160406028486942
5.586111478514714,-1.567917027872959,0.6970270270270269,0.0,2.5,0.7748571001500325
5.586111478514714,-1.5579170278729593,0.6970270270270269,0.0,2.5,0.7937388783900964
5.586111478514714,-1.5479170278729595,0.6970270270270269,0.0,2.5,0.8118686762568029
5.586111478514714,-1.5379170278729597,0.6409375,0.0,2.5,0.8289531426888992
5.586111478514714,-1.52791702787296,0.6409375,0.0,2.5,0.83057912076675
5.586111478514714,-1.5179170278729601,0.6409375,0.0,2.5,0.8247520521057752
5.586111478514714,-1.5079170278729603,0.6409375,0.0,2.5,0.8297674537215355
5.586111478514714,-1.4979170278729605,0.6409375,0.0,2.5,0.8342698922681333
5.586111478514714,-1.4879170278729608,0.6970270270270269,0.0,2.5,0.822649262066589
5.586111478514714,-1.477917027872961,0.7038888888888889,0.0,2.5,0.758072161280032
5.586111478514714,-1.4679170278729612,0.6970270270270269,0.0,2.5,0.7821597453176163
5.586111478514714,-1.4579170278729614,0.6970270270270269,0.0,2.5,0.8441971759193003
5.586111478514714,-1.4479170278729616,0.6970270270270269,0.0,2.5,0.8295075587103392
5.586111478514714,-1.4379170278729618,0.6970270270270269,0.0,2.5,0.8348053120393145
5.586111478514714,-1.427917027872962,0.6970270270270269,0.0,2.5,0.8139410586936394
5.586111478514714,-1.4179170278729623,0.6970270270270269,0.0,2.5,0.8135450925387469
5.586111478514714,-1.4079170278729625,0.6970270270270269,0.0,2.5,0.8151328781908742
5.586111478514714,-1.3979170278729627,0.6970270270270269,0.0,2.5,0.7837993773117927
5.586111478514714,-1.387917027872963,0.7038888888888889,0.0,2.5,0.7622242788816656
5.586111478514714,-1.377917027872963,0.7391525423728812,0.0,2.5,0.7364067500304728
5.586111478514714,-1.3679170278729633,0.7391525423728812,0.0,2.5,0.7199728319680124
5.586111478514714,-1.3579170278729635,0.7391525423728812,0.0,2.5,0.707887172071153
5.586111478514714,-1.3479170278729637,0.7391525423728812,0.0,2.5,0.6907975195194124
5.586111478514714,-1.337917027872964,0.7764523172325658,0.0,2.5,0.671065258944235
5.586111478514714,-1.3279170278729642,0.9333333333333335,0.0,2.5,0.6714312272765733
5.586111478514714,-1.3179170278729644,1.4487500000000002,0.0,2.5,0.6419761209838172
5.586111478514714,-1.3079170278729646,1.4487500000000002,0.0,2.5,0.652925252264351
5.586111478514714,-1.2979170278729648,1.90625,0.0,2.5,0.6464344840414684
5.586111478514714,-1.287917027872965,1.90625,0.0,2.5,0.651921799402501
5.586111478514714,-1.2779170278729652,1.4487500000000002,0.0,2.5,0.6426824311977862
5.586111478514714,-1.2679170278729655,1.4487500000000002,0.0,2.5,0.6355708856446147
5.586111478514714,-1.2579170278729657,0.9333333333333335,0.0,2.5,0.6480326158921562
5.586111478514714,-1.2479170278729659,0.7391525423728812,0.0,2.5,0.6690495486736755
5.586111478514714,-1.237917027872966,0.7391525423728812,0.0,2.5,0.700547128496538
5.586111478514714,-1.2279170278729663,0.7391525423728812,0.0,2.5,0.7092164386606394
5.586111478514714,-1.2179170278729665,0.7391525423728812,0.0,2.5,0.7267288154127467
5.586111478514714,-1.2079170278729667,0.7038888888888889,0.0,2.5,0.728588118600859
5.586111478514714,-1.197917027872967,0.7038888888888889,0.0,2.5,0.7274419477403402
5.586111478514714,-1.1879170278729672,0.6970270270270269,0.0,2.5,0.7210447889070152
5.586111478514714,-1.1779170278729674,0.6970270270270269,0.0,2.5,0.7199285635236614
5.586111478514714,-1.1679170278729676,0.6970270270270269,0.0,2.5,0.7121476750990559
5.586111478514714,-1.1579170278729678,0.6970270270270269,0.0,2.5,0.7091875414178217
5.586111478514714,-1.147917027872968,0.6970270270270269,0.0,2.5,0.7252217754673236
5.586111478514714,-1.1379170278729682,0.6970270270270269,0.0,2.5,0.7377289271067166
5.586111478514714,-1.1279170278729684,0.6970270270270269,0.0,2.5,0.737608186742455
5.586111478514714,-1.1179170278729686,0.6970270270270269,0.0,2.5,0.7386354786502745
5.586111478514714,-1.1079170278729689,0.6970270270270269,0.0,2.5,0.7439660195337675
5.586111478514714,-1.097917027872969,0.6970270270270269,0.0,2.5,0.7396463377282628
5.586111478514714,-1.0879170278729693,0.6970270270270269,0.0,2.5,0.7332131310660892
5.586111478514714,-1.0779170278729695,0.6970270270270269,0.0,2.5,0.7253771159919403
5.586111478514714,-1.0679170278729697,0.6970270270270269,0.0,2.5,0.7326969076421339
5.586111478514714,-1.05791702787297,0.6970270270270269,0.0,2.5,0.7365454214744186
5.586111478514714,-1.0479170278729701,0.6970270270270269,0.0,2.5,0.7423241728918893
5.586111478514714,-1.0379170278729704,0.6970270270270269,0.0,2.5,0.7445304374181867
5.586111478514714,-1.0279170278729706,0.6970270270270269,0.0,2.5,0.7479869490478541
5.586111478514714,-1.0179170278729708,0.6970270270270269,0.0,2.5,0.734648516204587
5.586111478514714,-1.007917027872971,0.7038888888888889,0.0,2.5,0.7235825211950612
5.586111478514714,-0.9979170278729712,0.7038888888888889,0.0,2.5,0.7250712940410245
5.586111478514714,-0.9879170278729714,0.7038888888888889,0.0,2.5,0.7232285618794692
5.586111478514714,-0.9779170278729716,0.7391525423728812,0.0,2.5,0.7301951420400182
5.586111478514714,-0.9679170278729718,0.7391525423728812,0.0,2.5,0.7204011715006553
5.586111478514714,-0.9579170278729721,0.7391525423728812,0.0,2.5,0.7372361253955162
5.586111478514714,-0.9479170278729723,0.6970270270270269,0.0,2.5,0.7904012531545822
5.586111478514714,-0.9379170278729725,0.6970270270270269,0.0,2.5,0.767543452172653
5.586111478514714,-0.9279170278729727,0.6970270270270269,0.0,2.5,0.7872999871904575
5.586111478514714,-0.9179170278729729,0.6970270270270269,0.0,2.5,0.7980096987673594
5.586111478514714,-0.9079170278729731,0.6970270270270269,0.0,2.5,0.8000714444856916
5.586111478514714,-0.8979170278729733,0.6409375,0.0,2.5,0.8213754146473834
5.586111478514714,-0.8879170278729736,0.6970270270270269,0.0,2.5,0.7792455292344165
5.586111478514714,-0.8779170278729738,0.6409375,0.0,2.5,0.8232083682402958
5.586111478514714,-0.867917027872974,0.6409375,0.0,2.5,0.854570056623904
5.586111478514714,-0.8579170278729742,0.6970270270270269,0.0,2.5,0.8091943746608566
5.586111478514714,-0.8479170278729744,0.6970270270270269,0.0,2.5,0.7711025708176962
5.586111478514714,-0.8379170278729746,0.6409375,0.0,2.5,0.8738921604579699
5.586111478514714,-0.8279170278729748,0.6409375,0.0,2.5,0.8759254157254587
5.586111478514714,-0.817917027872975,0.6409375,0.0,2.5,0.8597832882418733
5.586111478514714,-0.8079170278729753,0.6409375,0.0,2.5,0.8616759860017362
5.586111478514714,-0.7979170278729755,0.6409375,0.0,2.5,0.8598765837290203
5.586111478514714,-0.7879170278729757,0.6409375,0.0,2.5,0.8525836198593495
5.586111478514714,-0.7779170278729759,0.6409375,0.0,2.5,0.862019116404229
5.586111478514714,-0.7679170278729761,0.6409375,0.0,2.5,0.8751189038398993
5.586111478514714,-0.7579170278729763,0.6409375,0.0,2.5,0.8747834672519695
5.586111478514714,-0.7479170278729765,0.6409375,0.0,2.5,0.8993547253550148
5.586111478514714,-0.7379170278729767,0.6409375,0.0,2.5,0.8977459126640344
5.586111478514714,-0.727917027872977,0.6409375,0.0,2.5,0.9024256390982216
5.586111478514714,-0.7179170278729772,0.6409375,0.0,2.5,0.8688388662873088
5.586111478514714,-0.7079170278729774,0.6409375,0.0,2.5,0.8466664675833551
5.586111478514714,-0.6979170278729776,0.6409375,0.0,2.5,0.8614605762644104
5.586111478514714,-0.6879170278729778,0.6409375,0.0,2.5,0.850231739963445
5.586111478514714,-0.677917027872978,0.6409375,0.0,2.5,0.863833011730873
5.586111478514714,-0.6679170278729782,0.6409375,0.0,2.5,0.8517888179895564
5.586111478514714,-0.6579170278729785,0.6409375,0.0,2.5,0.8564123433005816
5.586111478514714,-0.6479170278729787,0.6409375,0.0,2.5,0.8622518753109015
5.586111478514714,-0.6379170278729789,0.6409375,0.0,2.5,0.8269743462453275
5.586111478514714,-0.6279170278729791,0.6409375,0.0,2.5,0.8382571840955286
5.586111478514714,-0.6179170278729793,0.6409375,0.0,2.5,0.8402287111099237
5.586111478514714,-0.6079170278729795,0.6409375,0.0,2.5,0.8342406662082963
5.586111478514714,-0.5979170278729797,0.6409375,0.0,2.5,0.818474532583166
5.586111478514714,-0.58791702787298,0.6409375,0.0,2.5,0.803094423843401
5.586111478514714,-0.5779170278729802,0.6409375,0.0,2.5,0.8019351054252435
5.586111478514714,-0.5679170278729804,0.6409375,0.0,2.5,0.8035267694092343
5.586111478514714,-0.5579170278729806,0.6409375,0.0,2.5,0.8060523928679962
5.586111478514714,-0.5479170278729808,0.6970270270270269,0.0,2.5,0.8043316929803166
5.586111478514714,-0.537917027872981,0.6970270270270269,0.0,2.5,0.8043435050899362
5.586111478514714,-0.5279170278729812,0.6970270270270269,0.0,2.5,0.8064838428197524
5.586111478514714,-0.5179170278729814,0.6970270270270269,0.0,2.5,0.8026330060146439
5.586111478514714,-0.5079170278729817,0.6970270270270269,0.0,2.5,0.8325292071488948
5.586111478514714,-0.49791702787298187,0.6970270270270269,0.0,2.5,0.7868015594608818
5.586111478514714,-0.4879170278729821,0.6970270270270269,0.0,2.5,0.7903789067079988
5.586111478514714,-0.4779170278729823,0.6970270270270269,0.0,2.5,0.7937422079918639
5.586111478514714,-0.4679170278729825,0.6970270270270269,0.0,2.5,0.7937422079918639
5.586111478514714,-0.4579170278729827,0.6970270270270269,0.0,2.5,0.7937422079918639
5.586111478514714,-0.44791702787298293,0.7038888888888889,0.0,2.5,0.7937422079918639
5.586111478514714,-0.43791702787298314,0.7038888888888889,0.0,2.5,0.7937422079918639
5.586111478514714,-0.42791702787298336,0.7038888888888889,0.0,2.5,0.7937422079918639
5.586111478514714,-0.41791702787298357,0.7391525423728812,0.0,2.5,0.7937422079918639
5.586111478514714,-0.4079170278729838,0.7391525423728812,0.0,2.5,0.7963679291083037
5.596111478514714,-1.6379170278729576,0.7391525423728812,0.0,2.5,0.7637357610581442
5.596111478514714,-1.6279170278729578,0.7391525423728812,0.0,2.5,0.7338118010127237
5.596111478514714,-1.617917027872958,0.7391525423728812,0.0,2.5,0.732300810421621
5.596111478514714,-1.6079170278729582,0.7391525423728812,0.0,2.5,0.7043413344875004
5.596111478514714,-1.5979170278729584,0.7391525423728812,0.0,2.5,0.7159395528211754
5.596111478514714,-1.5879170278729586,0.7391525423728812,0.0,2.5,0.728141088244643
5.596111478514714,-1.5779170278729588,0.7391525423728812,0.0,2.5,0.7099729574738226
5.596111478514714,-1.567917027872959,0.7391525423728812,0.0,2.5,0.6972664557914701
5.596111478514714,-1.5579170278729593,0.6970270270270269,0.0,2.5,0.7480213443296423
5.596111478514714,-1.5479170278729595,0.6970270270270269,0.0,2.5,0.7930506068048914
5.596111478514714,-1.5379170278729597,0.6409375,0.0,2.5,0.8042265321156546
5.596111478514714,-1.52791702787296,0.6409375,0.0,2.5,0.8207863788780417
5.596111478514714,-1.5179170278729601,0.6409375,0.0,2.5,0.8297116075489289
5.596111478514714,-1.5079170278729603,0.6409375,0.0,2.5,0.8312663419574858
5.596111478514714,-1.4979170278729605,0.6409375,0.0,2.5,0.7966652800370326
5.596111478514714,-1.4879170278729608,0.6970270270270269,0.0,2.5,0.7527175857705477
5.596111478514714,-1.477917027872961,0.6970270270270269,0.0,2.5,0.7791524818414227
5.596111478514714,-1.4679170278729612,0.6970270270270269,0.0,2.5,0.7745242269967831
5.596111478514714,-1.4579170278729614,0.6409375,0.0,2.5,0.8491131898752995
5.596111478514714,-1.4479170278729616,0.6970270270270269,0.0,2.5,0.8350969193839446
5.596111478514714,-1.4379170278729618,0.6970270270270269,0.0,2.5,0.828803520106348
5.596111478514714,-1.427917027872962,0.6970270270270269,0.0,2.5,0.8182365307738159
5.596111478514714,-1.4179170278729623,0.6970270270270269,0.0,2.5,0.814168518066467
5.596111478514714,-1.4079170278729625,0.6970270270270269,0.0,2.5,0.7953632062518863
5.596111478514714,-1.3979170278729627,0.6970270270270269,0.0,2.5,0.7963746211013116
5.596111478514714,-1.387917027872963,0.7038888888888889,0.0,2.5,0.7663845673826598
5.596111478514714,-1.377917027872963,0.7391525423728812,0.0,2.5,0.7543291174038976
5.596111478514714,-1.3679170278729633,0.7391525423728812,0.0,2.5,0.7384076294324269
5.596111478514714,-1.3579170278729635,0.7391525423728812,0.0,2.5,0.7230108223736911
5.596111478514714,-1.3479170278729637,0.7391525423728812,0.0,2.5,0.7001686352559539
5.596111478514714,-1.337917027872964,0.9333333333333335,0.0,2.5,0.6694887660031671
5.596111478514714,-1.3279170278729642,0.9333333333333335,0.0,2.5,0.6811275711488322
5.596111478514714,-1.3179170278729644,1.4487500000000002,0.0,2.5,0.6579324998318894
5.596111478514714,-1.3079170278729646,1.90625,0.0,2.5,0.642596504508761
5.596111478514714,-1.2979170278729648,1.90625,0.0,2.5,0.6509187820637404
5.596111478514714,-1.287917027872965,1.90625,0.0,2.5,0.6488753931082863
5.596111478514714,-1.2779170278729652,1.4487500000000002,0.0,2.5,0.6500222743996537
5.596111478514714,-1.2679170278729655,1.4487500000000002,0.0,2.5,0.6580542750767343
5.596111478514714,-1.2579170278729657,0.9333333333333335,0.0,2.5,0.641290774852743
5.596111478514714,-1.2479170278729659,0.7391525423728812,0.0,2.5,0.6557902576493814
5.596111478514714,-1.237917027872966,0.7391525423728812,0.0,2.5,0.6731702322241573
5.596111478514714,-1.2279170278729663,0.7391525423728812,0.0,2.5,0.7066479357730677
5.596111478514714,-1.2179170278729665,0.7391525423728812,0.0,2.5,0.7153350070493452
5.596111478514714,-1.2079170278729667,0.7038888888888889,0.0,2.5,0.7227346406257638
5.596111478514714,-1.197917027872967,0.7038888888888889,0.0,2.5,0.7191283231681359
5.596111478514714,-1.1879170278729672,0.6970270270270269,0.0,2.5,0.7169238023109167
5.596111478514714,-1.1779170278729674,0.6970270270270269,0.0,2.5,0.7156692195425215
5.596111478514714,-1.1679170278729676,0.6970270270270269,0.0,2.5,0.7144179853904892
5.596111478514714,-1.1579170278729678,0.6970270270270269,0.0,2.5,0.713279291031942
5.596111478514714,-1.147917027872968,0.6409375,0.0,2.5,0.7380918909141612
5.596111478514714,-1.1379170278729682,0.6409375,0.0,2.5,0.7397269607588631
5.596111478514714,-1.1279170278729684,0.6409375,0.0,2.5,0.7378003251474923
5.596111478514714,-1.1179170278729686,0.6409375,0.0,2.5,0.743705114894986
5.596111478514714,-1.1079170278729689,0.6970270270270269,0.0,2.5,0.7428716799952629
5.596111478514714,-1.097917027872969,0.6970270270270269,0.0,2.5,0.7411602037872042
5.596111478514714,-1.0879170278729693,0.6970270270270269,0.0,2.5,0.7352988260490436
5.596111478514714,-1.0779170278729695,0.6970270270270269,0.0,2.5,0.7336153989956796
5.596111478514714,-1.0679170278729697,0.6970270270270269,0.0,2.5,0.7326321560805419
5.596111478514714,-1.05791702787297,0.6409375,0.0,2.5,0.7311476206287632
5.596111478514714,-1.0479170278729701,0.6409375,0.0,2.5,0.7430754327850192
5.596111478514714,-1.0379170278729704,0.6409375,0.0,2.5,0.7519632276586092
5.596111478514714,-1.0279170278729706,0.6409375,0.0,2.5,0.7581392248668127
5.596111478514714,-1.0179170278729708,0.6970270270270269,0.0,2.5,0.7588200756773198
5.596111478514714,-1.007917027872971,0.6970270270270269,0.0,2.5,0.7407116218492719
5.596111478514714,-0.9979170278729712,0.7038888888888889,0.0,2.5,0.7318211199735843
5.596111478514714,-0.9879170278729714,0.7038888888888889,0.0,2.5,0.7407525316775406
5.596111478514714,-0.9779170278729716,0.7038888888888889,0.0,2.5,0.7483266721516525
5.596111478514714,-0.9679170278729718,0.7038888888888889,0.0,2.5,0.7384576308518598
5.596111478514714,-0.9579170278729721,0.6970270270270269,0.0,2.5,0.7746453005306219
5.596111478514714,-0.9479170278729723,0.6970270270270269,0.0,2.5,0.8001362353774524
5.596111478514714,-0.9379170278729725,0.6970270270270269,0.0,2.5,0.8063035925744685
5.596111478514714,-0.9279170278729727,0.6970270270270269,0.0,2.5,0.7869442951035289
5.596111478514714,-0.9179170278729729,0.6970270270270269,0.0,2.5,0.7987715260320372
5.596111478514714,-0.9079170278729731,0.6409375,0.0,2.5,0.8050826253651903
5.596111478514714,-0.8979170278729733,0.6970270270270269,0.0,2.5,0.7719468203287675
5.596111478514714,-0.8879170278729736,0.6409375,0.0,2.5,0.8091759211864342
5.596111478514714,-0.8779170278729738,0.6409375,0.0,2.5,0.8999760389784968
5.596111478514714,-0.867917027872974,0.6409375,0.0,2.5,0.8904652119301882
5.596111478514714,-0.8579170278729742,0.6409375,0.0,2.5,0.8448456559660982
5.596111478514714,-0.8479170278729744,0.6409375,0.0,2.5,0.8494618625038546
5.596111478514714,-0.8379170278729746,0.6409375,0.0,2.5,0.8446026920986398
5.596111478514714,-0.8279170278729748,0.6409375,0.0,2.5,0.887321216498219
5.596111478514714,-0.817917027872975,0.6409375,0.0,2.5,0.8895162433678789
5.596111478514714,-0.8079170278729753,0.6409375,0.0,2.5,0.9183871765080469
5.596111478514714,-0.7979170278729755,0.6409375,0.0,2.5,0.9035983189542094
5.596111478514714,-0.7879170278729757,0.6409375,0.0,2.5,0.8875101694634269
5.596111478514714,-0.7779170278729759,0.6409375,0.0,2.5,0.9092258876804263
5.596111478514714,-0.7679170278729761,0.6409375,0.0,2.5,0.8946775250047042
5.596111478514714,-0.7579170278729763,0.6409375,0.0,2.5,0.868568682704416
5.596111478514714,-0.7479170278729765,0.6409375,0.0,2.5,0.9158014243215945
5.596111478514714,-0.7379170278729767,0.6409375,0.0,2.5,0.9005338008313831
5.596111478514714,-0.727917027872977,0.6409375,0.0,2.5,0.9007520069185432
5.596111478514714,-0.7179170278729772,0.6409375,0.0,2.5,0.8526375111251532
5.596111478514714,-0.7079170278729774,0.6409375,0.0,2.5,0.823017930079067
5.596111478514714,-0.6979170278729776,0.6409375,0.0,2.5,0.817055844381586
5.596111478514714,-0.6879170278729778,0.6409375,0.0,2.5,0.8384732208030473
5.596111478514714,-0.677917027872978,0.6409375,0.0,2.5,0.8179899656263955
5.596111478514714,-0.6679170278729782,0.6409375,0.0,2.5,0.8546090307791174
5.596111478514714,-0.6579170278729785,0.6409375,0.0,2.5,0.8685887954877285
5.596111478514714,-0.6479170278729787,0.6409375,0.0,2.5,0.8572969789383729
5.596111478514714,-0.6379170278729789,0.6409375,0.0,2.5,0.8406899158375046
5.596111478514714,-0.6279170278729791,0.6409375,0.0,2.5,0.8341418951576425
5.596111478514714,-0.6179170278729793,0.6409375,0.0,2.5,0.8317879389663073
5.596111478514714,-0.6079170278729795,0.6970270270270269,0.0,2.5,0.7952928707172358
5.596111478514714,-0.5979170278729797,0.6970270270270269,0.0,2.5,0.7934756271594102
5.596111478514714,-0.58791702787298,0.6970270270270269,0.0,2.5,0.7950519467029195
5.596111478514714,-0.5779170278729802,0.6970270270270269,0.0,2.5,0.7976603707501001
5.596111478514714,-0.5679170278729804,0.6970270270270269,0.0,2.5,0.7957399010871016
5.596111478514714,-0.5579170278729806,0.6970270270270269,0.0,2.5,0.7953046813524415
5.596111478514714,-0.5479170278729808,0.6970270270270269,0.0,2.5,0.7956270065584091
5.596111478514714,-0.537917027872981,0.6970270270270269,0.0,2.5,0.7956270065584091
5.596111478514714,-0.5279170278729812,0.6970270270270269,0.0,2.5,0.7956270065584091
5.596111478514714,-0.5179170278729814,0.6970270270270269,0.0,2.5,0.7939267169317209
5.596111478514714,-0.5079170278729817,0.7038888888888889,0.0,2.5,0.7866243259892756
5.596111478514714,-0.49791702787298187,0.7038888888888889,0.0,2.5,0.7807205142458967
5.596111478514714,-0.4879170278729821,0.7038888888888889,0.0,2.5,0.7853971323417857
5.596111478514714,-0.4779170278729823,0.6970270270270269,0.0,2.5,0.7937422079918639
5.596111478514714,-0.4679170278729825,0.7038888888888889,0.0,2.5,0.7937422079918639
5.596111478514714,-0.4579170278729827,0.7038888888888889,0.0,2.5,0.7937422079918639
5.596111478514714,-0.44791702787298293,0.7038888888888889,0.0,2.5,0.7937422079918639
5.596111478514714,-0.43791702787298314,0.7038888888888889,0.0,2.5,0.7937422079918639
5.596111478514714,-0.42791702787298336,0.7391525423728812,0.0,2.5,0.79199774636376
5.596111478514714,-0.41791702787298357,0.7391525423728812,0.0,2.5,0.7929034490981309
5.6061114785147135,-1.807917027872954,0.9333333333333335,0.0,2.5,0.7690315699126586
5.6061114785147135,-1.6579170278729571,0.7391525423728812,0.0,2.5,0.7071119159183573
5.6061114785147135,-1.6479170278729574,0.7391525423728812,0.0,2.5,0.7540409221677394
5.6061114785147135,-1.6379170278729576,0.7391525423728812,0.0,2.5,0.7400743796431233
5.6061114785147135,-1.6279170278729578,0.7391525423728812,0.0,2.5,0.7308116401552956
5.6061114785147135,-1.617917027872958,0.7391525423728812,0.0,2.5,0.715571490693938
5.6061114785147135,-1.6079170278729582,0.7391525423728812,0.0,2.5,0.7316875380908322
5.6061114785147135,-1.5979170278729584,0.7391525423728812,0.0,2.5,0.7341308932304439
5.6061114785147135,-1.5879170278729586,0.7391525423728812,0.0,2.5,0.7167249972145202
5.6061114785147135,-1.5779170278729588,0.7391525423728812,0.0,2.5,0.7040000709722437
5.6061114785147135,-1.567917027872959,0.6970270270270269,0.0,2.5,0.7461089482921089
5.6061114785147135,-1.5579170278729593,0.6970270270270269,0.0,2.5,0.7923669957804957
5.6061114785147135,-1.5479170278729595,0.6409375,0.0,2.5,0.7999311639944369
5.6061114785147135,-1.5379170278729597,0.6409375,0.0,2.5,0.8227987553701657
5.6061114785147135,-1.52791702787296,0.6409375,0.0,2.5,0.8302022738479431
5.6061114785147135,-1.5179170278729601,0.6409375,0.0,2.5,0.8214130536755235
5.6061114785147135,-1.5079170278729603,0.6409375,0.0,2.5,0.8143835377056983
5.6061114785147135,-1.4979170278729605,0.6970270270270269,0.0,2.5,0.7701637354304478
5.6061114785147135,-1.4879170278729608,0.6409375,0.0,2.5,0.7875584937435433
5.6061114785147135,-1.477917027872961,0.6970270270270269,0.0,2.5,0.778271654458955
5.6061114785147135,-1.4679170278729612,0.6970270270270269,0.0,2.5,0.7823526617258351
5.6061114785147135,-1.4579170278729614,0.6409375,0.0,2.5,0.8509253754292466
5.6061114785147135,-1.4479170278729616,0.6409375,0.0,2.5,0.8394267680797062
5.6061114785147135,-1.4379170278729618,0.6970270270270269,0.0,2.5,0.8163616740652047
5.6061114785147135,-1.427917027872962,0.6970270270270269,0.0,2.5,0.8147943440410019
5.6061114785147135,-1.4179170278729623,0.6970270270270269,0.0,2.5,0.8169990047650477
5.6061114785147135,-1.4079170278729625,0.6970270270270269,0.0,2.5,0.8103142963461697
5.6061114785147135,-1.3979170278729627,0.6970270270270269,0.0,2.5,0.8073159431983603
5.6061114785147135,-1.387917027872963,0.7038888888888889,0.0,2.5,0.7863334432191555
5.6061114785147135,-1.377917027872963,0.7391525423728812,0.0,2.5,0.771522339800308
5.6061114785147135,-1.3679170278729633,0.7391525423728812,0.0,2.5,0.7703704143837333
5.6061114785147135,-1.3579170278729635,0.7391525423728812,0.0,2.5,0.7300358139257167
5.6061114785147135,-1.3479170278729637,0.7391525423728812,0.0,2.5,0.7138896961799908
5.6061114785147135,-1.337917027872964,0.7391525423728812,0.0,2.5,0.6904693075116463
5.6061114785147135,-1.3279170278729642,0.78,0.0,2.5,0.6955535909129412
5.6061114785147135,-1.3179170278729644,1.4487500000000002,0.0,2.5,0.6585710720401596
5.6061114785147135,-1.3079170278729646,1.90625,0.0,2.5,0.6451474923302294
5.6061114785147135,-1.2979170278729648,1.90625,0.0,2.5,0.6261175547852579
5.6061114785147135,-1.287917027872965,1.90625,0.0,2.5,0.6394517048952174
5.6061114785147135,-1.2779170278729652,0.9333333333333335,0.0,2.5,0.6998965635447911
5.6061114785147135,-1.2679170278729655,1.4487500000000002,0.0,2.5,0.6618406321053285
5.6061114785147135,-1.2579170278729657,0.7391525423728812,0.0,2.5,0.7064550195475392
5.6061114785147135,-1.2479170278729659,0.7391525423728812,0.0,2.5,0.7738779323851391
5.6061114785147135,-1.237917027872966,0.7038888888888889,0.0,2.5,0.7812639191558182
5.6061114785147135,-1.2279170278729663,0.6970270270270269,0.0,2.5,0.8131797164542165
5.6061114785147135,-1.2179170278729665,0.6970270270270269,0.0,2.5,0.8090561189211234
5.6061114785147135,-1.2079170278729667,0.6970270270270269,0.0,2.5,0.7929082513751857
5.6061114785147135,-1.197917027872967,0.6970270270270269,0.0,2.5,0.7735391778155526
5.6061114785147135,-1.1879170278729672,0.6970270270270269,0.0,2.5,0.7756924997982584
5.6061114785147135,-1.1779170278729674,0.6409375,0.0,2.5,0.7702709920011064
5.6061114785147135,-1.1679170278729676,0.6409375,0.0,2.5,0.7760229283707705
5.6061114785147135,-1.1579170278729678,0.6409375,0.0,2.5,0.8271715061625057
5.6061114785147135,-1.147917027872968,0.6409375,0.0,2.5,0.8330727033275335
5.6061114785147135,-1.1379170278729682,0.6409375,0.0,2.5,0.8331431343024613
5.6061114785147135,-1.1279170278729684,0.6409375,0.0,2.5,0.8254727496387988
5.6061114785147135,-1.1179170278729686,0.6409375,0.0,2.5,0.830463614592951
5.6061114785147135,-1.1079170278729689,0.6409375,0.0,2.5,0.8220745364776146
5.6061114785147135,-1.097917027872969,0.6409375,0.0,2.5,0.7957505805292711
5.6061114785147135,-1.0879170278729693,0.6409375,0.0,2.5,0.7727057468536864
5.6061114785147135,-1.0779170278729695,0.6409375,0.0,2.5,0.7777135721934282
5.6061114785147135,-1.0679170278729697,0.6409375,0.0,2.5,0.784930968468123
5.6061114785147135,-1.05791702787297,0.6409375,0.0,2.5,0.7923516415534247
5.6061114785147135,-1.0479170278729701,0.6409375,0.0,2.5,0.7918558536270021
5.6061114785147135,-1.0379170278729704,0.6409375,0.0,2.5,0.7778720573084846
5.6061114785147135,-1.0279170278729706,0.6409375,0.0,2.5,0.7622448238241865
5.6061114785147135,-1.0179170278729708,0.6409375,0.0,2.5,0.7656711770589073
5.6061114785147135,-1.007917027872971,0.6970270270270269,0.0,2.5,0.7710892040108271
5.6061114785147135,-0.9979170278729712,0.6970270270270269,0.0,2.5,0.7715658839717783
5.6061114785147135,-0.9879170278729714,0.6970270270270269,0.0,2.5,0.7567346306181568
5.6061114785147135,-0.9779170278729716,0.7038888888888889,0.0,2.5,0.7319729170789449
5.6061114785147135,-0.9679170278729718,0.7038888888888889,0.0,2.5,0.716828059114397
5.6061114785147135,-0.9579170278729721,0.7391525423728812,0.0,2.5,0.686960025887914
5.6061114785147135,-0.9479170278729723,0.7038888888888889,0.0,2.5,0.7522495427006328
5.6061114785147135,-0.9379170278729725,0.7038888888888889,0.0,2.5,0.738199085380668
5.6061114785147135,-0.9279170278729727,0.6409375,0.0,2.5,0.8032923468994696
5.6061114785147135,-0.9179170278729729,0.6409375,0.0,2.5,0.8134207641156569
5.6061114785147135,-0.9079170278729731,0.6970270270270269,0.0,2.5,0.7693900223367096
5.6061114785147135,-0.8979170278729733,0.6409375,0.0,2.5,0.7959531038631346
5.6061114785147135,-0.8879170278729736,0.6409375,0.0,2.5,0.868844446546634
5.6061114785147135,-0.8779170278729738,0.6409375,0.0,2.5,0.9231926924809608
5.6061114785147135,-0.867917027872974,0.6409375,0.0,2.5,0.9298724766103904
5.6061114785147135,-0.8579170278729742,0.6409375,0.0,2.5,0.9088542869785027
5.6061114785147135,-0.8479170278729744,0.6409375,0.0,2.5,0.8909164158390123
5.6061114785147135,-0.8379170278729746,0.6409375,0.0,2.5,0.8854021217390222
5.6061114785147135,-0.8279170278729748,0.6409375,0.0,2.5,0.8931595740503091
5.6061114785147135,-0.817917027872975,0.6409375,0.0,2.5,0.9053490130493868
5.6061114785147135,-0.8079170278729753,0.6409375,0.0,2.5,0.9269088553692746
5.6061114785147135,-0.7979170278729755,0.6409375,0.0,2.5,0.9243088532323289
5.6061114785147135,-0.7879170278729757,0.6409375,0.0,2.5,0.9267201896207676
5.6061114785147135,-0.7779170278729759,0.6409375,0.0,2.5,0.9207717242617806
5.6061114785147135,-0.7679170278729761,0.6409375,0.0,2.5,0.9128747495152809
5.6061114785147135,-0.7579170278729763,0.6409375,0.0,2.5,0.903411021946773
5.6061114785147135,-0.7479170278729765,0.6409375,0.0,2.5,0.9345178740057014
5.6061114785147135,-0.7379170278729767,0.6409375,0.0,2.5,0.9066226773160929
5.6061114785147135,-0.727917027872977,0.6409375,0.0,2.5,0.8731111740761888
5.6061114785147135,-0.7179170278729772,0.6409375,0.0,2.5,0.8402803168684746
5.6061114785147135,-0.7079170278729774,0.6409375,0.0,2.5,0.8312420863263057
5.6061114785147135,-0.6979170278729776,0.6409375,0.0,2.5,0.8263696367455429
5.6061114785147135,-0.6879170278729778,0.6409375,0.0,2.5,0.7973246583394604
5.6061114785147135,-0.677917027872978,0.6409375,0.0,2.5,0.8353076521124752
5.6061114785147135,-0.6679170278729782,0.6409375,0.0,2.5,0.8249230563484496
5.6061114785147135,-0.6579170278729785,0.6409375,0.0,2.5,0.8504245314655863
5.6061114785147135,-0.6479170278729787,0.6409375,0.0,2.5,0.8342560526130842
5.6061114785147135,-0.6379170278729789,0.6409375,0.0,2.5,0.8354739751056847
5.6061114785147135,-0.6279170278729791,0.6409375,0.0,2.5,0.7919403016210989
5.6061114785147135,-0.6179170278729793,0.6970270270270269,0.0,2.5,0.7883904428783112
5.6061114785147135,-0.6079170278729795,0.6970270270270269,0.0,2.5,0.7924794396647068
5.6061114785147135,-0.5979170278729797,0.6970270270270269,0.0,2.5,0.7897155241988171
5.6061114785147135,-0.58791702787298,0.6970270270270269,0.0,2.5,0.790516463220836
5.6061114785147135,-0.5779170278729802,0.6970270270270269,0.0,2.5,0.7875596045764773
5.6061114785147135,-0.5679170278729804,0.6970270270270269,0.0,2.5,0.7951944986032173
5.6061114785147135,-0.5579170278729806,0.6970270270270269,0.0,2.5,0.8010973686102205
5.6061114785147135,-0.5479170278729808,0.6970270270270269,0.0,2.5,0.8026400651937083
5.6061114785147135,-0.537917027872981,0.6970270270270269,0.0,2.5,0.8058643421550714
5.6061114785147135,-0.5279170278729812,0.6970270270270269,0.0,2.5,0.8025220571235904
5.6061114785147135,-0.5179170278729814,0.7038888888888889,0.0,2.5,0.7986471183963082
5.6061114785147135,-0.5079170278729817,0.7038888888888889,0.0,2.5,0.7901086161751592
5.6061114785147135,-0.49791702787298187,0.7038888888888889,0.0,2.5,0.7774207167385163
5.6061114785147135,-0.4879170278729821,0.7038888888888889,0.0,2.5,0.785695695807329
5.6061114785147135,-0.4779170278729823,0.7038888888888889,0.0,2.5,0.7937422079918639
5.6061114785147135,-0.4679170278729825,0.7038888888888889,0.0,2.5,0.7937422079918639
5.6061114785147135,-0.4579170278729827,0.7038888888888889,0.0,2.5,0.7937422079918639
5.6061114785147135,-0.44791702787298293,0.7038888888888889,0.0,2.5,0.7873887628206311
5.6061114785147135,-0.43791702787298314,0.7391525423728812,0.0,2.5,0.7945701157647976
5.616111478514713,-1.8179170278729537,1.4487500000000002,0.0,2.5,0.723834808075959
5.616111478514713,-1.807917027872954,1.4487500000000002,0.0,2.5,0.7209486897099698
5.616111478514713,-1.7979170278729542,1.4487500000000002,0.0,2.5,0.7219817239622532
5.616111478514713,-1.7879170278729544,0.9333333333333335,0.0,2.5,0.7231024136174258
5.616111478514713,-1.7779170278729546,0.78,0.0,2.5,0.7273223830011404
5.616111478514713,-1.667917027872957,0.7391525423728812,0.0,2.5,0.7184999388668032
5.616111478514713,-1.6579170278729571,0.7391525423728812,0.0,2.5,0.737280944859149
5.616111478514713,-1.6479170278729574,0.7391525423728812,0.0,2.5,0.7260907745405522
5.616111478514713,-1.6379170278729576,0.7391525423728812,0.0,2.5,0.7248334964962754
5.616111478514713,-1.6279170278729578,0.7391525423728812,0.0,2.5,0.7115575318214873
5.616111478514713,-1.617917027872958,0.7391525423728812,0.0,2.5,0.7331096745129686
5.616111478514713,-1.6079170278729582,0.7391525423728812,0.0,2.5,0.7442976762950008
5.616111478514713,-1.5979170278729584,0.7391525423728812,0.0,2.5,0.7383499974298525
5.616111478514713,-1.5879170278729586,0.7391525423728812,0.0,2.5,0.7133522943375844
5.616111478514713,-1.5779170278729588,0.7038888888888889,0.0,2.5,0.7376681577692465
5.616111478514713,-1.567917027872959,0.6970270270270269,0.0,2.5,0.7889813751075101
5.616111478514713,-1.5579170278729593,0.6409375,0.0,2.5,0.7993991476686603
5.616111478514713,-1.5479170278729595,0.6409375,0.0,2.5,0.8197100543757652
5.616111478514713,-1.5379170278729597,0.6409375,0.0,2.5,0.8198096287625105
5.616111478514713,-1.52791702787296,0.6409375,0.0,2.5,0.8156641487484183
5.616111478514713,-1.5179170278729601,0.6409375,0.0,2.5,0.7798206457807532
5.616111478514713,-1.5079170278729603,0.6409375,0.0,2.5,0.7586444431807524
5.616111478514713,-1.4979170278729605,0.6409375,0.0,2.5,0.7852548953018464
5.616111478514713,-1.4879170278729608,0.6409375,0.0,2.5,0.7807488073463936
5.616111478514713,-1.477917027872961,0.6970270270270269,0.0,2.5,0.7650865413794932
5.616111478514713,-1.4679170278729612,0.6970270270270269,0.0,2.5,0.7713876076808598
5.616111478514713,-1.4579170278729614,0.6409375,0.0,2.5,0.8412716627309694
5.616111478514713,-1.4479170278729616,0.6409375,0.0,2.5,0.8308098882179625
5.616111478514713,-1.4379170278729618,0.6409375,0.0,2.5,0.8176848644551235
5.616111478514713,-1.427917027872962,0.6409375,0.0,2.5,0.8185355775849156
5.616111478514713,-1.4179170278729623,0.6970270270270269,0.0,2.5,0.8015429674268525
5.616111478514713,-1.4079170278729625,0.6970270270270269,0.0,2.5,0.8074090377071468
5.616111478514713,-1.3979170278729627,0.6970270270270269,0.0,2.5,0.8123523691228771
5.616111478514713,-1.387917027872963,0.6970270270270269,0.0,2.5,0.7904938411000388
5.616111478514713,-1.377917027872963,0.7038888888888889,0.0,2.5,0.7818851220931087
5.616111478514713,-1.3679170278729633,0.7038888888888889,0.0,2.5,0.7732093414852867
5.616111478514713,-1.3579170278729635,0.7391525423728812,0.0,2.5,0.7596004649081298
5.616111478514713,-1.3479170278729637,0.7391525423728812,0.0,2.5,0.7432509722587931
5.616111478514713,-1.337917027872964,0.7391525423728812,0.0,2.5,0.6877735428744682
5.616111478514713,-1.3279170278729642,0.7391525423728812,0.0,2.5,0.6983475460811981
5.616111478514713,-1.3179170278729644,1.4487500000000002,0.0,2.5,0.6562358409351865
5.616111478514713,-1.3079170278729646,1.825,0.0,2.5,0.6473426217680448
5.616111478514713,-1.2979170278729648,1.90625,0.0,2.5,0.6265642011549457
5.616111478514713,-1.287917027872965,1.90625,0.0,2.5,0.6494596022608079
5.616111478514713,-1.2779170278729652,1.4487500000000002,0.0,2.5,0.6472385970965789
5.616111478514713,-1.2679170278729655,0.7391525423728812,0.0,2.5,0.6984684865972688
5.616111478514713,-1.2579170278729657,0.7391525423728812,0.0,2.5,0.6925203812587346
5.616111478514713,-1.2479170278729659,0.7391525423728812,0.0,2.5,0.7346898262838374
5.616111478514713,-1.237917027872966,0.7038888888888889,0.0,2.5,0.780504660147572
5.616111478514713,-1.2279170278729663,0.6970270270270269,0.0,2.5,0.8025556241344822
5.616111478514713,-1.2179170278729665,0.6409375,0.0,2.5,0.8698983327575316
5.616111478514713,-1.2079170278729667,0.6409375,0.0,2.5,0.8959824428456425
5.616111478514713,-1.197917027872967,0.6409375,0.0,2.5,0.9034958931875828
5.616111478514713,-1.1879170278729672,0.6409375,0.0,2.5,0.9027494562335763
5.616111478514713,-1.1779170278729674,0.6409375,0.0,2.5,0.9035479932696059
5.616111478514713,-1.1679170278729676,0.6409375,0.0,2.5,0.9336745262957293
5.616111478514713,-1.1579170278729678,0.6008,0.0,2.5,0.9522050860875727
5.616111478514713,-1.147917027872968,0.6008,0.0,2.5,0.9492489072408478
5.616111478514713,-1.1379170278729682,0.6008,0.0,2.5,0.9492489072408478
5.616111478514713,-1.1279170278729684,0.6008,0.0,2.5,0.9517782060304989
5.616111478514713,-1.1179170278729686,0.6008,0.0,2.5,0.9508805056166324
5.616111478514713,-1.1079170278729689,0.6008,0.0,2.5,0.9397601098049755
5.616111478514713,-1.097917027872969,0.6409375,0.0,2.5,0.9401272377900857
5.616111478514713,-1.0879170278729693,0.6409375,0.0,2.5,0.9338498754263477
5.616111478514713,-1.0779170278729695,0.6409375,0.0,2.5,0.9289814574487771
5.616111478514713,-1.0679170278729697,0.6409375,0.0,2.5,0.9191162604150104
5.616111478514713,-1.05791702787297,0.6008,0.0,2.5,0.916794516712265
5.616111478514713,-1.0479170278729701,0.6008,0.0,2.5,0.9251691776882729
5.616111478514713,-1.0379170278729704,0.6008,0.0,2.5,0.9260751034897483
5.616111478514713,-1.0279170278729706,0.6409375,0.0,2.5,0.9245851605400225
5.616111478514713,-1.0179170278729708,0.6409375,0.0,2.5,0.9188602502890821
5.616111478514713,-1.007917027872971,0.6409375,0.0,2.5,0.9148984833088398
5.616111478514713,-0.9979170278729712,0.6409375,0.0,2.5,0.9039264086985018
5.616111478514713,-0.9879170278729714,0.6409375,0.0,2.5,0.9010380476526116
5.616111478514713,-0.9779170278729716,0.6409375,0.0,2.5,0.897581174019903
5.616111478514713,-0.9679170278729718,0.6409375,0.0,2.5,0.8480876150431803
5.616111478514713,-0.9579170278729721,0.6970270270270269,0.0,2.5,0.8064987647805075
5.616111478514713,-0.9479170278729723,0.6970270270270269,0.0,2.5,0.7507354080053478
5.616111478514713,-0.9379170278729725,0.6970270270270269,0.0,2.5,0.7549088363510944
5.616111478514713,-0.9279170278729727,0.6409375,0.0,2.5,0.8115327719713921
5.616111478514713,-0.9179170278729729,0.6970270270270269,0.0,2.5,0.7628599169994926
5.616111478514713,-0.9079170278729731,0.6409375,0.0,2.5,0.9076190523295505
5.616111478514713,-0.8979170278729733,0.6409375,0.0,2.5,0.9397459456038706
5.616111478514713,-0.8879170278729736,0.6409375,0.0,2.5,0.9013918242278773
5.616111478514713,-0.8779170278729738,0.6008,0.0,2.5,0.945353663533561
5.616111478514713,-0.867917027872974,0.6409375,0.0,2.5,0.9208194330016399
5.616111478514713,-0.8579170278729742,0.6409375,0.0,2.5,0.9324036189477438
5.616111478514713,-0.8479170278729744,0.6409375,0.0,2.5,0.9372281864457908
5.616111478514713,-0.8379170278729746,0.6409375,0.0,2.5,0.9329461133829207
5.616111478514713,-0.8279170278729748,0.6409375,0.0,2.5,0.9225332968168385
5.616111478514713,-0.817917027872975,0.6409375,0.0,2.5,0.9046757965952986
5.616111478514713,-0.8079170278729753,0.6409375,0.0,2.5,0.9071656112026517
5.616111478514713,-0.7979170278729755,0.6409375,0.0,2.5,0.897668332748896
5.616111478514713,-0.7879170278729757,0.6409375,0.0,2.5,0.9300621936861369
5.616111478514713,-0.7779170278729759,0.6409375,0.0,2.5,0.9328413749147804
5.616111478514713,-0.7679170278729761,0.6409375,0.0,2.5,0.9280750652094368
5.616111478514713,-0.7579170278729763,0.6409375,0.0,2.5,0.9362998094292819
5.616111478514713,-0.7479170278729765,0.6409375,0.0,2.5,0.9383779223537706
5.616111478514713,-0.7379170278729767,0.6409375,0.0,2.5,0.8935228805208324
5.616111478514713,-0.727917027872977,0.6409375,0.0,2.5,0.8401741102325583
5.616111478514713,-0.7179170278729772,0.6409375,0.0,2.5,0.8588921208135492
5.616111478514713,-0.7079170278729774,0.6409375,0.0,2.5,0.865059298079477
5.616111478514713,-0.6979170278729776,0.6409375,0.0,2.5,0.8336589256992202
5.616111478514713,-0.6879170278729778,0.6409375,0.0,2.5,0.8279134626782985
5.616111478514713,-0.677917027872978,0.6409375,0.0,2.5,0.8018978659744698
5.616111478514713,-0.6679170278729782,0.6409375,0.0,2.5,0.8153043230103195
5.616111478514713,-0.6579170278729785,0.6409375,0.0,2.5,0.8225164227979279
5.616111478514713,-0.6479170278729787,0.6409375,0.0,2.5,0.8528899414472358
5.616111478514713,-0.6379170278729789,0.6409375,0.0,2.5,0.8088348385279222
5.616111478514713,-0.6279170278729791,0.6409375,0.0,2.5,0.8114604956250497
5.616111478514713,-0.6179170278729793,0.6409375,0.0,2.5,0.8103529918920016
5.616111478514713,-0.6079170278729795,0.6970270270270269,0.0,2.5,0.807207603490952
5.616111478514713,-0.5979170278729797,0.6970270270270269,0.0,2.5,0.8056728812687298
5.616111478514713,-0.58791702787298,0.6970270270270269,0.0,2.5,0.808952065119056
5.616111478514713,-0.5779170278729802,0.6970270270270269,0.0,2.5,0.8073204667432715
5.616111478514713,-0.5679170278729804,0.6970270270270269,0.0,2.5,0.8073204667432715
5.616111478514713,-0.5579170278729806,0.6970270270270269,0.0,2.5,0.8075507694820797
5.616111478514713,-0.5479170278729808,0.6970270270270269,0.0,2.5,0.808952065119056
5.616111478514713,-0.537917027872981,0.6970270270270269,0.0,2.5,0.8067800998288206
5.616111478514713,-0.5279170278729812,0.7038888888888889,0.0,2.5,0.8004471388149836
5.616111478514713,-0.5179170278729814,0.7038888888888889,0.0,2.5,0.7993931256574476
5.616111478514713,-0.5079170278729817,0.7038888888888889,0.0,2.5,0.7901086161751592
5.616111478514713,-0.49791702787298187,0.7391525423728812,0.0,2.5,0.7781350296518807
5.616111478514713,-0.4879170278729821,0.7391525423728812,0.0,2.5,0.7906302862035465
5.616111478514713,-0.4779170278729823,0.7038888888888889,0.0,2.5,0.7937422079918639
5.616111478514713,-0.4679170278729825,0.7038888888888889,0.0,2.5,0.7937422079918639
5.616111478514713,-0.4579170278729827,0.7038888888888889,0.0,2.5,0.7937422079918639
5.616111478514713,-0.44791702787298293,0.7391525423728812,0.0,2.5,0.7958796663868483
5.626111478514713,-1.8179170278729537,1.90625,0.0,2.5,0.6864778963028157
5.626111478514713,-1.807917027872954,1.4487500000000002,0.0,2.5,0.6897915984513241
5.626111478514713,-1.7979170278729542,1.4487500000000002,0.0,2.5,0.6900361286958544
5.626111478514713,-1.7879170278729544,1.4487500000000002,0.0,2.5,0.6870907306228141
5.626111478514713,-1.7779170278729546,0.9333333333333335,0.0,2.5,0.6883789370034272
5.626111478514713,-1.7679170278729548,0.9333333333333335,0.0,2.5,0.6867626325513067
5.626111478514713,-1.757917027872955,0.7414955318942165,0.0,2.5,0.6865619968559584
5.626111478514713,-1.7479170278729552,0.7391525423728812,0.0,2.5,0.6849640214401955
5.626111478514713,-1.6879170278729565,0.7391525423728812,0.0,2.5,0.6872302435262095
5.626111478514713,-1.6779170278729567,0.7391525423728812,0.0,2.5,0.7107658136397403
5.626111478514713,-1.667917027872957,0.7391525423728812,0.0,2.5,0.7351829927213428
5.626111478514713,-1.6579170278729571,0.7391525423728812,0.0,2.5,0.7224933768539217
5.626111478514713,-1.6479170278729574,0.7391525423728812,0.0,2.5,0.7098935637404988
5.626111478514713,-1.6379170278729576,0.7391525423728812,0.0,2.5,0.7074933501021422
5.626111478514713,-1.6279170278729578,0.7391525423728812,0.0,2.5,0.7212255553832153
5.626111478514713,-1.617917027872958,0.7391525423728812,0.0,2.5,0.742701503173669
5.626111478514713,-1.6079170278729582,0.7391525423728812,0.0,2.5,0.7429055260038295
5.626111478514713,-1.5979170278729584,0.7391525423728812,0.0,2.5,0.7233850679244661
5.626111478514713,-1.5879170278729586,0.7038888888888889,0.0,2.5,0.7376265604479595
5.626111478514713,-1.5779170278729588,0.6970270270270269,0.0,2.5,0.7793686207980267
5.626111478514713,-1.567917027872959,0.6970270270270269,0.0,2.5,0.8018307365966185
5.626111478514713,-1.5579170278729593,0.6409375,0.0,2.5,0.8141860562492897
5.626111478514713,-1.5479170278729595,0.6409375,0.0,2.5,0.8209704772155946
5.626111478514713,-1.5379170278729597,0.6409375,0.0,2.5,0.7974839015413492
5.626111478514713,-1.52791702787296,0.6970270270270269,0.0,2.5,0.7273520774233267
5.626111478514713,-1.5179170278729601,0.6409375,0.0,2.5,0.7645914343072048
5.626111478514713,-1.5079170278729603,0.6409375,0.0,2.5,0.7687298057370178
5.626111478514713,-1.4979170278729605,0.6409375,0.0,2.5,0.7699353807356956
5.626111478514713,-1.4879170278729608,0.6409375,0.0,2.5,0.7921642526841062
5.626111478514713,-1.477917027872961,0.6409375,0.0,2.5,0.7659263747018941
5.626111478514713,-1.4679170278729612,0.6409375,0.0,2.5,0.7823963634945366
5.626111478514713,-1.4579170278729614,0.6409375,0.0,2.5,0.8375009876769474
5.626111478514713,-1.4479170278729616,0.6409375,0.0,2.5,0.8195105867564436
5.626111478514713,-1.4379170278729618,0.6409375,0.0,2.5,0.8176223228578888
5.626111478514713,-1.427917027872962,0.6409375,0.0,2.5,0.81915142512902
5.626111478514713,-1.4179170278729623,0.6409375,0.0,2.5,0.8064718864401126
5.626111478514713,-1.4079170278729625,0.6409375,0.0,2.5,0.8102774444499419
5.626111478514713,-1.3979170278729627,0.6970270270270269,0.0,2.5,0.8064795859439144
5.626111478514713,-1.387917027872963,0.6970270270270269,0.0,2.5,0.8058258847504602
5.626111478514713,-1.377917027872963,0.6970270270270269,0.0,2.5,0.7875822255384473
5.626111478514713,-1.3679170278729633,0.7038888888888889,0.0,2.5,0.7787308026028167
5.626111478514713,-1.3579170278729635,0.7038888888888889,0.0,2.5,0.7790047020864278
5.626111478514713,-1.3479170278729637,0.7391525423728812,0.0,2.5,0.7448549454437882
5.626111478514713,-1.337917027872964,0.7391525423728812,0.0,2.5,0.6865408193579081
5.626111478514713,-1.3279170278729642,0.7391525423728812,0.0,2.5,0.6973897514242192
5.626111478514713,-1.3179170278729644,1.4487500000000002,0.0,2.5,0.649446036733531
5.626111478514713,-1.3079170278729646,1.4487500000000002,0.0,2.5,0.6462349034301462
5.626111478514713,-1.2979170278729648,1.90625,0.0,2.5,0.6182913852718339
5.626111478514713,-1.287917027872965,1.4487500000000002,0.0,2.5,0.641218033166377
5.626111478514713,-1.2779170278729652,1.4487500000000002,0.0,2.5,0.6472427245937799
5.626111478514713,-1.2679170278729655,0.7391525423728812,0.0,2.5,0.7095710655970429
5.626111478514713,-1.2579170278729657,0.7391525423728812,0.0,2.5,0.7188754371865842
5.626111478514713,-1.2479170278729659,0.7391525423728812,0.0,2.5,0.739556139233913
5.626111478514713,-1.237917027872966,0.7391525423728812,0.0,2.5,0.6962883166919074
5.626111478514713,-1.2279170278729663,0.7038888888888889,0.0,2.5,0.7571825572230695
5.626111478514713,-1.2179170278729665,0.6970270270270269,0.0,2.5,0.7757484161069514
5.626111478514713,-1.2079170278729667,0.6409375,0.0,2.5,0.8529393531209214
5.626111478514713,-1.197917027872967,0.6409375,0.0,2.5,0.8805108395388004
5.626111478514713,-1.1879170278729672,0.6409375,0.0,2.5,0.8966267965528741
5.626111478514713,-1.1779170278729674,0.6409375,0.0,2.5,0.9328541847961005
5.626111478514713,-1.1679170278729676,0.6409375,0.0,2.5,0.9477551173628536
5.626111478514713,-1.1579170278729678,0.6409375,0.0,2.5,0.9411755654233829
5.626111478514713,-1.147917027872968,0.6285413475180441,0.0,2.5,0.9369908682281467
5.626111478514713,-1.1379170278729682,0.6409375,0.0,2.5,0.9234003975896953
5.626111478514713,-1.1279170278729684,0.6008,0.0,2.5,0.9250319959654797
5.626111478514713,-1.1179170278729686,0.6008,0.0,2.5,0.9174623848219432
5.626111478514713,-1.1079170278729689,0.6409375,0.0,2.5,0.9189609713113286
5.626111478514713,-1.097917027872969,0.6409375,0.0,2.5,0.91809988525101
5.626111478514713,-1.0879170278729693,0.6409375,0.0,2.5,0.9333465192784278
5.626111478514713,-1.0779170278729695,0.6409375,0.0,2.5,0.9332832660848872
5.626111478514713,-1.0679170278729697,0.6409375,0.0,2.5,0.9255366256619886
5.626111478514713,-1.05791702787297,0.6409375,0.0,2.5,0.9255366256619886
5.626111478514713,-1.0479170278729701,0.6409375,0.0,2.5,0.9262931424117508
5.626111478514713,-1.0379170278729704,0.6409375,0.0,2.5,0.9295150932338108
5.626111478514713,-1.0279170278729706,0.6409375,0.0,2.5,0.9208610505410021
5.626111478514713,-1.0179170278729708,0.6409375,0.0,2.5,0.9224116634462692
5.626111478514713,-1.007917027872971,0.6409375,0.0,2.5,0.9244107337125039
5.626111478514713,-0.9979170278729712,0.6409375,0.0,2.5,0.9171309664786755
5.626111478514713,-0.9879170278729714,0.6409375,0.0,2.5,0.9169466795767037
5.626111478514713,-0.9779170278729716,0.6409375,0.0,2.5,0.9092216323052332
5.626111478514713,-0.9679170278729718,0.6409375,0.0,2.5,0.8665397431380336
5.626111478514713,-0.9579170278729721,0.6409375,0.0,2.5,0.8066128591875269
5.626111478514713,-0.9479170278729723,0.6409375,0.0,2.5,0.8059587160345092
5.626111478514713,-0.9379170278729725,0.6409375,0.0,2.5,0.8232969903832181
5.626111478514713,-0.9279170278729727,0.6409375,0.0,2.5,0.8359843239685322
5.626111478514713,-0.9179170278729729,0.6409375,0.0,2.5,0.8663597022873472
5.626111478514713,-0.9079170278729731,0.6409375,0.0,2.5,0.931714844677345
5.626111478514713,-0.8979170278729733,0.6409375,0.0,2.5,0.9417566554434721
5.626111478514713,-0.8879170278729736,0.6008,0.0,2.5,0.9468351932583178
5.626111478514713,-0.8779170278729738,0.6008,0.0,2.5,0.9505084470895717
5.626111478514713,-0.867917027872974,0.6008,0.0,2.5,0.9400010015160403
5.626111478514713,-0.8579170278729742,0.6409375,0.0,2.5,0.9361978361766101
5.626111478514713,-0.8479170278729744,0.6409375,0.0,2.5,0.9350457523176016
5.626111478514713,-0.8379170278729746,0.6409375,0.0,2.5,0.9476007854929083
5.626111478514713,-0.8279170278729748,0.6409375,0.0,2.5,0.9416587819077896
5.626111478514713,-0.817917027872975,0.6409375,0.0,2.5,0.9371299773440939
5.626111478514713,-0.8079170278729753,0.6409375,0.0,2.5,0.9256513097502157
5.626111478514713,-0.7979170278729755,0.6409375,0.0,2.5,0.907199438730928
5.626111478514713,-0.7879170278729757,0.6409375,0.0,2.5,0.907580465269315
5.626111478514713,-0.7779170278729759,0.6409375,0.0,2.5,0.9062018204645648
5.626111478514713,-0.7679170278729761,0.6409375,0.0,2.5,0.9026801773558555
5.626111478514713,-0.7579170278729763,0.6409375,0.0,2.5,0.9275005033885433
5.626111478514713,-0.7479170278729765,0.6409375,0.0,2.5,0.9171255461094613
5.626111478514713,-0.7379170278729767,0.6409375,0.0,2.5,0.8751013422957078
5.626111478514713,-0.727917027872977,0.6409375,0.0,2.5,0.8584438231531358
5.626111478514713,-0.7179170278729772,0.6409375,0.0,2.5,0.8725042965165644
5.626111478514713,-0.7079170278729774,0.6409375,0.0,2.5,0.8785430604957127
5.626111478514713,-0.6979170278729776,0.6409375,0.0,2.5,0.8650456126919563
5.626111478514713,-0.6879170278729778,0.6409375,0.0,2.5,0.8285743813900102
5.626111478514713,-0.677917027872978,0.6409375,0.0,2.5,0.8264589889532613
5.626111478514713,-0.6679170278729782,0.6409375,0.0,2.5,0.7951645967148748
5.626111478514713,-0.6579170278729785,0.6409375,0.0,2.5,0.8166640323755775
5.626111478514713,-0.6479170278729787,0.6409375,0.0,2.5,0.8167766181756634
5.626111478514713,-0.6379170278729789,0.6409375,0.0,2.5,0.8167766181756634
5.626111478514713,-0.6279170278729791,0.6409375,0.0,2.5,0.8151531146621583
5.626111478514713,-0.6179170278729793,0.6409375,0.0,2.5,0.8134864479954917
5.626111478514713,-0.6079170278729795,0.6970270270270269,0.0,2.5,0.8119517257732695
5.626111478514713,-0.5979170278729797,0.6970270270270269,0.0,2.5,0.8105298668033668
5.626111478514713,-0.58791702787298,0.6970270270270269,0.0,2.5,0.8106424526034527
5.626111478514713,-0.5779170278729802,0.6970270270270269,0.0,2.5,0.8076855939590939
5.626111478514713,-0.5679170278729804,0.6970270270270269,0.0,2.5,0.8134864479954917
5.626111478514713,-0.5579170278729806,0.6970270270270269,0.0,2.5,0.8222072327493614
5.626111478514713,-0.5479170278729808,0.6970270270270269,0.0,2.5,0.8140945500756667
5.626111478514713,-0.537917027872981,0.7038888888888889,0.0,2.5,0.7947957785455546
5.626111478514713,-0.5279170278729812,0.7038888888888889,0.0,2.5,0.7950519467029195
5.626111478514713,-0.5179170278729814,0.7038888888888889,0.0,2.5,0.8019504498657251
5.626111478514713,-0.5079170278729817,0.7391525423728812,0.0,2.5,0.795350786600682
5.626111478514713,-0.49791702787298187,0.7391525423728812,0.0,2.5,0.7847337709486919
5.626111478514713,-0.4879170278729821,0.7391525423728812,0.0,2.5,0.7888131964706626
5.626111478514713,-0.4779170278729823,0.7391525423728812,0.0,2.5,0.7937422079918639
5.626111478514713,-0.4679170278729825,0.7391525423728812,0.0,2.5,0.7937422079918639
5.626111478514713,-0.4579170278729827,0.7391525423728812,0.0,2.5,0.7966833049840454
5.636111478514713,-1.8279170278729535,1.90625,0.0,2.5,0.6614355802750818
5.636111478514713,-1.8179170278729537,1.90625,0.0,2.5,0.6724513627562619
5.636111478514713,-1.807917027872954,1.4487500000000002,0.0,2.5,0.6736915423297748
5.636111478514713,-1.7979170278729542,1.4487500000000002,0.0,2.5,0.6778667964058895
5.636111478514713,-1.7879170278729544,1.4487500000000002,0.0,2.5,0.6806104763021524
5.636111478514713,-1.7779170278729546,0.9333333333333335,0.0,2.5,0.6806104763021524
5.636111478514713,-1.7679170278729548,0.78,0.0,2.5,0.679502241173084
5.636111478514713,-1.757917027872955,0.7391525423728812,0.0,2.5,0.6765037852074383
5.636111478514713,-1.7479170278729552,0.7391525423728812,0.0,2.5,0.6765037852074383
5.636111478514713,-1.7379170278729554,0.7391525423728812,0.0,2.5,0.6762320975161364
5.636111478514713,-1.7279170278729556,0.7391525423728812,0.0,2.5,0.6748874807553179
5.636111478514713,-1.7179170278729559,0.7391525423728812,0.0,2.5,0.6837487666483357
5.636111478514713,-1.707917027872956,0.7391525423728812,0.0,2.5,0.6859136955762632
5.636111478514713,-1.6979170278729563,0.7391525423728812,0.0,2.5,0.6796881496474614
5.636111478514713,-1.6879170278729565,0.7391525423728812,0.0,2.5,0.7039077344094486
5.636111478514713,-1.6779170278729567,0.7391525423728812,0.0,2.5,0.7197060398745545
5.636111478514713,-1.667917027872957,0.7391525423728812,0.0,2.5,0.7180104058435004
5.636111478514713,-1.6579170278729571,0.7391525423728812,0.0,2.5,0.6993458181850106
5.636111478514713,-1.6479170278729574,0.7391525423728812,0.0,2.5,0.6976757462203538
5.636111478514713,-1.6379170278729576,0.7391525423728812,0.0,2.5,0.7058482936788227
5.636111478514713,-1.6279170278729578,0.7391525423728812,0.0,2.5,0.7297211286646491
5.636111478514713,-1.617917027872958,0.7391525423728812,0.0,2.5,0.7411540988627142
5.636111478514713,-1.6079170278729582,0.7391525423728812,0.0,2.5,0.7224694387081663
5.636111478514713,-1.5979170278729584,0.7038888888888889,0.0,2.5,0.7441954848692452
5.636111478514713,-1.5879170278729586,0.6970270270270269,0.0,2.5,0.7838528488200417
5.636111478514713,-1.5779170278729588,0.6970270270270269,0.0,2.5,0.8157762760824268
5.636111478514713,-1.567917027872959,0.6409375,0.0,2.5,0.8083664167752456
5.636111478514713,-1.5579170278729593,0.6409375,0.0,2.5,0.7986107172452183
5.636111478514713,-1.5479170278729595,0.6409375,0.0,2.5,0.7798012043000515
5.636111478514713,-1.5379170278729597,0.6409375,0.0,2.5,0.758444015111476
5.636111478514713,-1.52791702787296,0.6409375,0.0,2.5,0.7582392000747771
5.636111478514713,-1.5179170278729601,0.6409375,0.0,2.5,0.7763679027091828
5.636111478514713,-1.5079170278729603,0.6409375,0.0,2.5,0.8000907293133586
5.636111478514713,-1.4979170278729605,0.6409375,0.0,2.5,0.8161467174711808
5.636111478514713,-1.4879170278729608,0.6409375,0.0,2.5,0.8130712315494064
5.636111478514713,-1.477917027872961,0.6409375,0.0,2.5,0.7719101130361946
5.636111478514713,-1.4679170278729612,0.6409375,0.0,2.5,0.8030860120226532
5.636111478514713,-1.4579170278729614,0.6409375,0.0,2.5,0.8312413343878892
5.636111478514713,-1.4479170278729616,0.6409375,0.0,2.5,0.8052838742688408
5.636111478514713,-1.4379170278729618,0.6409375,0.0,2.5,0.8026361287273596
5.636111478514713,-1.427917027872962,0.6409375,0.0,2.5,0.810878467529479
5.636111478514713,-1.4179170278729623,0.6409375,0.0,2.5,0.8051448294116891
5.636111478514713,-1.4079170278729625,0.6409375,0.0,2.5,0.8077704681103145
5.636111478514713,-1.3979170278729627,0.6409375,0.0,2.5,0.8105119388694431
5.636111478514713,-1.387917027872963,0.6970270270270269,0.0,2.5,0.8014910523423747
5.636111478514713,-1.377917027872963,0.6970270270270269,0.0,2.5,0.7906254710972929
5.636111478514713,-1.3679170278729633,0.6970270270270269,0.0,2.5,0.7819234470190946
5.636111478514713,-1.3579170278729635,0.7038888888888889,0.0,2.5,0.7787505893157857
5.636111478514713,-1.3479170278729637,0.7391525423728812,0.0,2.5,0.7403551494661935
5.636111478514713,-1.337917027872964,0.7391525423728812,0.0,2.5,0.6850803596230157
5.636111478514713,-1.3279170278729642,0.7391525423728812,0.0,2.5,0.6985599022316848
5.636111478514713,-1.3179170278729644,1.4487500000000002,0.0,2.5,0.639429550829104
5.636111478514713,-1.3079170278729646,1.4487500000000002,0.0,2.5,0.636325473779142
5.636111478514713,-1.2979170278729648,1.90625,0.0,2.5,0.6227304639697787
5.636111478514713,-1.287917027872965,1.4487500000000002,0.0,2.5,0.6379809891774125
5.636111478514713,-1.2779170278729652,1.4487500000000002,0.0,2.5,0.6548680309393474
5.636111478514713,-1.2679170278729655,0.7391525423728812,0.0,2.5,0.724408564713388
5.636111478514713,-1.2579170278729657,0.7391525423728812,0.0,2.5,0.7159575805554679
5.636111478514713,-1.2479170278729659,0.7391525423728812,0.0,2.5,0.7360402763380234
5.636111478514713,-1.237917027872966,0.7391525423728812,0.0,2.5,0.7386347580958457
5.636111478514713,-1.2279170278729663,0.7391525423728812,0.0,2.5,0.686823999847113
5.636111478514713,-1.2179170278729665,0.7391525423728812,0.0,2.5,0.7223940615016998
5.636111478514713,-1.2079170278729667,0.7038888888888889,0.0,2.5,0.7551799612815104
5.636111478514713,-1.197917027872967,0.6970270270270269,0.0,2.5,0.8165624270236481
5.636111478514713,-1.1879170278729672,0.6409375,0.0,2.5,0.9185574666426866
5.636111478514713,-1.1779170278729674,0.6409375,0.0,2.5,0.9460066523211474
5.636111478514713,-1.1679170278729676,0.6409375,0.0,2.5,0.9568231733412349
5.636111478514713,-1.1579170278729678,0.6409375,0.0,2.5,0.9499967071682719
5.636111478514713,-1.147917027872968,0.6409375,0.0,2.5,0.9493296057056727
5.636111478514713,-1.1379170278729682,0.6409375,0.0,2.5,0.9456323976199034
5.636111478514713,-1.1279170278729684,0.6008,0.0,2.5,0.9443567901784872
5.636111478514713,-1.1179170278729686,0.6008,0.0,2.5,0.9411554012895982
5.636111478514713,-1.1079170278729689,0.6409375,0.0,2.5,0.9362050564383634
5.636111478514713,-1.097917027872969,0.6409375,0.0,2.5,0.9333801422384493
5.636111478514713,-1.0879170278729693,0.6409375,0.0,2.5,0.9219264056008698
5.636111478514713,-1.0779170278729695,0.6409375,0.0,2.5,0.9143998568509207
5.636111478514713,-1.0679170278729697,0.6409375,0.0,2.5,0.9111948944914148
5.636111478514713,-1.05791702787297,0.6409375,0.0,2.5,0.9080111230510391
5.636111478514713,-1.0479170278729701,0.6409375,0.0,2.5,0.9064764008288169
5.636111478514713,-1.0379170278729704,0.6409375,0.0,2.5,0.9156189400296785
5.636111478514713,-1.0279170278729706,0.6409375,0.0,2.5,0.9323113446918262
5.636111478514713,-1.0179170278729708,0.6409375,0.0,2.5,0.9393337518604761
5.636111478514713,-1.007917027872971,0.6409375,0.0,2.5,0.9305095074407791
5.636111478514713,-0.9979170278729712,0.6409375,0.0,2.5,0.9323178523713355
5.636111478514713,-0.9879170278729714,0.6409375,0.0,2.5,0.9271567146125878
5.636111478514713,-0.9779170278729716,0.6409375,0.0,2.5,0.883084902603744
5.636111478514713,-0.9679170278729718,0.6409375,0.0,2.5,0.8687047426328437
5.636111478514713,-0.9579170278729721,0.6409375,0.0,2.5,0.8061107398256361
5.636111478514713,-0.9479170278729723,0.6409375,0.0,2.5,0.8626154189213227
5.636111478514713,-0.9379170278729725,0.6409375,0.0,2.5,0.885793729824369
5.636111478514713,-0.9279170278729727,0.6409375,0.0,2.5,0.8920913997906624
5.636111478514713,-0.9179170278729729,0.6409375,0.0,2.5,0.93998294825015
5.636111478514713,-0.9079170278729731,0.6008,0.0,2.5,0.9392270187209404
5.636111478514713,-0.8979170278729733,0.6409375,0.0,2.5,0.9336835967750859
5.636111478514713,-0.8879170278729736,0.6409375,0.0,2.5,0.9312019739630307
5.636111478514713,-0.8779170278729738,0.6008,0.0,2.5,0.950836892197822
5.636111478514713,-0.867917027872974,0.6008,0.0,2.5,0.9548901899129578
5.636111478514713,-0.8579170278729742,0.6008,0.0,2.5,0.9492795329384778
5.636111478514713,-0.8479170278729744,0.6008,0.0,2.5,0.9559709310311867
5.636111478514713,-0.8379170278729746,0.6409375,0.0,2.5,0.9444008921763016
5.636111478514713,-0.8279170278729748,0.6409375,0.0,2.5,0.9463586475419697
5.636111478514713,-0.817917027872975,0.6409375,0.0,2.5,0.9448897767321486
5.636111478514713,-0.8079170278729753,0.6409375,0.0,2.5,0.9465370847544564
5.636111478514713,-0.7979170278729755,0.6409375,0.0,2.5,0.9406190021883882
5.636111478514713,-0.7879170278729757,0.6409375,0.0,2.5,0.935357782365287
5.636111478514713,-0.7779170278729759,0.6409375,0.0,2.5,0.9071903597524509
5.636111478514713,-0.7679170278729761,0.6409375,0.0,2.5,0.8981688599388828
5.636111478514713,-0.7579170278729763,0.6409375,0.0,2.5,0.9010226603532838
5.636111478514713,-0.7479170278729765,0.6409375,0.0,2.5,0.9100942234202686
5.636111478514713,-0.7379170278729767,0.6409375,0.0,2.5,0.8590815754943765
5.636111478514713,-0.727917027872977,0.6409375,0.0,2.5,0.8723501133951913
5.636111478514713,-0.7179170278729772,0.6409375,0.0,2.5,0.871112112968338
5.636111478514713,-0.7079170278729774,0.6409375,0.0,2.5,0.8786698683087141
5.636111478514713,-0.6979170278729776,0.6409375,0.0,2.5,0.8744348120499236
5.636111478514713,-0.6879170278729778,0.6409375,0.0,2.5,0.867872754541526
5.636111478514713,-0.677917027872978,0.6409375,0.0,2.5,0.828728564511383
5.636111478514713,-0.6679170278729782,0.6409375,0.0,2.5,0.8275839119942304
5.636111478514713,-0.6579170278729785,0.6409375,0.0,2.5,0.8276307906923892
5.636111478514713,-0.6479170278729787,0.6409375,0.0,2.5,0.8248368355241323
5.636111478514713,-0.6379170278729789,0.6409375,0.0,2.5,0.8245382720585891
5.636111478514713,-0.6279170278729791,0.6409375,0.0,2.5,0.8245382720585891
5.636111478514713,-0.6179170278729793,0.6409375,0.0,2.5,0.8214688276141447
5.636111478514713,-0.6079170278729795,0.6970270270270269,0.0,2.5,0.813526686701573
5.636111478514713,-0.5979170278729797,0.6970270270270269,0.0,2.5,0.8138109261495571
5.636111478514713,-0.58791702787298,0.6970270270270269,0.0,2.5,0.8172125570195664
5.636111478514713,-0.5779170278729802,0.6970270270270269,0.0,2.5,0.8169161592456136
5.636111478514713,-0.5679170278729804,0.6970270270270269,0.0,2.5,0.8177545425666378
5.636111478514713,-0.5579170278729806,0.6970270270270269,0.0,2.5,0.8209208631646445
5.636111478514713,-0.5479170278729808,0.7038888888888889,0.0,2.5,0.7968908152646955
5.636111478514713,-0.537917027872981,0.7038888888888889,0.0,2.5,0.7953501468167434
5.636111478514713,-0.5279170278729812,0.7038888888888889,0.0,2.5,0.8050339772865236
5.636111478514713,-0.5179170278729814,0.7391525423728812,0.0,2.5,0.7972676855650362
5.636111478514713,-0.5079170278729817,0.7391525423728812,0.0,2.5,0.7964755675839333
5.636111478514713,-0.49791702787298187,0.7391525423728812,0.0,2.5,0.7631518421604194
5.636111478514713,-0.4879170278729821,0.7391525423728812,0.0,2.5,0.7922243247654333
5.636111478514713,-0.4779170278729823,0.7391525423728812,0.0,2.5,0.7937422079918639
5.636111478514713,-0.4679170278729825,0.7391525423728812,0.0,2.5,0.7882007495005345
5.646111478514713,-1.8279170278729535,1.90625,0.0,2.5,0.646164046139433
5.646111478514713,-1.8179170278729537,1.90625,0.0,2.5,0.6671550297135099
5.646111478514713,-1.807917027872954,1.4487500000000002,0.0,2.5,0.6706991251283566
5.646111478514713,-1.7979170278729542,1.4487500000000002,0.0,2.5,0.6781552392913632
5.646111478514713,-1.7879170278729544,0.9333333333333335,0.0,2.5,0.6796470944202903
5.646111478514713,-1.7779170278729546,0.78,0.0,2.5,0.6791640751151099
5.646111478514713,-1.7679170278729548,0.7391525423728812,0.0,2.5,0.6791640751151099
5.646111478514713,-1.757917027872955,0.7391525423728812,0.0,2.5,0.6791640751151099
5.646111478514713,-1.7479170278729552,0.7391525423728812,0.0,2.5,0.6792327663660138
5.646111478514713,-1.7379170278729554,0.7391525423728812,0.0,2.5,0.6827374996289087
5.646111478514713,-1.7279170278729556,0.7391525423728812,0.0,2.5,0.6826688083780048
5.646111478514713,-1.7179170278729559,0.7391525423728812,0.0,2.5,0.6868603096078527
5.646111478514713,-1.707917027872956,0.7391525423728812,0.0,2.5,0.6709858931705438
5.646111478514713,-1.6979170278729563,0.7391525423728812,0.0,2.5,0.67250566367732
5.646111478514713,-1.6879170278729565,0.7391525423728812,0.0,2.5,0.7070980880902107
5.646111478514713,-1.6779170278729567,0.7038888888888889,0.0,2.5,0.7142164361086071
5.646111478514713,-1.667917027872957,0.7391525423728812,0.0,2.5,0.6909687779202505
5.646111478514713,-1.6579170278729571,0.7391525423728812,0.0,2.5,0.6824098292462104
5.646111478514713,-1.6479170278729574,0.7391525423728812,0.0,2.5,0.6864905714715819
5.646111478514713,-1.6379170278729576,0.7391525423728812,0.0,2.5,0.7248680776307896
5.646111478514713,-1.6279170278729578,0.7038888888888889,0.0,2.5,0.7339237221040469
5.646111478514713,-1.617917027872958,0.7391525423728812,0.0,2.5,0.7226211852896366
5.646111478514713,-1.6079170278729582,0.7391525423728812,0.0,2.5,0.7318984495702981
5.646111478514713,-1.5979170278729584,0.6970270270270269,0.0,2.5,0.8026764095146407
5.646111478514713,-1.5879170278729586,0.6970270270270269,0.0,2.5,0.8290914991364773
5.646111478514713,-1.5779170278729588,0.6970270270270269,0.0,2.5,0.8127964933641801
5.646111478514713,-1.567917027872959,0.6409375,0.0,2.5,0.817837960226733
5.646111478514713,-1.5579170278729593,0.6970270270270269,0.0,2.5,0.7578338787709697
5.646111478514713,-1.5479170278729595,0.6409375,0.0,2.5,0.7922402795582214
5.646111478514713,-1.5379170278729597,0.6409375,0.0,2.5,0.7827626284463512
5.646111478514713,-1.52791702787296,0.6409375,0.0,2.5,0.7729963852155961
5.646111478514713,-1.5179170278729601,0.6409375,0.0,2.5,0.7974415389534447
5.646111478514713,-1.5079170278729603,0.6409375,0.0,2.5,0.8157501648991439
5.646111478514713,-1.4979170278729605,0.6409375,0.0,2.5,0.8275955531275205
5.646111478514713,-1.4879170278729608,0.6409375,0.0,2.5,0.8117876336675445
5.646111478514713,-1.477917027872961,0.6409375,0.0,2.5,0.7890432182489813
5.646111478514713,-1.4679170278729612,0.6409375,0.0,2.5,0.8304178925709508
5.646111478514713,-1.4579170278729614,0.6409375,0.0,2.5,0.8133567130737364
5.646111478514713,-1.4479170278729616,0.6409375,0.0,2.5,0.7959905717816982
5.646111478514713,-1.4379170278729618,0.6409375,0.0,2.5,0.8061247855547548
5.646111478514713,-1.427917027872962,0.6409375,0.0,2.5,0.8066342555093632
5.646111478514713,-1.4179170278729623,0.6409375,0.0,2.5,0.8066839564598832
5.646111478514713,-1.4079170278729625,0.6409375,0.0,2.5,0.8062243390639222
5.646111478514713,-1.3979170278729627,0.6409375,0.0,2.5,0.802667978722347
5.646111478514713,-1.387917027872963,0.6970270270270269,0.0,2.5,0.8042820233616548
5.646111478514713,-1.377917027872963,0.6970270270270269,0.0,2.5,0.7926251199100534
5.646111478514713,-1.3679170278729633,0.6970270270270269,0.0,2.5,0.7757304514155773
5.646111478514713,-1.3579170278729635,0.7038888888888889,0.0,2.5,0.7685252394016295
5.646111478514713,-1.3479170278729637,0.7391525423728812,0.0,2.5,0.730120500209909
5.646111478514713,-1.337917027872964,0.7391525423728812,0.0,2.5,0.6758162000269905
5.646111478514713,-1.3279170278729642,0.7391525423728812,0.0,2.5,0.6825922254331316
5.646111478514713,-1.3179170278729644,0.9333333333333335,0.0,2.5,0.6377628841624373
5.646111478514713,-1.3079170278729646,1.4487500000000002,0.0,2.5,0.627052623446558
5.646111478514713,-1.2979170278729648,1.90625,0.0,2.5,0.6147337501736733
5.646111478514713,-1.287917027872965,1.4487500000000002,0.0,2.5,0.6372719062502258
5.646111478514713,-1.2779170278729652,0.78,0.0,2.5,0.6790945438183061
5.646111478514713,-1.2679170278729655,0.7391525423728812,0.0,2.5,0.7179984354748598
5.646111478514713,-1.2579170278729657,0.7391525423728812,0.0,2.5,0.7327654394127805
5.646111478514713,-1.2479170278729659,0.7391525423728812,0.0,2.5,0.7312072462773307
5.646111478514713,-1.237917027872966,0.7391525423728812,0.0,2.5,0.7312625699041576
5.646111478514713,-1.2279170278729663,0.7391525423728812,0.0,2.5,0.7211787003249601
5.646111478514713,-1.2179170278729665,0.7391525423728812,0.0,2.5,0.7036442323133817
5.646111478514713,-1.2079170278729667,0.7391525423728812,0.0,2.5,0.679416028640522
5.646111478514713,-1.197917027872967,0.6970270270270269,0.0,2.5,0.7960262332517495
5.646111478514713,-1.1879170278729672,0.6409375,0.0,2.5,0.8324003383108186
5.646111478514713,-1.1779170278729674,0.6409375,0.0,2.5,0.9154378139174725
5.646111478514713,-1.1679170278729676,0.6409375,0.0,2.5,0.9282343449502682
5.646111478514713,-1.1579170278729678,0.6409375,0.0,2.5,0.9488138192953092
5.646111478514713,-1.147917027872968,0.6409375,0.0,2.5,0.9560562897183481
5.646111478514713,-1.1379170278729682,0.6409375,0.0,2.5,0.9601125232082603
5.646111478514713,-1.1279170278729684,0.6008,0.0,2.5,0.9580560334723265
5.646111478514713,-1.1179170278729686,0.6008,0.0,2.5,0.9563893668056598
5.646111478514713,-1.1079170278729689,0.6409375,0.0,2.5,0.9497244803705243
5.646111478514713,-1.097917027872969,0.6409375,0.0,2.5,0.9453750791203415
5.646111478514713,-1.0879170278729693,0.6409375,0.0,2.5,0.9418749305071179
5.646111478514713,-1.0779170278729695,0.6409375,0.0,2.5,0.9401724357276904
5.646111478514713,-1.0679170278729697,0.6409375,0.0,2.5,0.9356308907238305
5.646111478514713,-1.05791702787297,0.6409375,0.0,2.5,0.9307877253099494
5.646111478514713,-1.0479170278729701,0.6409375,0.0,2.5,0.9322230142402699
5.646111478514713,-1.0379170278729704,0.6409375,0.0,2.5,0.9330427553140612
5.646111478514713,-1.0279170278729706,0.6409375,0.0,2.5,0.944344806182707
5.646111478514713,-1.0179170278729708,0.6409375,0.0,2.5,0.9458707232252906
5.646111478514713,-1.007917027872971,0.6409375,0.0,2.5,0.9524496592635897
5.646111478514713,-0.9979170278729712,0.6409375,0.0,2.5,0.9284570194776539
5.646111478514713,-0.9879170278729714,0.6409375,0.0,2.5,0.9191751589276411
5.646111478514713,-0.9779170278729716,0.6409375,0.0,2.5,0.896277821432221
5.646111478514713,-0.9679170278729718,0.6409375,0.0,2.5,0.8833534671042303
5.646111478514713,-0.9579170278729721,0.6409375,0.0,2.5,0.9137355899197275
5.646111478514713,-0.9479170278729723,0.6409375,0.0,2.5,0.9121515108842749
5.646111478514713,-0.9379170278729725,0.6409375,0.0,2.5,0.88202091888249
5.646111478514713,-0.9279170278729727,0.6409375,0.0,2.5,0.9428873697899358
5.646111478514713,-0.9179170278729729,0.6409375,0.0,2.5,0.9408553153380717
5.646111478514713,-0.9079170278729731,0.6409375,0.0,2.5,0.9505122709181513
5.646111478514713,-0.8979170278729733,0.6409375,0.0,2.5,0.9329424551238933
5.646111478514713,-0.8879170278729736,0.6409375,0.0,2.5,0.9309324166883501
5.646111478514713,-0.8779170278729738,0.6008,0.0,2.5,0.9551598738487509
5.646111478514713,-0.867917027872974,0.6409375,0.0,2.5,0.9426428579750383
5.646111478514713,-0.8579170278729742,0.6008,0.0,2.5,0.9544362088089645
5.646111478514713,-0.8479170278729744,0.6409375,0.0,2.5,0.9475323775687616
5.646111478514713,-0.8379170278729746,0.6409375,0.0,2.5,0.9346992507023056
5.646111478514713,-0.8279170278729748,0.6409375,0.0,2.5,0.9301096685719146
5.646111478514713,-0.817917027872975,0.6409375,0.0,2.5,0.9242364923064842
5.646111478514713,-0.8079170278729753,0.6409375,0.0,2.5,0.9238640547956811
5.646111478514713,-0.7979170278729755,0.6409375,0.0,2.5,0.9314435929625191
5.646111478514713,-0.7879170278729757,0.6409375,0.0,2.5,0.9272629062491626
5.646111478514713,-0.7779170278729759,0.6409375,0.0,2.5,0.9197061959446788
5.646111478514713,-0.7679170278729761,0.6409375,0.0,2.5,0.914807796299699
5.646111478514713,-0.7579170278729763,0.6409375,0.0,2.5,0.909290439461516
5.646111478514713,-0.7479170278729765,0.6409375,0.0,2.5,0.9268249082184921
5.646111478514713,-0.7379170278729767,0.6409375,0.0,2.5,0.8737366025983033
5.646111478514713,-0.727917027872977,0.6409375,0.0,2.5,0.8699845191949109
5.646111478514713,-0.7179170278729772,0.6409375,0.0,2.5,0.8698686634241758
5.646111478514713,-0.7079170278729774,0.6409375,0.0,2.5,0.8708441549537812
5.646111478514713,-0.6979170278729776,0.6409375,0.0,2.5,0.874124137959126
5.646111478514713,-0.6879170278729778,0.6409375,0.0,2.5,0.8758153511507729
5.646111478514713,-0.677917027872978,0.6409375,0.0,2.5,0.8694074767637481
5.646111478514713,-0.6679170278729782,0.6409375,0.0,2.5,0.8664484082852827
5.646111478514713,-0.6579170278729785,0.6409375,0.0,2.5,0.8647595029416878
5.646111478514713,-0.6479170278729787,0.6409375,0.0,2.5,0.828364180725757
5.646111478514713,-0.6379170278729789,0.6409375,0.0,2.5,0.8250433567857649
5.646111478514713,-0.6279170278729791,0.6409375,0.0,2.5,0.8205933732404712
5.646111478514713,-0.6179170278729793,0.6409375,0.0,2.5,0.8221280954626932
5.646111478514713,-0.6079170278729795,0.6409375,0.0,2.5,0.83273476070936
5.646111478514713,-0.5979170278729797,0.6970270270270269,0.0,2.5,0.8233407320864621
5.646111478514713,-0.58791702787298,0.6970270270270269,0.0,2.5,0.8227453154706625
5.646111478514713,-0.5779170278729802,0.6970270270270269,0.0,2.5,0.8131607136697323
5.646111478514713,-0.5679170278729804,0.6970270270270269,0.0,2.5,0.8165059876506674
5.646111478514713,-0.5579170278729806,0.7038888888888889,0.0,2.5,0.808443322664546
5.646111478514713,-0.5479170278729808,0.7391525423728812,0.0,2.5,0.7913703780668508
5.646111478514713,-0.537917027872981,0.7391525423728812,0.0,2.5,0.797847945052541
5.646111478514713,-0.5279170278729812,0.7391525423728812,0.0,2.5,0.8022755061764435
5.646111478514713,-0.5179170278729814,0.7391525423728812,0.0,2.5,0.7986968775402646
5.646111478514713,-0.5079170278729817,0.7391525423728812,0.0,2.5,0.7998165073093151
5.646111478514713,-0.49791702787298187,0.7391525423728812,0.0,2.5,0.79377699550397
5.646111478514713,-0.4879170278729821,0.7391525423728812,0.0,2.5,0.7516112859643186
5.656111478514712,-1.8179170278729537,1.4487500000000002,0.0,2.5,0.6672530851505281
5.656111478514712,-1.807917027872954,1.4487500000000002,0.0,2.5,0.6485912138499791
5.656111478514712,-1.7979170278729542,1.4487500000000002,0.0,2.5,0.6618296959635146
5.656111478514712,-1.7879170278729544,1.4487500000000002,0.0,2.5,0.653988796377878
5.656111478514712,-1.7779170278729546,0.9069439818398437,0.0,2.5,0.6576526744562854
5.656111478514712,-1.7679170278729548,0.7391525423728812,0.0,2.5,0.6626077173323013
5.656111478514712,-1.757917027872955,0.7391525423728812,0.0,2.5,0.6655771920398251
5.656111478514712,-1.7479170278729552,0.7391525423728812,0.0,2.5,0.6604147223695885
5.656111478514712,-1.7379170278729554,0.7391525423728812,0.0,2.5,0.6655771920398251
5.656111478514712,-1.7279170278729556,0.7391525423728812,0.0,2.5,0.6842722218511309
5.656111478514712,-1.7179170278729559,0.7391525423728812,0.0,2.5,0.672538152604032
5.656111478514712,-1.707917027872956,0.7391525423728812,0.0,2.5,0.6768126213629637
5.656111478514712,-1.6979170278729563,0.7391525423728812,0.0,2.5,0.6923204887936921
5.656111478514712,-1.6879170278729565,0.7391525423728812,0.0,2.5,0.6919900274080043
5.656111478514712,-1.6779170278729567,0.7391525423728812,0.0,2.5,0.6848284719978857
5.656111478514712,-1.667917027872957,0.7391525423728812,0.0,2.5,0.6802621541517387
5.656111478514712,-1.6579170278729571,0.7391525423728812,0.0,2.5,0.6821949094633853
5.656111478514712,-1.6479170278729574,0.7038888888888889,0.0,2.5,0.7031308728438928
5.656111478514712,-1.6379170278729576,0.7038888888888889,0.0,2.5,0.7230571040688624
5.656111478514712,-1.6279170278729578,0.7391525423728812,0.0,2.5,0.7136567972740533
5.656111478514712,-1.617917027872958,0.7391525423728812,0.0,2.5,0.721595942658442
5.656111478514712,-1.6079170278729582,0.6970270270270269,0.0,2.5,0.794289803065151
5.656111478514712,-1.5979170278729584,0.6970270270270269,0.0,2.5,0.8289531510801886
5.656111478514712,-1.5879170278729586,0.6970270270270269,0.0,2.5,0.8315740424310374
5.656111478514712,-1.5779170278729588,0.6970270270270269,0.0,2.5,0.7960111860043197
5.656111478514712,-1.567917027872959,0.7038888888888889,0.0,2.5,0.724253576044575
5.656111478514712,-1.5579170278729593,0.6409375,0.0,2.5,0.8047261120345832
5.656111478514712,-1.5479170278729595,0.6804720182188357,0.0,2.5,0.7742191686735714
5.656111478514712,-1.5379170278729597,0.6409375,0.0,2.5,0.7971682995006858
5.656111478514712,-1.52791702787296,0.6409375,0.0,2.5,0.8064968757450064
5.656111478514712,-1.5179170278729601,0.6409375,0.0,2.5,0.7989525258515512
5.656111478514712,-1.5079170278729603,0.6409375,0.0,2.5,0.8074847702285729
5.656111478514712,-1.4979170278729605,0.6409375,0.0,2.5,0.8066761890568869
5.656111478514712,-1.4879170278729608,0.6409375,0.0,2.5,0.770832896669817
5.656111478514712,-1.477917027872961,0.6409375,0.0,2.5,0.8000599933517133
5.656111478514712,-1.4679170278729612,0.6409375,0.0,2.5,0.847855209637731
5.656111478514712,-1.4579170278729614,0.6409375,0.0,2.5,0.822013244465894
5.656111478514712,-1.4479170278729616,0.6409375,0.0,2.5,0.7790747366873653
5.656111478514712,-1.4379170278729618,0.6409375,0.0,2.5,0.802514967838044
5.656111478514712,-1.427917027872962,0.6409375,0.0,2.5,0.7918822240044647
5.656111478514712,-1.4179170278729623,0.6409375,0.0,2.5,0.7996347895057633
5.656111478514712,-1.4079170278729625,0.6409375,0.0,2.5,0.7900637474443133
5.656111478514712,-1.3979170278729627,0.6409375,0.0,2.5,0.8018094075510007
5.656111478514712,-1.387917027872963,0.6409375,0.0,2.5,0.8042820233616548
5.656111478514712,-1.377917027872963,0.6970270270270269,0.0,2.5,0.7860903976878313
5.656111478514712,-1.3679170278729633,0.6970270270270269,0.0,2.5,0.7697643830650459
5.656111478514712,-1.3579170278729635,0.7038888888888889,0.0,2.5,0.7436883527423352
5.656111478514712,-1.3479170278729637,0.7391525423728812,0.0,2.5,0.7264549009735014
5.656111478514712,-1.337917027872964,0.7391525423728812,0.0,2.5,0.6854002369741561
5.656111478514712,-1.3279170278729642,0.7391525423728812,0.0,2.5,0.6782783957523758
5.656111478514712,-1.3179170278729644,0.9333333333333335,0.0,2.5,0.6328561808336325
5.656111478514712,-1.3079170278729646,1.4487500000000002,0.0,2.5,0.638017186812275
5.656111478514712,-1.2979170278729648,1.90625,0.0,2.5,0.6173226853035857
5.656111478514712,-1.287917027872965,1.90625,0.0,2.5,0.6175314219926491
5.656111478514712,-1.2779170278729652,0.78,0.0,2.5,0.673702045673813
5.656111478514712,-1.2679170278729655,0.7391525423728812,0.0,2.5,0.7147083659602568
5.656111478514712,-1.2579170278729657,0.7391525423728812,0.0,2.5,0.7303908998120018
5.656111478514712,-1.2479170278729659,0.7391525423728812,0.0,2.5,0.730125083033694
5.656111478514712,-1.237917027872966,0.7391525423728812,0.0,2.5,0.7262471808019548
5.656111478514712,-1.2279170278729663,0.7391525423728812,0.0,2.5,0.7168676512717647
5.656111478514712,-1.2179170278729665,0.7038888888888889,0.0,2.5,0.7171058126836765
5.656111478514712,-1.2079170278729667,0.6970270270270269,0.0,2.5,0.7525768171411872
5.656111478514712,-1.197917027872967,0.6970270270270269,0.0,2.5,0.7256323788763528
5.656111478514712,-1.1879170278729672,0.6409375,0.0,2.5,0.7763253930087224
5.656111478514712,-1.1779170278729674,0.6409375,0.0,2.5,0.8362705515639496
5.656111478514712,-1.1679170278729676,0.6409375,0.0,2.5,0.8729109701684742
5.656111478514712,-1.1579170278729678,0.6409375,0.0,2.5,0.9364723800355835
5.656111478514712,-1.147917027872968,0.6409375,0.0,2.5,0.9450211454390942
5.656111478514712,-1.1379170278729682,0.6409375,0.0,2.5,0.8594392203594227
5.656111478514712,-1.1279170278729684,0.6409375,0.0,2.5,0.9143178818905964
5.656111478514712,-1.1179170278729686,0.6409375,0.0,2.5,0.9190158482891134
5.656111478514712,-1.1079170278729689,0.6409375,0.0,2.5,0.9187410742975171
5.656111478514712,-1.097917027872969,0.6409375,0.0,2.5,0.9230854463857442
5.656111478514712,-1.0879170278729693,0.6409375,0.0,2.5,0.924846020005772
5.656111478514712,-1.0779170278729695,0.6008,0.0,2.5,0.9386906705361118
5.656111478514712,-1.0679170278729697,0.6008,0.0,2.5,0.9402704876214778
5.656111478514712,-1.05791702787297,0.6008,0.0,2.5,0.9326198957719088
5.656111478514712,-1.0479170278729701,0.6409375,0.0,2.5,0.9396322627540108
5.656111478514712,-1.0379170278729704,0.6409375,0.0,2.5,0.9418797776028669
5.656111478514712,-1.0279170278729706,0.6409375,0.0,2.5,0.9351775406037856
5.656111478514712,-1.0179170278729708,0.6409375,0.0,2.5,0.9194937072535716
5.656111478514712,-1.007917027872971,0.6409375,0.0,2.5,0.9020399375732331
5.656111478514712,-0.9979170278729712,0.6409375,0.0,2.5,0.8841912413688608
5.656111478514712,-0.9879170278729714,0.6409375,0.0,2.5,0.8833092430108251
5.656111478514712,-0.9779170278729716,0.6409375,0.0,2.5,0.895589682765793
5.656111478514712,-0.9679170278729718,0.6409375,0.0,2.5,0.8966423947812564
5.656111478514712,-0.9579170278729721,0.6409375,0.0,2.5,0.9013917273969924
5.656111478514712,-0.9479170278729723,0.6008,0.0,2.5,0.9182429078688706
5.656111478514712,-0.9379170278729725,0.6409375,0.0,2.5,0.9011815658274303
5.656111478514712,-0.9279170278729727,0.6409375,0.0,2.5,0.94860642003043
5.656111478514712,-0.9179170278729729,0.6409375,0.0,2.5,0.9440454244385112
5.656111478514712,-0.9079170278729731,0.6409375,0.0,2.5,0.9417033913815457
5.656111478514712,-0.8979170278729733,0.6409375,0.0,2.5,0.9337266648108759
5.656111478514712,-0.8879170278729736,0.6409375,0.0,2.5,0.9369448748307444
5.656111478514712,-0.8779170278729738,0.6409375,0.0,2.5,0.9533445493991638
5.656111478514712,-0.867917027872974,0.6409375,0.0,2.5,0.9353674436958654
5.656111478514712,-0.8579170278729742,0.6409375,0.0,2.5,0.953201456690129
5.656111478514712,-0.8479170278729744,0.6409375,0.0,2.5,0.9321383104238438
5.656111478514712,-0.8379170278729746,0.6409375,0.0,2.5,0.9400831331681864
5.656111478514712,-0.8279170278729748,0.6409375,0.0,2.5,0.9317076439876776
5.656111478514712,-0.817917027872975,0.6409375,0.0,2.5,0.9319521742322078
5.656111478514712,-0.8079170278729753,0.6409375,0.0,2.5,0.9288633711434049
5.656111478514712,-0.7979170278729755,0.6409375,0.0,2.5,0.9234104319938229
5.656111478514712,-0.7879170278729757,0.6409375,0.0,2.5,0.9038244430979482
5.656111478514712,-0.7779170278729759,0.6409375,0.0,2.5,0.899381270942924
5.656111478514712,-0.7679170278729761,0.6409375,0.0,2.5,0.90500558272162
5.656111478514712,-0.7579170278729763,0.6409375,0.0,2.5,0.9087266373563944
5.656111478514712,-0.7479170278729765,0.6409375,0.0,2.5,0.9098936493044486
5.656111478514712,-0.7379170278729767,0.6409375,0.0,2.5,0.8846355242253457
5.656111478514712,-0.727917027872977,0.6409375,0.0,2.5,0.8665313412279322
5.656111478514712,-0.7179170278729772,0.6409375,0.0,2.5,0.8636716789577482
5.656111478514712,-0.7079170278729774,0.6409375,0.0,2.5,0.8616435569057062
5.656111478514712,-0.6979170278729776,0.6409375,0.0,2.5,0.8677331131880499
5.656111478514712,-0.6879170278729778,0.6409375,0.0,2.5,0.8725478184156166
5.656111478514712,-0.677917027872978,0.6409375,0.0,2.5,0.8665635453545592
5.656111478514712,-0.6679170278729782,0.6409375,0.0,2.5,0.8676718289866233
5.656111478514712,-0.6579170278729785,0.6409375,0.0,2.5,0.8645683801639874
5.656111478514712,-0.6479170278729787,0.6409375,0.0,2.5,0.8660252646563936
5.656111478514712,-0.6379170278729789,0.6409375,0.0,2.5,0.8605540496409242
5.656111478514712,-0.6279170278729791,0.6409375,0.0,2.5,0.828728564511383
5.656111478514712,-0.6179170278729793,0.6409375,0.0,2.5,0.825777024752108
5.656111478514712,-0.6079170278729795,0.6409375,0.0,2.5,0.8257750984922053
5.656111478514712,-0.5979170278729797,0.6970270270270269,0.0,2.5,0.8152379218721438
5.656111478514712,-0.58791702787298,0.6970270270270269,0.0,2.5,0.8234520110508958
5.656111478514712,-0.5779170278729802,0.6970270270270269,0.0,2.5,0.8230902103796712
5.656111478514712,-0.5679170278729804,0.6970270270270269,0.0,2.5,0.8133960946667533
5.656111478514712,-0.5579170278729806,0.7038888888888889,0.0,2.5,0.8020956979005887
5.656111478514712,-0.5479170278729808,0.7038888888888889,0.0,2.5,0.7968922337385265
5.656111478514712,-0.537917027872981,0.7391525423728812,0.0,2.5,0.7937625592386829
5.656111478514712,-0.5279170278729812,0.7391525423728812,0.0,2.5,0.800127346867594
5.656111478514712,-0.5179170278729814,0.7391525423728812,0.0,2.5,0.80012061352785
5.656111478514712,-0.5079170278729817,0.7391525423728812,0.0,2.5,0.8000664640448427
5.656111478514712,-0.49791702787298187,0.7391525423728812,0.0,2.5,0.7483313067831837
5.666111478514712,-1.8179170278729537,1.4487500000000002,0.0,2.5,0.6467644775611433
5.666111478514712,-1.807917027872954,1.4487500000000002,0.0,2.5,0.6254358861355818
5.666111478514712,-1.7979170278729542,1.4487500000000002,0.0,2.5,0.6349137305004979
5.666111478514712,-1.7879170278729544,0.9333333333333335,0.0,2.5,0.6479846342042926
5.666111478514712,-1.7779170278729546,0.78,0.0,2.5,0.6554340543470268
5.666111478514712,-1.7679170278729548,0.7391525423728812,0.0,2.5,0.6565947019412107
5.666111478514712,-1.757917027872955,0.7391525423728812,0.0,2.5,0.6629704063007861
5.666111478514712,-1.7479170278729552,0.7391525423728812,0.0,2.5,0.6646370729674527
5.666111478514712,-1.7379170278729554,0.7391525423728812,0.0,2.5,0.6663267394014216
5.666111478514712,-1.7279170278729556,0.7391525423728812,0.0,2.5,0.6711043673111001
5.666111478514712,-1.7179170278729559,0.7391525423728812,0.0,2.5,0.6819455400784563
5.666111478514712,-1.707917027872956,0.7038888888888889,0.0,2.5,0.6977974845497038
5.666111478514712,-1.6979170278729563,0.7391525423728812,0.0,2.5,0.67965313639281
5.666111478514712,-1.6879170278729565,0.7391525423728812,0.0,2.5,0.6595460499904756
5.666111478514712,-1.6779170278729567,0.7038888888888889,0.0,2.5,0.6780426670678656
5.666111478514712,-1.667917027872957,0.7038888888888889,0.0,2.5,0.6742341537348443
5.666111478514712,-1.6579170278729571,0.7038888888888889,0.0,2.5,0.6969054420917588
5.666111478514712,-1.6479170278729574,0.7038888888888889,0.0,2.5,0.7195270395668412
5.666111478514712,-1.6379170278729576,0.7038888888888889,0.0,2.5,0.70518920138416
5.666111478514712,-1.6279170278729578,0.7038888888888889,0.0,2.5,0.7073412089315184
5.666111478514712,-1.617917027872958,0.6970270270270269,0.0,2.5,0.7766159896065914
5.666111478514712,-1.6079170278729582,0.6970270270270269,0.0,2.5,0.8106445886207171
5.666111478514712,-1.5979170278729584,0.6970270270270269,0.0,2.5,0.8262657779145826
5.666111478514712,-1.5879170278729586,0.7038888888888889,0.0,2.5,0.7520923811479311
5.666111478514712,-1.5779170278729588,0.7038888888888889,0.0,2.5,0.7327670024842201
5.666111478514712,-1.567917027872959,0.6970270270270269,0.0,2.5,0.7860906291300978
5.666111478514712,-1.5579170278729593,0.6970270270270269,0.0,2.5,0.7765840017931736
5.666111478514712,-1.5479170278729595,0.6409375,0.0,2.5,0.8026483779312128
5.666111478514712,-1.5379170278729597,0.6409375,0.0,2.5,0.800868765887439
5.666111478514712,-1.52791702787296,0.6409375,0.0,2.5,0.800473054217133
5.666111478514712,-1.5179170278729601,0.6409375,0.0,2.5,0.8041958553195682
5.666111478514712,-1.5079170278729603,0.6409375,0.0,2.5,0.8071760819901231
5.666111478514712,-1.4979170278729605,0.6409375,0.0,2.5,0.8016452157047195
5.666111478514712,-1.4879170278729608,0.6409375,0.0,2.5,0.7863605009511909
5.666111478514712,-1.477917027872961,0.6409375,0.0,2.5,0.8391886255361068
5.666111478514712,-1.4679170278729612,0.6409375,0.0,2.5,0.8440154951816984
5.666111478514712,-1.4579170278729614,0.6409375,0.0,2.5,0.8271400646618381
5.666111478514712,-1.4479170278729616,0.6409375,0.0,2.5,0.777773978888561
5.666111478514712,-1.4379170278729618,0.6409375,0.0,2.5,0.7849333502005443
5.666111478514712,-1.427917027872962,0.6409375,0.0,2.5,0.7769759295300291
5.666111478514712,-1.4179170278729623,0.6409375,0.0,2.5,0.7936176900580908
5.666111478514712,-1.4079170278729625,0.6409375,0.0,2.5,0.7880993000059032
5.666111478514712,-1.3979170278729627,0.6409375,0.0,2.5,0.8023895052971826
5.666111478514712,-1.387917027872963,0.6409375,0.0,2.5,0.7985539543486759
5.666111478514712,-1.377917027872963,0.6970270270270269,0.0,2.5,0.7853049729397986
5.666111478514712,-1.3679170278729633,0.6970270270270269,0.0,2.5,0.7557960770933019
5.666111478514712,-1.3579170278729635,0.7038888888888889,0.0,2.5,0.7359979567358697
5.666111478514712,-1.3479170278729637,0.7391525423728812,0.0,2.5,0.7147165256277339
5.666111478514712,-1.337917027872964,0.7391525423728812,0.0,2.5,0.6821435896558944
5.666111478514712,-1.3279170278729642,0.7391525423728812,0.0,2.5,0.6706637631325855
5.666111478514712,-1.3179170278729644,0.9333333333333335,0.0,2.5,0.6348790182886908
5.666111478514712,-1.3079170278729646,1.4487500000000002,0.0,2.5,0.6224911833296415
5.666111478514712,-1.2979170278729648,1.90625,0.0,2.5,0.6129385981356645
5.666111478514712,-1.287917027872965,1.90625,0.0,2.5,0.6286479529972908
5.666111478514712,-1.2779170278729652,0.9333333333333335,0.0,2.5,0.6753724231612294
5.666111478514712,-1.2679170278729655,0.7391525423728812,0.0,2.5,0.7205924540993239
5.666111478514712,-1.2579170278729657,0.7391525423728812,0.0,2.5,0.7195472520513292
5.666111478514712,-1.2479170278729659,0.7391525423728812,0.0,2.5,0.723884687344749
5.666111478514712,-1.237917027872966,0.7391525423728812,0.0,2.5,0.7210158305924549
5.666111478514712,-1.2279170278729663,0.7391525423728812,0.0,2.5,0.7129970042852288
5.666111478514712,-1.2179170278729665,0.7038888888888889,0.0,2.5,0.7385111248629697
5.666111478514712,-1.2079170278729667,0.6970270270270269,0.0,2.5,0.7511531902050292
5.666111478514712,-1.197917027872967,0.6970270270270269,0.0,2.5,0.7573413305558582
5.666111478514712,-1.1879170278729672,0.6970270270270269,0.0,2.5,0.730680083491932
5.666111478514712,-1.1779170278729674,0.6970270270270269,0.0,2.5,0.7164232816305388
5.666111478514712,-1.1679170278729676,0.6409375,0.0,2.5,0.8310311396275932
5.666111478514712,-1.1579170278729678,0.6409375,0.0,2.5,0.8641538985904036
5.666111478514712,-1.147917027872968,0.6409375,0.0,2.5,0.8520674741817525
5.666111478514712,-1.1379170278729682,0.6409375,0.0,2.5,0.7613967445114883
5.666111478514712,-1.1279170278729684,0.6409375,0.0,2.5,0.8391566929356163
5.666111478514712,-1.1179170278729686,0.6409375,0.0,2.5,0.8322621127939084
5.666111478514712,-1.1079170278729689,0.6409375,0.0,2.5,0.8461813414234562
5.666111478514712,-1.097917027872969,0.6409375,0.0,2.5,0.8298509299412788
5.666111478514712,-1.0879170278729693,0.6409375,0.0,2.5,0.8339769405383898
5.666111478514712,-1.0779170278729695,0.6409375,0.0,2.5,0.8441996314280203
5.666111478514712,-1.0679170278729697,0.6409375,0.0,2.5,0.8500202163160502
5.666111478514712,-1.05791702787297,0.6409375,0.0,2.5,0.8702878423929022
5.666111478514712,-1.0479170278729701,0.6409375,0.0,2.5,0.8884087727195283
5.666111478514712,-1.0379170278729704,0.6409375,0.0,2.5,0.8779691182648232
5.666111478514712,-1.0279170278729706,0.6409375,0.0,2.5,0.8691430009716277
5.666111478514712,-1.0179170278729708,0.6409375,0.0,2.5,0.8591800462843294
5.666111478514712,-1.007917027872971,0.6409375,0.0,2.5,0.870217818053268
5.666111478514712,-0.9979170278729712,0.6409375,0.0,2.5,0.8478896368404576
5.666111478514712,-0.9879170278729714,0.6409375,0.0,2.5,0.9110820781942317
5.666111478514712,-0.9779170278729716,0.6409375,0.0,2.5,0.9157596541839873
5.666111478514712,-0.9679170278729718,0.6409375,0.0,2.5,0.9073177009492408
5.666111478514712,-0.9579170278729721,0.6008,0.0,2.5,0.9277792170285099
5.666111478514712,-0.9479170278729723,0.6409375,0.0,2.5,0.887956593800284
5.666111478514712,-0.9379170278729725,0.6409375,0.0,2.5,0.9076938763532858
5.666111478514712,-0.9279170278729727,0.6409375,0.0,2.5,0.9250466965157749
5.666111478514712,-0.9179170278729729,0.6409375,0.0,2.5,0.9365376740994176
5.666111478514712,-0.9079170278729731,0.6409375,0.0,2.5,0.9433700580482124
5.666111478514712,-0.8979170278729733,0.6409375,0.0,2.5,0.9357423984930214
5.666111478514712,-0.8879170278729736,0.6409375,0.0,2.5,0.9367078095379817
5.666111478514712,-0.8779170278729738,0.6409375,0.0,2.5,0.9532126049547193
5.666111478514712,-0.867917027872974,0.6409375,0.0,2.5,0.9495702553045836
5.666111478514712,-0.8579170278729742,0.6409375,0.0,2.5,0.944148680380902
5.666111478514712,-0.8479170278729744,0.6409375,0.0,2.5,0.9404329947770492
5.666111478514712,-0.8379170278729746,0.6409375,0.0,2.5,0.9391933784256806
5.666111478514712,-0.8279170278729748,0.6409375,0.0,2.5,0.9274684866882933
5.666111478514712,-0.817917027872975,0.6409375,0.0,2.5,0.9214298640340882
5.666111478514712,-0.8079170278729753,0.6409375,0.0,2.5,0.9203439022517834
5.666111478514712,-0.7979170278729755,0.6409375,0.0,2.5,0.9299587469570444
5.666111478514712,-0.7879170278729757,0.6409375,0.0,2.5,0.9238355677146791
5.666111478514712,-0.7779170278729759,0.6409375,0.0,2.5,0.9205831620873863
5.666111478514712,-0.7679170278729761,0.6409375,0.0,2.5,0.9148919426705792
5.666111478514712,-0.7579170278729763,0.6409375,0.0,2.5,0.9094887564788636
5.666111478514712,-0.7479170278729765,0.6409375,0.0,2.5,0.9159244482179709
5.666111478514712,-0.7379170278729767,0.6409375,0.0,2.5,0.8854757681829922
5.666111478514712,-0.727917027872977,0.6409375,0.0,2.5,0.8705891148091137
5.666111478514712,-0.7179170278729772,0.6409375,0.0,2.5,0.856124506786978
5.666111478514712,-0.7079170278729774,0.6409375,0.0,2.5,0.8666635857485276
5.666111478514712,-0.6979170278729776,0.6409375,0.0,2.5,0.8660905696746537
5.666111478514712,-0.6879170278729778,0.6409375,0.0,2.5,0.8616636469460847
5.666111478514712,-0.677917027872978,0.6409375,0.0,2.5,0.8609007660249235
5.666111478514712,-0.6679170278729782,0.6409375,0.0,2.5,0.8543003801046382
5.666111478514712,-0.6579170278729785,0.6409375,0.0,2.5,0.8645467854892911
5.666111478514712,-0.6479170278729787,0.6409375,0.0,2.5,0.8692201492906423
5.666111478514712,-0.6379170278729789,0.6409375,0.0,2.5,0.8671280430306126
5.666111478514712,-0.6279170278729791,0.6409375,0.0,2.5,0.8229509979043338
5.666111478514712,-0.6179170278729793,0.6409375,0.0,2.5,0.8180441930154654
5.666111478514712,-0.6079170278729795,0.6409375,0.0,2.5,0.8233986642404735
5.666111478514712,-0.5979170278729797,0.6409375,0.0,2.5,0.8165084816135367
5.666111478514712,-0.58791702787298,0.6409375,0.0,2.5,0.8392111008171572
5.666111478514712,-0.5779170278729802,0.6970270270270269,0.0,2.5,0.8103448037403944
5.666111478514712,-0.5679170278729804,0.6970270270270269,0.0,2.5,0.8168387009536849
5.666111478514712,-0.5579170278729806,0.6970270270270269,0.0,2.5,0.8035236765256374
5.666111478514712,-0.5479170278729808,0.7038888888888889,0.0,2.5,0.8006179550818626
5.666111478514712,-0.537917027872981,0.7038888888888889,0.0,2.5,0.7971443286509695
5.666111478514712,-0.5279170278729812,0.7391525423728812,0.0,2.5,0.7930356146123302
5.666111478514712,-0.5179170278729814,0.7391525423728812,0.0,2.5,0.7976955084492132
5.666111478514712,-0.5079170278729817,0.7391525423728812,0.0,2.5,0.7842900344026832
5.676111478514712,-1.807917027872954,1.4487500000000002,0.0,2.5,0.6231684163940343
5.676111478514712,-1.7979170278729542,1.4487500000000002,0.0,2.5,0.6334411287940589
5.676111478514712,-1.7879170278729544,1.4487500000000002,0.0,2.5,0.6276439071267447
5.676111478514712,-1.7779170278729546,0.9333333333333335,0.0,2.5,0.6290805702483547
5.676111478514712,-1.7679170278729548,0.7547750274579476,0.0,2.5,0.6304405355497125
5.676111478514712,-1.757917027872955,0.7391525423728812,0.0,2.5,0.6304405355497125
5.676111478514712,-1.7479170278729552,0.7391525423728812,0.0,2.5,0.6396238201216443
5.676111478514712,-1.7379170278729554,0.7391525423728812,0.0,2.5,0.6438380276159038
5.676111478514712,-1.7279170278729556,0.7391525423728812,0.0,2.5,0.6572676073774201
5.676111478514712,-1.7179170278729559,0.7391525423728812,0.0,2.5,0.6847132609352543
5.676111478514712,-1.707917027872956,0.7391525423728812,0.0,2.5,0.6678251166891499
5.676111478514712,-1.6979170278729563,0.7038888888888889,0.0,2.5,0.6715387786192418
5.676111478514712,-1.6879170278729565,0.7038888888888889,0.0,2.5,0.657267427854992
5.676111478514712,-1.6779170278729567,0.7038888888888889,0.0,2.5,0.6556910949761722
5.676111478514712,-1.667917027872957,0.6970270270270269,0.0,2.5,0.6946926053832281
5.676111478514712,-1.6579170278729571,0.6970270270270269,0.0,2.5,0.7084383302630292
5.676111478514712,-1.6479170278729574,0.7038888888888889,0.0,2.5,0.7022398480254075
5.676111478514712,-1.6379170278729576,0.7038888888888889,0.0,2.5,0.6978037268612386
5.676111478514712,-1.6279170278729578,0.6970270270270269,0.0,2.5,0.7671933150614849
5.676111478514712,-1.617917027872958,0.6970270270270269,0.0,2.5,0.8059460796625869
5.676111478514712,-1.6079170278729582,0.6970270270270269,0.0,2.5,0.7819933316331796
5.676111478514712,-1.5979170278729584,0.7391525423728812,0.0,2.5,0.7179830887262935
5.676111478514712,-1.5879170278729586,0.7038888888888889,0.0,2.5,0.7478181812487861
5.676111478514712,-1.5779170278729588,0.6970270270270269,0.0,2.5,0.7942978170662414
5.676111478514712,-1.567917027872959,0.6970270270270269,0.0,2.5,0.7979690056208874
5.676111478514712,-1.5579170278729593,0.6970270270270269,0.0,2.5,0.8025796521088777
5.676111478514712,-1.5479170278729595,0.6409375,0.0,2.5,0.8052708558007251
5.676111478514712,-1.5379170278729597,0.6409375,0.0,2.5,0.8070694669118362
5.676111478514712,-1.52791702787296,0.6409375,0.0,2.5,0.8138224588221055
5.676111478514712,-1.5179170278729601,0.6409375,0.0,2.5,0.8091285854965815
5.676111478514712,-1.5079170278729603,0.6409375,0.0,2.5,0.7889194911787097
5.676111478514712,-1.4979170278729605,0.6409375,0.0,2.5,0.7778633254039159
5.676111478514712,-1.4879170278729608,0.6409375,0.0,2.5,0.7904308961012243
5.676111478514712,-1.477917027872961,0.6409375,0.0,2.5,0.7859170730235288
5.676111478514712,-1.4679170278729612,0.6409375,0.0,2.5,0.8290574028096115
5.676111478514712,-1.4579170278729614,0.6409375,0.0,2.5,0.8243845618865993
5.676111478514712,-1.4479170278729616,0.6409375,0.0,2.5,0.8051880086324136
5.676111478514712,-1.4379170278729618,0.6409375,0.0,2.5,0.7810952064794373
5.676111478514712,-1.427917027872962,0.6409375,0.0,2.5,0.791688879161349
5.676111478514712,-1.4179170278729623,0.6409375,0.0,2.5,0.7937313756309586
5.676111478514712,-1.4079170278729625,0.6409375,0.0,2.5,0.7790345264530888
5.676111478514712,-1.3979170278729627,0.6409375,0.0,2.5,0.7999647327363123
5.676111478514712,-1.387917027872963,0.6409375,0.0,2.5,0.8018014563791706
5.676111478514712,-1.377917027872963,0.6970270270270269,0.0,2.5,0.7875338657370085
5.676111478514712,-1.3679170278729633,0.6970270270270269,0.0,2.5,0.7434551140224139
5.676111478514712,-1.3579170278729635,0.7038888888888889,0.0,2.5,0.7336469747656094
5.676111478514712,-1.3479170278729637,0.7391525423728812,0.0,2.5,0.7030036033582842
5.676111478514712,-1.337917027872964,0.7391525423728812,0.0,2.5,0.6903076416284029
5.676111478514712,-1.3279170278729642,0.7391525423728812,0.0,2.5,0.6625167611754118
5.676111478514712,-1.3179170278729644,1.4487500000000002,0.0,2.5,0.6148717773494319
5.676111478514712,-1.3079170278729646,1.4487500000000002,0.0,2.5,0.622452816659013
5.676111478514712,-1.2979170278729648,1.90625,0.0,2.5,0.6111054828153197
5.676111478514712,-1.287917027872965,1.90625,0.0,2.5,0.6324614493452426
5.676111478514712,-1.2779170278729652,0.9333333333333335,0.0,2.5,0.6706873840860985
5.676111478514712,-1.2679170278729655,0.7391525423728812,0.0,2.5,0.7221931026186987
5.676111478514712,-1.2579170278729657,0.7391525423728812,0.0,2.5,0.7200642273797929
5.676111478514712,-1.2479170278729659,0.7391525423728812,0.0,2.5,0.7129991529441818
5.676111478514712,-1.237917027872966,0.7391525423728812,0.0,2.5,0.7036230412822816
5.676111478514712,-1.2279170278729663,0.7391525423728812,0.0,2.5,0.7040542358358428
5.676111478514712,-1.2179170278729665,0.7038888888888889,0.0,2.5,0.7416138132916948
5.676111478514712,-1.2079170278729667,0.6970270270270269,0.0,2.5,0.7574775220462119
5.676111478514712,-1.197917027872967,0.6970270270270269,0.0,2.5,0.7610086303701978
5.676111478514712,-1.1879170278729672,0.6970270270270269,0.0,2.5,0.763896305490345
5.676111478514712,-1.1779170278729674,0.6409375,0.0,2.5,0.7691165927397204
5.676111478514712,-1.1679170278729676,0.6409375,0.0,2.5,0.7470397762413389
5.676111478514712,-1.1579170278729678,0.6409375,0.0,2.5,0.804733669344156
5.676111478514712,-1.147917027872968,0.6409375,0.0,2.5,0.8395471249667736
5.676111478514712,-1.1379170278729682,0.6409375,0.0,2.5,0.8100833231654754
5.676111478514712,-1.1279170278729684,0.6409375,0.0,2.5,0.8437180723085845
5.676111478514712,-1.1179170278729686,0.6409375,0.0,2.5,0.8512902352158324
5.676111478514712,-1.1079170278729689,0.6409375,0.0,2.5,0.8546165867319614
5.676111478514712,-1.097917027872969,0.6409375,0.0,2.5,0.863789080637635
5.676111478514712,-1.0879170278729693,0.6409375,0.0,2.5,0.8652005307790853
5.676111478514712,-1.0779170278729695,0.6409375,0.0,2.5,0.8585169905148159
5.676111478514712,-1.0679170278729697,0.6409375,0.0,2.5,0.8388507425628255
5.676111478514712,-1.05791702787297,0.6409375,0.0,2.5,0.8085936539473064
5.676111478514712,-1.0479170278729701,0.6409375,0.0,2.5,0.8048239603646176
5.676111478514712,-1.0379170278729704,0.6409375,0.0,2.5,0.8281152501551173
5.676111478514712,-1.0279170278729706,0.6409375,0.0,2.5,0.8405609049622285
5.676111478514712,-1.0179170278729708,0.6409375,0.0,2.5,0.8813735714439649
5.676111478514712,-1.007917027872971,0.6409375,0.0,2.5,0.8767346456659213
5.676111478514712,-0.9979170278729712,0.6409375,0.0,2.5,0.9188851524468356
5.676111478514712,-0.9879170278729714,0.6409375,0.0,2.5,0.9263510629912167
5.676111478514712,-0.9779170278729716,0.6409375,0.0,2.5,0.9185724669323533
5.676111478514712,-0.9679170278729718,0.6409375,0.0,2.5,0.9211754725519018
5.676111478514712,-0.9579170278729721,0.6008,0.0,2.5,0.9324249810164635
5.676111478514712,-0.9479170278729723,0.6409375,0.0,2.5,0.9114412097913002
5.676111478514712,-0.9379170278729725,0.6409375,0.0,2.5,0.8941463279981364
5.676111478514712,-0.9279170278729727,0.6409375,0.0,2.5,0.9204864729012858
5.676111478514712,-0.9179170278729729,0.6409375,0.0,2.5,0.9283856832955206
5.676111478514712,-0.9079170278729731,0.6409375,0.0,2.5,0.9313191576412885
5.676111478514712,-0.8979170278729733,0.6409375,0.0,2.5,0.9352172038093006
5.676111478514712,-0.8879170278729736,0.6409375,0.0,2.5,0.9348583321494902
5.676111478514712,-0.8779170278729738,0.6409375,0.0,2.5,0.9431917190355854
5.676111478514712,-0.867917027872974,0.6409375,0.0,2.5,0.9472634144922936
5.676111478514712,-0.8579170278729742,0.6409375,0.0,2.5,0.9423481226069615
5.676111478514712,-0.8479170278729744,0.6409375,0.0,2.5,0.9442332025869816
5.676111478514712,-0.8379170278729746,0.6409375,0.0,2.5,0.9201912987196332
5.676111478514712,-0.8279170278729748,0.6409375,0.0,2.5,0.9120917701111818
5.676111478514712,-0.817917027872975,0.6409375,0.0,2.5,0.9095511737386713
5.676111478514712,-0.8079170278729753,0.6409375,0.0,2.5,0.9113804386096027
5.676111478514712,-0.7979170278729755,0.6409375,0.0,2.5,0.9191610256652502
5.676111478514712,-0.7879170278729757,0.6409375,0.0,2.5,0.918285084325575
5.676111478514712,-0.7779170278729759,0.6409375,0.0,2.5,0.9209912948704063
5.676111478514712,-0.7679170278729761,0.6409375,0.0,2.5,0.9224134312925427
5.676111478514712,-0.7579170278729763,0.6409375,0.0,2.5,0.9213051961634743
5.676111478514712,-0.7479170278729765,0.6409375,0.0,2.5,0.9205831620873863
5.676111478514712,-0.7379170278729767,0.6409375,0.0,2.5,0.8815781560588708
5.676111478514712,-0.727917027872977,0.6409375,0.0,2.5,0.8705679670870319
5.676111478514712,-0.7179170278729772,0.6409375,0.0,2.5,0.8722064835260814
5.676111478514712,-0.7079170278729774,0.6409375,0.0,2.5,0.8514203285694283
5.676111478514712,-0.6979170278729776,0.6409375,0.0,2.5,0.8541952303651633
5.676111478514712,-0.6879170278729778,0.6409375,0.0,2.5,0.858990383135955
5.676111478514712,-0.677917027872978,0.6409375,0.0,2.5,0.8607487634940237
5.676111478514712,-0.6679170278729782,0.6409375,0.0,2.5,0.875894966512979
5.676111478514712,-0.6579170278729785,0.6409375,0.0,2.5,0.868425599289403
5.676111478514712,-0.6479170278729787,0.6409375,0.0,2.5,0.8520892592714451
5.676111478514712,-0.6379170278729789,0.6409375,0.0,2.5,0.8385620631357468
5.676111478514712,-0.6279170278729791,0.6409375,0.0,2.5,0.8361461469891035
5.676111478514712,-0.6179170278729793,0.6409375,0.0,2.5,0.8425516183456335
5.676111478514712,-0.6079170278729795,0.6409375,0.0,2.5,0.8811968831933313
5.676111478514712,-0.5979170278729797,0.6409375,0.0,2.5,0.8810649387488869
5.676111478514712,-0.58791702787298,0.6409375,0.0,2.5,0.865499617346781
5.676111478514712,-0.5779170278729802,0.6409375,0.0,2.5,0.8522893770351625
5.676111478514712,-0.5679170278729804,0.6970270270270269,0.0,2.5,0.8210725910180566
5.676111478514712,-0.5579170278729806,0.6970270270270269,0.0,2.5,0.818981081896659
5.676111478514712,-0.5479170278729808,0.6970270270270269,0.0,2.5,0.8218427504739335
5.676111478514712,-0.537917027872981,0.7038888888888889,0.0,2.5,0.7996164847207834
5.676111478514712,-0.5279170278729812,0.7391525423728812,0.0,2.5,0.7999107580668006
5.676111478514712,-0.5179170278729814,0.7391525423728812,0.0,2.5,0.7951388420641133
5.676111478514712,-0.5079170278729817,0.7391525423728812,0.0,2.5,0.7980680552393443
5.686111478514712,-1.807917027872954,0.871156080398499,0.0,2.5,0.6615204360720117
5.686111478514712,-1.7979170278729542,0.7391525423728812,0.0,2.5,0.6673461699241457
5.686111478514712,-1.7879170278729544,0.7391525423728812,0.0,2.5,0.6612220255207266
5.686111478514712,-1.7779170278729546,0.7391525423728812,0.0,2.5,0.6611473693321215
5.686111478514712,-1.7679170278729548,0.7391525423728812,0.0,2.5,0.6598293520287924
5.686111478514712,-1.757917027872955,0.7391525423728812,0.0,2.5,0.6600082253142688
5.686111478514712,-1.7479170278729552,0.7391525423728812,0.0,2.5,0.6548682934778608
5.686111478514712,-1.7379170278729554,0.7391525423728812,0.0,2.5,0.6372332084727483
5.686111478514712,-1.7279170278729556,0.7391525423728812,0.0,2.5,0.6537394746453864
5.686111478514712,-1.7179170278729559,0.7391525423728812,0.0,2.5,0.6586936881130656
5.686111478514712,-1.707917027872956,0.7038888888888889,0.0,2.5,0.6764572157113555
5.686111478514712,-1.6979170278729563,0.7038888888888889,0.0,2.5,0.6567193360364895
5.686111478514712,-1.6879170278729565,0.7038888888888889,0.0,2.5,0.6528825768081301
5.686111478514712,-1.6779170278729567,0.6970270270270269,0.0,2.5,0.672655129781151
5.686111478514712,-1.667917027872957,0.6970270270270269,0.0,2.5,0.7048655896946067
5.686111478514712,-1.6579170278729571,0.6970270270270269,0.0,2.5,0.6905145102368669
5.686111478514712,-1.6479170278729574,0.6970270270270269,0.0,2.5,0.6935044734848584
5.686111478514712,-1.6379170278729576,0.6970270270270269,0.0,2.5,0.7561612826394385
5.686111478514712,-1.6279170278729578,0.6409375,0.0,2.5,0.8043005276765495
5.686111478514712,-1.617917027872958,0.6970270270270269,0.0,2.5,0.7464988283177587
5.686111478514712,-1.6079170278729582,0.7038888888888889,0.0,2.5,0.7239734989750184
5.686111478514712,-1.5979170278729584,0.7038888888888889,0.0,2.5,0.7448132577115586
5.686111478514712,-1.5879170278729586,0.6970270270270269,0.0,2.5,0.7942840046470792
5.686111478514712,-1.5779170278729588,0.6970270270270269,0.0,2.5,0.782665915890012
5.686111478514712,-1.567917027872959,0.6970270270270269,0.0,2.5,0.7821443142632424
5.686111478514712,-1.5579170278729593,0.6970270270270269,0.0,2.5,0.7820858779461638
5.686111478514712,-1.5479170278729595,0.6970270270270269,0.0,2.5,0.7847437865457153
5.686111478514712,-1.5379170278729597,0.6409375,0.0,2.5,0.7895092076697328
5.686111478514712,-1.52791702787296,0.6409375,0.0,2.5,0.7799059037295035
5.686111478514712,-1.5179170278729601,0.6409375,0.0,2.5,0.7633022754636304
5.686111478514712,-1.5079170278729603,0.6409375,0.0,2.5,0.7646559991573052
5.686111478514712,-1.4979170278729605,0.6409375,0.0,2.5,0.7879735946957217
5.686111478514712,-1.4879170278729608,0.6409375,0.0,2.5,0.7851662140689774
5.686111478514712,-1.477917027872961,0.6409375,0.0,2.5,0.8298892220056832
5.686111478514712,-1.4679170278729612,0.6409375,0.0,2.5,0.8238372560122288
5.686111478514712,-1.4579170278729614,0.6409375,0.0,2.5,0.7792766176222788
5.686111478514712,-1.4479170278729616,0.6409375,0.0,2.5,0.8041218415172291
5.686111478514712,-1.4379170278729618,0.6409375,0.0,2.5,0.7942412831438328
5.686111478514712,-1.427917027872962,0.6409375,0.0,2.5,0.794000875891965
5.686111478514712,-1.4179170278729623,0.6409375,0.0,2.5,0.7915101941737067
5.686111478514712,-1.4079170278729625,0.6409375,0.0,2.5,0.7829812193857443
5.686111478514712,-1.3979170278729627,0.6409375,0.0,2.5,0.8050859593622284
5.686111478514712,-1.387917027872963,0.6409375,0.0,2.5,0.8033296471957648
5.686111478514712,-1.377917027872963,0.6970270270270269,0.0,2.5,0.775229599827595
5.686111478514712,-1.3679170278729633,0.6970270270270269,0.0,2.5,0.7569053284465169
5.686111478514712,-1.3579170278729635,0.7038888888888889,0.0,2.5,0.7420661873225196
5.686111478514712,-1.3479170278729637,0.7391525423728812,0.0,2.5,0.7061233704614467
5.686111478514712,-1.337917027872964,0.7391525423728812,0.0,2.5,0.6632276426026587
5.686111478514712,-1.3279170278729642,0.7391525423728812,0.0,2.5,0.6540407025791127
5.686111478514712,-1.3179170278729644,0.9333333333333335,0.0,2.5,0.6152336881819658
5.686111478514712,-1.3079170278729646,1.4487500000000002,0.0,2.5,0.6210096472251405
5.686111478514712,-1.2979170278729648,1.90625,0.0,2.5,0.6273123668553083
5.686111478514712,-1.287917027872965,1.4487500000000002,0.0,2.5,0.6442182732209196
5.686111478514712,-1.2779170278729652,0.9333333333333335,0.0,2.5,0.681972202620553
5.686111478514712,-1.2679170278729655,0.7391525423728812,0.0,2.5,0.713943415222875
5.686111478514712,-1.2579170278729657,0.7391525423728812,0.0,2.5,0.7147606848364146
5.686111478514712,-1.2479170278729659,0.7391525423728812,0.0,2.5,0.7050819789906702
5.686111478514712,-1.237917027872966,0.7391525423728812,0.0,2.5,0.7019193497405045
5.686111478514712,-1.2279170278729663,0.7391525423728812,0.0,2.5,0.7118141505662157
5.686111478514712,-1.2179170278729665,0.7038888888888889,0.0,2.5,0.7346388176497639
5.686111478514712,-1.2079170278729667,0.6970270270270269,0.0,2.5,0.7460527037017237
5.686111478514712,-1.197917027872967,0.6970270270270269,0.0,2.5,0.7522764630388876
5.686111478514712,-1.1879170278729672,0.6970270270270269,0.0,2.5,0.758952159364187
5.686111478514712,-1.1779170278729674,0.6409375,0.0,2.5,0.7905804837768263
5.686111478514712,-1.1679170278729676,0.6409375,0.0,2.5,0.79053753210817
5.686111478514712,-1.1579170278729678,0.6409375,0.0,2.5,0.8005909102587099
5.686111478514712,-1.147917027872968,0.6409375,0.0,2.5,0.8498929238471389
5.686111478514712,-1.1379170278729682,0.6409375,0.0,2.5,0.8607623642393314
5.686111478514712,-1.1279170278729684,0.6409375,0.0,2.5,0.8576864195798728
5.686111478514712,-1.1179170278729686,0.6409375,0.0,2.5,0.8583440042100687
5.686111478514712,-1.1079170278729689,0.6409375,0.0,2.5,0.8391852297828079
5.686111478514712,-1.097917027872969,0.6409375,0.0,2.5,0.8348605450596772
5.686111478514712,-1.0879170278729693,0.6409375,0.0,2.5,0.8312604113254557
5.686111478514712,-1.0779170278729695,0.6409375,0.0,2.5,0.8405957361829438
5.686111478514712,-1.0679170278729697,0.6409375,0.0,2.5,0.8535915865541142
5.686111478514712,-1.05791702787297,0.6409375,0.0,2.5,0.8505375758467186
5.686111478514712,-1.0479170278729701,0.6409375,0.0,2.5,0.8649359623371797
5.686111478514712,-1.0379170278729704,0.6409375,0.0,2.5,0.8563786326799008
5.686111478514712,-1.0279170278729706,0.6409375,0.0,2.5,0.846119931099187
5.686111478514712,-1.0179170278729708,0.6409375,0.0,2.5,0.8543756888419951
5.686111478514712,-1.007917027872971,0.6409375,0.0,2.5,0.8884503134400963
5.686111478514712,-0.9979170278729712,0.6409375,0.0,2.5,0.9213296824409087
5.686111478514712,-0.9879170278729714,0.6409375,0.0,2.5,0.9276760030391783
5.686111478514712,-0.9779170278729716,0.6409375,0.0,2.5,0.918782249106614
5.686111478514712,-0.9679170278729718,0.6409375,0.0,2.5,0.9121003121705428
5.686111478514712,-0.9579170278729721,0.6409375,0.0,2.5,0.9247496735061383
5.686111478514712,-0.9479170278729723,0.6409375,0.0,2.5,0.9306790783055134
5.686111478514712,-0.9379170278729725,0.6409375,0.0,2.5,0.9137800242309059
5.686111478514712,-0.9279170278729727,0.6409375,0.0,2.5,0.9222648447701363
5.686111478514712,-0.9179170278729729,0.6409375,0.0,2.5,0.9224836499990948
5.686111478514712,-0.9079170278729731,0.6409375,0.0,2.5,0.9223378273451314
5.686111478514712,-0.8979170278729733,0.6409375,0.0,2.5,0.9219074196604113
5.686111478514712,-0.8879170278729736,0.6409375,0.0,2.5,0.9236612561767009
5.686111478514712,-0.8779170278729738,0.6409375,0.0,2.5,0.9281883370209861
5.686111478514712,-0.867917027872974,0.6409375,0.0,2.5,0.9377275361583657
5.686111478514712,-0.8579170278729742,0.6409375,0.0,2.5,0.9322374179602976
5.686111478514712,-0.8479170278729744,0.6409375,0.0,2.5,0.9263103126408985
5.686111478514712,-0.8379170278729746,0.6409375,0.0,2.5,0.931996070808751
5.686111478514712,-0.8279170278729748,0.6409375,0.0,2.5,0.9184797255488538
5.686111478514712,-0.817917027872975,0.6409375,0.0,2.5,0.9037647233504733
5.686111478514712,-0.8079170278729753,0.6409375,0.0,2.5,0.8991756741143915
5.686111478514712,-0.7979170278729755,0.6409375,0.0,2.5,0.9126852763211275
5.686111478514712,-0.7879170278729757,0.6409375,0.0,2.5,0.921193381496833
5.686111478514712,-0.7779170278729759,0.6409375,0.0,2.5,0.9191610256652502
5.686111478514712,-0.7679170278729761,0.6409375,0.0,2.5,0.9191610256652502
5.686111478514712,-0.7579170278729763,0.6409375,0.0,2.5,0.919456572648184
5.686111478514712,-0.7479170278729765,0.6409375,0.0,2.5,0.8859655420983777
5.686111478514712,-0.7379170278729767,0.6409375,0.0,2.5,0.8859655420983779
5.686111478514712,-0.727917027872977,0.6409375,0.0,2.5,0.870863514069966
5.686111478514712,-0.7179170278729772,0.6409375,0.0,2.5,0.8678525059426001
5.686111478514712,-0.7079170278729774,0.6409375,0.0,2.5,0.855606558695249
5.686111478514712,-0.6979170278729776,0.6409375,0.0,2.5,0.8477492178724083
5.686111478514712,-0.6879170278729778,0.6409375,0.0,2.5,0.8704071164372437
5.686111478514712,-0.677917027872978,0.6409375,0.0,2.5,0.8724808202435419
5.686111478514712,-0.6679170278729782,0.6409375,0.0,2.5,0.866247583116838
5.686111478514712,-0.6579170278729785,0.6409375,0.0,2.5,0.8387524438972698
5.686111478514712,-0.6479170278729787,0.6409375,0.0,2.5,0.8504230790502485
5.686111478514712,-0.6379170278729789,0.6409375,0.0,2.5,0.894784091360612
5.686111478514712,-0.6279170278729791,0.6409375,0.0,2.5,0.8987519745136685
5.686111478514712,-0.6179170278729793,0.6409375,0.0,2.5,0.8827850722887473
5.686111478514712,-0.6079170278729795,0.6409375,0.0,2.5,0.884451738955414
5.686111478514712,-0.5979170278729797,0.6409375,0.0,2.5,0.8639642552831241
5.686111478514712,-0.58791702787298,0.6409375,0.0,2.5,0.8582123608655633
5.686111478514712,-0.5779170278729802,0.6409375,0.0,2.5,0.8540192499301927
5.686111478514712,-0.5679170278729804,0.6409375,0.0,2.5,0.8490370568067115
5.686111478514712,-0.5579170278729806,0.6970270270270269,0.0,2.5,0.8300252963665226
5.686111478514712,-0.5479170278729808,0.6970270270270269,0.0,2.5,0.8284167923265493
5.686111478514712,-0.537917027872981,0.6970270270270269,0.0,2.5,0.8338489235189929
5.686111478514712,-0.5279170278729812,0.7038888888888889,0.0,2.5,0.8155607251652462
5.686111478514712,-0.5179170278729814,0.7391525423728812,0.0,2.5,0.7995454499823416
5.696111478514712,-1.7979170278729542,0.7391525423728812,0.0,2.5,0.6513233204912289
5.696111478514712,-1.7879170278729544,0.7391525423728812,0.0,2.5,0.6772420114258008
5.696111478514712,-1.7779170278729546,0.7391525423728812,0.0,2.5,0.6744679060141162
5.696111478514712,-1.7679170278729548,0.7391525423728812,0.0,2.5,0.6695998504585606
5.696111478514712,-1.757917027872955,0.7391525423728812,0.0,2.5,0.6679331837918939
5.696111478514712,-1.7479170278729552,0.7391525423728812,0.0,2.5,0.6679331837918939
5.696111478514712,-1.7379170278729554,0.7391525423728812,0.0,2.5,0.6306028654348873
5.696111478514712,-1.7279170278729556,0.7391525423728812,0.0,2.5,0.6377741446781164
5.696111478514712,-1.7179170278729559,0.7038888888888889,0.0,2.5,0.666540986724069
5.696111478514712,-1.707917027872956,0.7038888888888889,0.0,2.5,0.6450760380200367
5.696111478514712,-1.6979170278729563,0.7038888888888889,0.0,2.5,0.6542627965586814
5.696111478514712,-1.6879170278729565,0.6970270270270269,0.0,2.5,0.6779010503835432
5.696111478514712,-1.6779170278729567,0.6970270270270269,0.0,2.5,0.6924145401583078
5.696111478514712,-1.667917027872957,0.6970270270270269,0.0,2.5,0.7016920332522398
5.696111478514712,-1.6579170278729571,0.6970270270270269,0.0,2.5,0.6868144900345292
5.696111478514712,-1.6479170278729574,0.6970270270270269,0.0,2.5,0.7432683124014031
5.696111478514712,-1.6379170278729576,0.6409375,0.0,2.5,0.7763086691625595
5.696111478514712,-1.6279170278729578,0.6970270270270269,0.0,2.5,0.7144082046587904
5.696111478514712,-1.617917027872958,0.6970270270270269,0.0,2.5,0.7320800774159523
5.696111478514712,-1.6079170278729582,0.7038888888888889,0.0,2.5,0.7250522320998688
5.696111478514712,-1.5979170278729584,0.7038888888888889,0.0,2.5,0.7196708871501621
5.696111478514712,-1.5879170278729586,0.6970270270270269,0.0,2.5,0.7420613952976722
5.696111478514712,-1.5779170278729588,0.6970270270270269,0.0,2.5,0.7964752051352433
5.696111478514712,-1.567917027872959,0.6970270270270269,0.0,2.5,0.7784310091048592
5.696111478514712,-1.5579170278729593,0.6970270270270269,0.0,2.5,0.7724101727519398
5.696111478514712,-1.5479170278729595,0.6409375,0.0,2.5,0.7724101727519398
5.696111478514712,-1.5379170278729597,0.6409375,0.0,2.5,0.7660837162971664
5.696111478514712,-1.52791702787296,0.6409375,0.0,2.5,0.7598906333489344
5.696111478514712,-1.5179170278729601,0.6409375,0.0,2.5,0.7511757910151665
5.696111478514712,-1.5079170278729603,0.6409375,0.0,2.5,0.7833463475257496
5.696111478514712,-1.4979170278729605,0.6409375,0.0,2.5,0.7188965549220179
5.696111478514712,-1.4879170278729608,0.6409375,0.0,2.5,0.8130548202637448
5.696111478514712,-1.477917027872961,0.6409375,0.0,2.5,0.8351255938079872
5.696111478514712,-1.4679170278729612,0.6409375,0.0,2.5,0.821401213894026
5.696111478514712,-1.4579170278729614,0.6409375,0.0,2.5,0.8079873777246028
5.696111478514712,-1.4479170278729616,0.6409375,0.0,2.5,0.8037131066441012
5.696111478514712,-1.4379170278729618,0.6409375,0.0,2.5,0.7927920733034941
5.696111478514712,-1.427917027872962,0.6409375,0.0,2.5,0.792533565942521
5.696111478514712,-1.4179170278729623,0.6409375,0.0,2.5,0.7917273193315009
5.696111478514712,-1.4079170278729625,0.6409375,0.0,2.5,0.7899685494221935
5.696111478514712,-1.3979170278729627,0.6409375,0.0,2.5,0.8006780138598482
5.696111478514712,-1.387917027872963,0.6409375,0.0,2.5,0.799379365369524
5.696111478514712,-1.377917027872963,0.6970270270270269,0.0,2.5,0.7823488336287711
5.696111478514712,-1.3679170278729633,0.6970270270270269,0.0,2.5,0.7597630138966689
5.696111478514712,-1.3579170278729635,0.7038888888888889,0.0,2.5,0.7212169259489029
5.696111478514712,-1.3479170278729637,0.7391525423728812,0.0,2.5,0.6927311328217491
5.696111478514712,-1.337917027872964,0.7391525423728812,0.0,2.5,0.6682127532921797
5.696111478514712,-1.3279170278729642,0.7391525423728812,0.0,2.5,0.6572320435774143
5.696111478514712,-1.3179170278729644,0.9333333333333335,0.0,2.5,0.6194384438202833
5.696111478514712,-1.3079170278729646,1.4487500000000002,0.0,2.5,0.6102584302052756
5.696111478514712,-1.2979170278729648,1.90625,0.0,2.5,0.6353260677709991
5.696111478514712,-1.287917027872965,1.8600002986041968,0.0,2.5,0.6407013388739622
5.696111478514712,-1.2779170278729652,0.8708417597702194,0.0,2.5,0.6869135903395841
5.696111478514712,-1.2679170278729655,0.7391525423728812,0.0,2.5,0.7209965441400262
5.696111478514712,-1.2579170278729657,0.7391525423728812,0.0,2.5,0.7124172920445602
5.696111478514712,-1.2479170278729659,0.7391525423728812,0.0,2.5,0.6976361922199851
5.696111478514712,-1.237917027872966,0.7391525423728812,0.0,2.5,0.7024232782203982
5.696111478514712,-1.2279170278729663,0.7391525423728812,0.0,2.5,0.7254293049957186
5.696111478514712,-1.2179170278729665,0.7038888888888889,0.0,2.5,0.7347924179664619
5.696111478514712,-1.2079170278729667,0.6970270270270269,0.0,2.5,0.745433587338828
5.696111478514712,-1.197917027872967,0.6970270270270269,0.0,2.5,0.7509989384431441
5.696111478514712,-1.1879170278729672,0.6970270270270269,0.0,2.5,0.7620721785420908
5.696111478514712,-1.1779170278729674,0.6409375,0.0,2.5,0.7820775718475047
5.696111478514712,-1.1679170278729676,0.6409375,0.0,2.5,0.7938279124538442
5.696111478514712,-1.1579170278729678,0.6409375,0.0,2.5,0.7915885767966919
5.696111478514712,-1.147917027872968,0.6409375,0.0,2.5,0.837245108869046
5.696111478514712,-1.1379170278729682,0.6409375,0.0,2.5,0.8573731114339526
5.696111478514712,-1.1279170278729684,0.6409375,0.0,2.5,0.8575525441784566
5.696111478514712,-1.1179170278729686,0.6409375,0.0,2.5,0.867171718234749
5.696111478514712,-1.1079170278729689,0.6409375,0.0,2.5,0.8599125761177902
5.696111478514712,-1.097917027872969,0.6409375,0.0,2.5,0.8365506310376628
5.696111478514712,-1.0879170278729693,0.6409375,0.0,2.5,0.8359329689124969
5.696111478514712,-1.0779170278729695,0.6409375,0.0,2.5,0.8490169005171853
5.696111478514712,-1.0679170278729697,0.6409375,0.0,2.5,0.8659315402526725
5.696111478514712,-1.05791702787297,0.6409375,0.0,2.5,0.8224167498995698
5.696111478514712,-1.0479170278729701,0.6409375,0.0,2.5,0.8266622972303956
5.696111478514712,-1.0379170278729704,0.6409375,0.0,2.5,0.8199627641031536
5.696111478514712,-1.0279170278729706,0.6409375,0.0,2.5,0.8348577829588602
5.696111478514712,-1.0179170278729708,0.6409375,0.0,2.5,0.8505808081510857
5.696111478514712,-1.007917027872971,0.6409375,0.0,2.5,0.8834591272910755
5.696111478514712,-0.9979170278729712,0.6409375,0.0,2.5,0.9093333891936057
5.696111478514712,-0.9879170278729714,0.6409375,0.0,2.5,0.9229709444559747
5.696111478514712,-0.9779170278729716,0.6409375,0.0,2.5,0.9168681615426902
5.696111478514712,-0.9679170278729718,0.6409375,0.0,2.5,0.909913189238818
5.696111478514712,-0.9579170278729721,0.6409375,0.0,2.5,0.9192522812774448
5.696111478514712,-0.9479170278729723,0.6409375,0.0,2.5,0.9305428042586188
5.696111478514712,-0.9379170278729725,0.6409375,0.0,2.5,0.9260599308142116
5.696111478514712,-0.9279170278729727,0.6409375,0.0,2.5,0.9141175011735947
5.696111478514712,-0.9179170278729729,0.6409375,0.0,2.5,0.9209489277768725
5.696111478514712,-0.9079170278729731,0.6360904965293394,0.0,2.5,0.9265639074357621
5.696111478514712,-0.8979170278729733,0.6409375,0.0,2.5,0.9148299712004054
5.696111478514712,-0.8879170278729736,0.6409375,0.0,2.5,0.9224836499990948
5.696111478514712,-0.8779170278729738,0.6409375,0.0,2.5,0.9182909608338381
5.696111478514712,-0.867917027872974,0.6409375,0.0,2.5,0.9226108050084438
5.696111478514712,-0.8579170278729742,0.6409375,0.0,2.5,0.9298310256661062
5.696111478514712,-0.8479170278729744,0.6409375,0.0,2.5,0.9128060563401245
5.696111478514712,-0.8379170278729746,0.6409375,0.0,2.5,0.9309680888394003
5.696111478514712,-0.8279170278729748,0.6409375,0.0,2.5,0.928820876700724
5.696111478514712,-0.817917027872975,0.6409375,0.0,2.5,0.9168130588821871
5.696111478514712,-0.8079170278729753,0.6409375,0.0,2.5,0.9062982088727278
5.696111478514712,-0.7979170278729755,0.6409375,0.0,2.5,0.9153948882423791
5.696111478514712,-0.7879170278729757,0.6409375,0.0,2.5,0.9105233392238442
5.696111478514712,-0.7779170278729759,0.6409375,0.0,2.5,0.9226108050084438
5.696111478514712,-0.7679170278729761,0.6409375,0.0,2.5,0.9185109631647468
5.696111478514712,-0.7579170278729763,0.6409375,0.0,2.5,0.8755386737476559
5.696111478514712,-0.7479170278729765,0.6409375,0.0,2.5,0.875186054340694
5.696111478514712,-0.7379170278729767,0.6409375,0.0,2.5,0.874310113001019
5.696111478514712,-0.727917027872977,0.6409375,0.0,2.5,0.8726427665367186
5.696111478514712,-0.7179170278729772,0.6409375,0.0,2.5,0.8589414617835104
5.696111478514712,-0.7079170278729774,0.6409375,0.0,2.5,0.8602004221611904
5.696111478514712,-0.6979170278729776,0.6409375,0.0,2.5,0.8347632719233299
5.696111478514712,-0.6879170278729778,0.6409375,0.0,2.5,0.8768462797376765
5.696111478514712,-0.677917027872978,0.6409375,0.0,2.5,0.8557337100030077
5.696111478514712,-0.6679170278729782,0.6409375,0.0,2.5,0.8528292250771947
5.696111478514712,-0.6579170278729785,0.6409375,0.0,2.5,0.883409894957123
5.696111478514712,-0.6479170278729787,0.6409375,0.0,2.5,0.9024812381511093
5.696111478514712,-0.6379170278729789,0.6409375,0.0,2.5,0.8962951652922246
5.696111478514712,-0.6279170278729791,0.6409375,0.0,2.5,0.8849780104715909
5.696111478514712,-0.6179170278729793,0.6409375,0.0,2.5,0.8832335060751081
5.696111478514712,-0.6079170278729795,0.6409375,0.0,2.5,0.8563739241395162
5.696111478514712,-0.5979170278729797,0.6409375,0.0,2.5,0.8563900187392643
5.696111478514712,-0.58791702787298,0.6409375,0.0,2.5,0.8578273775593637
5.696111478514712,-0.5779170278729802,0.6409375,0.0,2.5,0.8542265749955233
5.696111478514712,-0.5679170278729804,0.6409375,0.0,2.5,0.8478745697797255
5.696111478514712,-0.5579170278729806,0.6970270270270269,0.0,2.5,0.8402210262476826
5.696111478514712,-0.5479170278729808,0.6970270270270269,0.0,2.5,0.8251562503179064
5.696111478514712,-0.537917027872981,0.7038888888888889,0.0,2.5,0.8163791455971767
5.696111478514712,-0.5279170278729812,0.7038888888888889,0.0,2.5,0.8255342279162272
5.696111478514712,-0.5179170278729814,0.7038888888888889,0.0,2.5,0.8205415551434675
5.706111478514711,-1.7979170278729542,0.78,0.0,2.5,0.6050064365172837
5.706111478514711,-1.7879170278729544,0.7391525423728812,0.0,2.5,0.6396906435526781
5.706111478514711,-1.7779170278729546,0.7391525423728812,0.0,2.5,0.6419547940070525
5.706111478514711,-1.7679170278729548,0.7391525423728812,0.0,2.5,0.640885619044699
5.706111478514711,-1.757917027872955,0.7391525423728812,0.0,2.5,0.6516875918619933
5.706111478514711,-1.7479170278729552,0.7391525423728812,0.0,2.5,0.6582457209251419
5.706111478514711,-1.7379170278729554,0.7391525423728812,0.0,2.5,0.6392875678574403
5.706111478514711,-1.7279170278729556,0.7391525423728812,0.0,2.5,0.6358103969086508
5.706111478514711,-1.7179170278729559,0.7391525423728812,0.0,2.5,0.6272822059609282
5.706111478514711,-1.707917027872956,0.7038888888888889,0.0,2.5,0.6693593119965386
5.706111478514711,-1.6979170278729563,0.6970270270270269,0.0,2.5,0.6839378001120664
5.706111478514711,-1.6879170278729565,0.6970270270270269,0.0,2.5,0.6912219883431832
5.706111478514711,-1.6779170278729567,0.6970270270270269,0.0,2.5,0.7015747702338696
5.706111478514711,-1.667917027872957,0.6970270270270269,0.0,2.5,0.6833138967341532
5.706111478514711,-1.6579170278729571,0.6409375,0.0,2.5,0.7269763892420342
5.706111478514711,-1.6479170278729574,0.6409375,0.0,2.5,0.7417096418615142
5.706111478514711,-1.6379170278729576,0.6970270270270269,0.0,2.5,0.7152104510458006
5.706111478514711,-1.6279170278729578,0.6970270270270269,0.0,2.5,0.7342371839630301
5.706111478514711,-1.617917027872958,0.6970270270270269,0.0,2.5,0.731376277041809
5.706111478514711,-1.6079170278729582,0.7038888888888889,0.0,2.5,0.7300995091944195
5.706111478514711,-1.5979170278729584,0.7038888888888889,0.0,2.5,0.7284528839087744
5.706111478514711,-1.5879170278729586,0.6970270270270269,0.0,2.5,0.727598991171092
5.706111478514711,-1.5779170278729588,0.6970270270270269,0.0,2.5,0.7230468854892309
5.706111478514711,-1.567917027872959,0.6970270270270269,0.0,2.5,0.7234072095271876
5.706111478514711,-1.5579170278729593,0.6970270270270269,0.0,2.5,0.7255345147442085
5.706111478514711,-1.5479170278729595,0.6970270270270269,0.0,2.5,0.7096221312953103
5.706111478514711,-1.5379170278729597,0.6970270270270269,0.0,2.5,0.7261746698959544
5.706111478514711,-1.52791702787296,0.6409375,0.0,2.5,0.7729385411197275
5.706111478514711,-1.5179170278729601,0.6409375,0.0,2.5,0.7694080013745296
5.706111478514711,-1.5079170278729603,0.6970270270270269,0.0,2.5,0.6745684167190596
5.706111478514711,-1.4979170278729605,0.6409375,0.0,2.5,0.8023540641442876
5.706111478514711,-1.4879170278729608,0.6409375,0.0,2.5,0.8175816751336323
5.706111478514711,-1.477917027872961,0.6409375,0.0,2.5,0.8006313199457291
5.706111478514711,-1.4679170278729612,0.6409375,0.0,2.5,0.7905546433817032
5.706111478514711,-1.4579170278729614,0.6409375,0.0,2.5,0.8008367320241251
5.706111478514711,-1.4479170278729616,0.6409375,0.0,2.5,0.7870629725334967
5.706111478514711,-1.4379170278729618,0.6409375,0.0,2.5,0.7933851000772332
5.706111478514711,-1.427917027872962,0.6409375,0.0,2.5,0.792459077050884
5.706111478514711,-1.4179170278729623,0.6409375,0.0,2.5,0.7960138685797438
5.706111478514711,-1.4079170278729625,0.6409375,0.0,2.5,0.7849269521009066
5.706111478514711,-1.3979170278729627,0.6409375,0.0,2.5,0.7976412197388635
5.706111478514711,-1.387917027872963,0.6409375,0.0,2.5,0.8054291641815139
5.706111478514711,-1.377917027872963,0.6970270270270269,0.0,2.5,0.7699830563407272
5.706111478514711,-1.3679170278729633,0.6970270270270269,0.0,2.5,0.7463126808311241
5.706111478514711,-1.3579170278729635,0.7038888888888889,0.0,2.5,0.7220870323810573
5.706111478514711,-1.3479170278729637,0.7391525423728812,0.0,2.5,0.6915710668294417
5.706111478514711,-1.337917027872964,0.7391525423728812,0.0,2.5,0.67135570586399
5.706111478514711,-1.3279170278729642,0.7391525423728812,0.0,2.5,0.6451292764116139
5.706111478514711,-1.3179170278729644,1.4487500000000002,0.0,2.5,0.6116924070198474
5.706111478514711,-1.3079170278729646,1.4487500000000002,0.0,2.5,0.6283154001563438
5.706111478514711,-1.2979170278729648,1.90625,0.0,2.5,0.6364386937393837
5.706111478514711,-1.287917027872965,1.4487500000000002,0.0,2.5,0.649994681349763
5.706111478514711,-1.2779170278729652,0.9333333333333335,0.0,2.5,0.6769048655445231
5.706111478514711,-1.2679170278729655,0.7391525423728812,0.0,2.5,0.7185870647975401
5.706111478514711,-1.2579170278729657,0.7391525423728812,0.0,2.5,0.7121164805016398
5.706111478514711,-1.2479170278729659,0.7391525423728812,0.0,2.5,0.7060124893246515
5.706111478514711,-1.237917027872966,0.7391525423728812,0.0,2.5,0.7102000040294989
5.706111478514711,-1.2279170278729663,0.7391525423728812,0.0,2.5,0.7285482207605569
5.706111478514711,-1.2179170278729665,0.7038888888888889,0.0,2.5,0.73163262639886
5.706111478514711,-1.2079170278729667,0.7038888888888889,0.0,2.5,0.7439713383350841
5.706111478514711,-1.197917027872967,0.6970270270270269,0.0,2.5,0.7561558887796135
5.706111478514711,-1.1879170278729672,0.6970270270270269,0.0,2.5,0.7838783231417809
5.706111478514711,-1.1779170278729674,0.6409375,0.0,2.5,0.7873909224221428
5.706111478514711,-1.1679170278729676,0.6409375,0.0,2.5,0.7644946251055296
5.706111478514711,-1.1579170278729678,0.6409375,0.0,2.5,0.8029887960847923
5.706111478514711,-1.147917027872968,0.6409375,0.0,2.5,0.850798030831977
5.706111478514711,-1.1379170278729682,0.6409375,0.0,2.5,0.8624945456766285
5.706111478514711,-1.1279170278729684,0.6409375,0.0,2.5,0.8512792047926283
5.706111478514711,-1.1179170278729686,0.6409375,0.0,2.5,0.8269907591713871
5.706111478514711,-1.1079170278729689,0.6409375,0.0,2.5,0.8355160233702261
5.706111478514711,-1.097917027872969,0.6409375,0.0,2.5,0.8609687252500718
5.706111478514711,-1.0879170278729693,0.6409375,0.0,2.5,0.8559862211406166
5.706111478514711,-1.0779170278729695,0.6409375,0.0,2.5,0.8502727827971305
5.706111478514711,-1.0679170278729697,0.6409375,0.0,2.5,0.8457127083339744
5.706111478514711,-1.05791702787297,0.6409375,0.0,2.5,0.8393137657324831
5.706111478514711,-1.0479170278729701,0.6409375,0.0,2.5,0.8185733320526263
5.706111478514711,-1.0379170278729704,0.6409375,0.0,2.5,0.8178116673024047
5.706111478514711,-1.0279170278729706,0.6409375,0.0,2.5,0.8329333294608188
5.706111478514711,-1.0179170278729708,0.6409375,0.0,2.5,0.8539205966812811
5.706111478514711,-1.007917027872971,0.6409375,0.0,2.5,0.8865043731725615
5.706111478514711,-0.9979170278729712,0.6409375,0.0,2.5,0.9077139064969346
5.706111478514711,-0.9879170278729714,0.6409375,0.0,2.5,0.9197845797678118
5.706111478514711,-0.9779170278729716,0.6409375,0.0,2.5,0.9156522778666988
5.706111478514711,-0.9679170278729718,0.6409375,0.0,2.5,0.9082937065421468
5.706111478514711,-0.9579170278729721,0.6409375,0.0,2.5,0.9100145226918209
5.706111478514711,-0.9479170278729723,0.6409375,0.0,2.5,0.9210382318773619
5.706111478514711,-0.9379170278729725,0.6409375,0.0,2.5,0.9290260425320869
5.706111478514711,-0.9279170278729727,0.6409375,0.0,2.5,0.9132086936915217
5.706111478514711,-0.9179170278729729,0.6409375,0.0,2.5,0.9205203403736535
5.706111478514711,-0.9079170278729731,0.6008,0.0,2.5,0.9250291852135399
5.706111478514711,-0.8979170278729733,0.6008,0.0,2.5,0.9225823575896616
5.706111478514711,-0.8879170278729736,0.6409375,0.0,2.5,0.9224836499990948
5.706111478514711,-0.8779170278729738,0.6409375,0.0,2.5,0.921834076341432
5.706111478514711,-0.867917027872974,0.6409375,0.0,2.5,0.9199609249125204
5.706111478514711,-0.8579170278729742,0.6409375,0.0,2.5,0.9083406706406061
5.706111478514711,-0.8479170278729744,0.6409375,0.0,2.5,0.9051256689828976
5.706111478514711,-0.8379170278729746,0.6409375,0.0,2.5,0.9055799814016884
5.706111478514711,-0.8279170278729748,0.6409375,0.0,2.5,0.9109425388202436
5.706111478514711,-0.817917027872975,0.6409375,0.0,2.5,0.9080557197048215
5.706111478514711,-0.8079170278729753,0.6409375,0.0,2.5,0.9084382059796777
5.706111478514711,-0.7979170278729755,0.6409375,0.0,2.5,0.9100637859884059
5.706111478514711,-0.7879170278729757,0.6409375,0.0,2.5,0.9133980184704941
5.706111478514711,-0.7779170278729759,0.6409375,0.0,2.5,0.879664685325813
5.706111478514711,-0.7679170278729761,0.6409375,0.0,2.5,0.8722382330078902
5.706111478514711,-0.7579170278729763,0.6409375,0.0,2.5,0.8756846874686246
5.706111478514711,-0.7479170278729765,0.6409375,0.0,2.5,0.8712640950808426
5.706111478514711,-0.6979170278729776,0.6409375,0.0,2.5,0.853720491517256
5.706111478514711,-0.6879170278729778,0.6409375,0.0,2.5,0.8364447448269747
5.706111478514711,-0.6579170278729785,0.6409375,0.0,2.5,0.9124024475059564
5.706111478514711,-0.6479170278729787,0.6409375,0.0,2.5,0.8970651101362453
5.706111478514711,-0.6379170278729789,0.6409375,0.0,2.5,0.900751191663321
5.706111478514711,-0.6279170278729791,0.6409375,0.0,2.5,0.8950072512768285
5.706111478514711,-0.6179170278729793,0.6409375,0.0,2.5,0.8711868693391522
5.706111478514711,-0.6079170278729795,0.6409375,0.0,2.5,0.8633044834969436
5.706111478514711,-0.5979170278729797,0.6409375,0.0,2.5,0.8478888917036648
5.706111478514711,-0.58791702787298,0.6409375,0.0,2.5,0.8486267589998742
5.706111478514711,-0.5779170278729802,0.6409375,0.0,2.5,0.8501614812220963
5.706111478514711,-0.5679170278729804,0.6409375,0.0,2.5,0.8509686446720506
5.706111478514711,-0.5579170278729806,0.6970270270270269,0.0,2.5,0.8495465082499142
5.706111478514711,-0.5479170278729808,0.6970270270270269,0.0,2.5,0.8411111520514983
5.706111478514711,-0.537917027872981,0.6970270270270269,0.0,2.5,0.8209239594657359
5.706111478514711,-0.5279170278729812,0.7038888888888889,0.0,2.5,0.8149404451316407
5.706111478514711,-0.5179170278729814,0.7391525423728812,0.0,2.5,0.8102742423206929
5.716111478514711,-1.7979170278729542,0.7391525423728812,0.0,2.5,0.5974289525881056
5.716111478514711,-1.7879170278729544,0.7391525423728812,0.0,2.5,0.6175761199539307
5.716111478514711,-1.7779170278729546,0.7391525423728812,0.0,2.5,0.6145794602610883
5.716111478514711,-1.7679170278729548,0.7391525423728812,0.0,2.5,0.6150980706355175
5.716111478514711,-1.757917027872955,0.7391525423728812,0.0,2.5,0.6363534337589397
5.716111478514711,-1.7479170278729552,0.7391525423728812,0.0,2.5,0.6369646768883245
5.716111478514711,-1.7379170278729554,0.7391525423728812,0.0,2.5,0.6525009125264564
5.716111478514711,-1.7279170278729556,0.7391525423728812,0.0,2.5,0.624628544032356
5.716111478514711,-1.7179170278729559,0.7038888888888889,0.0,2.5,0.6527390425019657
5.716111478514711,-1.707917027872956,0.6970270270270269,0.0,2.5,0.6738603512781616
5.716111478514711,-1.6979170278729563,0.6970270270270269,0.0,2.5,0.6895954336911739
5.716111478514711,-1.6879170278729565,0.6970270270270269,0.0,2.5,0.7030694697476101
5.716111478514711,-1.6779170278729567,0.6970270270270269,0.0,2.5,0.6855256298136704
5.716111478514711,-1.667917027872957,0.6409375,0.0,2.5,0.7133322612308042
5.716111478514711,-1.6579170278729571,0.6970270270270269,0.0,2.5,0.6910849754599973
5.716111478514711,-1.6479170278729574,0.6970270270270269,0.0,2.5,0.6989374354145355
5.716111478514711,-1.6379170278729576,0.6970270270270269,0.0,2.5,0.7137207049775675
5.716111478514711,-1.6279170278729578,0.6970270270270269,0.0,2.5,0.7054470305358521
5.716111478514711,-1.617917027872958,0.7038888888888889,0.0,2.5,0.7078584215711253
5.716111478514711,-1.6079170278729582,0.7038888888888889,0.0,2.5,0.7126604498041412
5.716111478514711,-1.5979170278729584,0.7038888888888889,0.0,2.5,0.7126351640391689
5.716111478514711,-1.5879170278729586,0.6970270270270269,0.0,2.5,0.7165575509674071
5.716111478514711,-1.5779170278729588,0.6970270270270269,0.0,2.5,0.722077309218534
5.716111478514711,-1.567917027872959,0.6970270270270269,0.0,2.5,0.7453183114013198
5.716111478514711,-1.5579170278729593,0.6970270270270269,0.0,2.5,0.7272999535584022
5.716111478514711,-1.5479170278729595,0.6970270270270269,0.0,2.5,0.7207934045271644
5.716111478514711,-1.5379170278729597,0.6970270270270269,0.0,2.5,0.7092645842963977
5.716111478514711,-1.52791702787296,0.6970270270270269,0.0,2.5,0.6823085915448127
5.716111478514711,-1.5179170278729601,0.6970270270270269,0.0,2.5,0.6605662008208851
5.716111478514711,-1.5079170278729603,0.6409375,0.0,2.5,0.7651040717977997
5.716111478514711,-1.4979170278729605,0.6409375,0.0,2.5,0.7987741774457491
5.716111478514711,-1.4879170278729608,0.6409375,0.0,2.5,0.8068755210702383
5.716111478514711,-1.477917027872961,0.6409375,0.0,2.5,0.7999537813387285
5.716111478514711,-1.4679170278729612,0.6409375,0.0,2.5,0.7933373602866756
5.716111478514711,-1.4579170278729614,0.6409375,0.0,2.5,0.7918289679901468
5.716111478514711,-1.4479170278729616,0.6409375,0.0,2.5,0.8002266739979488
5.716111478514711,-1.4379170278729618,0.6409375,0.0,2.5,0.795954328656689
5.716111478514711,-1.427917027872962,0.6409375,0.0,2.5,0.7926813016165836
5.716111478514711,-1.4179170278729623,0.6409375,0.0,2.5,0.8026725466146337
5.716111478514711,-1.4079170278729625,0.6409375,0.0,2.5,0.7896955039296745
5.716111478514711,-1.3979170278729627,0.6409375,0.0,2.5,0.7986161415954288
5.716111478514711,-1.387917027872963,0.6409375,0.0,2.5,0.7916063711053042
5.716111478514711,-1.377917027872963,0.6970270270270269,0.0,2.5,0.7621752109091002
5.716111478514711,-1.3679170278729633,0.6970270270270269,0.0,2.5,0.7496460141644575
5.716111478514711,-1.3579170278729635,0.7038888888888889,0.0,2.5,0.7138920380982651
5.716111478514711,-1.3479170278729637,0.7391525423728812,0.0,2.5,0.6977669125636984
5.716111478514711,-1.337917027872964,0.7391525423728812,0.0,2.5,0.6704150363766559
5.716111478514711,-1.3279170278729642,0.7391525423728812,0.0,2.5,0.6410348053771867
5.716111478514711,-1.3179170278729644,1.4487500000000002,0.0,2.5,0.6171393727536361
5.716111478514711,-1.3079170278729646,1.4487500000000002,0.0,2.5,0.6351585888251998
5.716111478514711,-1.2979170278729648,1.4487500000000002,0.0,2.5,0.636593762382071
5.716111478514711,-1.287917027872965,1.825,0.0,2.5,0.6496853779392492
5.716111478514711,-1.2779170278729652,0.9333333333333335,0.0,2.5,0.6736301663110015
5.716111478514711,-1.2679170278729655,0.7391525423728812,0.0,2.5,0.7109302926822206
5.716111478514711,-1.2579170278729657,0.7391525423728812,0.0,2.5,0.7032056430119141
5.716111478514711,-1.2479170278729659,0.7391525423728812,0.0,2.5,0.7067595972469631
5.716111478514711,-1.237917027872966,0.7391525423728812,0.0,2.5,0.722076824136586
5.716111478514711,-1.2279170278729663,0.7391525423728812,0.0,2.5,0.7352718129714604
5.716111478514711,-1.2179170278729665,0.7391525423728812,0.0,2.5,0.7290159556719767
5.716111478514711,-1.2079170278729667,0.7038888888888889,0.0,2.5,0.748393871211782
5.716111478514711,-1.197917027872967,0.6970270270270269,0.0,2.5,0.7649708869714017
5.716111478514711,-1.1879170278729672,0.6970270270270269,0.0,2.5,0.7900559293193871
5.716111478514711,-1.1779170278729674,0.6409375,0.0,2.5,0.789032874375988
5.716111478514711,-1.1679170278729676,0.6409375,0.0,2.5,0.7760149549666834
5.716111478514711,-1.1579170278729678,0.6409375,0.0,2.5,0.8576041365545427
5.716111478514711,-1.147917027872968,0.6409375,0.0,2.5,0.8840592801890896
5.716111478514711,-1.1379170278729682,0.6409375,0.0,2.5,0.900120802591901
5.716111478514711,-1.1279170278729684,0.6409375,0.0,2.5,0.887439816398246
5.716111478514711,-1.1179170278729686,0.6409375,0.0,2.5,0.8716145303701754
5.716111478514711,-1.1079170278729689,0.6409375,0.0,2.5,0.8613851323871984
5.716111478514711,-1.097917027872969,0.6409375,0.0,2.5,0.8338439500497024
5.716111478514711,-1.0879170278729693,0.6409375,0.0,2.5,0.8221952546337731
5.716111478514711,-1.0779170278729695,0.6409375,0.0,2.5,0.8444536007717971
5.716111478514711,-1.0679170278729697,0.6409375,0.0,2.5,0.8473857879291935
5.716111478514711,-1.05791702787297,0.6409375,0.0,2.5,0.8588642844709244
5.716111478514711,-1.0479170278729701,0.6409375,0.0,2.5,0.8570382565041444
5.716111478514711,-1.0379170278729704,0.6409375,0.0,2.5,0.8638137625840038
5.716111478514711,-1.0279170278729706,0.6409375,0.0,2.5,0.8812145918980456
5.716111478514711,-1.0179170278729708,0.6409375,0.0,2.5,0.8884407237419008
5.716111478514711,-1.007917027872971,0.6409375,0.0,2.5,0.8996502172850808
5.716111478514711,-0.9979170278729712,0.6409375,0.0,2.5,0.9029880502634364
5.716111478514711,-0.9879170278729714,0.6409375,0.0,2.5,0.9121232737110471
5.716111478514711,-0.9779170278729716,0.6409375,0.0,2.5,0.9086634139417998
5.716111478514711,-0.9679170278729718,0.6409375,0.0,2.5,0.9057801739867337
5.716111478514711,-0.9579170278729721,0.6409375,0.0,2.5,0.9099626704367088
5.716111478514711,-0.9479170278729723,0.6409375,0.0,2.5,0.9226313904166626
5.716111478514711,-0.9379170278729725,0.6008,0.0,2.5,0.9244387148612119
5.716111478514711,-0.9279170278729727,0.6008,0.0,2.5,0.92757685055656
5.716111478514711,-0.9179170278729729,0.6409375,0.0,2.5,0.9166419773474841
5.716111478514711,-0.9079170278729731,0.6409375,0.0,2.5,0.9153158749273456
5.716111478514711,-0.8979170278729733,0.6409375,0.0,2.5,0.9208169833324281
5.716111478514711,-0.8879170278729736,0.6409375,0.0,2.5,0.9211587099511331
5.716111478514711,-0.8779170278729738,0.6409375,0.0,2.5,0.9203658843140761
5.716111478514711,-0.867917027872974,0.6409375,0.0,2.5,0.9168426558112115
5.716111478514711,-0.8579170278729742,0.6409375,0.0,2.5,0.8981832401209457
5.716111478514711,-0.8479170278729744,0.6409375,0.0,2.5,0.8878544459524015
5.716111478514711,-0.8379170278729746,0.6409375,0.0,2.5,0.8948350396718706
5.716111478514711,-0.8279170278729748,0.6409375,0.0,2.5,0.8966099747534224
5.716111478514711,-0.817917027872975,0.6409375,0.0,2.5,0.9040821691495762
5.716111478514711,-0.8079170278729753,0.6409375,0.0,2.5,0.9035832177688676
5.716111478514711,-0.7979170278729755,0.6409375,0.0,2.5,0.8603478429299944
5.716111478514711,-0.7879170278729757,0.6409375,0.0,2.5,0.8476604286046868
5.716111478514711,-0.6279170278729791,0.6409375,0.0,2.5,0.8814312490285519
5.716111478514711,-0.6179170278729793,0.6409375,0.0,2.5,0.8736283097192694
5.716111478514711,-0.6079170278729795,0.6409375,0.0,2.5,0.8632838183664809
5.716111478514711,-0.5979170278729797,0.6409375,0.0,2.5,0.8582450041069897
5.716111478514711,-0.58791702787298,0.6409375,0.0,2.5,0.8448000886148617
5.716111478514711,-0.5779170278729802,0.6409375,0.0,2.5,0.8483486057953223
5.716111478514711,-0.5679170278729804,0.6409375,0.0,2.5,0.8454466664062177
5.716111478514711,-0.5579170278729806,0.6409375,0.0,2.5,0.8512131749165809
5.716111478514711,-0.5479170278729808,0.6970270270270269,0.0,2.5,0.8451042599898786
5.716111478514711,-0.537917027872981,0.6970270270270269,0.0,2.5,0.8406907828133415
5.716111478514711,-0.5279170278729812,0.7038888888888889,0.0,2.5,0.8303978225108037
5.716111478514711,-0.5179170278729814,0.7391525423728812,0.0,2.5,0.8022336905233726
5.726111478514711,-1.7979170278729542,0.7391525423728812,0.0,2.5,0.6639899021949339
5.726111478514711,-1.7879170278729544,0.7038888888888889,0.0,2.5,0.7053321084679263
5.726111478514711,-1.7779170278729546,0.7391525423728812,0.0,2.5,0.6897476981412287
5.726111478514711,-1.7679170278729548,0.7391525423728812,0.0,2.5,0.6874183143339029
5.726111478514711,-1.757917027872955,0.7391525423728812,0.0,2.5,0.6872119078245107
5.726111478514711,-1.7479170278729552,0.7391525423728812,0.0,2.5,0.647610648418246
5.726111478514711,-1.7379170278729554,0.7391525423728812,0.0,2.5,0.612859464165693
5.726111478514711,-1.7279170278729556,0.7038888888888889,0.0,2.5,0.6565240295939863
5.726111478514711,-1.7179170278729559,0.7038888888888889,0.0,2.5,0.6610803132623552
5.726111478514711,-1.707917027872956,0.6970270270270269,0.0,2.5,0.6940630126439153
5.726111478514711,-1.6979170278729563,0.6970270270270269,0.0,2.5,0.6773809404687156
5.726111478514711,-1.6879170278729565,0.6970270270270269,0.0,2.5,0.6765981972016172
5.726111478514711,-1.6779170278729567,0.6409375,0.0,2.5,0.7024623306585448
5.726111478514711,-1.667917027872957,0.6409375,0.0,2.5,0.7091232464296026
5.726111478514711,-1.6579170278729571,0.6970270270270269,0.0,2.5,0.6984631183360723
5.726111478514711,-1.6479170278729574,0.6970270270270269,0.0,2.5,0.6960082990681165
5.726111478514711,-1.6379170278729576,0.6970270270270269,0.0,2.5,0.6941423503500558
5.726111478514711,-1.6279170278729578,0.7038888888888889,0.0,2.5,0.6855224376446399
5.726111478514711,-1.617917027872958,0.7038888888888889,0.0,2.5,0.6880224870436797
5.726111478514711,-1.6079170278729582,0.7391525423728812,0.0,2.5,0.6762031524397346
5.726111478514711,-1.5979170278729584,0.7391525423728812,0.0,2.5,0.6703332384660672
5.726111478514711,-1.5879170278729586,0.7038888888888889,0.0,2.5,0.6807785142622227
5.726111478514711,-1.5779170278729588,0.6970270270270269,0.0,2.5,0.6959250038183228
5.726111478514711,-1.567917027872959,0.6970270270270269,0.0,2.5,0.6897640846186643
5.726111478514711,-1.5579170278729593,0.6970270270270269,0.0,2.5,0.687725781148491
5.726111478514711,-1.5479170278729595,0.6970270270270269,0.0,2.5,0.6792493183151815
5.726111478514711,-1.5379170278729597,0.6970270270270269,0.0,2.5,0.674680619638195
5.726111478514711,-1.52791702787296,0.6970270270270269,0.0,2.5,0.6704483507010993
5.726111478514711,-1.5179170278729601,0.6409375,0.0,2.5,0.7191087173222706
5.726111478514711,-1.5079170278729603,0.6409375,0.0,2.5,0.7813368671213937
5.726111478514711,-1.4979170278729605,0.6409375,0.0,2.5,0.8153270417500936
5.726111478514711,-1.4879170278729608,0.6409375,0.0,2.5,0.8007459946994899
5.726111478514711,-1.477917027872961,0.6409375,0.0,2.5,0.781159061880289
5.726111478514711,-1.4679170278729612,0.6409375,0.0,2.5,0.7935136547944874
5.726111478514711,-1.4579170278729614,0.6409375,0.0,2.5,0.7898077172770651
5.726111478514711,-1.4479170278729616,0.6409375,0.0,2.5,0.786033206112344
5.726111478514711,-1.4379170278729618,0.6409375,0.0,2.5,0.7906992207051271
5.726111478514711,-1.427917027872962,0.6409375,0.0,2.5,0.7791081629209693
5.726111478514711,-1.4179170278729623,0.6409375,0.0,2.5,0.7903083545482866
5.726111478514711,-1.4079170278729625,0.6409375,0.0,2.5,0.7763452414743085
5.726111478514711,-1.3979170278729627,0.6409375,0.0,2.5,0.7903295220923661
5.726111478514711,-1.387917027872963,0.6409375,0.0,2.5,0.7992269105404749
5.726111478514711,-1.377917027872963,0.6970270270270269,0.0,2.5,0.7638418775757669
5.726111478514711,-1.3679170278729633,0.6970270270270269,0.0,2.5,0.7545720081941744
5.726111478514711,-1.3579170278729635,0.7391525423728812,0.0,2.5,0.7031884390821446
5.726111478514711,-1.3479170278729637,0.7391525423728812,0.0,2.5,0.698946477036781
5.726111478514711,-1.337917027872964,0.7391525423728812,0.0,2.5,0.6793407377599362
5.726111478514711,-1.3279170278729642,0.7391525423728812,0.0,2.5,0.6542985259511939
5.726111478514711,-1.3179170278729644,1.0938078105770566,0.0,2.5,0.6271541490306888
5.726111478514711,-1.3079170278729646,1.4487500000000002,0.0,2.5,0.6391941803445703
5.726111478514711,-1.2979170278729648,1.4487500000000002,0.0,2.5,0.6524970520437748
5.726111478514711,-1.287917027872965,1.90625,0.0,2.5,0.6455371480037595
5.726111478514711,-1.2779170278729652,1.4487500000000002,0.0,2.5,0.6773008842666761
5.726111478514711,-1.2679170278729655,0.7391525423728812,0.0,2.5,0.7042729174652967
5.726111478514711,-1.2579170278729657,0.7391525423728812,0.0,2.5,0.6998343972259848
5.726111478514711,-1.2479170278729659,0.7391525423728812,0.0,2.5,0.7131992985707323
5.726111478514711,-1.237917027872966,0.7391525423728812,0.0,2.5,0.7317044504908359
5.726111478514711,-1.2279170278729663,0.7391525423728812,0.0,2.5,0.7328706613756109
5.726111478514711,-1.2179170278729665,0.7391525423728812,0.0,2.5,0.729655585219809
5.726111478514711,-1.2079170278729667,0.7038888888888889,0.0,2.5,0.7532499451530187
5.726111478514711,-1.197917027872967,0.6970270270270269,0.0,2.5,0.7817037171873776
5.726111478514711,-1.1879170278729672,0.6970270270270269,0.0,2.5,0.7970080388813654
5.726111478514711,-1.1779170278729674,0.6409375,0.0,2.5,0.7928525399623496
5.726111478514711,-1.1679170278729676,0.6409375,0.0,2.5,0.8297202295493725
5.726111478514711,-1.1579170278729678,0.6409375,0.0,2.5,0.8834417807104539
5.726111478514711,-1.147917027872968,0.6409375,0.0,2.5,0.8990691144863092
5.726111478514711,-1.1379170278729682,0.6409375,0.0,2.5,0.9170268313910501
5.726111478514711,-1.1279170278729684,0.6409375,0.0,2.5,0.9113087716630923
5.726111478514711,-1.1179170278729686,0.6409375,0.0,2.5,0.9148223324094273
5.726111478514711,-1.1079170278729689,0.6409375,0.0,2.5,0.8862723013409061
5.726111478514711,-1.097917027872969,0.6409375,0.0,2.5,0.8685404027214135
5.726111478514711,-1.0879170278729693,0.6409375,0.0,2.5,0.843800739485259
5.726111478514711,-1.0779170278729695,0.6409375,0.0,2.5,0.8425790119635072
5.726111478514711,-1.0679170278729697,0.6409375,0.0,2.5,0.8333624263243075
5.726111478514711,-1.05791702787297,0.6409375,0.0,2.5,0.8429100924045131
5.726111478514711,-1.0479170278729701,0.6409375,0.0,2.5,0.8718017626324327
5.726111478514711,-1.0379170278729704,0.6409375,0.0,2.5,0.8842660132797567
5.726111478514711,-1.0279170278729706,0.6409375,0.0,2.5,0.8967036807745493
5.726111478514711,-1.0179170278729708,0.6409375,0.0,2.5,0.9081379322639945
5.726111478514711,-1.007917027872971,0.6409375,0.0,2.5,0.9044602995960336
5.726111478514711,-0.9979170278729712,0.6409375,0.0,2.5,0.9031341697713816
5.726111478514711,-0.9879170278729714,0.6409375,0.0,2.5,0.9081008641540118
5.726111478514711,-0.9779170278729716,0.6409375,0.0,2.5,0.9067328772148829
5.726111478514711,-0.9679170278729718,0.6409375,0.0,2.5,0.908267599437105
5.726111478514711,-0.9579170278729721,0.6409375,0.0,2.5,0.9159788526597092
5.726111478514711,-0.9479170278729723,0.6409375,0.0,2.5,0.9253892314233925
5.726111478514711,-0.9379170278729725,0.6008,0.0,2.5,0.9237225647567258
5.726111478514711,-0.9279170278729727,0.6409375,0.0,2.5,0.922126843800479
5.726111478514711,-0.9179170278729729,0.6409375,0.0,2.5,0.8864466434420389
5.726111478514711,-0.9079170278729731,0.6409375,0.0,2.5,0.9221891073503855
5.726111478514711,-0.8979170278729733,0.6409375,0.0,2.5,0.9205911319346226
5.726111478514711,-0.8879170278729736,0.6409375,0.0,2.5,0.9201674096747653
5.726111478514711,-0.8779170278729738,0.6409375,0.0,2.5,0.9233169737499086
5.726111478514711,-0.867917027872974,0.6409375,0.0,2.5,0.916312622148668
5.726111478514711,-0.8579170278729742,0.6409375,0.0,2.5,0.8945121351458638
5.726111478514711,-0.8479170278729744,0.6409375,0.0,2.5,0.9132633169652272
5.726111478514711,-0.8379170278729746,0.6409375,0.0,2.5,0.9147632911171799
5.726111478514711,-0.8279170278729748,0.6409375,0.0,2.5,0.9232769336295878
5.726111478514711,-0.817917027872975,0.6409375,0.0,2.5,0.9093913415940051
5.726111478514711,-0.58791702787298,0.6409375,0.0,2.5,0.8575913443548983
5.726111478514711,-0.5779170278729802,0.6409375,0.0,2.5,0.8388859747118614
5.726111478514711,-0.5679170278729804,0.6409375,0.0,2.5,0.8465122852122582
5.726111478514711,-0.5579170278729806,0.6970270270270269,0.0,2.5,0.8495623282439652
5.726111478514711,-0.5479170278729808,0.6970270270270269,0.0,2.5,0.8467390158504664
5.726111478514711,-0.537917027872981,0.6970270270270269,0.0,2.5,0.8436279740847349
5.726111478514711,-0.5279170278729812,0.7038888888888889,0.0,2.5,0.8260896835502545
5.726111478514711,-0.5179170278729814,0.7391525423728812,0.0,2.5,0.8054879248903867
5.736111478514711,-1.7879170278729544,0.7391525423728812,0.0,2.5,0.6815365385882086
5.736111478514711,-1.7779170278729546,0.6970270270270269,0.0,2.5,0.7215979965293249
5.736111478514711,-1.7679170278729548,0.7038888888888889,0.0,2.5,0.7121239662400534
5.736111478514711,-1.757917027872955,0.7038888888888889,0.0,2.5,0.698288994877482
5.736111478514711,-1.7479170278729552,0.7391525423728812,0.0,2.5,0.6606513033595981
5.736111478514711,-1.7379170278729554,0.7391525423728812,0.0,2.5,0.6450853249148274
5.736111478514711,-1.7279170278729556,0.7391525423728812,0.0,2.5,0.6390208449110778
5.736111478514711,-1.7179170278729559,0.7038888888888889,0.0,2.5,0.6730659832255763
5.736111478514711,-1.707917027872956,0.6970270270270269,0.0,2.5,0.6761458365728988
5.736111478514711,-1.6979170278729563,0.7038888888888889,0.0,2.5,0.6527332419644961
5.736111478514711,-1.6879170278729565,0.6970270270270269,0.0,2.5,0.7119803206362593
5.736111478514711,-1.6779170278729567,0.6409375,0.0,2.5,0.7720297727245748
5.736111478514711,-1.667917027872957,0.6409375,0.0,2.5,0.7930841908050082
5.736111478514711,-1.6579170278729571,0.6409375,0.0,2.5,0.7878592249735178
5.736111478514711,-1.6479170278729574,0.6409375,0.0,2.5,0.773031665106873
5.736111478514711,-1.6379170278729576,0.6409375,0.0,2.5,0.7707197099459726
5.736111478514711,-1.6279170278729578,0.6409375,0.0,2.5,0.7825826308238635
5.736111478514711,-1.617917027872958,0.6970270270270269,0.0,2.5,0.7511926129106893
5.736111478514711,-1.6079170278729582,0.6970270270270269,0.0,2.5,0.7467844056141614
5.736111478514711,-1.5979170278729584,0.6970270270270269,0.0,2.5,0.7428886015330978
5.736111478514711,-1.5879170278729586,0.6970270270270269,0.0,2.5,0.7341030277020143
5.736111478514711,-1.5779170278729588,0.6970270270270269,0.0,2.5,0.7052155694536356
5.736111478514711,-1.567917027872959,0.6970270270270269,0.0,2.5,0.7086016146581264
5.736111478514711,-1.5579170278729593,0.6409375,0.0,2.5,0.7115807732770101
5.736111478514711,-1.5479170278729595,0.6409375,0.0,2.5,0.7024094380574628
5.736111478514711,-1.5379170278729597,0.6409375,0.0,2.5,0.7122790970591039
5.736111478514711,-1.52791702787296,0.6409375,0.0,2.5,0.7202213911702191
5.736111478514711,-1.5179170278729601,0.6409375,0.0,2.5,0.7794092011747306
5.736111478514711,-1.5079170278729603,0.6409375,0.0,2.5,0.8264858145974673
5.736111478514711,-1.4979170278729605,0.6409375,0.0,2.5,0.8085293921227156
5.736111478514711,-1.4879170278729608,0.6409375,0.0,2.5,0.7752289528889142
5.736111478514711,-1.477917027872961,0.6409375,0.0,2.5,0.776857580306705
5.736111478514711,-1.4679170278729612,0.6409375,0.0,2.5,0.7796981312222713
5.736111478514711,-1.4579170278729614,0.6409375,0.0,2.5,0.7743111814043389
5.736111478514711,-1.4479170278729616,0.6409375,0.0,2.5,0.7839755631079036
5.736111478514711,-1.4379170278729618,0.6409375,0.0,2.5,0.7943144893128933
5.736111478514711,-1.427917027872962,0.6409375,0.0,2.5,0.7936109405947255
5.736111478514711,-1.4179170278729623,0.6409375,0.0,2.5,0.797358514770573
5.736111478514711,-1.4079170278729625,0.6409375,0.0,2.5,0.7977013067387954
5.736111478514711,-1.3979170278729627,0.6409375,0.0,2.5,0.8031598767165837
5.736111478514711,-1.387917027872963,0.6970270270270269,0.0,2.5,0.7967328726799253
5.736111478514711,-1.377917027872963,0.6970270270270269,0.0,2.5,0.7549046630720188
5.736111478514711,-1.3679170278729633,0.7038888888888889,0.0,2.5,0.7453179761223501
5.736111478514711,-1.3579170278729635,0.7391525423728812,0.0,2.5,0.7080379361676818
5.736111478514711,-1.3479170278729637,0.7391525423728812,0.0,2.5,0.7114359765510093
5.736111478514711,-1.337917027872964,0.7391525423728812,0.0,2.5,0.6890641220993458
5.736111478514711,-1.3279170278729642,0.7391525423728812,0.0,2.5,0.659303854519007
5.736111478514711,-1.3179170278729644,1.4487500000000002,0.0,2.5,0.6131151871811276
5.736111478514711,-1.3079170278729646,1.4487500000000002,0.0,2.5,0.6381066133032784
5.736111478514711,-1.2979170278729648,1.4487500000000002,0.0,2.5,0.6441830773548002
5.736111478514711,-1.287917027872965,1.90625,0.0,2.5,0.6428829279500466
5.736111478514711,-1.2779170278729652,1.4487500000000002,0.0,2.5,0.6810322511621204
5.736111478514711,-1.2679170278729655,0.78,0.0,2.5,0.6955686960916974
5.736111478514711,-1.2579170278729657,0.7391525423728812,0.0,2.5,0.7011605889895792
5.736111478514711,-1.2479170278729659,0.7391525423728812,0.0,2.5,0.718816672789097
5.736111478514711,-1.237917027872966,0.7391525423728812,0.0,2.5,0.7316357592399321
5.736111478514711,-1.2279170278729663,0.7391525423728812,0.0,2.5,0.7312175826889612
5.736111478514711,-1.2179170278729665,0.7391525423728812,0.0,2.5,0.7333112437591098
5.736111478514711,-1.2079170278729667,0.6970270270270269,0.0,2.5,0.7866220901105979
5.736111478514711,-1.197917027872967,0.6970270270270269,0.0,2.5,0.8011063760851571
5.736111478514711,-1.1879170278729672,0.6970270270270269,0.0,2.5,0.7936143947443235
5.736111478514711,-1.1779170278729674,0.6409375,0.0,2.5,0.8277195339923111
5.736111478514711,-1.1679170278729676,0.6409375,0.0,2.5,0.869021815295702
5.736111478514711,-1.1579170278729678,0.6409375,0.0,2.5,0.8918010974529682
5.736111478514711,-1.147917027872968,0.6409375,0.0,2.5,0.9244784480177259
5.736111478514711,-1.1379170278729682,0.6409375,0.0,2.5,0.9348603266638075
5.736111478514711,-1.1279170278729684,0.6409375,0.0,2.5,0.9245082872450071
5.736111478514711,-1.1179170278729686,0.6409375,0.0,2.5,0.9150608617245067
5.736111478514711,-1.1079170278729689,0.6409375,0.0,2.5,0.9212974183777876
5.736111478514711,-1.097917027872969,0.6409375,0.0,2.5,0.897984639979673
5.736111478514711,-1.0879170278729693,0.6409375,0.0,2.5,0.8941867703936396
5.736111478514711,-1.0779170278729695,0.6409375,0.0,2.5,0.8585535428939962
5.736111478514711,-1.0679170278729697,0.6409375,0.0,2.5,0.8612558707875995
5.736111478514711,-1.05791702787297,0.6409375,0.0,2.5,0.8630611455373124
5.736111478514711,-1.0479170278729701,0.6409375,0.0,2.5,0.8535906772755364
5.736111478514711,-1.0379170278729704,0.6409375,0.0,2.5,0.888102641984863
5.736111478514711,-1.0279170278729706,0.6409375,0.0,2.5,0.8883803180890726
5.736111478514711,-1.0179170278729708,0.6409375,0.0,2.5,0.8849936294008868
5.736111478514711,-1.007917027872971,0.6409375,0.0,2.5,0.8814147618051518
5.736111478514711,-0.9979170278729712,0.6409375,0.0,2.5,0.8974222377251299
5.736111478514711,-0.9879170278729714,0.6409375,0.0,2.5,0.9095703008081383
5.736111478514711,-0.9779170278729716,0.6409375,0.0,2.5,0.9096828866082242
5.736111478514711,-0.9679170278729718,0.6409375,0.0,2.5,0.9158385074852735
5.736111478514711,-0.9579170278729721,0.6409375,0.0,2.5,0.9237740412608605
5.736111478514711,-0.9479170278729723,0.6409375,0.0,2.5,0.9237350741500672
5.736111478514711,-0.9379170278729725,0.6409375,0.0,2.5,0.9207072270269097
5.736111478514711,-0.9279170278729727,0.6409375,0.0,2.5,0.9191092516111468
5.736111478514711,-0.9179170278729729,0.6409375,0.0,2.5,0.8808154950944188
5.736111478514711,-0.9079170278729731,0.6409375,0.0,2.5,0.9233479702914551
5.736111478514711,-0.8979170278729733,0.6409375,0.0,2.5,0.923521093567194
5.736111478514711,-0.8879170278729736,0.6409375,0.0,2.5,0.9267572577316235
5.736111478514711,-0.8779170278729738,0.6409375,0.0,2.5,0.9018127653357525
5.736111478514711,-0.8479170278729744,0.6409375,0.0,2.5,0.9313684321350596
5.736111478514711,-0.8379170278729746,0.6409375,0.0,2.5,0.9193511558156738
5.736111478514711,-0.5679170278729804,0.6409375,0.0,2.5,0.838613672377177
5.736111478514711,-0.5579170278729806,0.6970270270270269,0.0,2.5,0.8370430593390825
5.736111478514711,-0.5479170278729808,0.6970270270270269,0.0,2.5,0.8432597431894087
5.736111478514711,-0.537917027872981,0.6970270270270269,0.0,2.5,0.8353127816275789
5.7461114785147105,-1.7779170278729546,0.7038888888888889,0.0,2.5,0.6881258479559992
5.7461114785147105,-1.7679170278729548,0.6970270270270269,0.0,2.5,0.728072511838594
5.7461114785147105,-1.757917027872955,0.7038888888888889,0.0,2.5,0.6981780988552867
5.7461114785147105,-1.7479170278729552,0.7391525423728812,0.0,2.5,0.6557993144105149
5.7461114785147105,-1.7379170278729554,0.7038888888888889,0.0,2.5,0.6709930866987525
5.7461114785147105,-1.7279170278729556,0.7038888888888889,0.0,2.5,0.6499442285281878
5.7461114785147105,-1.7179170278729559,0.7038888888888889,0.0,2.5,0.630022483660912
5.7461114785147105,-1.707917027872956,0.7038888888888889,0.0,2.5,0.6407029246837551
5.7461114785147105,-1.6979170278729563,0.6409375,0.0,2.5,0.7315272834865775
5.7461114785147105,-1.6879170278729565,0.6409375,0.0,2.5,0.7387191071481266
5.7461114785147105,-1.6779170278729567,0.6409375,0.0,2.5,0.7544216982077768
5.7461114785147105,-1.667917027872957,0.6409375,0.0,2.5,0.7392784870021194
5.7461114785147105,-1.6579170278729571,0.6409375,0.0,2.5,0.7408391928389042
5.7461114785147105,-1.6479170278729574,0.6970270270270269,0.0,2.5,0.7460857705246658
5.7461114785147105,-1.6379170278729576,0.6409375,0.0,2.5,0.7780644385626175
5.7461114785147105,-1.6279170278729578,0.6409375,0.0,2.5,0.7929683901876123
5.7461114785147105,-1.617917027872958,0.6970270270270269,0.0,2.5,0.8008920306757601
5.7461114785147105,-1.6079170278729582,0.6409375,0.0,2.5,0.8192408658574697
5.7461114785147105,-1.5979170278729584,0.6409375,0.0,2.5,0.8268179222169678
5.7461114785147105,-1.5879170278729586,0.6409375,0.0,2.5,0.8083036116519685
5.7461114785147105,-1.5779170278729588,0.6409375,0.0,2.5,0.7943561839389984
5.7461114785147105,-1.567917027872959,0.6409375,0.0,2.5,0.7742190370697496
5.7461114785147105,-1.5579170278729593,0.6409375,0.0,2.5,0.7733796902912693
5.7461114785147105,-1.5479170278729595,0.6409375,0.0,2.5,0.7521206317993334
5.7461114785147105,-1.5379170278729597,0.6409375,0.0,2.5,0.7535175331750553
5.7461114785147105,-1.52791702787296,0.6409375,0.0,2.5,0.7743783288656556
5.7461114785147105,-1.5179170278729601,0.6409375,0.0,2.5,0.8244580270065818
5.7461114785147105,-1.5079170278729603,0.6409375,0.0,2.5,0.8171759803802051
5.7461114785147105,-1.4979170278729605,0.6409375,0.0,2.5,0.7959820330074375
5.7461114785147105,-1.4879170278729608,0.6409375,0.0,2.5,0.7820080904220613
5.7461114785147105,-1.477917027872961,0.6409375,0.0,2.5,0.7905185040444143
5.7461114785147105,-1.4679170278729612,0.6409375,0.0,2.5,0.7906648540184483
5.7461114785147105,-1.4579170278729614,0.6409375,0.0,2.5,0.7942447137514249
5.7461114785147105,-1.4479170278729616,0.6409375,0.0,2.5,0.7995504787416091
5.7461114785147105,-1.4379170278729618,0.6409375,0.0,2.5,0.808016409301877
5.7461114785147105,-1.427917027872962,0.6409375,0.0,2.5,0.8186460499460866
5.7461114785147105,-1.4179170278729623,0.6409375,0.0,2.5,0.8079361738194563
5.7461114785147105,-1.4079170278729625,0.6409375,0.0,2.5,0.8145550373211043
5.7461114785147105,-1.3979170278729627,0.6409375,0.0,2.5,0.8108111181086982
5.7461114785147105,-1.387917027872963,0.6970270270270269,0.0,2.5,0.7990607835457982
5.7461114785147105,-1.377917027872963,0.6970270270270269,0.0,2.5,0.7583559591907312
5.7461114785147105,-1.3679170278729633,0.7038888888888889,0.0,2.5,0.7559909534427679
5.7461114785147105,-1.3579170278729635,0.7391525423728812,0.0,2.5,0.7140425949410374
5.7461114785147105,-1.3479170278729637,0.7391525423728812,0.0,2.5,0.7114915773921561
5.7461114785147105,-1.337917027872964,0.7391525423728812,0.0,2.5,0.7045579223069645
5.7461114785147105,-1.3279170278729642,0.7391525423728812,0.0,2.5,0.6621062772981202
5.7461114785147105,-1.3179170278729644,1.4487500000000002,0.0,2.5,0.6158710002548278
5.7461114785147105,-1.3079170278729646,1.4487500000000002,0.0,2.5,0.6465247525957724
5.7461114785147105,-1.2979170278729648,1.90625,0.0,2.5,0.6376644397561245
5.7461114785147105,-1.287917027872965,1.90625,0.0,2.5,0.6393515683724631
5.7461114785147105,-1.2779170278729652,1.4487500000000002,0.0,2.5,0.6723485094422095
5.7461114785147105,-1.2679170278729655,0.9333333333333335,0.0,2.5,0.6921033064562294
5.7461114785147105,-1.2579170278729657,0.7391525423728812,0.0,2.5,0.7065449942500449
5.7461114785147105,-1.2479170278729659,0.7391525423728812,0.0,2.5,0.7219893712093437
5.7461114785147105,-1.237917027872966,0.7391525423728812,0.0,2.5,0.7285211483152942
5.7461114785147105,-1.2279170278729663,0.7391525423728812,0.0,2.5,0.7360583629975869
5.7461114785147105,-1.2179170278729665,0.7038888888888889,0.0,2.5,0.775770680185486
5.7461114785147105,-1.2079170278729667,0.6970270270270269,0.0,2.5,0.7905263065193328
5.7461114785147105,-1.197917027872967,0.6970270270270269,0.0,2.5,0.8021745613471526
5.7461114785147105,-1.1879170278729672,0.6409375,0.0,2.5,0.8343645658777474
5.7461114785147105,-1.1779170278729674,0.6409375,0.0,2.5,0.8543949820003479
5.7461114785147105,-1.1679170278729676,0.6409375,0.0,2.5,0.9074755112112319
5.7461114785147105,-1.1579170278729678,0.6409375,0.0,2.5,0.9099828622019124
5.7461114785147105,-1.147917027872968,0.6409375,0.0,2.5,0.9433036970026947
5.7461114785147105,-1.1379170278729682,0.6409375,0.0,2.5,0.9381918531001913
5.7461114785147105,-1.1279170278729684,0.6409375,0.0,2.5,0.9262673600217233
5.7461114785147105,-1.1179170278729686,0.6409375,0.0,2.5,0.9242417317834808
5.7461114785147105,-1.1079170278729689,0.6409375,0.0,2.5,0.9154810679222294
5.7461114785147105,-1.097917027872969,0.6409375,0.0,2.5,0.9203358340450333
5.7461114785147105,-1.0879170278729693,0.6409375,0.0,2.5,0.9090120781291097
5.7461114785147105,-1.0779170278729695,0.6409375,0.0,2.5,0.8982427037577391
5.7461114785147105,-1.0679170278729697,0.6409375,0.0,2.5,0.8664502123690964
5.7461114785147105,-1.05791702787297,0.6409375,0.0,2.5,0.8497034010878376
5.7461114785147105,-1.0479170278729701,0.6409375,0.0,2.5,0.8570125135244087
5.7461114785147105,-1.0379170278729704,0.6409375,0.0,2.5,0.8539746387160796
5.7461114785147105,-1.0279170278729706,0.6409375,0.0,2.5,0.851881496629719
5.7461114785147105,-1.0179170278729708,0.6409375,0.0,2.5,0.8796668987239923
5.7461114785147105,-1.007917027872971,0.6409375,0.0,2.5,0.8839389316285144
5.7461114785147105,-0.9979170278729712,0.6409375,0.0,2.5,0.882091952361976
5.7461114785147105,-0.9879170278729714,0.6409375,0.0,2.5,0.8908319501824751
5.7461114785147105,-0.9779170278729716,0.6409375,0.0,2.5,0.9103237343628369
5.7461114785147105,-0.9679170278729718,0.6409375,0.0,2.5,0.8864813958473923
5.75611147851471,-1.7779170278729546,0.6970270270270269,0.0,2.5,0.7535388455475988
5.75611147851471,-1.7679170278729548,0.6970270270270269,0.0,2.5,0.7456946279257892
5.75611147851471,-1.757917027872955,0.6970270270270269,0.0,2.5,0.71087385150931
5.75611147851471,-1.7479170278729552,0.7391525423728812,0.0,2.5,0.63267552888989
5.75611147851471,-1.7379170278729554,0.7038888888888889,0.0,2.5,0.6556226831624911
5.75611147851471,-1.7279170278729556,0.7391525423728812,0.0,2.5,0.6284992822895181
5.75611147851471,-1.7179170278729559,0.7038888888888889,0.0,2.5,0.6217679743636644
5.75611147851471,-1.707917027872956,0.6409375,0.0,2.5,0.7319524236797786
5.75611147851471,-1.6979170278729563,0.6409375,0.0,2.5,0.7718031096553998
5.75611147851471,-1.6879170278729565,0.6409375,0.0,2.5,0.8065464717896951
5.75611147851471,-1.6779170278729567,0.6409375,0.0,2.5,0.8092785036404102
5.75611147851471,-1.667917027872957,0.6409375,0.0,2.5,0.793691683494396
5.75611147851471,-1.6579170278729571,0.6409375,0.0,2.5,0.7800072383753981
5.75611147851471,-1.6479170278729574,0.6970270270270269,0.0,2.5,0.7596311135728843
5.75611147851471,-1.6379170278729576,0.6970270270270269,0.0,2.5,0.755304000235173
5.75611147851471,-1.6279170278729578,0.6970270270270269,0.0,2.5,0.7642406088890012
5.75611147851471,-1.617917027872958,0.6970270270270269,0.0,2.5,0.7759747254707473
5.75611147851471,-1.6079170278729582,0.6970270270270269,0.0,2.5,0.7747353096033104
5.75611147851471,-1.5979170278729584,0.6970270270270269,0.0,2.5,0.7700854433031628
5.75611147851471,-1.5879170278729586,0.6409375,0.0,2.5,0.7814593208479288
5.75611147851471,-1.5779170278729588,0.6409375,0.0,2.5,0.8129989668257802
5.75611147851471,-1.567917027872959,0.6409375,0.0,2.5,0.8199614914821134
5.75611147851471,-1.5579170278729593,0.6409375,0.0,2.5,0.8356889235421707
5.75611147851471,-1.5479170278729595,0.6409375,0.0,2.5,0.8147698185753827
5.75611147851471,-1.5379170278729597,0.6409375,0.0,2.5,0.7783093739493014
5.75611147851471,-1.52791702787296,0.6409375,0.0,2.5,0.8127885192196278
5.75611147851471,-1.5179170278729601,0.6409375,0.0,2.5,0.8349753602049563
5.75611147851471,-1.5079170278729603,0.6409375,0.0,2.5,0.7978461527736762
5.75611147851471,-1.4979170278729605,0.6409375,0.0,2.5,0.7803894683488477
5.75611147851471,-1.4879170278729608,0.6409375,0.0,2.5,0.8039058964398683
5.75611147851471,-1.477917027872961,0.6409375,0.0,2.5,0.8175240794613621
5.75611147851471,-1.4679170278729612,0.6409375,0.0,2.5,0.8123267575345661
5.75611147851471,-1.4579170278729614,0.6409375,0.0,2.5,0.8121454679819125
5.75611147851471,-1.4479170278729616,0.6409375,0.0,2.5,0.828892500443996
5.75611147851471,-1.4379170278729618,0.6409375,0.0,2.5,0.8242407560931057
5.75611147851471,-1.427917027872962,0.6409375,0.0,2.5,0.8477573124216161
5.75611147851471,-1.4179170278729623,0.6409375,0.0,2.5,0.8380164535962881
5.75611147851471,-1.4079170278729625,0.6409375,0.0,2.5,0.8462858503172367
5.75611147851471,-1.3979170278729627,0.6409375,0.0,2.5,0.8425214676996936
5.75611147851471,-1.387917027872963,0.6970270270270269,0.0,2.5,0.8123968501653387
5.75611147851471,-1.377917027872963,0.6970270270270269,0.0,2.5,0.7760492291642009
5.75611147851471,-1.3679170278729633,0.7038888888888889,0.0,2.5,0.7514223092821923
5.75611147851471,-1.3579170278729635,0.7391525423728812,0.0,2.5,0.7112787583811373
5.75611147851471,-1.3479170278729637,0.7391525423728812,0.0,2.5,0.7152173404100909
5.75611147851471,-1.337917027872964,0.7391525423728812,0.0,2.5,0.7046625163687188
5.75611147851471,-1.3279170278729642,0.7633685965227137,0.0,2.5,0.662854201864049
5.75611147851471,-1.3179170278729644,1.4487500000000002,0.0,2.5,0.632257848629581
5.75611147851471,-1.3079170278729646,1.4487500000000002,0.0,2.5,0.6445759448372923
5.75611147851471,-1.2979170278729648,1.90625,0.0,2.5,0.6361536385529525
5.75611147851471,-1.287917027872965,1.90625,0.0,2.5,0.6348432299279455
5.75611147851471,-1.2779170278729652,1.4487500000000002,0.0,2.5,0.6653418155383352
5.75611147851471,-1.2679170278729655,0.9333333333333335,0.0,2.5,0.695298407863068
5.75611147851471,-1.2579170278729657,0.7391525423728812,0.0,2.5,0.7070235440674074
5.75611147851471,-1.2479170278729659,0.7391525423728812,0.0,2.5,0.7323542583100052
5.75611147851471,-1.237917027872966,0.7391525423728812,0.0,2.5,0.7578566565943387
5.75611147851471,-1.2279170278729663,0.7391525423728812,0.0,2.5,0.7776203644704693
5.75611147851471,-1.2179170278729665,0.7038888888888889,0.0,2.5,0.7702818476248887
5.75611147851471,-1.2079170278729667,0.7038888888888889,0.0,2.5,0.7959364083148631
5.75611147851471,-1.197917027872967,0.6970270270270269,0.0,2.5,0.8504455812250725
5.75611147851471,-1.1879170278729672,0.6409375,0.0,2.5,0.8622288716957758
5.75611147851471,-1.1779170278729674,0.6409375,0.0,2.5,0.8904736416706374
5.75611147851471,-1.1679170278729676,0.6409375,0.0,2.5,0.9331131890074179
5.75611147851471,-1.1579170278729678,0.6409375,0.0,2.5,0.9344367107584858
5.75611147851471,-1.147917027872968,0.6409375,0.0,2.5,0.945461248266094
5.75611147851471,-1.1379170278729682,0.6409375,0.0,2.5,0.9288964945995993
5.75611147851471,-1.1279170278729684,0.6409375,0.0,2.5,0.926366548351956
5.75611147851471,-1.1179170278729686,0.6409375,0.0,2.5,0.9192998244625104
5.75611147851471,-1.1079170278729689,0.6409375,0.0,2.5,0.9219830972680254
5.75611147851471,-1.097917027872969,0.6409375,0.0,2.5,0.9226263140558373
5.75611147851471,-1.0879170278729693,0.6409375,0.0,2.5,0.9194130001965309
5.75611147851471,-1.0779170278729695,0.6409375,0.0,2.5,0.8990778065596292
5.75611147851471,-1.0679170278729697,0.6409375,0.0,2.5,0.8792797286714513
5.75611147851471,-1.05791702787297,0.6409375,0.0,2.5,0.8646112361457255
5.75611147851471,-1.0479170278729701,0.6409375,0.0,2.5,0.8665732186703679
5.76611147851471,-1.8179170278729537,0.6409375,0.0,2.5,0.8280710940276355
5.76611147851471,-1.807917027872954,0.6409375,0.0,2.5,0.8053166603948244
5.76611147851471,-1.7979170278729542,0.6409375,0.0,2.5,0.8040162568813326
5.76611147851471,-1.7879170278729544,0.6409375,0.0,2.5,0.7991066040044899
5.76611147851471,-1.7779170278729546,0.6409375,0.0,2.5,0.7917362681835944
5.76611147851471,-1.7679170278729548,0.6409375,0.0,2.5,0.7713771631048425
5.76611147851471,-1.757917027872955,0.6970270270270269,0.0,2.5,0.7174450094511269
5.76611147851471,-1.7479170278729552,0.7038888888888889,0.0,2.5,0.6271173454302102
5.76611147851471,-1.7379170278729554,0.7391525423728812,0.0,2.5,0.6345815767231864
5.76611147851471,-1.7279170278729556,0.7038888888888889,0.0,2.5,0.6413468753068216
5.76611147851471,-1.7179170278729559,0.6409375,0.0,2.5,0.7879011741336454
5.76611147851471,-1.707917027872956,0.6409375,0.0,2.5,0.7810307019648121
5.76611147851471,-1.6979170278729563,0.6409375,0.0,2.5,0.8297787362904695
5.76611147851471,-1.6879170278729565,0.6409375,0.0,2.5,0.8307507052528978
5.76611147851471,-1.6779170278729567,0.6409375,0.0,2.5,0.8266237794641417
5.76611147851471,-1.667917027872957,0.6409375,0.0,2.5,0.8264892439467814
5.76611147851471,-1.6579170278729571,0.6409375,0.0,2.5,0.7997493713080267
5.76611147851471,-1.6479170278729574,0.6409375,0.0,2.5,0.8017577299654685
5.76611147851471,-1.6379170278729576,0.6970270270270269,0.0,2.5,0.7997775315709323
5.76611147851471,-1.6279170278729578,0.6409375,0.0,2.5,0.8251052480391529
5.76611147851471,-1.617917027872958,0.6970270270270269,0.0,2.5,0.8147143754917129
5.76611147851471,-1.6079170278729582,0.6970270270270269,0.0,2.5,0.8079058132507009
5.76611147851471,-1.5979170278729584,0.6970270270270269,0.0,2.5,0.7941886679723499
5.76611147851471,-1.5879170278729586,0.6409375,0.0,2.5,0.7924195363969705
5.76611147851471,-1.5779170278729588,0.6409375,0.0,2.5,0.7828237762567201
5.76611147851471,-1.567917027872959,0.6409375,0.0,2.5,0.7876763346073299
5.76611147851471,-1.5579170278729593,0.6409375,0.0,2.5,0.7982045871997684
5.76611147851471,-1.5479170278729595,0.6409375,0.0,2.5,0.7850265056384693
5.76611147851471,-1.5379170278729597,0.6409375,0.0,2.5,0.8210270717154575
5.76611147851471,-1.52791702787296,0.6409375,0.0,2.5,0.8199381168378592
5.76611147851471,-1.5179170278729601,0.6409375,0.0,2.5,0.7938352550232299
5.76611147851471,-1.5079170278729603,0.6409375,0.0,2.5,0.787192743062066
5.76611147851471,-1.4979170278729605,0.6409375,0.0,2.5,0.8231956386101018
5.76611147851471,-1.4879170278729608,0.6409375,0.0,2.5,0.8280816073566397
5.76611147851471,-1.477917027872961,0.6409375,0.0,2.5,0.8263026117358159
5.76611147851471,-1.4679170278729612,0.6409375,0.0,2.5,0.8216495191497298
5.76611147851471,-1.4579170278729614,0.6409375,0.0,2.5,0.8235799556770417
5.76611147851471,-1.4479170278729616,0.6409375,0.0,2.5,0.8423043707277413
5.76611147851471,-1.4379170278729618,0.6409375,0.0,2.5,0.8425047454294664
5.76611147851471,-1.427917027872962,0.6409375,0.0,2.5,0.8595452749040544
5.76611147851471,-1.4179170278729623,0.6409375,0.0,2.5,0.8538256411065004
5.76611147851471,-1.4079170278729625,0.6409375,0.0,2.5,0.851215713735472
5.76611147851471,-1.3979170278729627,0.6409375,0.0,2.5,0.847886951461979
5.76611147851471,-1.387917027872963,0.6970270270270269,0.0,2.5,0.7918974986220485
5.76611147851471,-1.377917027872963,0.7038888888888889,0.0,2.5,0.7663600277641444
5.76611147851471,-1.3679170278729633,0.7391525423728812,0.0,2.5,0.7409300033582036
5.76611147851471,-1.3579170278729635,0.7391525423728812,0.0,2.5,0.7072075992225367
5.76611147851471,-1.3479170278729637,0.7391525423728812,0.0,2.5,0.7157976076177651
5.76611147851471,-1.337917027872964,0.7391525423728812,0.0,2.5,0.7191215621931287
5.76611147851471,-1.3279170278729642,0.78,0.0,2.5,0.6784126391053484
5.76611147851471,-1.3179170278729644,1.4487500000000002,0.0,2.5,0.6303406338898282
5.76611147851471,-1.3079170278729646,1.516634546483081,0.0,2.5,0.6369843243719648
5.76611147851471,-1.2979170278729648,1.90625,0.0,2.5,0.6326695877706897
5.76611147851471,-1.287917027872965,1.90625,0.0,2.5,0.6283988548288807
5.76611147851471,-1.2779170278729652,1.90625,0.0,2.5,0.6443993784995282
5.76611147851471,-1.2679170278729655,0.9333333333333335,0.0,2.5,0.6970508451959103
5.76611147851471,-1.2579170278729657,0.7391525423728812,0.0,2.5,0.7167113436707996
5.76611147851471,-1.2479170278729659,0.7391525423728812,0.0,2.5,0.758979095140336
5.76611147851471,-1.237917027872966,0.7391525423728812,0.0,2.5,0.7805124616164425
5.76611147851471,-1.2279170278729663,0.7391525423728812,0.0,2.5,0.7634744977396406
5.76611147851471,-1.2179170278729665,0.7038888888888889,0.0,2.5,0.7852752573026646
5.76611147851471,-1.2079170278729667,0.6970270270270269,0.0,2.5,0.83800007716367
5.76611147851471,-1.197917027872967,0.6970270270270269,0.0,2.5,0.8670010715895097
5.76611147851471,-1.1879170278729672,0.6409375,0.0,2.5,0.8970072580845492
5.76611147851471,-1.1779170278729674,0.6409375,0.0,2.5,0.9313723479511918
5.76611147851471,-1.1679170278729676,0.6409375,0.0,2.5,0.9469702396128535
5.76611147851471,-1.1579170278729678,0.6409375,0.0,2.5,0.9416707975187014
5.77611147851471,-1.807917027872954,0.6409375,0.0,2.5,0.8304349006300807
5.77611147851471,-1.7979170278729542,0.6409375,0.0,2.5,0.812744572026697
5.77611147851471,-1.7879170278729544,0.6409375,0.0,2.5,0.806954026271359
5.77611147851471,-1.7779170278729546,0.6409375,0.0,2.5,0.8026893327020178
5.77611147851471,-1.7679170278729548,0.6409375,0.0,2.5,0.7995591843146109
5.77611147851471,-1.757917027872955,0.6970270270270269,0.0,2.5,0.7119836703694338
5.77611147851471,-1.7479170278729552,0.7038888888888889,0.0,2.5,0.6377247314771242
5.77611147851471,-1.7379170278729554,0.7038888888888889,0.0,2.5,0.6544747744603201
5.77611147851471,-1.7279170278729556,0.6409375,0.0,2.5,0.7891346400724832
5.77611147851471,-1.7179170278729559,0.6409375,0.0,2.5,0.788341465210165
5.77611147851471,-1.707917027872956,0.6409375,0.0,2.5,0.8346171381744902
5.77611147851471,-1.6979170278729563,0.6409375,0.0,2.5,0.8406123652552713
5.77611147851471,-1.6879170278729565,0.6409375,0.0,2.5,0.8411525856431574
5.77611147851471,-1.6779170278729567,0.6409375,0.0,2.5,0.8290804852023339
5.77611147851471,-1.667917027872957,0.6409375,0.0,2.5,0.8267660130567182
5.77611147851471,-1.6579170278729571,0.6409375,0.0,2.5,0.8043425910231268
5.77611147851471,-1.6479170278729574,0.6409375,0.0,2.5,0.7937837859937303
5.77611147851471,-1.6379170278729576,0.6409375,0.0,2.5,0.8265363681686319
5.77611147851471,-1.6279170278729578,0.6970270270270269,0.0,2.5,0.82858448453313
5.77611147851471,-1.617917027872958,0.6970270270270269,0.0,2.5,0.8187932364108558
5.77611147851471,-1.6079170278729582,0.6970270270270269,0.0,2.5,0.8067064705810849
5.77611147851471,-1.5979170278729584,0.6970270270270269,0.0,2.5,0.8034092090040048
5.77611147851471,-1.5879170278729586,0.6409375,0.0,2.5,0.824135427900514
5.77611147851471,-1.5779170278729588,0.6409375,0.0,2.5,0.8476295607345898
5.77611147851471,-1.567917027872959,0.6409375,0.0,2.5,0.8314329377577543
5.77611147851471,-1.5579170278729593,0.6409375,0.0,2.5,0.843477893532104
5.77611147851471,-1.5479170278729595,0.6409375,0.0,2.5,0.8387144207613059
5.77611147851471,-1.5379170278729597,0.6409375,0.0,2.5,0.8254742964047823
5.77611147851471,-1.52791702787296,0.6409375,0.0,2.5,0.8292849792852411
5.77611147851471,-1.5179170278729601,0.6409375,0.0,2.5,0.8177571080565985
5.77611147851471,-1.5079170278729603,0.6409375,0.0,2.5,0.8233990472028169
5.77611147851471,-1.4979170278729605,0.6409375,0.0,2.5,0.8396854717086368
5.77611147851471,-1.4879170278729608,0.6409375,0.0,2.5,0.8330657653331803
5.77611147851471,-1.477917027872961,0.6409375,0.0,2.5,0.8242333505999809
5.77611147851471,-1.4679170278729612,0.6409375,0.0,2.5,0.824575129270897
5.77611147851471,-1.4579170278729614,0.6409375,0.0,2.5,0.8306558678462945
5.77611147851471,-1.4479170278729616,0.6409375,0.0,2.5,0.8480742823694406
5.77611147851471,-1.4379170278729618,0.6409375,0.0,2.5,0.8537863563508866
5.77611147851471,-1.427917027872962,0.6409375,0.0,2.5,0.8620843440054526
5.77611147851471,-1.4179170278729623,0.6409375,0.0,2.5,0.859501298491059
5.77611147851471,-1.4079170278729625,0.6409375,0.0,2.5,0.8551471869441607
5.77611147851471,-1.3979170278729627,0.6970270270270269,0.0,2.5,0.8473775008873015
5.77611147851471,-1.387917027872963,0.6970270270270269,0.0,2.5,0.7931748814403754
5.77611147851471,-1.377917027872963,0.7038888888888889,0.0,2.5,0.7586893250431896
5.77611147851471,-1.3679170278729633,0.7391525423728812,0.0,2.5,0.7486709026186262
5.77611147851471,-1.3579170278729635,0.7391525423728812,0.0,2.5,0.71509887748152
5.77611147851471,-1.3479170278729637,0.7391525423728812,0.0,2.5,0.7184355063766393
5.77611147851471,-1.337917027872964,0.7391525423728812,0.0,2.5,0.7145946394123001
5.77611147851471,-1.3279170278729642,0.9333333333333335,0.0,2.5,0.6804389979743874
5.77611147851471,-1.3179170278729644,1.90625,0.0,2.5,0.6291273064492378
5.77611147851471,-1.3079170278729646,1.90625,0.0,2.5,0.6296895572281564
5.77611147851471,-1.2979170278729648,1.90625,0.0,2.5,0.6219496504049243
5.77611147851471,-1.287917027872965,1.9472413793103447,0.0,2.5,0.6150730477695564
5.77611147851471,-1.2779170278729652,1.90625,0.0,2.5,0.6242631477235712
5.77611147851471,-1.2679170278729655,0.9333333333333335,0.0,2.5,0.7197372685362555
5.77611147851471,-1.2579170278729657,0.7391525423728812,0.0,2.5,0.7429797422128068
5.77611147851471,-1.2479170278729659,0.7391525423728812,0.0,2.5,0.7698601772707893
5.77611147851471,-1.237917027872966,0.7391525423728812,0.0,2.5,0.7479423793707115
5.77611147851471,-1.2279170278729663,0.7391525423728812,0.0,2.5,0.7772746171595778
5.77611147851471,-1.2179170278729665,0.7038888888888889,0.0,2.5,0.8073749084167319
5.77611147851471,-1.2079170278729667,0.6970270270270269,0.0,2.5,0.8576724199989573
5.77611147851471,-1.197917027872967,0.6409375,0.0,2.5,0.8939835392102122
5.77611147851471,-1.1879170278729672,0.6409375,0.0,2.5,0.9273304025991337
5.77611147851471,-1.1779170278729674,0.6409375,0.0,2.5,0.9530861200525674
5.77611147851471,-1.1679170278729676,0.6409375,0.0,2.5,0.9577608486069965
5.78611147851471,-1.807917027872954,0.6409375,0.0,2.5,0.8234702498003678
5.78611147851471,-1.7979170278729542,0.6409375,0.0,2.5,0.8362810401935294
5.78611147851471,-1.7879170278729544,0.6409375,0.0,2.5,0.8152527322510941
5.78611147851471,-1.7779170278729546,0.6409375,0.0,2.5,0.8025535794333762
5.78611147851471,-1.7679170278729548,0.6409375,0.0,2.5,0.808875533366961
5.78611147851471,-1.757917027872955,0.6409375,0.0,2.5,0.7158774477595906
5.78611147851471,-1.7479170278729552,0.6970270270270269,0.0,2.5,0.7139573655861172
5.78611147851471,-1.7379170278729554,0.6409375,0.0,2.5,0.8348535201048142
5.78611147851471,-1.7279170278729556,0.6409375,0.0,2.5,0.8050459371847635
5.78611147851471,-1.7179170278729559,0.6409375,0.0,2.5,0.825301196236872
5.78611147851471,-1.707917027872956,0.6409375,0.0,2.5,0.8050555074693235
5.78611147851471,-1.6979170278729563,0.6409375,0.0,2.5,0.835060465355262
5.78611147851471,-1.6879170278729565,0.6409375,0.0,2.5,0.8328826920082708
5.78611147851471,-1.6779170278729567,0.6409375,0.0,2.5,0.8332987919624522
5.78611147851471,-1.667917027872957,0.6409375,0.0,2.5,0.8258011760668729
5.78611147851471,-1.6579170278729571,0.6409375,0.0,2.5,0.8056773602877344
5.78611147851471,-1.6479170278729574,0.6409375,0.0,2.5,0.8134605411105237
5.78611147851471,-1.6379170278729576,0.6409375,0.0,2.5,0.8397909971457121
5.78611147851471,-1.6279170278729578,0.6970270270270269,0.0,2.5,0.8264245852293935
5.78611147851471,-1.617917027872958,0.6970270270270269,0.0,2.5,0.8372788179640345
5.78611147851471,-1.6079170278729582,0.6970270270270269,0.0,2.5,0.8087831327973463
5.78611147851471,-1.5979170278729584,0.6409375,0.0,2.5,0.8276881894750977
5.78611147851471,-1.5879170278729586,0.6409375,0.0,2.5,0.8473822398087604
5.78611147851471,-1.5779170278729588,0.6409375,0.0,2.5,0.8472989512458592
5.78611147851471,-1.567917027872959,0.6409375,0.0,2.5,0.8532067094278751
5.78611147851471,-1.5579170278729593,0.6409375,0.0,2.5,0.8480725957004692
5.78611147851471,-1.5479170278729595,0.6409375,0.0,2.5,0.8520212895676605
5.78611147851471,-1.5379170278729597,0.6409375,0.0,2.5,0.8378765012731388
5.78611147851471,-1.52791702787296,0.6409375,0.0,2.5,0.8231457168886096
5.78611147851471,-1.5179170278729601,0.6409375,0.0,2.5,0.8242598092594972
5.78611147851471,-1.5079170278729603,0.6409375,0.0,2.5,0.8322075633103753
5.78611147851471,-1.4979170278729605,0.6409375,0.0,2.5,0.8433134750725281
5.78611147851471,-1.4879170278729608,0.6409375,0.0,2.5,0.8421873216103097
5.78611147851471,-1.477917027872961,0.6409375,0.0,2.5,0.8332992781081225
5.78611147851471,-1.4679170278729612,0.6409375,0.0,2.5,0.8315935322502976
5.78611147851471,-1.4579170278729614,0.6409375,0.0,2.5,0.8436036659551777
5.78611147851471,-1.4479170278729616,0.6409375,0.0,2.5,0.8521324396770414
5.78611147851471,-1.4379170278729618,0.6409375,0.0,2.5,0.859181162286748
5.78611147851471,-1.427917027872962,0.6409375,0.0,2.5,0.8600489104126567
5.78611147851471,-1.4179170278729623,0.6970270270270269,0.0,2.5,0.8554806484829975
5.78611147851471,-1.4079170278729625,0.6970270270270269,0.0,2.5,0.8540736701178498
5.78611147851471,-1.3979170278729627,0.6970270270270269,0.0,2.5,0.8422999516897812
5.78611147851471,-1.387917027872963,0.7038888888888889,0.0,2.5,0.7893315037778984
5.78611147851471,-1.377917027872963,0.7391525423728812,0.0,2.5,0.7542185226812462
5.78611147851471,-1.3679170278729633,0.7391525423728812,0.0,2.5,0.7322403289093666
5.78611147851471,-1.3579170278729635,0.7391525423728812,0.0,2.5,0.7245404223505532
5.78611147851471,-1.3479170278729637,0.7391525423728812,0.0,2.5,0.7391599453002601
5.78611147851471,-1.337917027872964,0.7391525423728812,0.0,2.5,0.7278778956722274
5.78611147851471,-1.3279170278729642,0.9333333333333335,0.0,2.5,0.6771574027458184
5.78611147851471,-1.3179170278729644,1.90625,0.0,2.5,0.6303634927353111
5.78611147851471,-1.3079170278729646,1.90625,0.0,2.5,0.6302525903786963
5.78611147851471,-1.2979170278729648,1.90625,0.0,2.5,0.616979431155674
5.78611147851471,-1.287917027872965,1.90625,0.0,2.5,0.6215999546953155
5.78611147851471,-1.2779170278729652,1.4487500000000002,0.0,2.5,0.6984962738741964
5.78611147851471,-1.2679170278729655,0.78,0.0,2.5,0.7385635578374019
5.78611147851471,-1.2579170278729657,0.7391525423728812,0.0,2.5,0.7590812243667208
5.78611147851471,-1.2479170278729659,0.7391525423728812,0.0,2.5,0.744491862772034
5.78611147851471,-1.237917027872966,0.7391525423728812,0.0,2.5,0.7801792594770052
5.78611147851471,-1.2279170278729663,0.7391525423728812,0.0,2.5,0.805990128337438
5.78611147851471,-1.2179170278729665,0.7038888888888889,0.0,2.5,0.8457512688923353
5.78611147851471,-1.2079170278729667,0.6970270270270269,0.0,2.5,0.9013953486346088
5.78611147851471,-1.197917027872967,0.6409375,0.0,2.5,0.9303515201803922
5.78611147851471,-1.1879170278729672,0.6409375,0.0,2.5,0.9472183403077444
5.78611147851471,-1.1779170278729674,0.6409375,0.0,2.5,0.9590010281805095
5.78611147851471,-1.1679170278729676,0.6409375,0.0,2.5,0.9486274680205018
5.796111478514709,-1.807917027872954,0.6409375,0.0,2.5,0.8235861015186265
5.796111478514709,-1.7979170278729542,0.6409375,0.0,2.5,0.845200998686174
5.796111478514709,-1.7879170278729544,0.6409375,0.0,2.5,0.833052822954947
5.796111478514709,-1.7779170278729546,0.6409375,0.0,2.5,0.8417994621905742
5.796111478514709,-1.7679170278729548,0.6409375,0.0,2.5,0.8113358559425008
5.796111478514709,-1.757917027872955,0.6409375,0.0,2.5,0.7565901957102596
5.796111478514709,-1.7479170278729552,0.6409375,0.0,2.5,0.8184085716071898
5.796111478514709,-1.7379170278729554,0.6409375,0.0,2.5,0.854762212845989
5.796111478514709,-1.7279170278729556,0.6409375,0.0,2.5,0.8059039122586185
5.796111478514709,-1.7179170278729559,0.6409375,0.0,2.5,0.8320073722162932
5.796111478514709,-1.707917027872956,0.6409375,0.0,2.5,0.82927963519601
5.796111478514709,-1.6979170278729563,0.6409375,0.0,2.5,0.8276254412144667
5.796111478514709,-1.6879170278729565,0.6409375,0.0,2.5,0.8262179060623188
5.796111478514709,-1.6779170278729567,0.6409375,0.0,2.5,0.8357729668946012
5.796111478514709,-1.667917027872957,0.6409375,0.0,2.5,0.8197811866292674
5.796111478514709,-1.6579170278729571,0.6409375,0.0,2.5,0.8004756595057119
5.796111478514709,-1.6479170278729574,0.6409375,0.0,2.5,0.8492521382870094
5.796111478514709,-1.6379170278729576,0.6409375,0.0,2.5,0.8330772062783967
5.796111478514709,-1.6279170278729578,0.6970270270270269,0.0,2.5,0.8187541429420293
5.796111478514709,-1.617917027872958,0.6970270270270269,0.0,2.5,0.838266317736421
5.796111478514709,-1.6079170278729582,0.6970270270270269,0.0,2.5,0.8305352490755491
5.796111478514709,-1.5979170278729584,0.6409375,0.0,2.5,0.8551139445318002
5.796111478514709,-1.5879170278729586,0.6409375,0.0,2.5,0.87807380057109
5.796111478514709,-1.5779170278729588,0.6409375,0.0,2.5,0.8802107186792504
5.796111478514709,-1.567917027872959,0.6409375,0.0,2.5,0.8735748554234106
5.796111478514709,-1.5579170278729593,0.6409375,0.0,2.5,0.8513308122831166
5.796111478514709,-1.5479170278729595,0.6409375,0.0,2.5,0.8385096973108077
5.796111478514709,-1.5379170278729597,0.6409375,0.0,2.5,0.831303162199852
5.796111478514709,-1.52791702787296,0.6409375,0.0,2.5,0.8438983289838149
5.796111478514709,-1.5179170278729601,0.6409375,0.0,2.5,0.8378087727014712
5.796111478514709,-1.5079170278729603,0.6409375,0.0,2.5,0.8302421161521241
5.796111478514709,-1.4979170278729605,0.6409375,0.0,2.5,0.8363866362793348
5.796111478514709,-1.4879170278729608,0.6409375,0.0,2.5,0.8438983289838149
5.796111478514709,-1.477917027872961,0.6409375,0.0,2.5,0.8378250548081202
5.796111478514709,-1.4679170278729612,0.6409375,0.0,2.5,0.8361117907260113
5.796111478514709,-1.4579170278729614,0.6409375,0.0,2.5,0.8579851817723314
5.796111478514709,-1.4479170278729616,0.6409375,0.0,2.5,0.8598526751022966
5.796111478514709,-1.4379170278729618,0.6409375,0.0,2.5,0.8747325040308419
5.796111478514709,-1.427917027872962,0.6970270270270269,0.0,2.5,0.8648932463301109
5.796111478514709,-1.4179170278729623,0.6970270270270269,0.0,2.5,0.864492285812765
5.796111478514709,-1.4079170278729625,0.6970270270270269,0.0,2.5,0.8590251865870505
5.796111478514709,-1.3979170278729627,0.6970270270270269,0.0,2.5,0.8272099823380651
5.796111478514709,-1.387917027872963,0.7038888888888889,0.0,2.5,0.7836214960510584
5.796111478514709,-1.377917027872963,0.7391525423728812,0.0,2.5,0.7589666098955599
5.796111478514709,-1.3679170278729633,0.7391525423728812,0.0,2.5,0.7291008785707391
5.796111478514709,-1.3579170278729635,0.7391525423728812,0.0,2.5,0.7296562995140519
5.796111478514709,-1.3479170278729637,0.7391525423728812,0.0,2.5,0.7412309692252292
5.796111478514709,-1.337917027872964,0.7391525423728812,0.0,2.5,0.7469526374099471
5.796111478514709,-1.3279170278729642,1.4487500000000002,0.0,2.5,0.6827987842540381
5.796111478514709,-1.3179170278729644,1.90625,0.0,2.5,0.625033213010418
5.796111478514709,-1.3079170278729646,1.90625,0.0,2.5,0.6141851023826793
5.796111478514709,-1.2979170278729648,1.9472413793103447,0.0,2.5,0.6135755177151895
5.796111478514709,-1.287917027872965,1.90625,0.0,2.5,0.6950944601768739
5.796111478514709,-1.2779170278729652,1.4487500000000002,0.0,2.5,0.7129971330396949
5.796111478514709,-1.2679170278729655,0.9333333333333335,0.0,2.5,0.7408903369509657
5.796111478514709,-1.2579170278729657,0.9333333333333335,0.0,2.5,0.7311061797562031
5.796111478514709,-1.2479170278729659,0.7391525423728812,0.0,2.5,0.7789844607512378
5.796111478514709,-1.237917027872966,0.7391525423728812,0.0,2.5,0.8070310962956229
5.796111478514709,-1.2279170278729663,0.7391525423728812,0.0,2.5,0.8284029336069574
5.796111478514709,-1.2179170278729665,0.6970270270270269,0.0,2.5,0.8762663197105252
5.796111478514709,-1.2079170278729667,0.6970270270270269,0.0,2.5,0.9195366386917235
5.796111478514709,-1.197917027872967,0.6409375,0.0,2.5,0.9374918184855884
5.796111478514709,-1.1879170278729672,0.6409375,0.0,2.5,0.9472534743276033
5.796111478514709,-1.1779170278729674,0.6409375,0.0,2.5,0.9575025463668163
5.796111478514709,-1.1679170278729676,0.6409375,0.0,2.5,0.9486861259552636
5.806111478514709,-1.807917027872954,0.6409375,0.0,2.5,0.8259252748934691
5.806111478514709,-1.7979170278729542,0.6409375,0.0,2.5,0.8270405214174417
5.806111478514709,-1.7879170278729544,0.6409375,0.0,2.5,0.8339781732831287
5.806111478514709,-1.7779170278729546,0.6409375,0.0,2.5,0.8349587431583874
5.806111478514709,-1.7679170278729548,0.6409375,0.0,2.5,0.8638580364932339
5.806111478514709,-1.757917027872955,0.6409375,0.0,2.5,0.867400432609007
5.806111478514709,-1.7479170278729552,0.6409375,0.0,2.5,0.8377424358596179
5.806111478514709,-1.7379170278729554,0.6409375,0.0,2.5,0.8288100975879154
5.806111478514709,-1.7279170278729556,0.6409375,0.0,2.5,0.8619416802136527
5.806111478514709,-1.7179170278729559,0.6409375,0.0,2.5,0.7802739282752212
5.806111478514709,-1.707917027872956,0.6409375,0.0,2.5,0.839558289290386
5.806111478514709,-1.6979170278729563,0.6409375,0.0,2.5,0.8393681715679552
5.806111478514709,-1.6879170278729565,0.6409375,0.0,2.5,0.8260682319474083
5.806111478514709,-1.6779170278729567,0.6409375,0.0,2.5,0.8335989333701184
5.806111478514709,-1.667917027872957,0.6409375,0.0,2.5,0.8165217695991229
5.806111478514709,-1.6579170278729571,0.6409375,0.0,2.5,0.8397493543041099
5.806111478514709,-1.6479170278729574,0.6409375,0.0,2.5,0.8566659371051341
5.806111478514709,-1.6379170278729576,0.6409375,0.0,2.5,0.8292608727775723
5.806111478514709,-1.6279170278729578,0.6970270270270269,0.0,2.5,0.8215012320219205
5.806111478514709,-1.617917027872958,0.6409375,0.0,2.5,0.8460152317988502
5.806111478514709,-1.6079170278729582,0.6970270270270269,0.0,2.5,0.8437937753303882
5.806111478514709,-1.5979170278729584,0.6409375,0.0,2.5,0.8512906451664737
5.806111478514709,-1.5879170278729586,0.6409375,0.0,2.5,0.8726884842711244
5.806111478514709,-1.5779170278729588,0.6409375,0.0,2.5,0.8540936252278744
5.806111478514709,-1.567917027872959,0.6409375,0.0,2.5,0.8573482593736697
5.806111478514709,-1.5579170278729593,0.6409375,0.0,2.5,0.850065450188195
5.806111478514709,-1.5479170278729595,0.6409375,0.0,2.5,0.8526203252828871
5.806111478514709,-1.5379170278729597,0.6409375,0.0,2.5,0.8467243552199222
5.806111478514709,-1.52791702787296,0.6409375,0.0,2.5,0.8562295394420588
5.806111478514709,-1.5179170278729601,0.6409375,0.0,2.5,0.8456222947059373
5.806111478514709,-1.5079170278729603,0.6409375,0.0,2.5,0.8457308223178096
5.806111478514709,-1.4979170278729605,0.6409375,0.0,2.5,0.8567305942943797
5.806111478514709,-1.4879170278729608,0.6409375,0.0,2.5,0.8545289350102416
5.806111478514709,-1.477917027872961,0.6409375,0.0,2.5,0.8538283759831192
5.806111478514709,-1.4679170278729612,0.6409375,0.0,2.5,0.8507327611417148
5.806111478514709,-1.4579170278729614,0.6409375,0.0,2.5,0.8580831990697948
5.806111478514709,-1.4479170278729616,0.6409375,0.0,2.5,0.862648019733026
5.806111478514709,-1.4379170278729618,0.6970270270270269,0.0,2.5,0.8684671857680049
5.806111478514709,-1.427917027872962,0.6970270270270269,0.0,2.5,0.8648164384472106
5.806111478514709,-1.4179170278729623,0.6970270270270269,0.0,2.5,0.8591703431289909
5.806111478514709,-1.4079170278729625,0.6970270270270269,0.0,2.5,0.8494107763086861
5.806111478514709,-1.3979170278729627,0.7038888888888889,0.0,2.5,0.7979618086289416
5.806111478514709,-1.387917027872963,0.7391525423728812,0.0,2.5,0.7457336872549841
5.806111478514709,-1.377917027872963,0.7391525423728812,0.0,2.5,0.7262852073531626
5.806111478514709,-1.3679170278729633,0.7391525423728812,0.0,2.5,0.713197773793287
5.806111478514709,-1.3579170278729635,0.7391525423728812,0.0,2.5,0.7140521878183413
5.806111478514709,-1.3479170278729637,0.7391525423728812,0.0,2.5,0.745636584760964
5.806111478514709,-1.337917027872964,0.8722887627673578,0.0,2.5,0.7115505082484458
5.806111478514709,-1.3279170278729642,1.90625,0.0,2.5,0.6528425205186821
5.806111478514709,-1.3179170278729644,1.90625,0.0,2.5,0.6069826639562884
5.806111478514709,-1.3079170278729646,1.4487500000000002,0.0,2.5,0.704980876040244
5.806111478514709,-1.2979170278729648,1.9472413793103447,0.0,2.5,0.600030519502088
5.806111478514709,-1.287917027872965,1.90625,0.0,2.5,0.6431564847756367
5.806111478514709,-1.2779170278729652,1.90625,0.0,2.5,0.704172542548308
5.806111478514709,-1.2679170278729655,0.9333333333333335,0.0,2.5,0.744268407399283
5.806111478514709,-1.2579170278729657,0.7757119474366988,0.0,2.5,0.755492329084293
5.806111478514709,-1.2479170278729659,0.7391525423728812,0.0,2.5,0.7644181704746517
5.806111478514709,-1.237917027872966,0.7391525423728812,0.0,2.5,0.7993951683040069
5.806111478514709,-1.2279170278729663,0.7391525423728812,0.0,2.5,0.8302099649357411
5.806111478514709,-1.2179170278729665,0.7038888888888889,0.0,2.5,0.8726359372518508
5.806111478514709,-1.2079170278729667,0.6970270270270269,0.0,2.5,0.9036839413792317
5.806111478514709,-1.197917027872967,0.6970270270270269,0.0,2.5,0.9330985966504901
5.806111478514709,-1.1879170278729672,0.6409375,0.0,2.5,0.948557996099405
5.806111478514709,-1.1779170278729674,0.6409375,0.0,2.5,0.9576128349390071
5.806111478514709,-1.1679170278729676,0.6409375,0.0,2.5,0.9455940746721481
5.816111478514709,-1.807917027872954,0.6409375,0.0,2.5,0.8338900287536485
5.816111478514709,-1.7979170278729542,0.6409375,0.0,2.5,0.8303977054215735
5.816111478514709,-1.7879170278729544,0.6409375,0.0,2.5,0.8429853994785463
5.816111478514709,-1.7779170278729546,0.6409375,0.0,2.5,0.864205044150115
5.816111478514709,-1.7679170278729548,0.6409375,0.0,2.5,0.8602110715999229
5.816111478514709,-1.757917027872955,0.6409375,0.0,2.5,0.8594090466747387
5.816111478514709,-1.7479170278729552,0.6409375,0.0,2.5,0.863040087653474
5.816111478514709,-1.7379170278729554,0.6409375,0.0,2.5,0.868237266147987
5.816111478514709,-1.7279170278729556,0.6409375,0.0,2.5,0.8229843359836325
5.816111478514709,-1.7179170278729559,0.6409375,0.0,2.5,0.8302960587944082
5.816111478514709,-1.707917027872956,0.6409375,0.0,2.5,0.7931128363460996
5.816111478514709,-1.6979170278729563,0.6409375,0.0,2.5,0.8476195011395677
5.816111478514709,-1.6879170278729565,0.6409375,0.0,2.5,0.8438524424377595
5.816111478514709,-1.6779170278729567,0.6409375,0.0,2.5,0.8222668352601614
5.816111478514709,-1.667917027872957,0.6409375,0.0,2.5,0.822386783462287
5.816111478514709,-1.6579170278729571,0.6409375,0.0,2.5,0.8698376885888
5.816111478514709,-1.6479170278729574,0.6409375,0.0,2.5,0.8710783147979106
5.816111478514709,-1.6379170278729576,0.6409375,0.0,2.5,0.8470910117505707
5.816111478514709,-1.6279170278729578,0.6409375,0.0,2.5,0.8473414172065593
5.816111478514709,-1.617917027872958,0.6409375,0.0,2.5,0.8662932059030313
5.816111478514709,-1.6079170278729582,0.6409375,0.0,2.5,0.8791508421225432
5.816111478514709,-1.5979170278729584,0.6409375,0.0,2.5,0.8924588900940843
5.816111478514709,-1.5879170278729586,0.6409375,0.0,2.5,0.8813310323870718
5.816111478514709,-1.5779170278729588,0.6409375,0.0,2.5,0.8691903680518036
5.816111478514709,-1.567917027872959,0.6409375,0.0,2.5,0.8650440889374571
5.816111478514709,-1.5579170278729593,0.6409375,0.0,2.5,0.8483691953465688
5.816111478514709,-1.5479170278729595,0.6409375,0.0,2.5,0.8527949439039165
5.816111478514709,-1.5379170278729597,0.6409375,0.0,2.5,0.8524914370944984
5.816111478514709,-1.52791702787296,0.6409375,0.0,2.5,0.8324910111662863
5.816111478514709,-1.5179170278729601,0.6409375,0.0,2.5,0.8481051177498874
5.816111478514709,-1.5079170278729603,0.6409375,0.0,2.5,0.8500789147082237
5.816111478514709,-1.4979170278729605,0.6409375,0.0,2.5,0.8467894783503831
5.816111478514709,-1.4879170278729608,0.6409375,0.0,2.5,0.831987421656639
5.816111478514709,-1.477917027872961,0.6409375,0.0,2.5,0.8353007081727375
5.816111478514709,-1.4679170278729612,0.6409375,0.0,2.5,0.856188023856908
5.816111478514709,-1.4579170278729614,0.6409375,0.0,2.5,0.8622121118058282
5.816111478514709,-1.4479170278729616,0.6409375,0.0,2.5,0.8834590207961346
5.816111478514709,-1.4379170278729618,0.6970270270270269,0.0,2.5,0.8837563837098821
5.816111478514709,-1.427917027872962,0.6970270270270269,0.0,2.5,0.8790787089158497
5.816111478514709,-1.4179170278729623,0.6970270270270269,0.0,2.5,0.8591119550611669
5.816111478514709,-1.4079170278729625,0.7038888888888889,0.0,2.5,0.8236174150704065
5.816111478514709,-1.3979170278729627,0.7391525423728812,0.0,2.5,0.7708291920538828
5.816111478514709,-1.387917027872963,0.7391525423728812,0.0,2.5,0.744640894221749
5.816111478514709,-1.377917027872963,0.7391525423728812,0.0,2.5,0.7140946549432385
5.816111478514709,-1.3679170278729633,0.7391525423728812,0.0,2.5,0.710028516035125
5.816111478514709,-1.3579170278729635,0.7391525423728812,0.0,2.5,0.7414532725786007
5.816111478514709,-1.3479170278729637,0.78,0.0,2.5,0.7213027484821701
5.816111478514709,-1.337917027872964,1.4487500000000002,0.0,2.5,0.6991519064218009
5.816111478514709,-1.3279170278729642,1.90625,0.0,2.5,0.6308162131349577
5.816111478514709,-1.3179170278729644,1.4487500000000002,0.0,2.5,0.7173227840144112
5.816111478514709,-1.3079170278729646,1.4487500000000002,0.0,2.5,0.7472269982847289
5.816111478514709,-1.2979170278729648,1.4487500000000002,0.0,2.5,0.7217961086976549
5.816111478514709,-1.287917027872965,1.9472413793103447,0.0,2.5,0.631876644850585
5.816111478514709,-1.2779170278729652,1.90625,0.0,2.5,0.7048795436518814
5.816111478514709,-1.2679170278729655,1.4487500000000002,0.0,2.5,0.744000693565335
5.816111478514709,-1.2579170278729657,0.7391525423728812,0.0,2.5,0.781252938909173
5.816111478514709,-1.2479170278729659,0.7849231705525054,0.0,2.5,0.7506780781812198
5.816111478514709,-1.237917027872966,0.7391525423728812,0.0,2.5,0.7798321603478264
5.816111478514709,-1.2279170278729663,0.7391525423728812,0.0,2.5,0.8205742566407501
5.816111478514709,-1.2179170278729665,0.7391525423728812,0.0,2.5,0.8474728811332132
5.816111478514709,-1.2079170278729667,0.6970270270270269,0.0,2.5,0.8914980979406639
5.816111478514709,-1.197917027872967,0.6970270270270269,0.0,2.5,0.9156966293740284
5.816111478514709,-1.1879170278729672,0.6970270270270269,0.0,2.5,0.9441320846235777
5.816111478514709,-1.1779170278729674,0.6409375,0.0,2.5,0.9547246675455523
5.816111478514709,-1.1679170278729676,0.6409375,0.0,2.5,0.9462017903132958
5.826111478514709,-1.807917027872954,0.6409375,0.0,2.5,0.8557908368520085
5.826111478514709,-1.7979170278729542,0.6409375,0.0,2.5,0.8358065562177602
5.826111478514709,-1.7879170278729544,0.6409375,0.0,2.5,0.8436621388317672
5.826111478514709,-1.7779170278729546,0.6409375,0.0,2.5,0.8674851041106727
5.826111478514709,-1.7679170278729548,0.6409375,0.0,2.5,0.8715076905022753
5.826111478514709,-1.757917027872955,0.6409375,0.0,2.5,0.8890362485997055
5.826111478514709,-1.7479170278729552,0.6409375,0.0,2.5,0.8807279632040053
5.826111478514709,-1.7379170278729554,0.6409375,0.0,2.5,0.8698521955367213
5.826111478514709,-1.7279170278729556,0.6409375,0.0,2.5,0.8689061470332956
5.826111478514709,-1.7179170278729559,0.6409375,0.0,2.5,0.8566292256741133
5.826111478514709,-1.707917027872956,0.6409375,0.0,2.5,0.8317194767682711
5.826111478514709,-1.6979170278729563,0.6409375,0.0,2.5,0.8666930761508843
5.826111478514709,-1.6879170278729565,0.6409375,0.0,2.5,0.8890182641313961
5.826111478514709,-1.6779170278729567,0.6409375,0.0,2.5,0.8860986109164988
5.826111478514709,-1.667917027872957,0.6409375,0.0,2.5,0.8792121439386023
5.826111478514709,-1.6579170278729571,0.6409375,0.0,2.5,0.8810473022749206
5.826111478514709,-1.6479170278729574,0.6409375,0.0,2.5,0.8845152509038225
5.826111478514709,-1.6379170278729576,0.6409375,0.0,2.5,0.8529163614881422
5.826111478514709,-1.6279170278729578,0.6409375,0.0,2.5,0.8591584041916666
5.826111478514709,-1.617917027872958,0.6409375,0.0,2.5,0.8792975314193195
5.826111478514709,-1.6079170278729582,0.6409375,0.0,2.5,0.9008527401423906
5.826111478514709,-1.5979170278729584,0.6409375,0.0,2.5,0.8894284936912582
5.826111478514709,-1.5879170278729586,0.6409375,0.0,2.5,0.8922573920312777
5.826111478514709,-1.5779170278729588,0.6409375,0.0,2.5,0.8766438981837613
5.826111478514709,-1.567917027872959,0.6409375,0.0,2.5,0.8880710078001529
5.826111478514709,-1.5579170278729593,0.6409375,0.0,2.5,0.9023676779018188
5.826111478514709,-1.5479170278729595,0.6409375,0.0,2.5,0.8871473177232315
5.826111478514709,-1.5379170278729597,0.6409375,0.0,2.5,0.8651038959716004
5.826111478514709,-1.52791702787296,0.6409375,0.0,2.5,0.8475749511348979
5.826111478514709,-1.5179170278729601,0.6409375,0.0,2.5,0.8480931307957601
5.826111478514709,-1.5079170278729603,0.6409375,0.0,2.5,0.8605788656771854
5.826111478514709,-1.4979170278729605,0.6409375,0.0,2.5,0.8571786241408218
5.826111478514709,-1.4879170278729608,0.6409375,0.0,2.5,0.8557958851604481
5.826111478514709,-1.477917027872961,0.6409375,0.0,2.5,0.8730385707615214
5.826111478514709,-1.4679170278729612,0.6409375,0.0,2.5,0.8767341460217168
5.826111478514709,-1.4579170278729614,0.6409375,0.0,2.5,0.9093185402333711
5.826111478514709,-1.4479170278729616,0.6409375,0.0,2.5,0.8979575377621438
5.826111478514709,-1.4379170278729618,0.6970270270270269,0.0,2.5,0.8958043981962479
5.826111478514709,-1.427917027872962,0.6970270270270269,0.0,2.5,0.8769351650600583
5.826111478514709,-1.4179170278729623,0.6970270270270269,0.0,2.5,0.8667708703680376
5.826111478514709,-1.4079170278729625,0.7391525423728812,0.0,2.5,0.8084185036359964
5.826111478514709,-1.3979170278729627,0.7391525423728812,0.0,2.5,0.7712001040888903
5.826111478514709,-1.387917027872963,0.7391525423728812,0.0,2.5,0.739465910109206
5.826111478514709,-1.377917027872963,0.7391525423728812,0.0,2.5,0.7208672381667612
5.826111478514709,-1.3679170278729633,0.7391525423728812,0.0,2.5,0.7306916585910418
5.826111478514709,-1.3579170278729635,0.7391525423728812,0.0,2.5,0.7511275113616852
5.826111478514709,-1.3479170278729637,0.9333333333333335,0.0,2.5,0.7158253988388984
5.826111478514709,-1.337917027872964,1.4487500000000002,0.0,2.5,0.697715893144755
5.826111478514709,-1.3279170278729642,0.9333333333333335,0.0,2.5,0.7507344383706015
5.826111478514709,-1.3179170278729644,1.4487500000000002,0.0,2.5,0.7157671319175539
5.826111478514709,-1.3079170278729646,1.4487500000000002,0.0,2.5,0.7475554339171488
5.826111478514709,-1.2979170278729648,1.90625,0.0,2.5,0.7158797177176397
5.826111478514709,-1.287917027872965,1.4487500000000002,0.0,2.5,0.7550585132329107
5.826111478514709,-1.2779170278729652,1.90625,0.0,2.5,0.7029744978684951
5.826111478514709,-1.2679170278729655,1.4487500000000002,0.0,2.5,0.7485395148025182
5.826111478514709,-1.2579170278729657,0.78,0.0,2.5,0.7816824344656066
5.826111478514709,-1.2479170278729659,0.7664471525691432,0.0,2.5,0.771943927742196
5.826111478514709,-1.237917027872966,0.7496002460201759,0.0,2.5,0.7649063011625958
5.826111478514709,-1.2279170278729663,0.7391525423728812,0.0,2.5,0.824551473235021
5.826111478514709,-1.2179170278729665,0.7391525423728812,0.0,2.5,0.8531157055360896
5.826111478514709,-1.2079170278729667,0.7038888888888889,0.0,2.5,0.8764649632236143
5.826111478514709,-1.197917027872967,0.6970270270270269,0.0,2.5,0.9189852726652226
5.826111478514709,-1.1879170278729672,0.6970270270270269,0.0,2.5,0.940155869574789
5.826111478514709,-1.1779170278729674,0.6970270270270269,0.0,2.5,0.9503989526080655
5.826111478514709,-1.1679170278729676,0.6409375,0.0,2.5,0.9542232825944362
5.836111478514709,-1.7979170278729542,0.6409375,0.0,2.5,0.8782196883986406
5.836111478514709,-1.7879170278729544,0.6409375,0.0,2.5,0.8671257157809468
5.836111478514709,-1.7779170278729546,0.6409375,0.0,2.5,0.8894227998544191
5.836111478514709,-1.7679170278729548,0.6409375,0.0,2.5,0.8791938884347588
5.836111478514709,-1.757917027872955,0.6409375,0.0,2.5,0.8926238371414433
5.836111478514709,-1.7479170278729552,0.6409375,0.0,2.5,0.9012583098393068
5.836111478514709,-1.7379170278729554,0.6409375,0.0,2.5,0.9139501436902352
5.836111478514709,-1.7279170278729556,0.6008,0.0,2.5,0.9298564003785147
5.836111478514709,-1.7179170278729559,0.6008,0.0,2.5,0.9371288613983728
5.836111478514709,-1.707917027872956,0.6409375,0.0,2.5,0.908622569812488
5.836111478514709,-1.6979170278729563,0.6409375,0.0,2.5,0.8661118979900234
5.836111478514709,-1.6879170278729565,0.6409375,0.0,2.5,0.8999517239907289
5.836111478514709,-1.6779170278729567,0.6409375,0.0,2.5,0.8994961928697137
5.836111478514709,-1.667917027872957,0.6409375,0.0,2.5,0.8835212190303584
5.836111478514709,-1.6579170278729571,0.6409375,0.0,2.5,0.8843119443573502
5.836111478514709,-1.6479170278729574,0.6409375,0.0,2.5,0.8927853513948765
5.836111478514709,-1.6379170278729576,0.6409375,0.0,2.5,0.8796052971332925
5.836111478514709,-1.6279170278729578,0.6409375,0.0,2.5,0.8847233253022898
5.836111478514709,-1.617917027872958,0.6409375,0.0,2.5,0.8990684908757038
5.836111478514709,-1.6079170278729582,0.6409375,0.0,2.5,0.8865376782830127
5.836111478514709,-1.5979170278729584,0.6409375,0.0,2.5,0.8887787119262898
5.836111478514709,-1.5879170278729586,0.6409375,0.0,2.5,0.8884721499108105
5.836111478514709,-1.5779170278729588,0.6409375,0.0,2.5,0.9202511830029921
5.836111478514709,-1.567917027872959,0.6970270270270269,0.0,2.5,0.84985828425485
5.836111478514709,-1.5579170278729593,0.6970270270270269,0.0,2.5,0.8677332089737473
5.836111478514709,-1.5479170278729595,0.6409375,0.0,2.5,0.8745567815090589
5.836111478514709,-1.5379170278729597,0.6409375,0.0,2.5,0.868559790375798
5.836111478514709,-1.52791702787296,0.6409375,0.0,2.5,0.8641455697413445
5.836111478514709,-1.5179170278729601,0.6409375,0.0,2.5,0.8677174460338691
5.836111478514709,-1.5079170278729603,0.6409375,0.0,2.5,0.8786737715679095
5.836111478514709,-1.4979170278729605,0.6409375,0.0,2.5,0.8843615361069328
5.836111478514709,-1.4879170278729608,0.6409375,0.0,2.5,0.8881463605390966
5.836111478514709,-1.477917027872961,0.6409375,0.0,2.5,0.9038191077468247
5.836111478514709,-1.4679170278729612,0.6409375,0.0,2.5,0.9116375547689497
5.836111478514709,-1.4579170278729614,0.6409375,0.0,2.5,0.9180252006608992
5.836111478514709,-1.4479170278729616,0.6409375,0.0,2.5,0.9129383481276818
5.836111478514709,-1.4379170278729618,0.6970270270270269,0.0,2.5,0.9114036259054595
5.836111478514709,-1.427917027872962,0.6970270270270269,0.0,2.5,0.8958620339515524
5.836111478514709,-1.4179170278729623,0.7038888888888889,0.0,2.5,0.8463343660886264
5.836111478514709,-1.4079170278729625,0.7391525423728812,0.0,2.5,0.7881334521714595
5.836111478514709,-1.3979170278729627,0.7391525423728812,0.0,2.5,0.7695577311938728
5.836111478514709,-1.387917027872963,0.7391525423728812,0.0,2.5,0.7565653026167639
5.836111478514709,-1.377917027872963,0.7391525423728812,0.0,2.5,0.7321090286798221
5.836111478514709,-1.3679170278729633,0.7391525423728812,0.0,2.5,0.7678389676687596
5.836111478514709,-1.3579170278729635,0.7391525423728812,0.0,2.5,0.7621553311092424
5.836111478514709,-1.3479170278729637,0.8859424120654813,0.0,2.5,0.7499670667046554
5.836111478514709,-1.337917027872964,0.7391525423728812,0.0,2.5,0.7820877721573274
5.836111478514709,-1.3279170278729642,0.9333333333333335,0.0,2.5,0.7685841495294429
5.836111478514709,-1.3179170278729644,0.7391525423728812,0.0,2.5,0.8119542166863507
5.836111478514709,-1.3079170278729646,0.7391525423728812,0.0,2.5,0.8307884654392343
5.836111478514709,-1.2979170278729648,0.7391525423728812,0.0,2.5,0.8177563798846701
5.836111478514709,-1.287917027872965,1.4487500000000002,0.0,2.5,0.7717301286778826
5.836111478514709,-1.2779170278729652,1.4487500000000002,0.0,2.5,0.7829718149185567
5.836111478514709,-1.2679170278729655,1.4487500000000002,0.0,2.5,0.7551381654450114
5.836111478514709,-1.2579170278729657,1.4487500000000002,0.0,2.5,0.7624001490764181
5.836111478514709,-1.2479170278729659,0.78,0.0,2.5,0.7809691378377114
5.836111478514709,-1.237917027872966,0.78,0.0,2.5,0.7741396434211664
5.836111478514709,-1.2279170278729663,0.7391525423728812,0.0,2.5,0.8130784136312882
5.836111478514709,-1.2179170278729665,0.7391525423728812,0.0,2.5,0.8462026612771759
5.836111478514709,-1.2079170278729667,0.7391525423728812,0.0,2.5,0.8485266491463664
5.836111478514709,-1.197917027872967,0.7038888888888889,0.0,2.5,0.903181342576935
5.836111478514709,-1.1879170278729672,0.6970270270270269,0.0,2.5,0.9294195435611324
5.836111478514709,-1.1779170278729674,0.6970270270270269,0.0,2.5,0.946320781187502
5.836111478514709,-1.1679170278729676,0.6970270270270269,0.0,2.5,0.9485254653349767
5.846111478514708,-1.7979170278729542,0.6409375,0.0,2.5,0.8981535685331742
5.846111478514708,-1.7879170278729544,0.6409375,0.0,2.5,0.8829765039140144
5.846111478514708,-1.7779170278729546,0.6409375,0.0,2.5,0.9109557715403268
5.846111478514708,-1.7679170278729548,0.6409375,0.0,2.5,0.900901631741519
5.846111478514708,-1.757917027872955,0.6409375,0.0,2.5,0.9108866523140244
5.846111478514708,-1.7479170278729552,0.6409375,0.0,2.5,0.9189899834702601
5.846111478514708,-1.7379170278729554,0.6409375,0.0,2.5,0.9060904851961995
5.846111478514708,-1.7279170278729556,0.6008,0.0,2.5,0.9359611369377825
5.846111478514708,-1.7179170278729559,0.6262622773207698,0.0,2.5,0.937497891385582
5.846111478514708,-1.707917027872956,0.6043681388764509,0.0,2.5,0.9346151171147483
5.846111478514708,-1.6979170278729563,0.6008,0.0,2.5,0.944946728037807
5.846111478514708,-1.6879170278729565,0.6409375,0.0,2.5,0.9050793425452999
5.846111478514708,-1.6779170278729567,0.6409375,0.0,2.5,0.9156543221083534
5.846111478514708,-1.667917027872957,0.6409375,0.0,2.5,0.9156959194296406
5.846111478514708,-1.6579170278729571,0.6409375,0.0,2.5,0.8976209590821109
5.846111478514708,-1.6479170278729574,0.6409375,0.0,2.5,0.9004810679878924
5.846111478514708,-1.6379170278729576,0.6409375,0.0,2.5,0.9017522664057434
5.846111478514708,-1.6279170278729578,0.6409375,0.0,2.5,0.9052191321342296
5.846111478514708,-1.617917027872958,0.6409375,0.0,2.5,0.901645508220438
5.846111478514708,-1.6079170278729582,0.6409375,0.0,2.5,0.9007374058022564
5.846111478514708,-1.5979170278729584,0.6409375,0.0,2.5,0.9217722626827274
5.846111478514708,-1.5879170278729586,0.6970270270270269,0.0,2.5,0.7528904524390689
5.846111478514708,-1.5779170278729588,0.7038888888888889,0.0,2.5,0.748484993869027
5.846111478514708,-1.567917027872959,0.6970270270270269,0.0,2.5,0.7749020049916556
5.846111478514708,-1.5579170278729593,0.6970270270270269,0.0,2.5,0.8400630992841807
5.846111478514708,-1.5479170278729595,0.6970270270270269,0.0,2.5,0.8438491977555408
5.846111478514708,-1.5379170278729597,0.6409375,0.0,2.5,0.8848348227648865
5.846111478514708,-1.52791702787296,0.6409375,0.0,2.5,0.8946222180432332
5.846111478514708,-1.5179170278729601,0.6409375,0.0,2.5,0.8907163537988932
5.846111478514708,-1.5079170278729603,0.6409375,0.0,2.5,0.8896227727791312
5.846111478514708,-1.4979170278729605,0.6409375,0.0,2.5,0.900962736996589
5.846111478514708,-1.4879170278729608,0.6409375,0.0,2.5,0.9178326248334808
5.846111478514708,-1.477917027872961,0.6409375,0.0,2.5,0.9179811256141008
5.846111478514708,-1.4679170278729612,0.6409375,0.0,2.5,0.9333685374497981
5.846111478514708,-1.4579170278729614,0.6409375,0.0,2.5,0.9305202494059337
5.846111478514708,-1.4479170278729616,0.6409375,0.0,2.5,0.9313481871257931
5.846111478514708,-1.4379170278729618,0.6970270270270269,0.0,2.5,0.9184419848069744
5.846111478514708,-1.427917027872962,0.6970270270270269,0.0,2.5,0.8888719875823866
5.846111478514708,-1.4179170278729623,0.7038888888888889,0.0,2.5,0.8415229009304541
5.846111478514708,-1.4079170278729625,0.7391525423728812,0.0,2.5,0.7986698480343851
5.846111478514708,-1.3979170278729627,0.7391525423728812,0.0,2.5,0.7799244800466965
5.846111478514708,-1.387917027872963,0.7391525423728812,0.0,2.5,0.7682383978632534
5.846111478514708,-1.377917027872963,0.7391525423728812,0.0,2.5,0.7697959950134629
5.846111478514708,-1.3679170278729633,0.7391525423728812,0.0,2.5,0.7698846684440571
5.846111478514708,-1.3579170278729635,0.9333333333333335,0.0,2.5,0.754072812438974
5.846111478514708,-1.3479170278729637,0.9333333333333335,0.0,2.5,0.7628068156715192
5.846111478514708,-1.337917027872964,0.7391525423728812,0.0,2.5,0.7930117774818964
5.846111478514708,-1.3279170278729642,0.7391525423728812,0.0,2.5,0.8294294592231862
5.846111478514708,-1.3179170278729644,0.7391525423728812,0.0,2.5,0.8930686914442938
5.846111478514708,-1.3079170278729646,0.7391525423728812,0.0,2.5,0.9255008718304616
5.846111478514708,-1.2979170278729648,0.7391525423728812,0.0,2.5,0.8930686914442938
5.846111478514708,-1.287917027872965,0.78,0.0,2.5,0.8294294592231862
5.846111478514708,-1.2779170278729652,1.4487500000000002,0.0,2.5,0.7964642970867272
5.846111478514708,-1.2679170278729655,1.4487500000000002,0.0,2.5,0.7696170313933389
5.846111478514708,-1.2579170278729657,1.4487500000000002,0.0,2.5,0.7592802605409724
5.846111478514708,-1.2479170278729659,0.9333333333333335,0.0,2.5,0.7779710878356138
5.846111478514708,-1.237917027872966,0.7391525423728812,0.0,2.5,0.8035501425505402
5.846111478514708,-1.2279170278729663,0.7391525423728812,0.0,2.5,0.7983807262879495
5.846111478514708,-1.2179170278729665,0.7391525423728812,0.0,2.5,0.8345043132246258
5.846111478514708,-1.2079170278729667,0.7391525423728812,0.0,2.5,0.8853388702888132
5.846111478514708,-1.197917027872967,0.7038888888888889,0.0,2.5,0.8939232571161013
5.846111478514708,-1.1879170278729672,0.7038888888888889,0.0,2.5,0.9162788334257622
5.846111478514708,-1.1779170278729674,0.6970270270270269,0.0,2.5,0.9485805658602632
5.846111478514708,-1.1679170278729676,0.6970270270270269,0.0,2.5,0.9516187680688023
5.856111478514708,-1.807917027872954,0.6409375,0.0,2.5,0.9070886704570631
5.856111478514708,-1.7979170278729542,0.6409375,0.0,2.5,0.9001810216288538
5.856111478514708,-1.7879170278729544,0.6409375,0.0,2.5,0.8896458766053018
5.856111478514708,-1.7779170278729546,0.6409375,0.0,2.5,0.9087179750784785
5.856111478514708,-1.7679170278729548,0.6409375,0.0,2.5,0.8978955562120319
5.856111478514708,-1.757917027872955,0.6409375,0.0,2.5,0.920996059764922
5.856111478514708,-1.7479170278729552,0.6409375,0.0,2.5,0.9288264824340101
5.856111478514708,-1.7379170278729554,0.6409375,0.0,2.5,0.9179272190361187
5.856111478514708,-1.7279170278729556,0.6409375,0.0,2.5,0.923609267630629
5.856111478514708,-1.7179170278729559,0.6409375,0.0,2.5,0.9364843896759683
5.856111478514708,-1.707917027872956,0.6409375,0.0,2.5,0.9417654148191997
5.856111478514708,-1.6979170278729563,0.6008,0.0,2.5,0.9445776176299305
5.856111478514708,-1.6879170278729565,0.6409375,0.0,2.5,0.9158257931511284
5.856111478514708,-1.6779170278729567,0.6409375,0.0,2.5,0.9198563909401194
5.856111478514708,-1.667917027872957,0.6409375,0.0,2.5,0.9135661989624272
5.856111478514708,-1.6579170278729571,0.625130150952353,0.0,2.5,0.9137814354333074
5.856111478514708,-1.6479170278729574,0.6409375,0.0,2.5,0.9021721666811909
5.856111478514708,-1.6379170278729576,0.6409375,0.0,2.5,0.917699004591865
5.856111478514708,-1.6279170278729578,0.6409375,0.0,2.5,0.9168552129749609
5.856111478514708,-1.617917027872958,0.6409375,0.0,2.5,0.9399964668620707
5.856111478514708,-1.6079170278729582,0.6970270270270269,0.0,2.5,0.7477274599135697
5.856111478514708,-1.5979170278729584,0.6970270270270269,0.0,2.5,0.7065937840174026
5.856111478514708,-1.5879170278729586,0.7038888888888889,0.0,2.5,0.7215116287222947
5.856111478514708,-1.5779170278729588,0.7038888888888889,0.0,2.5,0.7124047802044651
5.856111478514708,-1.567917027872959,0.6970270270270269,0.0,2.5,0.7668007186344862
5.856111478514708,-1.5579170278729593,0.6970270270270269,0.0,2.5,0.8059556950259812
5.856111478514708,-1.5479170278729595,0.6409375,0.0,2.5,0.871690542431214
5.856111478514708,-1.5379170278729597,0.6409375,0.0,2.5,0.895309757613184
5.856111478514708,-1.52791702787296,0.6409375,0.0,2.5,0.9166268065444776
5.856111478514708,-1.5179170278729601,0.6409375,0.0,2.5,0.9156982493302696
5.856111478514708,-1.5079170278729603,0.6409375,0.0,2.5,0.9103566792483555
5.856111478514708,-1.4979170278729605,0.6409375,0.0,2.5,0.9185581179177764
5.856111478514708,-1.4879170278729608,0.6409375,0.0,2.5,0.9234730521714909
5.856111478514708,-1.477917027872961,0.6409375,0.0,2.5,0.9337161222564261
5.856111478514708,-1.4679170278729612,0.6409375,0.0,2.5,0.9361214374736894
5.856111478514708,-1.4579170278729614,0.6409375,0.0,2.5,0.9327200058719137
5.856111478514708,-1.4479170278729616,0.6970270270270269,0.0,2.5,0.9217113921666783
5.856111478514708,-1.4379170278729618,0.6970270270270269,0.0,2.5,0.9176035434091481
5.856111478514708,-1.427917027872962,0.7038888888888889,0.0,2.5,0.8737572733587395
5.856111478514708,-1.4179170278729623,0.7391525423728812,0.0,2.5,0.8333620385636042
5.856111478514708,-1.4079170278729625,0.7391525423728812,0.0,2.5,0.8051615886728253
5.856111478514708,-1.3979170278729627,0.7391525423728812,0.0,2.5,0.783352022488723
5.856111478514708,-1.387917027872963,0.7391525423728812,0.0,2.5,0.78467118067031
5.856111478514708,-1.377917027872963,0.7391525423728812,0.0,2.5,0.7972398534762858
5.856111478514708,-1.3679170278729633,0.7496830676042324,0.0,2.5,0.7741558119845735
5.856111478514708,-1.3579170278729635,0.8041912797462765,0.0,2.5,0.7753288789695277
5.856111478514708,-1.3479170278729637,0.7391525423728812,0.0,2.5,0.8162049602921847
5.856111478514708,-1.337917027872964,0.7391525423728812,0.0,2.5,0.840974132450157
5.856111478514708,-1.3279170278729642,0.7391525423728812,0.0,2.5,0.9266237927668008
5.856111478514708,-1.3179170278729644,0.7391525423728812,0.0,2.5,0.9474262714346964
5.856111478514708,-1.3079170278729646,0.7038888888888889,0.0,2.5,0.9536565431608683
5.856111478514708,-1.2979170278729648,0.7391525423728812,0.0,2.5,0.9496913857366045
5.856111478514708,-1.287917027872965,0.7391525423728812,0.0,2.5,0.9298763958980208
5.856111478514708,-1.2779170278729652,0.7391525423728812,0.0,2.5,0.8581835483259362
5.856111478514708,-1.2679170278729655,0.9333333333333335,0.0,2.5,0.8276806743916952
5.856111478514708,-1.2579170278729657,1.4487500000000002,0.0,2.5,0.7763289005196771
5.856111478514708,-1.2479170278729659,1.4487500000000002,0.0,2.5,0.7810061635995628
5.856111478514708,-1.237917027872966,0.7391525423728812,0.0,2.5,0.8126848503647018
5.856111478514708,-1.2279170278729663,0.78,0.0,2.5,0.7989382023268694
5.856111478514708,-1.2179170278729665,0.7391525423728812,0.0,2.5,0.8176665816220947
5.856111478514708,-1.2079170278729667,0.7391525423728812,0.0,2.5,0.888520731359118
5.856111478514708,-1.197917027872967,0.7391525423728812,0.0,2.5,0.878080071393944
5.856111478514708,-1.1879170278729672,0.7038888888888889,0.0,2.5,0.9163692002519315
5.856111478514708,-1.1779170278729674,0.6970270270270269,0.0,2.5,0.9481911563859059
5.866111478514708,-1.8379170278729533,0.6409375,0.0,2.5,0.9084252802185419
5.866111478514708,-1.8279170278729535,0.6409375,0.0,2.5,0.9101897982953663
5.866111478514708,-1.8179170278729537,0.6409375,0.0,2.5,0.9101467409258498
5.866111478514708,-1.807917027872954,0.6409375,0.0,2.5,0.9097666858952573
5.866111478514708,-1.7979170278729542,0.6409375,0.0,2.5,0.906402522355642
5.866111478514708,-1.7879170278729544,0.6409375,0.0,2.5,0.9009112923926864
5.866111478514708,-1.7779170278729546,0.6409375,0.0,2.5,0.9149394758052667
5.866111478514708,-1.7679170278729548,0.6409375,0.0,2.5,0.9048997084134269
5.866111478514708,-1.757917027872955,0.6409375,0.0,2.5,0.9159343195765925
5.866111478514708,-1.7479170278729552,0.6409375,0.0,2.5,0.9190885244954857
5.866111478514708,-1.7379170278729554,0.6409375,0.0,2.5,0.9141469993721125
5.866111478514708,-1.7279170278729556,0.6409375,0.0,2.5,0.9134724064909818
5.866111478514708,-1.7179170278729559,0.6409375,0.0,2.5,0.9206972340162519
5.866111478514708,-1.707917027872956,0.6409375,0.0,2.5,0.9303242254243536
5.866111478514708,-1.6979170278729563,0.6409375,0.0,2.5,0.9289186500695666
5.866111478514708,-1.6879170278729565,0.6409375,0.0,2.5,0.9229415849199698
5.866111478514708,-1.6779170278729567,0.6409375,0.0,2.5,0.9206416816654803
5.866111478514708,-1.667917027872957,0.6409375,0.0,2.5,0.9178665348333633
5.866111478514708,-1.6579170278729571,0.6409375,0.0,2.5,0.9154963148038113
5.866111478514708,-1.6479170278729574,0.6409375,0.0,2.5,0.9189683360530637
5.866111478514708,-1.6379170278729576,0.6409375,0.0,2.5,0.9324489900062414
5.866111478514708,-1.6279170278729578,0.6409375,0.0,2.5,0.7592294861202258
5.866111478514708,-1.617917027872958,0.6970270270270269,0.0,2.5,0.72053957448579
5.866111478514708,-1.6079170278729582,0.7038888888888889,0.0,2.5,0.6806654510186643
5.866111478514708,-1.5979170278729584,0.6970270270270269,0.0,2.5,0.7106054678693028
5.866111478514708,-1.5879170278729586,0.6970270270270269,0.0,2.5,0.7454086308745099
5.866111478514708,-1.5779170278729588,0.7038888888888889,0.0,2.5,0.7204115852355804
5.866111478514708,-1.567917027872959,0.7038888888888889,0.0,2.5,0.7222452280619844
5.866111478514708,-1.5579170278729593,0.6970270270270269,0.0,2.5,0.7935837198751376
5.866111478514708,-1.5479170278729595,0.6970270270270269,0.0,2.5,0.8584309372098975
5.866111478514708,-1.5379170278729597,0.6409375,0.0,2.5,0.9072964407962337
5.866111478514708,-1.52791702787296,0.6409375,0.0,2.5,0.9354437481643946
5.866111478514708,-1.5179170278729601,0.6409375,0.0,2.5,0.920680763531297
5.866111478514708,-1.5079170278729603,0.6409375,0.0,2.5,0.9235845666208996
5.866111478514708,-1.4979170278729605,0.6409375,0.0,2.5,0.9375433994263551
5.866111478514708,-1.4579170278729614,0.6409375,0.0,2.5,0.9523992977020289
5.866111478514708,-1.4479170278729616,0.6970270270270269,0.0,2.5,0.9381898839464191
5.866111478514708,-1.4379170278729618,0.6970270270270269,0.0,2.5,0.8989310729859736
5.866111478514708,-1.427917027872962,0.7038888888888889,0.0,2.5,0.8725309322221313
5.866111478514708,-1.4179170278729623,0.7391525423728812,0.0,2.5,0.8370605036235019
5.866111478514708,-1.4079170278729625,0.7391525423728812,0.0,2.5,0.8247370587332247
5.866111478514708,-1.3979170278729627,0.7391525423728812,0.0,2.5,0.7947531693208677
5.866111478514708,-1.387917027872963,0.7391525423728812,0.0,2.5,0.7986687100760609
5.866111478514708,-1.377917027872963,0.7391525423728812,0.0,2.5,0.7901569784665793
5.866111478514708,-1.3679170278729633,0.7391525423728812,0.0,2.5,0.7956058244922144
5.866111478514708,-1.3579170278729635,0.7391525423728812,0.0,2.5,0.8326364935826808
5.866111478514708,-1.3479170278729637,0.7391525423728812,0.0,2.5,0.8814190962518761
5.866111478514708,-1.337917027872964,0.7391525423728812,0.0,2.5,0.9403318204977147
5.866111478514708,-1.3279170278729642,0.7391525423728812,0.0,2.5,0.9511775017433919
5.866111478514708,-1.3179170278729644,0.7038888888888889,0.0,2.5,0.9631783466193472
5.866111478514708,-1.3079170278729646,0.7391525423728812,0.0,2.5,0.9502276717570297
5.866111478514708,-1.2979170278729648,0.7391525423728812,0.0,2.5,0.9631783466193472
5.866111478514708,-1.287917027872965,0.7391525423728812,0.0,2.5,0.9528441684100585
5.866111478514708,-1.2779170278729652,0.7391525423728812,0.0,2.5,0.9429859759936934
5.866111478514708,-1.2679170278729655,0.7391525423728812,0.0,2.5,0.8815305201317729
5.866111478514708,-1.2579170278729657,0.78,0.0,2.5,0.8377701689946613
5.866111478514708,-1.2479170278729659,1.4487500000000002,0.0,2.5,0.8024799551057815
5.866111478514708,-1.237917027872966,1.4487500000000002,0.0,2.5,0.7922749648930214
5.866111478514708,-1.2279170278729663,0.78,0.0,2.5,0.8120114078697195
5.866111478514708,-1.2179170278729665,0.7391525423728812,0.0,2.5,0.8494502743596187
5.866111478514708,-1.2079170278729667,0.7391525423728812,0.0,2.5,0.8787143534808338
5.866111478514708,-1.197917027872967,0.7391525423728812,0.0,2.5,0.8748930788271774
5.866111478514708,-1.1879170278729672,0.7038888888888889,0.0,2.5,0.9405495951104083
5.876111478514708,-1.847917027872953,0.6409375,0.0,2.5,0.9051942979841364
5.876111478514708,-1.8379170278729533,0.6409375,0.0,2.5,0.8967226304286902
5.876111478514708,-1.8279170278729535,0.6409375,0.0,2.5,0.910733577329297
5.876111478514708,-1.8179170278729537,0.6409375,0.0,2.5,0.9175118225689054
5.876111478514708,-1.807917027872954,0.6409375,0.0,2.5,0.9107841382790658
5.876111478514708,-1.7979170278729542,0.6409375,0.0,2.5,0.9156663256626387
5.876111478514708,-1.7879170278729544,0.6409375,0.0,2.5,0.9129274157997346
5.876111478514708,-1.7779170278729546,0.6409375,0.0,2.5,0.9262862708389539
5.876111478514708,-1.7679170278729548,0.6409375,0.0,2.5,0.9047103416168202
5.876111478514708,-1.757917027872955,0.6409375,0.0,2.5,0.9180273577258717
5.876111478514708,-1.7479170278729552,0.6409375,0.0,2.5,0.911369767286897
5.876111478514708,-1.7379170278729554,0.6409375,0.0,2.5,0.9118283039265295
5.876111478514708,-1.7279170278729556,0.6409375,0.0,2.5,0.900519410029582
5.876111478514708,-1.7179170278729559,0.6409375,0.0,2.5,0.9036274417473891
5.876111478514708,-1.707917027872956,0.6409375,0.0,2.5,0.9304554508544055
5.876111478514708,-1.6979170278729563,0.6409375,0.0,2.5,0.9206646410649452
5.876111478514708,-1.6879170278729565,0.6409375,0.0,2.5,0.9188695017929014
5.876111478514708,-1.6779170278729567,0.6409375,0.0,2.5,0.9118221018651776
5.876111478514708,-1.667917027872957,0.6409375,0.0,2.5,0.9264002065168503
5.876111478514708,-1.6579170278729571,0.6409375,0.0,2.5,0.9098762218868003
5.876111478514708,-1.6479170278729574,0.6409375,0.0,2.5,0.7956772837395385
5.876111478514708,-1.6379170278729576,0.6970270270270269,0.0,2.5,0.6657793975881677
5.876111478514708,-1.6279170278729578,0.7038888888888889,0.0,2.5,0.6226506271466627
5.876111478514708,-1.617917027872958,0.7391525423728812,0.0,2.5,0.6138981843419572
5.876111478514708,-1.6079170278729582,0.7391525423728812,0.0,2.5,0.6388195561091362
5.876111478514708,-1.5979170278729584,0.7391525423728812,0.0,2.5,0.6336072329139225
5.876111478514708,-1.5879170278729586,0.7038888888888889,0.0,2.5,0.6683125131753302
5.876111478514708,-1.5779170278729588,0.6970270270270269,0.0,2.5,0.7202692927062417
5.876111478514708,-1.567917027872959,0.7038888888888889,0.0,2.5,0.7155999428151757
5.876111478514708,-1.5579170278729593,0.6970270270270269,0.0,2.5,0.781676572748105
5.876111478514708,-1.5479170278729595,0.6970270270270269,0.0,2.5,0.8314188041931344
5.876111478514708,-1.5379170278729597,0.6409375,0.0,2.5,0.9135689003057152
5.876111478514708,-1.52791702787296,0.6409375,0.0,2.5,0.9431403722257545
5.876111478514708,-1.4579170278729614,0.6970270270270269,0.0,2.5,0.9458872355851641
5.876111478514708,-1.4479170278729616,0.6970270270270269,0.0,2.5,0.9193472244528933
5.876111478514708,-1.4379170278729618,0.7038888888888889,0.0,2.5,0.8825872416883952
5.876111478514708,-1.427917027872962,0.7391525423728812,0.0,2.5,0.8512515738415822
5.876111478514708,-1.4179170278729623,0.7391525423728812,0.0,2.5,0.8292664118974051
5.876111478514708,-1.4079170278729625,0.7391525423728812,0.0,2.5,0.8097810820111567
5.876111478514708,-1.3979170278729627,0.7391525423728812,0.0,2.5,0.8075782633202173
5.876111478514708,-1.387917027872963,0.7391525423728812,0.0,2.5,0.7902197697097769
5.876111478514708,-1.377917027872963,0.7391525423728812,0.0,2.5,0.8056098766063519
5.876111478514708,-1.3679170278729633,0.7391525423728812,0.0,2.5,0.8435894591995629
5.876111478514708,-1.3579170278729635,0.7391525423728812,0.0,2.5,0.8938663089307659
5.876111478514708,-1.3479170278729637,0.7391525423728812,0.0,2.5,0.9432185578152431
5.876111478514708,-1.337917027872964,0.7391525423728812,0.0,2.5,0.9580895108828014
5.876111478514708,-1.3279170278729642,0.7391525423728812,0.0,2.5,0.9623962722768342
5.876111478514708,-1.3179170278729644,0.7391525423728812,0.0,2.5,0.9430476585786314
5.876111478514708,-1.3079170278729646,0.7391525423728812,0.0,2.5,0.9321321400664667
5.876111478514708,-1.2979170278729648,0.7391525423728812,0.0,2.5,0.9430476585786314
5.876111478514708,-1.287917027872965,0.7391525423728812,0.0,2.5,0.9612967697892719
5.876111478514708,-1.2779170278729652,0.7391525423728812,0.0,2.5,0.9580895108828014
5.876111478514708,-1.2679170278729655,0.7391525423728812,0.0,2.5,0.9486155198705309
5.876111478514708,-1.2579170278729657,0.7391525423728812,0.0,2.5,0.9113614351165313
5.876111478514708,-1.2479170278729659,0.7391525423728812,0.0,2.5,0.8755941488036384
5.876111478514708,-1.237917027872966,0.7391525423728812,0.0,2.5,0.8563414413785423
5.876111478514708,-1.2279170278729663,0.78,0.0,2.5,0.8250200853724724
5.876111478514708,-1.2179170278729665,0.7391525423728812,0.0,2.5,0.84657075809595
5.876111478514708,-1.2079170278729667,0.7391525423728812,0.0,2.5,0.8691763329870547
5.876111478514708,-1.197917027872967,0.7391525423728812,0.0,2.5,0.8887376440120596
5.876111478514708,-1.1879170278729672,0.7038888888888889,0.0,2.5,0.9395330481150529
5.8861114785147075,-1.8579170278729529,0.6409375,0.0,2.5,0.9108452794760262
5.8861114785147075,-1.847917027872953,0.6409375,0.0,2.5,0.9149521189600313
5.8861114785147075,-1.8379170278729533,0.6409375,0.0,2.5,0.906208979636477
5.8861114785147075,-1.8279170278729535,0.6409375,0.0,2.5,0.9260810595221248
5.8861114785147075,-1.8179170278729537,0.6409375,0.0,2.5,0.9277477261887914
5.8861114785147075,-1.807917027872954,0.6409375,0.0,2.5,0.9233326142358487
5.8861114785147075,-1.7979170278729542,0.6409375,0.0,2.5,0.9227889484617435
5.8861114785147075,-1.7879170278729544,0.6409375,0.0,2.5,0.9242110848838799
5.8861114785147075,-1.7779170278729546,0.6409375,0.0,2.5,0.9257710047901948
5.8861114785147075,-1.7679170278729548,0.6409375,0.0,2.5,0.8987398587928365
5.8861114785147075,-1.757917027872955,0.6409375,0.0,2.5,0.9256545763413578
5.8861114785147075,-1.7479170278729552,0.6409375,0.0,2.5,0.9124349221661894
5.8861114785147075,-1.7379170278729554,0.6409375,0.0,2.5,0.9007381892089099
5.8861114785147075,-1.7279170278729556,0.6409375,0.0,2.5,0.8919693886868895
5.8861114785147075,-1.7179170278729559,0.6409375,0.0,2.5,0.9043957604795031
5.8861114785147075,-1.707917027872956,0.6409375,0.0,2.5,0.9226566425704817
5.8861114785147075,-1.6979170278729563,0.609703696871135,0.0,2.5,0.9305084394550718
5.8861114785147075,-1.6879170278729565,0.6008,0.0,2.5,0.9363919586105663
5.8861114785147075,-1.6779170278729567,0.6008,0.0,2.5,0.9504331764120769
5.8861114785147075,-1.667917027872957,0.6409375,0.0,2.5,0.8068466200207147
5.8861114785147075,-1.6579170278729571,0.6409375,0.0,2.5,0.7372216057038545
5.8861114785147075,-1.6479170278729574,0.6970270270270269,0.0,2.5,0.661817678991417
5.8861114785147075,-1.6379170278729576,0.7038888888888889,0.0,2.5,0.6232186820205127
5.8861114785147075,-1.6279170278729578,0.7391525423728812,0.0,2.5,0.598152929185819
5.8861114785147075,-1.617917027872958,0.7391525423728812,0.0,2.5,0.605164267163026
5.8861114785147075,-1.6079170278729582,0.7391525423728812,0.0,2.5,0.6077761179216297
5.8861114785147075,-1.5979170278729584,0.7391525423728812,0.0,2.5,0.6180434593872414
5.8861114785147075,-1.5879170278729586,0.7391525423728812,0.0,2.5,0.6115726568941969
5.8861114785147075,-1.5779170278729588,0.7391525423728812,0.0,2.5,0.6546343771452723
5.8861114785147075,-1.567917027872959,0.6970270270270269,0.0,2.5,0.745155796945087
5.8861114785147075,-1.5579170278729593,0.6970270270270269,0.0,2.5,0.7654549377709622
5.8861114785147075,-1.5479170278729595,0.6970270270270269,0.0,2.5,0.8250312958457203
5.8861114785147075,-1.5379170278729597,0.6409375,0.0,2.5,0.9196774898962705
5.8861114785147075,-1.52791702787296,0.6409375,0.0,2.5,0.9403417209047238
5.8861114785147075,-1.5179170278729601,0.6409375,0.0,2.5,0.9535313199091087
5.8861114785147075,-1.4579170278729614,0.6970270270270269,0.0,2.5,0.9445050092556028
5.8861114785147075,-1.4479170278729616,0.699993450560926,0.0,2.5,0.9092589589368512
5.8861114785147075,-1.4379170278729618,0.7038888888888889,0.0,2.5,0.8852425474901825
5.8861114785147075,-1.427917027872962,0.7038888888888889,0.0,2.5,0.8777396775323282
5.8861114785147075,-1.4179170278729623,0.7391525423728812,0.0,2.5,0.8717007272853294
5.8861114785147075,-1.4079170278729625,0.7391525423728812,0.0,2.5,0.8530325150556146
5.8861114785147075,-1.3979170278729627,0.7391525423728812,0.0,2.5,0.8387703192488071
5.8861114785147075,-1.387917027872963,0.7391525423728812,0.0,2.5,0.8791268671849978
5.8861114785147075,-1.377917027872963,0.7391525423728812,0.0,2.5,0.8813783364363951
5.8861114785147075,-1.3679170278729633,0.7391525423728812,0.0,2.5,0.9231566415073039
5.8861114785147075,-1.3579170278729635,0.7391525423728812,0.0,2.5,0.9447271985610132
5.8861114785147075,-1.3479170278729637,0.7391525423728812,0.0,2.5,0.9572143465225611
5.8861114785147075,-1.337917027872964,0.7391525423728812,0.0,2.5,0.9482108327264407
5.8861114785147075,-1.3279170278729642,0.7391525423728812,0.0,2.5,0.9240123896297462
5.8861114785147075,-1.3179170278729644,0.7391525423728812,0.0,2.5,0.9270642954766696
5.8861114785147075,-1.3079170278729646,0.7391525423728812,0.0,2.5,0.9264400688854424
5.8861114785147075,-1.287917027872965,0.7391525423728812,0.0,2.5,0.9238804451853018
5.8861114785147075,-1.2779170278729652,0.7391525423728812,0.0,2.5,0.9402504625187784
5.8861114785147075,-1.2679170278729655,0.7391525423728812,0.0,2.5,0.9600392607224755
5.8861114785147075,-1.2579170278729657,0.7391525423728812,0.0,2.5,0.9518680101560134
5.8861114785147075,-1.2479170278729659,0.7391525423728812,0.0,2.5,0.9276791269596024
5.8861114785147075,-1.237917027872966,0.7391525423728812,0.0,2.5,0.8801043241920746
5.8861114785147075,-1.2279170278729663,0.7391525423728812,0.0,2.5,0.8802870412433388
5.8861114785147075,-1.2179170278729665,0.7391525423728812,0.0,2.5,0.8478286208708284
5.8861114785147075,-1.2079170278729667,0.7391525423728812,0.0,2.5,0.8630501200990058
5.8861114785147075,-1.197917027872967,0.7391525423728812,0.0,2.5,0.9123990891989703
5.8861114785147075,-1.1879170278729672,0.7391525423728812,0.0,2.5,0.9231982202284602
5.896111478514707,-1.8679170278729527,0.6409375,0.0,2.5,0.9165217416333475
5.896111478514707,-1.8579170278729529,0.6409375,0.0,2.5,0.9218563829602273
5.896111478514707,-1.847917027872953,0.6409375,0.0,2.5,0.9165618609722247
5.896111478514707,-1.8379170278729533,0.6409375,0.0,2.5,0.9272190849908937
5.896111478514707,-1.8279170278729535,0.6409375,0.0,2.5,0.921751857746521
5.896111478514707,-1.8179170278729537,0.6409375,0.0,2.5,0.9302840377277606
5.896111478514707,-1.807917027872954,0.6409375,0.0,2.5,0.9243148449082372
5.896111478514707,-1.7979170278729542,0.6409375,0.0,2.5,0.9193966005020411
5.896111478514707,-1.7879170278729544,0.6409375,0.0,2.5,0.922485403590844
5.896111478514707,-1.7779170278729546,0.6409375,0.0,2.5,0.9211321915816476
5.896111478514707,-1.7679170278729548,0.6409375,0.0,2.5,0.9049883919551015
5.896111478514707,-1.757917027872955,0.6409375,0.0,2.5,0.9077138023746091
5.896111478514707,-1.7479170278729552,0.6409375,0.0,2.5,0.90790964462471
5.896111478514707,-1.7379170278729554,0.6409375,0.0,2.5,0.916424895358543
5.896111478514707,-1.7279170278729556,0.6409375,0.0,2.5,0.9186308361609218
5.896111478514707,-1.7179170278729559,0.6409375,0.0,2.5,0.9113426573630379
5.896111478514707,-1.707917027872956,0.6008,0.0,2.5,0.9360565484271534
5.896111478514707,-1.6979170278729563,0.6008,0.0,2.5,0.9505312196987981
5.896111478514707,-1.6879170278729565,0.6409375,0.0,2.5,0.9122459496274954
5.896111478514707,-1.6779170278729567,0.6409375,0.0,2.5,0.8182862031193984
5.896111478514707,-1.667917027872957,0.6409375,0.0,2.5,0.7961902561666796
5.896111478514707,-1.6579170278729571,0.6409375,0.0,2.5,0.760757316958931
5.896111478514707,-1.6479170278729574,0.6970270270270269,0.0,2.5,0.7182948743561762
5.896111478514707,-1.6379170278729576,0.7038888888888889,0.0,2.5,0.628600670030476
5.896111478514707,-1.6279170278729578,0.7038888888888889,0.0,2.5,0.6460296726875565
5.896111478514707,-1.617917027872958,0.7391525423728812,0.0,2.5,0.5990804502221049
5.896111478514707,-1.6079170278729582,0.7038888888888889,0.0,2.5,0.6216049052427217
5.896111478514707,-1.5979170278729584,0.7038888888888889,0.0,2.5,0.6168466733122073
5.896111478514707,-1.5879170278729586,0.7391525423728812,0.0,2.5,0.5910828471929395
5.896111478514707,-1.5779170278729588,0.7038888888888889,0.0,2.5,0.6555450678534003
5.896111478514707,-1.567917027872959,0.6970270270270269,0.0,2.5,0.7635312324787862
5.896111478514707,-1.5579170278729593,0.6970270270270269,0.0,2.5,0.7550060507944749
5.896111478514707,-1.5479170278729595,0.6409375,0.0,2.5,0.8308257436606348
5.896111478514707,-1.5379170278729597,0.6409375,0.0,2.5,0.9025197886457854
5.896111478514707,-1.52791702787296,0.6409375,0.0,2.5,0.951563629176704
5.896111478514707,-1.5179170278729601,0.6409375,0.0,2.5,0.9543900550835207
5.896111478514707,-1.5079170278729603,0.6409375,0.0,2.5,0.9442222848904884
5.896111478514707,-1.4479170278729616,0.7038888888888889,0.0,2.5,0.9183645796695574
5.896111478514707,-1.4379170278729618,0.7391525423728812,0.0,2.5,0.8799769577917981
5.896111478514707,-1.427917027872962,0.7391525423728812,0.0,2.5,0.8781798666502958
5.896111478514707,-1.4179170278729623,0.7391525423728812,0.0,2.5,0.861383453432339
5.896111478514707,-1.4079170278729625,0.7391525423728812,0.0,2.5,0.8588076076537906
5.896111478514707,-1.3979170278729627,0.7391525423728812,0.0,2.5,0.8935395885984694
5.896111478514707,-1.387917027872963,0.7391525423728812,0.0,2.5,0.895693096616619
5.896111478514707,-1.377917027872963,0.7391525423728812,0.0,2.5,0.9396576046430088
5.896111478514707,-1.3679170278729633,0.7038888888888889,0.0,2.5,0.957053843371012
5.896111478514707,-1.3579170278729635,0.7391525423728812,0.0,2.5,0.9522246487451113
5.896111478514707,-1.3479170278729637,0.7391525423728812,0.0,2.5,0.9342101418667514
5.896111478514707,-1.337917027872964,0.7391525423728812,0.0,2.5,0.9301765466612746
5.896111478514707,-1.3279170278729642,0.7391525423728812,0.0,2.5,0.9343668285823196
5.896111478514707,-1.3179170278729644,0.7391525423728812,0.0,2.5,0.933566762997466
5.896111478514707,-1.3079170278729646,0.7391525423728812,0.0,2.5,0.9393353406330552
5.896111478514707,-1.2779170278729652,0.7391525423728812,0.0,2.5,0.9317112688834969
5.896111478514707,-1.2579170278729657,0.7391525423728812,0.0,2.5,0.9526317771939065
5.896111478514707,-1.2479170278729659,0.7391525423728812,0.0,2.5,0.957053843371012
5.896111478514707,-1.237917027872966,0.7391525423728812,0.0,2.5,0.9483677002476164
5.896111478514707,-1.2279170278729663,0.7391525423728812,0.0,2.5,0.9140949171150256
5.896111478514707,-1.2179170278729665,0.7391525423728812,0.0,2.5,0.8866475098764213
5.896111478514707,-1.2079170278729667,0.7391525423728812,0.0,2.5,0.8857971054985116
5.896111478514707,-1.197917027872967,0.7391525423728812,0.0,2.5,0.905985770254923
5.896111478514707,-1.1879170278729672,0.7391525423728812,0.0,2.5,0.8924542202256407
5.906111478514707,-1.8879170278729522,0.6970270270270269,0.0,2.5,0.8447818349220839
5.906111478514707,-1.8779170278729524,0.6970270270270269,0.0,2.5,0.8984915446084837
5.906111478514707,-1.8679170278729527,0.6409375,0.0,2.5,0.9306953412088327
5.906111478514707,-1.8579170278729529,0.6409375,0.0,2.5,0.9382501935231079
5.906111478514707,-1.847917027872953,0.6409375,0.0,2.5,0.9303751379255427
5.906111478514707,-1.8379170278729533,0.6409375,0.0,2.5,0.9383786783953718
5.906111478514707,-1.8279170278729535,0.6409375,0.0,2.5,0.9284675819593686
5.906111478514707,-1.8179170278729537,0.6409375,0.0,2.5,0.9260119368009775
5.906111478514707,-1.807917027872954,0.6409375,0.0,2.5,0.9308742180605917
5.906111478514707,-1.7979170278729542,0.6409375,0.0,2.5,0.9271961532279083
5.906111478514707,-1.7879170278729544,0.6409375,0.0,2.5,0.9288628198945749
5.906111478514707,-1.7779170278729546,0.6409375,0.0,2.5,0.9260410394006809
5.906111478514707,-1.7679170278729548,0.6409375,0.0,2.5,0.907975696336948
5.906111478514707,-1.757917027872955,0.6409375,0.0,2.5,0.9205861635546969
5.906111478514707,-1.7479170278729552,0.6409375,0.0,2.5,0.9202295371394817
5.906111478514707,-1.7379170278729554,0.6409375,0.0,2.5,0.9194201444921278
5.906111478514707,-1.7279170278729556,0.6409375,0.0,2.5,0.9313370836057785
5.906111478514707,-1.7179170278729559,0.6409375,0.0,2.5,0.9371303018001111
5.906111478514707,-1.707917027872956,0.6409375,0.0,2.5,0.9303334715126313
5.906111478514707,-1.6979170278729563,0.6409375,0.0,2.5,0.9406483306708602
5.906111478514707,-1.6879170278729565,0.6409375,0.0,2.5,0.9362150441240051
5.906111478514707,-1.6779170278729567,0.6409375,0.0,2.5,0.8231222419939099
5.906111478514707,-1.667917027872957,0.6409375,0.0,2.5,0.7701429649249941
5.906111478514707,-1.6579170278729571,0.6409375,0.0,2.5,0.771498267321468
5.906111478514707,-1.6479170278729574,0.6970270270270269,0.0,2.5,0.7091349525911943
5.906111478514707,-1.6379170278729576,0.7038888888888889,0.0,2.5,0.6211296706382308
5.906111478514707,-1.6279170278729578,0.7038888888888889,0.0,2.5,0.6148891853183108
5.906111478514707,-1.617917027872958,0.6970270270270269,0.0,2.5,0.6556811921876409
5.906111478514707,-1.6079170278729582,0.6970270270270269,0.0,2.5,0.6447487613108959
5.906111478514707,-1.5979170278729584,0.7038888888888889,0.0,2.5,0.6222498332749852
5.906111478514707,-1.5879170278729586,0.7038888888888889,0.0,2.5,0.6238400540228317
5.906111478514707,-1.5779170278729588,0.7038888888888889,0.0,2.5,0.6720907997701859
5.906111478514707,-1.567917027872959,0.6409375,0.0,2.5,0.7810126320889974
5.906111478514707,-1.5579170278729593,0.6970270270270269,0.0,2.5,0.7858552653950235
5.906111478514707,-1.5479170278729595,0.6409375,0.0,2.5,0.8628502502928453
5.906111478514707,-1.5379170278729597,0.6409375,0.0,2.5,0.8869805597122361
5.906111478514707,-1.52791702787296,0.6409375,0.0,2.5,0.9501895463270315
5.906111478514707,-1.5179170278729601,0.6409375,0.0,2.5,0.9615948650119712
5.906111478514707,-1.5079170278729603,0.6409375,0.0,2.5,0.9466183685743804
5.906111478514707,-1.4179170278729623,0.7391525423728812,0.0,2.5,0.9155193603992922
5.906111478514707,-1.4079170278729625,0.7391525423728812,0.0,2.5,0.9081935483060647
5.906111478514707,-1.3979170278729627,0.7391525423728812,0.0,2.5,0.9236887994181305
5.906111478514707,-1.387917027872963,0.7391525423728812,0.0,2.5,0.9532515741125049
5.906111478514707,-1.377917027872963,0.7391525423728812,0.0,2.5,0.9490190819880462
5.906111478514707,-1.3679170278729633,0.7391525423728812,0.0,2.5,0.9417589049158719
5.906111478514707,-1.3579170278729635,0.7391525423728812,0.0,2.5,0.9333761360150788
5.906111478514707,-1.3479170278729637,0.7391525423728812,0.0,2.5,0.9264017488918739
5.906111478514707,-1.337917027872964,0.7391525423728812,0.0,2.5,0.9340143434041485
5.906111478514707,-1.3279170278729642,0.7391525423728812,0.0,2.5,0.9359616745100053
5.906111478514707,-1.3179170278729644,0.7391525423728812,0.0,2.5,0.9403081157234584
5.906111478514707,-1.2579170278729657,0.7391525423728812,0.0,2.5,0.9286133649600432
5.906111478514707,-1.2479170278729659,0.7391525423728812,0.0,2.5,0.9362222709606319
5.906111478514707,-1.237917027872966,0.7391525423728812,0.0,2.5,0.9492559850194402
5.906111478514707,-1.2279170278729663,0.7391525423728812,0.0,2.5,0.9523888492686712
5.906111478514707,-1.2179170278729665,0.7391525423728812,0.0,2.5,0.9255362220254472
5.906111478514707,-1.2079170278729667,0.7391525423728812,0.0,2.5,0.9026910296988482
5.906111478514707,-1.197917027872967,0.7391525423728812,0.0,2.5,0.902187842638984
5.906111478514707,-1.1879170278729672,0.7391525423728812,0.0,2.5,0.880947376789148
5.916111478514707,-1.897917027872952,0.7391525423728812,0.0,2.5,0.74048581071916
5.916111478514707,-1.8879170278729522,0.7391525423728812,0.0,2.5,0.782892394289833
5.916111478514707,-1.8779170278729524,0.6970270270270269,0.0,2.5,0.8643343543750568
5.916111478514707,-1.8679170278729527,0.6409375,0.0,2.5,0.9252589254012351
5.916111478514707,-1.8579170278729529,0.6409375,0.0,2.5,0.9423149973375269
5.916111478514707,-1.847917027872953,0.6409375,0.0,2.5,0.9479390014758036
5.916111478514707,-1.8379170278729533,0.6409375,0.0,2.5,0.9537266028969168
5.916111478514707,-1.8279170278729535,0.6409375,0.0,2.5,0.9411608099377895
5.916111478514707,-1.8179170278729537,0.6409375,0.0,2.5,0.9303340587521599
5.916111478514707,-1.807917027872954,0.6409375,0.0,2.5,0.9318613903798627
5.916111478514707,-1.7979170278729542,0.6409375,0.0,2.5,0.9249776735468168
5.916111478514707,-1.7879170278729544,0.6409375,0.0,2.5,0.9266922570043442
5.916111478514707,-1.7779170278729546,0.6409375,0.0,2.5,0.9229308506601102
5.916111478514707,-1.7679170278729548,0.6409375,0.0,2.5,0.9022012579417852
5.916111478514707,-1.757917027872955,0.6409375,0.0,2.5,0.9271961532279083
5.916111478514707,-1.7479170278729552,0.6409375,0.0,2.5,0.9259962878619596
5.916111478514707,-1.7379170278729554,0.6409375,0.0,2.5,0.9276715182315434
5.916111478514707,-1.7279170278729556,0.6409375,0.0,2.5,0.9516620400617379
5.916111478514707,-1.7179170278729559,0.6409375,0.0,2.5,0.9478619649144622
5.916111478514707,-1.707917027872956,0.6409375,0.0,2.5,0.9572111426833972
5.916111478514707,-1.6979170278729563,0.6409375,0.0,2.5,0.9528024275023362
5.916111478514707,-1.6879170278729565,0.6409375,0.0,2.5,0.9388443896817745
5.916111478514707,-1.6779170278729567,0.6409375,0.0,2.5,0.866041187350437
5.916111478514707,-1.667917027872957,0.6409375,0.0,2.5,0.8064276133496207
5.916111478514707,-1.6579170278729571,0.6970270270270269,0.0,2.5,0.7603749879090576
5.916111478514707,-1.6479170278729574,0.6970270270270269,0.0,2.5,0.7485664361634875
5.916111478514707,-1.6379170278729576,0.7038888888888889,0.0,2.5,0.65466385966179
5.916111478514707,-1.6279170278729578,0.7038888888888889,0.0,2.5,0.637087735672074
5.916111478514707,-1.617917027872958,0.6970270270270269,0.0,2.5,0.6595635295073435
5.916111478514707,-1.6079170278729582,0.6970270270270269,0.0,2.5,0.6630358850047027
5.916111478514707,-1.5979170278729584,0.6970270270270269,0.0,2.5,0.6506040505140972
5.916111478514707,-1.5879170278729586,0.6970270270270269,0.0,2.5,0.6844048641114651
5.916111478514707,-1.5779170278729588,0.6970270270270269,0.0,2.5,0.72887439433157
5.916111478514707,-1.567917027872959,0.6409375,0.0,2.5,0.7928280421455772
5.916111478514707,-1.5579170278729593,0.6409375,0.0,2.5,0.8129884184736917
5.916111478514707,-1.5479170278729595,0.6409375,0.0,2.5,0.8622564284367282
5.916111478514707,-1.5379170278729597,0.6409375,0.0,2.5,0.8861707965491358
5.916111478514707,-1.52791702787296,0.6409375,0.0,2.5,0.9349015243102247
5.916111478514707,-1.4079170278729625,0.7391525423728812,0.0,2.5,0.92066716158004
5.916111478514707,-1.3979170278729627,0.7391525423728812,0.0,2.5,0.9299751543666936
5.916111478514707,-1.387917027872963,0.7391525423728812,0.0,2.5,0.9241878634399329
5.916111478514707,-1.377917027872963,0.7391525423728812,0.0,2.5,0.9255219984698023
5.916111478514707,-1.3679170278729633,0.7391525423728812,0.0,2.5,0.9179130924692138
5.916111478514707,-1.3579170278729635,0.7391525423728812,0.0,2.5,0.9187709208454887
5.916111478514707,-1.3479170278729637,0.7391525423728812,0.0,2.5,0.9193476847304586
5.916111478514707,-1.237917027872966,0.7391525423728812,0.0,2.5,0.9199334900091032
5.916111478514707,-1.2279170278729663,0.7391525423728812,0.0,2.5,0.9226115438964236
5.916111478514707,-1.2179170278729665,0.7391525423728812,0.0,2.5,0.9286502143187321
5.916111478514707,-1.2079170278729667,0.7391525423728812,0.0,2.5,0.9165118692748009
5.916111478514707,-1.197917027872967,0.7391525423728812,0.0,2.5,0.8952855725002837
5.916111478514707,-1.1879170278729672,0.7391525423728812,0.0,2.5,0.8860876319234039
5.926111478514707,-1.9079170278729518,0.78,0.0,2.5,0.6410639480284376
5.926111478514707,-1.897917027872952,0.7391525423728812,0.0,2.5,0.7159604368592584
5.926111478514707,-1.8879170278729522,0.7391525423728812,0.0,2.5,0.7374542488086929
5.926111478514707,-1.8779170278729524,0.7038888888888889,0.0,2.5,0.7753677778668137
5.926111478514707,-1.8679170278729527,0.6970270270270269,0.0,2.5,0.8529868102685618
5.926111478514707,-1.8579170278729529,0.6409375,0.0,2.5,0.9329624409927851
5.926111478514707,-1.847917027872953,0.6409375,0.0,2.5,0.9527538212869012
5.926111478514707,-1.8379170278729533,0.6409375,0.0,2.5,0.9561539181243622
5.926111478514707,-1.8279170278729535,0.6409375,0.0,2.5,0.9495661660155063
5.926111478514707,-1.8179170278729537,0.6409375,0.0,2.5,0.9266315435334835
5.926111478514707,-1.807917027872954,0.6409375,0.0,2.5,0.9265721095713726
5.926111478514707,-1.7979170278729542,0.6409375,0.0,2.5,0.9368376470376802
5.926111478514707,-1.7879170278729544,0.6409375,0.0,2.5,0.936791214975119
5.926111478514707,-1.7779170278729546,0.6008,0.0,2.5,0.9372531179765737
5.926111478514707,-1.7679170278729548,0.6409375,0.0,2.5,0.9336562228087572
5.926111478514707,-1.757917027872955,0.6008,0.0,2.5,0.9397391892894817
5.926111478514707,-1.7479170278729552,0.6409375,0.0,2.5,0.9308035970596185
5.926111478514707,-1.7379170278729554,0.6409375,0.0,2.5,0.9551404103738577
5.926111478514707,-1.7279170278729556,0.6409375,0.0,2.5,0.9590677298775533
5.926111478514707,-1.7179170278729559,0.6409375,0.0,2.5,0.9534666373186403
5.926111478514707,-1.707917027872956,0.6409375,0.0,2.5,0.9520223527627729
5.926111478514707,-1.6979170278729563,0.6409375,0.0,2.5,0.9545214416771886
5.926111478514707,-1.6879170278729565,0.6409375,0.0,2.5,0.873269959311362
5.926111478514707,-1.6379170278729576,0.7038888888888889,0.0,2.5,0.6803093954106977
5.926111478514707,-1.5979170278729584,0.6970270270270269,0.0,2.5,0.7159495585199269
5.926111478514707,-1.5879170278729586,0.6970270270270269,0.0,2.5,0.7106965074224422
5.926111478514707,-1.5479170278729595,0.6409375,0.0,2.5,0.8868389358355423
5.926111478514707,-1.5379170278729597,0.6409375,0.0,2.5,0.8983119788129179
5.926111478514707,-1.52791702787296,0.6409375,0.0,2.5,0.923698406989105
5.926111478514707,-1.3679170278729633,0.7391525423728812,0.0,2.5,0.9202939590754197
5.926111478514707,-1.3579170278729635,0.7391525423728812,0.0,2.5,0.9179255483083222
5.926111478514707,-1.237917027872966,0.78,0.0,2.5,0.9101568695202032
5.926111478514707,-1.2279170278729663,0.7391525423728812,0.0,2.5,0.9169350340434573
5.926111478514707,-1.2179170278729665,0.7391525423728812,0.0,2.5,0.9234252848797784
5.926111478514707,-1.2079170278729667,0.7391525423728812,0.0,2.5,0.9170185069686934
5.926111478514707,-1.197917027872967,0.9333333333333335,0.0,2.5,0.8806722223887758
5.936111478514706,-1.9079170278729518,0.78,0.0,2.5,0.6205164445240599
5.936111478514706,-1.897917027872952,0.7391525423728812,0.0,2.5,0.6605013195942667
5.936111478514706,-1.8879170278729522,0.7391525423728812,0.0,2.5,0.747668096500103
5.936111478514706,-1.8779170278729524,0.7391525423728812,0.0,2.5,0.7430659496691034
5.936111478514706,-1.8679170278729527,0.6970270270270269,0.0,2.5,0.7923060138332153
5.936111478514706,-1.8579170278729529,0.6409375,0.0,2.5,0.8793761346097724
5.936111478514706,-1.847917027872953,0.6409375,0.0,2.5,0.9255196119242572
5.936111478514706,-1.8379170278729533,0.6409375,0.0,2.5,0.9551109963661891
5.936111478514706,-1.8279170278729535,0.6409375,0.0,2.5,0.9620836646804253
5.936111478514706,-1.8179170278729537,0.6409375,0.0,2.5,0.932351750995547
5.936111478514706,-1.807917027872954,0.6409375,0.0,2.5,0.9322357954058996
5.936111478514706,-1.7979170278729542,0.6409375,0.0,2.5,0.9310365155490486
5.936111478514706,-1.7879170278729544,0.6008,0.0,2.5,0.9371962254212726
5.936111478514706,-1.7779170278729546,0.6008,0.0,2.5,0.9254119997439104
5.936111478514706,-1.7679170278729548,0.6008,0.0,2.5,0.929900446904471
5.936111478514706,-1.757917027872955,0.6008,0.0,2.5,0.9345987246853656
5.936111478514706,-1.7479170278729552,0.6008,0.0,2.5,0.9597197676998604
5.936111478514706,-1.7379170278729554,0.6409375,0.0,2.5,0.9354805902543455
5.936111478514706,-1.7279170278729556,0.6409375,0.0,2.5,0.9564644415374217
5.936111478514706,-1.7179170278729559,0.6409375,0.0,2.5,0.9403419637780217
5.936111478514706,-1.5379170278729597,0.6409375,0.0,2.5,0.918874546872204
5.936111478514706,-1.2179170278729665,0.7391525423728812,0.0,2.5,0.9234341213722441
5.936111478514706,-1.2079170278729667,0.78,0.0,2.5,0.9125987870241945
5.946111478514706,-1.9179170278729516,0.7038888888888889,0.0,2.5,0.736227137604053
5.946111478514706,-1.9079170278729518,0.78,0.0,2.5,0.6059230690908244
5.946111478514706,-1.897917027872952,1.2839229586636245,0.0,2.5,0.594926847129203
5.946111478514706,-1.8879170278729522,0.7391525423728812,0.0,2.5,0.6862307041025402
5.946111478514706,-1.8779170278729524,0.7391525423728812,0.0,2.5,0.7561689991297047
5.946111478514706,-1.8679170278729527,0.7038888888888889,0.0,2.5,0.7699583095406859
5.946111478514706,-1.8579170278729529,0.6970270270270269,0.0,2.5,0.8267556306868974
5.946111478514706,-1.847917027872953,0.6409375,0.0,2.5,0.8933984407569108
5.946111478514706,-1.8379170278729533,0.6409375,0.0,2.5,0.9305916674743594
5.946111478514706,-1.8279170278729535,0.6409375,0.0,2.5,0.9471009110297882
5.946111478514706,-1.8179170278729537,0.6409375,0.0,2.5,0.9538913154117779
5.946111478514706,-1.807917027872954,0.6409375,0.0,2.5,0.9301460349225495
5.946111478514706,-1.7979170278729542,0.6409375,0.0,2.5,0.9324937525595242
5.946111478514706,-1.7879170278729544,0.6409375,0.0,2.5,0.9204618612680626
5.946111478514706,-1.7779170278729546,0.6008,0.0,2.5,0.9165764921017169
5.946111478514706,-1.7679170278729548,0.6409375,0.0,2.5,0.9159967709571882
5.946111478514706,-1.757917027872955,0.6008,0.0,2.5,0.9563652202525069
5.946111478514706,-1.7479170278729552,0.6008,0.0,2.5,0.9407240873360373
5.946111478514706,-1.7379170278729554,0.6073390896609622,0.0,2.5,0.9480229155464929
5.946111478514706,-1.7279170278729556,0.6409375,0.0,2.5,0.9410012341885959
5.946111478514706,-1.7179170278729559,0.6409375,0.0,2.5,0.8371184458536992
5.956111478514706,-1.9179170278729516,0.7038888888888889,0.0,2.5,0.7229383069328111
5.956111478514706,-1.9079170278729518,0.7391525423728812,0.0,2.5,0.6174722562036604
5.956111478514706,-1.897917027872952,0.7848252472029406,0.0,2.5,0.6033001650141467
5.956111478514706,-1.8879170278729522,0.761822438927261,0.0,2.5,0.6383705056669049
5.956111478514706,-1.8779170278729524,0.7391525423728812,0.0,2.5,0.7294794473726308
5.956111478514706,-1.8679170278729527,0.6970270270270269,0.0,2.5,0.7971348952016533
5.956111478514706,-1.8579170278729529,0.6970270270270269,0.0,2.5,0.8080683354706679
5.956111478514706,-1.847917027872953,0.6409375,0.0,2.5,0.8684802080330726
5.956111478514706,-1.8379170278729533,0.6409375,0.0,2.5,0.8814902629740609
5.956111478514706,-1.8279170278729535,0.6409375,0.0,2.5,0.924063827236236
5.956111478514706,-1.8179170278729537,0.6409375,0.0,2.5,0.9591529772829809
5.956111478514706,-1.807917027872954,0.6409375,0.0,2.5,0.93707637620758
5.956111478514706,-1.7979170278729542,0.612142217740375,0.0,2.5,0.9437738245775332
5.956111478514706,-1.7879170278729544,0.6008,0.0,2.5,0.9489216051391558
5.956111478514706,-1.7779170278729546,0.6008,0.0,2.5,0.9534747572133885
5.956111478514706,-1.7679170278729548,0.6008,0.0,2.5,0.9346236672410274
5.956111478514706,-1.757917027872955,0.6008,0.0,2.5,0.9357700092222022
5.956111478514706,-1.7479170278729552,0.6409375,0.0,2.5,0.9359019536666466
5.956111478514706,-1.7379170278729554,0.6409375,0.0,2.5,0.9293612051947764
5.956111478514706,-1.7279170278729556,0.6409375,0.0,2.5,0.8950026496705721
5.966111478514706,-1.9279170278729514,0.6970270270270269,0.0,2.5,0.7818282975557803
5.966111478514706,-1.9179170278729516,0.7391525423728812,0.0,2.5,0.6332522803849401
5.966111478514706,-1.9079170278729518,0.7391525423728812,0.0,2.5,0.6465437137395026
5.966111478514706,-1.897917027872952,0.7391525423728812,0.0,2.5,0.6158980101482443
5.966111478514706,-1.8879170278729522,0.7391525423728812,0.0,2.5,0.6295255499380364
5.966111478514706,-1.8779170278729524,0.7391525423728812,0.0,2.5,0.6713629317895208
5.966111478514706,-1.8679170278729527,0.7038888888888889,0.0,2.5,0.7637222940861651
5.966111478514706,-1.8579170278729529,0.6409375,0.0,2.5,0.8444789161886674
5.966111478514706,-1.847917027872953,0.6409375,0.0,2.5,0.8580811693206548
5.966111478514706,-1.8379170278729533,0.6409375,0.0,2.5,0.8664395906263728
5.966111478514706,-1.8279170278729535,0.6409375,0.0,2.5,0.8894633603131827
5.966111478514706,-1.8179170278729537,0.6409375,0.0,2.5,0.8748224959987637
5.966111478514706,-1.807917027872954,0.6409375,0.0,2.5,0.8691255686073108
5.966111478514706,-1.7979170278729542,0.6409375,0.0,2.5,0.8621751244586909
5.966111478514706,-1.7879170278729544,0.6409375,0.0,2.5,0.8381238908942918
5.966111478514706,-1.7779170278729546,0.6409375,0.0,2.5,0.8697688602680899
5.966111478514706,-1.7679170278729548,0.6409375,0.0,2.5,0.8951274184895965
5.966111478514706,-1.7479170278729552,0.6409375,0.0,2.5,0.8948238226734541
5.966111478514706,-1.7379170278729554,0.6409375,0.0,2.5,0.880391399570323
5.976111478514706,-1.9279170278729514,0.6970270270270269,0.0,2.5,0.78268392802705
5.976111478514706,-1.9179170278729516,0.7391525423728812,0.0,2.5,0.607851863708283
5.976111478514706,-1.9079170278729518,0.7391525423728812,0.0,2.5,0.6916033379454994
5.976111478514706,-1.897917027872952,0.7391525423728812,0.0,2.5,0.6629794308514972
5.976111478514706,-1.8879170278729522,0.7391525423728812,0.0,2.5,0.6500689583470932
5.976111478514706,-1.8779170278729524,0.7391525423728812,0.0,2.5,0.6562090573682602
5.976111478514706,-1.8679170278729527,0.6970270270270269,0.0,2.5,0.8032626432064451
5.976111478514706,-1.8579170278729529,0.6970270270270269,0.0,2.5,0.8189928199201242
5.976111478514706,-1.847917027872953,0.6970270270270269,0.0,2.5,0.8214035577142698
5.976111478514706,-1.8379170278729533,0.6970270270270269,0.0,2.5,0.7349054181018803
5.976111478514706,-1.8279170278729535,0.6970270270270269,0.0,2.5,0.745734024559122
5.976111478514706,-1.8179170278729537,0.6409375,0.0,2.5,0.8349778446152201
5.976111478514706,-1.807917027872954,0.6409375,0.0,2.5,0.8540462268512342
5.976111478514706,-1.7979170278729542,0.6409375,0.0,2.5,0.8562172237315046
5.976111478514706,-1.7879170278729544,0.6409375,0.0,2.5,0.9098816708319024
5.976111478514706,-1.7779170278729546,0.6409375,0.0,2.5,0.8959652034416452
5.986111478514705,-1.9379170278729512,0.6409375,0.0,2.5,0.8411490350350882
5.986111478514705,-1.9279170278729514,0.6970270270270269,0.0,2.5,0.7425159431886509
5.986111478514705,-1.9179170278729516,0.7391525423728812,0.0,2.5,0.6043577508032749
5.986111478514705,-1.9079170278729518,0.7038888888888889,0.0,2.5,0.7173084699494527
5.986111478514705,-1.897917027872952,0.7038888888888889,0.0,2.5,0.7155248381114385
5.986111478514705,-1.8879170278729522,0.7391525423728812,0.0,2.5,0.7048762677408572
5.986111478514705,-1.8779170278729524,0.7391525423728812,0.0,2.5,0.7117761790802789
5.986111478514705,-1.8679170278729527,0.7038888888888889,0.0,2.5,0.7504313665173905
5.986111478514705,-1.8579170278729529,0.6970270270270269,0.0,2.5,0.7817135783048512
5.986111478514705,-1.847917027872953,0.7038888888888889,0.0,2.5,0.7444275602542154
5.986111478514705,-1.8379170278729533,0.7028231496159693,0.0,2.5,0.7425774031184178
5.986111478514705,-1.8279170278729535,0.6970270270270269,0.0,2.5,0.8040376004420636
5.986111478514705,-1.8179170278729537,0.6409375,0.0,2.5,0.8200381196682126
5.986111478514705,-1.807917027872954,0.6409375,0.0,2.5,0.8616942215207477
5.986111478514705,-1.7979170278729542,0.6409375,0.0,2.5,0.8764990137020298
5.996111478514705,-1.947917027872951,0.6409375,0.0,2.5,0.8350211442090406
5.996111478514705,-1.9379170278729512,0.6409375,0.0,2.5,0.8055838956223336
5.996111478514705,-1.9279170278729514,0.7038888888888889,0.0,2.5,0.6804188339518189
5.996111478514705,-1.9179170278729516,0.7038888888888889,0.0,2.5,0.686465068025642
5.996111478514705,-1.9079170278729518,0.6970270270270269,0.0,2.5,0.7473495952412623
5.996111478514705,-1.897917027872952,0.6970270270270269,0.0,2.5,0.741950411723521
5.996111478514705,-1.8879170278729522,0.7038888888888889,0.0,2.5,0.7330383402529101
5.996111478514705,-1.8779170278729524,0.7391525423728812,0.0,2.5,0.7276673630288589
5.996111478514705,-1.8679170278729527,0.7391525423728812,0.0,2.5,0.691349219627494
5.996111478514705,-1.8579170278729529,0.7391525423728812,0.0,2.5,0.686172827591686
5.996111478514705,-1.847917027872953,0.6970270270270269,0.0,2.5,0.806064294234247
5.996111478514705,-1.8379170278729533,0.6970270270270269,0.0,2.5,0.8331486393538302
5.996111478514705,-1.8279170278729535,0.6409375,0.0,2.5,0.8404022046701553
5.996111478514705,-1.8179170278729537,0.6409375,0.0,2.5,0.8650457681529303
5.996111478514705,-1.807917027872954,0.6409375,0.0,2.5,0.8693671900571076
5.996111478514705,-1.7979170278729542,0.6409375,0.0,2.5,0.8619641551168218
6.006111478514705,-1.9579170278729507,0.6409375,0.0,2.5,0.8010117610488915
6.006111478514705,-1.947917027872951,0.6970270270270269,0.0,2.5,0.6775305792883285
6.006111478514705,-1.9379170278729512,0.6970270270270269,0.0,2.5,0.7327086376352018
6.006111478514705,-1.9279170278729514,0.6970270270270269,0.0,2.5,0.7448956946168884
6.006111478514705,-1.9179170278729516,0.6970270270270269,0.0,2.5,0.7262704264493759
6.006111478514705,-1.9079170278729518,0.6970270270270269,0.0,2.5,0.7569653631300322
6.006111478514705,-1.897917027872952,0.6970270270270269,0.0,2.5,0.7842089922525843
6.006111478514705,-1.8879170278729522,0.6970270270270269,0.0,2.5,0.789711581959675
6.006111478514705,-1.8779170278729524,0.6970270270270269,0.0,2.5,0.8043244262387249
6.006111478514705,-1.8679170278729527,0.6970270270270269,0.0,2.5,0.8268988671177797
6.006111478514705,-1.8579170278729529,0.6970270270270269,0.0,2.5,0.8459040972212991
6.006111478514705,-1.847917027872953,0.6409375,0.0,2.5,0.8690611775067077
6.006111478514705,-1.8379170278729533,0.6409375,0.0,2.5,0.8951808664739301
6.006111478514705,-1.8279170278729535,0.6409375,0.0,2.5,0.9105483805609496
6.006111478514705,-1.8179170278729537,0.6409375,0.0,2.5,0.9251044487968705
6.016111478514705,-1.98791702787295,0.6008,0.0,2.5,0.928471675830137
6.016111478514705,-1.9779170278729503,0.6409375,0.0,2.5,0.8925776589277744
6.016111478514705,-1.9679170278729505,0.6409375,0.0,2.5,0.8737065880037634
6.016111478514705,-1.9579170278729507,0.6409375,0.0,2.5,0.8284746944110973
6.016111478514705,-1.947917027872951,0.6409375,0.0,2.5,0.8684335062886828
6.016111478514705,-1.9379170278729512,0.6409375,0.0,2.5,0.8848379701145912
6.016111478514705,-1.9279170278729514,0.6409375,0.0,2.5,0.808385371784914
6.016111478514705,-1.8879170278729522,0.6970270270270269,0.0,2.5,0.8219991524253729
6.016111478514705,-1.8779170278729524,0.6970270270270269,0.0,2.5,0.7842743355337123
6.016111478514705,-1.847917027872953,0.7038888888888889,0.0,2.5,0.7627312581257316
6.016111478514705,-1.8379170278729533,0.7038888888888889,0.0,2.5,0.7625043308727457
6.016111478514705,-1.8279170278729535,0.6970270270270269,0.0,2.5,0.7791423910892679
6.016111478514705,-1.8179170278729537,0.6970270270270269,0.0,2.5,0.8179372077734784
6.0261114785147045,-1.99791702787295,0.6409375,0.0,2.5,0.7919492754301782
6.0261114785147045,-1.98791702787295,0.6409375,0.0,2.5,0.7909820408968141
6.0261114785147045,-1.9779170278729503,0.6409375,0.0,2.5,0.7730328285460383
6.0261114785147045,-1.9679170278729505,0.6409375,0.0,2.5,0.7992573061903913
6.0261114785147045,-1.9579170278729507,0.6409375,0.0,2.5,0.8618623288447123
6.0261114785147045,-1.947917027872951,0.6409375,0.0,2.5,0.7810982061249798
6.0261114785147045,-1.9379170278729512,0.6409375,0.0,2.5,0.7831457375764236
6.0261114785147045,-1.9279170278729514,0.6409375,0.0,2.5,0.762863202570176
6.0261114785147045,-1.8879170278729522,0.6970270270270269,0.0,2.5,0.7610645914590649
6.0261114785147045,-1.8779170278729524,0.7038888888888889,0.0,2.5,0.7610645914590649
6.0261114785147045,-1.847917027872953,0.7391525423728812,0.0,2.5,0.7610645914590649
6.0261114785147045,-1.8379170278729533,0.7038888888888889,0.0,2.5,0.7625043308727457
6.0261114785147045,-1.8279170278729535,0.7038888888888889,0.0,2.5,0.7774757244226012
6.0261114785147045,-1.8179170278729537,0.6970270270270269,0.0,2.5,0.84142025561304
6.0261114785147045,-1.807917027872954,0.6409375,0.0,2.5,0.9070967256494427
6.036111478514704,-2.0179170278729495,0.6409375,0.0,2.5,0.8861595191075021
6.036111478514704,-2.0079170278729497,0.6409375,0.0,2.5,0.8041668457505229
6.036111478514704,-1.99791702787295,0.6409375,0.0,2.5,0.7588303742974378
6.036111478514704,-1.98791702787295,0.6409375,0.0,2.5,0.7515155706604502
6.036111478514704,-1.9779170278729503,0.6409375,0.0,2.5,0.7515155706604502
6.036111478514704,-1.9679170278729505,0.6409375,0.0,2.5,0.7519896442052804
6.036111478514704,-1.9579170278729507,0.6409375,0.0,2.5,0.7468978329190563
6.036111478514704,-1.947917027872951,0.6409375,0.0,2.5,0.7696178232604819
6.036111478514704,-1.9379170278729512,0.6409375,0.0,2.5,0.784369096018957
6.046111478514704,-2.037917027872949,0.6409375,0.0,2.5,0.7696178232604819
6.046111478514704,-2.0279170278729493,0.6409375,0.0,2.5,0.7468978329190563
6.046111478514704,-2.0179170278729495,0.6409375,0.0,2.5,0.7519896442052804
6.046111478514704,-2.0079170278729497,0.6409375,0.0,2.5,0.7515155706604502
6.046111478514704,-1.99791702787295,0.6409375,0.0,2.5,0.7515155706604502
6.046111478514704,-1.98791702787295,0.6409375,0.0,2.5,0.7515155706604502
6.046111478514704,-1.9779170278729503,0.6409375,0.0,2.5,0.7515155706604502
6.046111478514704,-1.9679170278729505,0.6409375,0.0,2.5,0.7515155706604502
6.046111478514704,-1.9579170278729507,0.6409375,0.0,2.5,0.7515155706604502
6.046111478514704,-1.947917027872951,0.6409375,0.0,2.5,0.7515155706604502
6.056111478514704,-2.047917027872949,0.6970270270270269,0.0,2.5,0.7515155706604502
6.056111478514704,-2.037917027872949,0.6970270270270269,0.0,2.5,0.7515155706604502
6.056111478514704,-2.0279170278729493,0.6970270270270269,0.0,2.5,0.7515155706604502
6.056111478514704,-2.0179170278729495,0.6409375,0.0,2.5,0.7515155706604502
6.056111478514704,-2.0079170278729497,0.6409375,0.0,2.5,0.7515155706604502
6.056111478514704,-1.99791702787295,0.6409375,0.0,2.5,0.7515155706604502
6.056111478514704,-1.98791702787295,0.6409375,0.0,2.5,0.7515155706604502
6.056111478514704,-1.9779170278729503,0.6409375,0.0,2.5,0.7515155706604502
6.066111478514704,-2.0579170278729486,0.6970270270270269,0.0,2.5,0.7515155706604502
6.066111478514704,-2.047917027872949,0.6970270270270269,0.0,2.5,0.7515155706604502
6.066111478514704,-2.037917027872949,0.6970270270270269,0.0,2.5,0.7515155706604502
6.066111478514704,-2.0279170278729493,0.6970270270270269,0.0,2.5,0.7515155706604502
6.066111478514704,-2.0179170278729495,0.6970270270270269,0.0,2.5,0.7515155706604502
6.066111478514704,-2.0079170278729497,0.6970270270270269,0.0,2.5,0.7515155706604502
6.066111478514704,-1.99791702787295,0.6970270270270269,0.0,2.5,0.7481870543398594
6.066111478514704,-1.98791702787295,0.6970270270270269,0.0,2.5,0.7394673243690012
6.066111478514704,-1.9779170278729503,0.6409375,0.0,2.5,0.7501443223396435
6.0761114785147035,-2.0679170278729484,0.7391525423728812,0.0,2.5,0.6949982246684318
6.0761114785147035,-2.0579170278729486,0.7038888888888889,0.0,2.5,0.7501443223396435
6.0761114785147035,-2.047917027872949,0.6970270270270269,0.0,2.5,0.7394673243690012
6.0761114785147035,-2.037917027872949,0.6970270270270269,0.0,2.5,0.7481870543398594
6.0761114785147035,-2.0279170278729493,0.6970270270270269,0.0,2.5,0.7515155706604502
6.0761114785147035,-2.0179170278729495,0.6970270270270269,0.0,2.5,0.7515155706604502
6.0761114785147035,-2.0079170278729497,0.6970270270270269,0.0,2.5,0.7515155706604502
6.0761114785147035,-1.99791702787295,0.6970270270270269,0.0,2.5,0.7481870543398594
6.0761114785147035,-1.98791702787295,0.6970270270270269,0.0,2.5,0.7394673243690012
6.0761114785147035,-1.9779170278729503,0.6970270270270269,0.0,2.5,0.7432729811416152
6.086111478514703,-2.077917027872948,0.7391525423728812,0.0,2.5,0.6894816905875016
6.086111478514703,-2.0679170278729484,0.7391525423728812,0.0,2.5,0.6894816905875016
6.086111478514703,-2.0579170278729486,0.7038888888888889,0.0,2.5,0.7432729811416152
6.086111478514703,-2.047917027872949,0.7038888888888889,0.0,2.5,0.7394673243690012
6.086111478514703,-2.037917027872949,0.6970270270270269,0.0,2.5,0.7481870543398594
6.086111478514703,-2.0279170278729493,0.6970270270270269,0.0,2.5,0.7515155706604502
6.086111478514703,-2.0179170278729495,0.6970270270270269,0.0,2.5,0.7515155706604502
6.086111478514703,-2.0079170278729497,0.6970270270270269,0.0,2.5,0.7481870543398594
6.086111478514703,-1.99791702787295,0.6970270270270269,0.0,2.5,0.7389491665781803
6.086111478514703,-1.98791702787295,0.6970270270270269,0.0,2.5,0.7432729811416152
6.096111478514703,-2.0979170278729478,0.7391525423728812,0.0,2.5,0.6843657470470168
6.096111478514703,-2.087917027872948,0.7391525423728812,0.0,2.5,0.7083720992761198
6.096111478514703,-2.077917027872948,0.7391525423728812,0.0,2.5,0.7083720992761198
6.096111478514703,-2.0679170278729484,0.7391525423728812,0.0,2.5,0.6843657470470168
6.096111478514703,-2.0579170278729486,0.7038888888888889,0.0,2.5,0.7432729811416152
6.096111478514703,-2.047917027872949,0.7038888888888889,0.0,2.5,0.7389491665781803
6.096111478514703,-2.037917027872949,0.7038888888888889,0.0,2.5,0.7481870543398594
6.096111478514703,-2.0279170278729493,0.6970270270270269,0.0,2.5,0.7515155706604502
6.096111478514703,-2.0179170278729495,0.6970270270270269,0.0,2.5,0.7515155706604502
6.096111478514703,-2.0079170278729497,0.6970270270270269,0.0,2.5,0.7481870543398594
6.096111478514703,-1.99791702787295,0.6970270270270269,0.0,2.5,0.7389491665781803
6.096111478514703,-1.98791702787295,0.6970270270270269,0.0,2.5,0.7432729811416152
6.106111478514703,-2.137917027872947,1.4487500000000002,0.0,2.5,0.6843657470470168
6.106111478514703,-2.127917027872947,0.78,0.0,2.5,0.7116150854862957
6.106111478514703,-2.1179170278729473,0.7391525423728812,0.0,2.5,0.7196641406293074
6.106111478514703,-2.1079170278729475,0.7391525423728812,0.0,2.5,0.7197328318802112
6.106111478514703,-2.0979170278729478,0.7391525423728812,0.0,2.5,0.7197328318802112
6.106111478514703,-2.087917027872948,0.7391525423728812,0.0,2.5,0.7196641406293074
6.106111478514703,-2.077917027872948,0.7391525423728812,0.0,2.5,0.7116150854862957
6.106111478514703,-2.0679170278729484,0.7391525423728812,0.0,2.5,0.6843657470470168
6.106111478514703,-2.0579170278729486,0.7391525423728812,0.0,2.5,0.7432729811416152
6.106111478514703,-2.047917027872949,0.7391525423728812,0.0,2.5,0.7389491665781803
6.106111478514703,-2.037917027872949,0.7038888888888889,0.0,2.5,0.7481870543398594
6.106111478514703,-2.0279170278729493,0.7038888888888889,0.0,2.5,0.7515155706604502
6.106111478514703,-2.0179170278729495,0.7038888888888889,0.0,2.5,0.7515155706604502
6.106111478514703,-2.0079170278729497,0.7038888888888889,0.0,2.5,0.7481870543398594
6.106111478514703,-1.99791702787295,0.7038888888888889,0.0,2.5,0.7389491665781803
6.106111478514703,-1.98791702787295,0.7038888888888889,0.0,2.5,0.7432729811416152
6.116111478514703,-2.1479170278729467,1.4487500000000002,0.0,2.5,0.6843657470470168
6.116111478514703,-2.137917027872947,0.9333333333333335,0.0,2.5,0.7116150854862957
6.116111478514703,-2.127917027872947,0.78,0.0,2.5,0.7196641406293074
6.116111478514703,-2.1179170278729473,0.7391525423728812,0.0,2.5,0.7197328318802112
6.116111478514703,-2.1079170278729475,0.7391525423728812,0.0,2.5,0.7197328318802112
6.116111478514703,-2.0979170278729478,0.7391525423728812,0.0,2.5,0.7196641406293074
6.116111478514703,-2.087917027872948,0.7391525423728812,0.0,2.5,0.7116150854862957
6.116111478514703,-2.077917027872948,0.7391525423728812,0.0,2.5,0.6843657470470168
6.116111478514703,-2.0679170278729484,0.7391525423728812,0.0,2.5,0.7432729811416152
6.116111478514703,-2.0579170278729486,0.7391525423728812,0.0,2.5,0.7389491665781803
6.116111478514703,-2.047917027872949,0.7391525423728812,0.0,2.5,0.7481870543398594
6.116111478514703,-2.037917027872949,0.7038888888888889,0.0,2.5,0.7515155706604502
6.116111478514703,-2.0279170278729493,0.7038888888888889,0.0,2.5,0.7481870543398594
6.116111478514703,-2.0179170278729495,0.7038888888888889,0.0,2.5,0.7389491665781803
6.116111478514703,-1.98791702787295,0.7038888888888889,0.0,2.5,0.7432729811416152
6.126111478514702,-2.1479170278729467,1.825,0.0,2.5,0.6843657470470168
6.126111478514702,-2.137917027872947,1.4487500000000002,0.0,2.5,0.7116150854862957
6.126111478514702,-2.127917027872947,0.9333333333333335,0.0,2.5,0.7196641406293074
6.126111478514702,-2.1179170278729473,0.78,0.0,2.5,0.7197328318802112
6.126111478514702,-2.1079170278729475,0.7391525423728812,0.0,2.5,0.7197328318802112
6.126111478514702,-2.0979170278729478,0.7391525423728812,0.0,2.5,0.7196641406293074
6.126111478514702,-2.087917027872948,0.7391525423728812,0.0,2.5,0.7116150854862957
6.126111478514702,-2.077917027872948,0.7391525423728812,0.0,2.5,0.6843657470470168
6.126111478514702,-2.0679170278729484,0.7391525423728812,0.0,2.5,0.7432729811416152
6.126111478514702,-2.0579170278729486,0.7391525423728812,0.0,2.5,0.7389491665781803
6.126111478514702,-2.047917027872949,0.7391525423728812,0.0,2.5,0.753314584253242
6.126111478514702,-2.037917027872949,0.7391525423728812,0.0,2.5,0.7389491665781803
6.126111478514702,-2.0279170278729493,0.7391525423728812,0.0,2.5,0.7432729811416152
6.136111478514702,-2.1579170278729465,1.90625,0.0,2.5,0.6843657470470168
6.136111478514702,-2.1479170278729467,1.4487500000000002,0.0,2.5,0.7116150854862957
6.136111478514702,-2.137917027872947,1.4487500000000002,0.0,2.5,0.7196641406293074
6.136111478514702,-2.127917027872947,1.4487500000000002,0.0,2.5,0.7197328318802112
6.136111478514702,-2.1179170278729473,0.9333333333333335,0.0,2.5,0.7197328318802112
6.136111478514702,-2.1079170278729475,0.78,0.0,2.5,0.7197328318802112
6.136111478514702,-2.0979170278729478,0.7391525423728812,0.0,2.5,0.7196641406293074
6.136111478514702,-2.087917027872948,0.7391525423728812,0.0,2.5,0.7116150854862957
6.136111478514702,-2.077917027872948,0.7391525423728812,0.0,2.5,0.6843657470470168
6.136111478514702,-2.0679170278729484,0.7391525423728812,0.0,2.5,0.7432729811416152
6.136111478514702,-2.0579170278729486,0.7391525423728812,0.0,2.5,0.7389491665781803
6.136111478514702,-2.047917027872949,0.7391525423728812,0.0,2.5,0.753314584253242
6.136111478514702,-2.037917027872949,0.7391525423728812,0.0,2.5,0.7389491665781803
6.136111478514702,-2.0279170278729493,0.7391525423728812,0.0,2.5,0.7432729811416152
6.146111478514702,-2.1579170278729465,1.90625,0.0,2.5,0.6843657470470168
6.146111478514702,-2.1479170278729467,1.90625,0.0,2.5,0.7116150854862957
6.146111478514702,-2.137917027872947,1.4487500000000002,0.0,2.5,0.7196641406293074
6.146111478514702,-2.127917027872947,1.4487500000000002,0.0,2.5,0.7197328318802112
6.146111478514702,-2.1179170278729473,1.0076348418013463,0.0,2.5,0.7197328318802112
6.146111478514702,-2.1079170278729475,0.9333333333333335,0.0,2.5,0.7197328318802112
6.146111478514702,-2.0979170278729478,0.78,0.0,2.5,0.7196641406293074
6.146111478514702,-2.087917027872948,0.7391525423728812,0.0,2.5,0.7116150854862957
6.146111478514702,-2.077917027872948,0.78,0.0,2.5,0.6843657470470168
6.146111478514702,-2.0679170278729484,0.7391525423728812,0.0,2.5,0.7432729811416152
6.146111478514702,-2.0579170278729486,0.7391525423728812,0.0,2.5,0.7389491665781803
6.146111478514702,-2.047917027872949,0.7391525423728812,0.0,2.5,0.753314584253242
6.146111478514702,-2.037917027872949,0.7391525423728812,0.0,2.5,0.7389491665781803
6.146111478514702,-2.0279170278729493,0.7391525423728812,0.0,2.5,0.7432729811416152
6.156111478514702,-2.1579170278729465,1.90625,0.0,2.5,0.6843657470470168
6.156111478514702,-2.1479170278729467,1.90625,0.0,2.5,0.7116150854862957
6.156111478514702,-2.137917027872947,1.4487500000000002,0.0,2.5,0.7196641406293074
6.156111478514702,-2.127917027872947,1.4487500000000002,0.0,2.5,0.7197328318802112
6.156111478514702,-2.1179170278729473,1.4487500000000002,0.0,2.5,0.7197328318802112
6.156111478514702,-2.1079170278729475,1.4487500000000002,0.0,2.5,0.7197328318802112
6.156111478514702,-2.0979170278729478,0.9333333333333335,0.0,2.5,0.7196641406293074
6.156111478514702,-2.087917027872948,0.9333333333333335,0.0,2.5,0.7116150854862957
6.156111478514702,-2.077917027872948,0.9333333333333335,0.0,2.5,0.6843657470470168
6.156111478514702,-2.0679170278729484,0.7391525423728812,0.0,2.5,0.7432729811416152
6.156111478514702,-2.0579170278729486,0.7391525423728812,0.0,2.5,0.7389491665781803
6.156111478514702,-2.047917027872949,0.7391525423728812,0.0,2.5,0.753314584253242
6.156111478514702,-2.037917027872949,0.7391525423728812,0.0,2.5,0.7389491665781803
6.156111478514702,-2.0279170278729493,0.7391525423728812,0.0,2.5,0.7432729811416152
6.1661114785147015,-2.1579170278729465,1.90625,0.0,2.5,0.6843657470470168
6.1661114785147015,-2.1479170278729467,1.90625,0.0,2.5,0.7116150854862957
6.1661114785147015,-2.137917027872947,1.90625,0.0,2.5,0.7196641406293074
6.1661114785147015,-2.127917027872947,1.4487500000000002,0.0,2.5,0.7197328318802112
6.1661114785147015,-2.1179170278729473,1.4487500000000002,0.0,2.5,0.7197328318802112
6.1661114785147015,-2.1079170278729475,1.4487500000000002,0.0,2.5,0.7196641406293074
6.1661114785147015,-2.0979170278729478,1.4487500000000002,0.0,2.5,0.7116150854862957
6.1661114785147015,-2.087917027872948,1.4487500000000002,0.0,2.5,0.6843657470470168
6.1661114785147015,-2.077917027872948,0.7391525423728812,0.0,2.5,0.7432729811416152
6.1661114785147015,-2.0679170278729484,0.7391525423728812,0.0,2.5,0.7389491665781803
6.1661114785147015,-2.0579170278729486,0.7391525423728812,0.0,2.5,0.7481870543398594
6.1661114785147015,-2.047917027872949,0.7391525423728812,0.0,2.5,0.7481870543398594
6.1661114785147015,-2.037917027872949,0.7391525423728812,0.0,2.5,0.7389491665781803
6.1661114785147015,-2.0279170278729493,0.7391525423728812,0.0,2.5,0.7432729811416152
6.176111478514701,-2.1579170278729465,1.90625,0.0,2.5,0.6843657470470168
6.176111478514701,-2.1479170278729467,1.90625,0.0,2.5,0.7116150854862957
6.176111478514701,-2.137917027872947,1.90625,0.0,2.5,0.7196641406293074
6.176111478514701,-2.127917027872947,1.90625,0.0,2.5,0.7197328318802112
6.176111478514701,-2.1179170278729473,1.7030678572524443,0.0,2.5,0.7197328318802112
6.176111478514701,-2.1079170278729475,1.4487500000000002,0.0,2.5,0.7196641406293074
6.176111478514701,-2.0979170278729478,1.4487500000000002,0.0,2.5,0.7116150854862957
6.176111478514701,-2.087917027872948,1.4487500000000002,0.0,2.5,0.6843657470470168
6.176111478514701,-2.077917027872948,0.9333333333333335,0.0,2.5,0.7432729811416152
6.176111478514701,-2.0679170278729484,0.78,0.0,2.5,0.7389491665781803
6.176111478514701,-2.0579170278729486,0.7391525423728812,0.0,2.5,0.7481870543398594
6.176111478514701,-2.047917027872949,0.7391525423728812,0.0,2.5,0.7481870543398594
6.176111478514701,-2.037917027872949,0.7391525423728812,0.0,2.5,0.7389491665781803
6.176111478514701,-2.0279170278729493,0.7391525423728812,0.0,2.5,0.7432729811416152
6.186111478514701,-2.1579170278729465,1.9472413793103447,0.0,2.5,0.6843657470470168
6.186111478514701,-2.1479170278729467,1.90625,0.0,2.5,0.7116150854862957
6.186111478514701,-2.137917027872947,1.90625,0.0,2.5,0.7196641406293074
6.186111478514701,-2.127917027872947,1.90625,0.0,2.5,0.7197328318802112
6.186111478514701,-2.1179170278729473,1.90625,0.0,2.5,0.7197328318802112
6.186111478514701,-2.1079170278729475,1.90625,0.0,2.5,0.7196641406293074
6.186111478514701,-2.0979170278729478,1.4487500000000002,0.0,2.5,0.7116150854862957
6.186111478514701,-2.087917027872948,1.90625,0.0,2.5,0.6843657470470168
6.186111478514701,-2.077917027872948,0.9333333333333335,0.0,2.5,0.7432729811416152
6.186111478514701,-2.0679170278729484,0.9333333333333335,0.0,2.5,0.7389491665781803
6.186111478514701,-2.0579170278729486,0.78,0.0,2.5,0.753314584253242
6.186111478514701,-2.047917027872949,0.9333333333333335,0.0,2.5,0.7389491665781803
6.186111478514701,-2.037917027872949,0.7391525423728812,0.0,2.5,0.7432729811416152
6.196111478514701,-2.1479170278729467,1.9472413793103447,0.0,2.5,0.6843657470470168
6.196111478514701,-2.137917027872947,1.90625,0.0,2.5,0.7116150854862957
6.196111478514701,-2.127917027872947,1.90625,0.0,2.5,0.7196641406293074
6.196111478514701,-2.1179170278729473,1.90625,0.0,2.5,0.7197328318802112
6.196111478514701,-2.1079170278729475,1.90625,0.0,2.5,0.7196641406293074
6.196111478514701,-2.0979170278729478,1.90625,0.0,2.5,0.7116150854862957
6.196111478514701,-2.087917027872948,1.90625,0.0,2.5,0.6843657470470168
6.196111478514701,-2.077917027872948,1.4487500000000002,0.0,2.5,0.7432729811416152
6.196111478514701,-2.0679170278729484,1.4487500000000002,0.0,2.5,0.7371226638921523
6.196111478514701,-2.0579170278729486,1.4487500000000002,0.0,2.5,0.7371226638921523
6.196111478514701,-2.047917027872949,0.9333333333333335,0.0,2.5,0.7432729811416152
6.206111478514701,-2.1479170278729467,1.9472413793103447,0.0,2.5,0.6843657470470168
6.206111478514701,-2.137917027872947,1.90625,0.0,2.5,0.7116150854862957
6.206111478514701,-2.127917027872947,1.90625,0.0,2.5,0.7196641406293074
6.206111478514701,-2.1179170278729473,1.90625,0.0,2.5,0.7197328318802112
6.206111478514701,-2.1079170278729475,1.90625,0.0,2.5,0.7196641406293074
6.206111478514701,-2.0979170278729478,1.90625,0.0,2.5,0.7116150854862957
6.206111478514701,-2.087917027872948,1.90625,0.0,2.5,0.6843657470470168
6.206111478514701,-2.077917027872948,1.4487500000000002,0.0,2.5,0.7432729811416152
6.206111478514701,-2.0679170278729484,1.4487500000000002,0.0,2.5,0.7389491665781803
6.206111478514701,-2.0579170278729486,1.4487500000000002,0.0,2.5,0.753314584253242
6.206111478514701,-2.047917027872949,1.4487500000000002,0.0,2.5,0.7389491665781803
6.206111478514701,-2.037917027872949,0.9333333333333335,0.0,2.5,0.7432729811416152
6.2161114785147005,-2.1079170278729475,1.90625,0.0,2.5,0.6894816905875016
6.2161114785147005,-2.0979170278729478,1.90625,0.0,2.5,0.6894816905875016
6.2161114785147005,-2.087917027872948,1.90625,0.0,2.5,0.7432729811416152
6.2161114785147005,-2.077917027872948,1.90625,0.0,2.5,0.7394673243690012
6.2161114785147005,-2.0679170278729484,1.4487500000000002,0.0,2.5,0.7481870543398594
6.2161114785147005,-2.0579170278729486,1.4487500000000002,0.0,2.5,0.7515155706604502
6.2161114785147005,-2.047917027872949,1.4487500000000002,0.0,2.5,0.7481870543398594
6.2161114785147005,-2.037917027872949,1.4487500000000002,0.0,2.5,0.7394673243690012
6.2161114785147005,-2.0279170278729493,1.4487500000000002,0.0,2.5,0.7501443223396435
6.2261114785147,-2.0979170278729478,1.9472413793103447,0.0,2.5,0.6949982246684318
6.2261114785147,-2.087917027872948,1.90625,0.0,2.5,0.7501443223396435
6.2261114785147,-2.077917027872948,1.90625,0.0,2.5,0.7394673243690012
6.2261114785147,-2.0679170278729484,1.90625,0.0,2.5,0.7481870543398594
6.2261114785147,-2.0579170278729486,1.90625,0.0,2.5,0.7515155706604502
6.2261114785147,-2.047917027872949,1.4487500000000002,0.0,2.5,0.7481870543398594
6.2261114785147,-2.037917027872949,1.4487500000000002,0.0,2.5,0.7394673243690012
6.2261114785147,-2.0279170278729493,1.4487500000000002,0.0,2.5,0.7501443223396435
6.2361114785147,-2.0979170278729478,1.9472413793103447,0.0,2.5,0.6949982246684318
6.2361114785147,-2.087917027872948,1.90625,0.0,2.5,0.7501443223396435
6.2361114785147,-2.077917027872948,1.90625,0.0,2.5,0.7394673243690012
6.2361114785147,-2.0679170278729484,1.90625,0.0,2.5,0.7481870543398594
6.2361114785147,-2.0579170278729486,1.90625,0.0,2.5,0.7515155706604502
6.2361114785147,-2.047917027872949,1.90625,0.0,2.5,0.7481870543398594
6.2361114785147,-2.037917027872949,1.90625,0.0,2.5,0.7394673243690012
6.2361114785147,-2.0279170278729493,1.90625,0.0,2.5,0.7501443223396435
6.2461114785147,-2.0979170278729478,1.9472413793103447,0.0,2.5,0.6949982246684318
6.2461114785147,-2.087917027872948,1.90625,0.0,2.5,0.7501443223396435
6.2461114785147,-2.077917027872948,1.90625,0.0,2.5,0.7394673243690012
6.2461114785147,-2.0679170278729484,1.90625,0.0,2.5,0.7481870543398594
6.2461114785147,-2.0579170278729486,1.90625,0.0,2.5,0.7515155706604502
6.2461114785147,-2.047917027872949,1.90625,0.0,2.5,0.7481870543398594
6.2461114785147,-2.037917027872949,1.90625,0.0,2.5,0.7394673243690012
6.2461114785147,-2.0279170278729493,1.90625,0.0,2.5,0.7501443223396435
6.2561114785147,-2.0979170278729478,1.9472413793103447,0.0,2.5,0.6949982246684318
6.2561114785147,-2.087917027872948,1.9472413793103447,0.0,2.5,0.7501443223396435
6.2561114785147,-2.077917027872948,1.9472413793103447,0.0,2.5,0.7394673243690012
6.2561114785147,-2.0679170278729484,1.90625,0.0,2.5,0.7481870543398594
6.2561114785147,-2.0579170278729486,1.90625,0.0,2.5,0.7515155706604502
6.2561114785147,-2.047917027872949,1.90625,0.0,2.5,0.7515155706604502
6.2561114785147,-2.037917027872949,1.90625,0.0,2.5,0.7515155706604502
6.2561114785147,-2.0279170278729493,1.90625,0.0,2.5,0.7515155706604502
6.2561114785147,-2.0179170278729495,1.90625,0.0,2.5,0.7515155706604502
6.266111478514699,-2.087917027872948,1.9472413793103447,0.0,2.5,0.7515155706604502
6.266111478514699,-2.077917027872948,1.9472413793103447,0.0,2.5,0.7515155706604502
6.266111478514699,-2.0679170278729484,1.90625,0.0,2.5,0.7515155706604502
6.266111478514699,-2.0579170278729486,1.90625,0.0,2.5,0.7515155706604502
6.266111478514699,-2.047917027872949,1.90625,0.0,2.5,0.7515155706604502
6.266111478514699,-2.037917027872949,1.90625,0.0,2.5,0.7515155706604502
6.266111478514699,-2.0279170278729493,1.90625,0.0,2.5,0.7515155706604502
6.266111478514699,-2.0179170278729495,1.90625,0.0,2.5,0.7515155706604502
6.276111478514699,-2.087917027872948,1.9472413793103447,0.0,2.5,0.7515155706604502
6.276111478514699,-2.077917027872948,1.9472413793103447,0.0,2.5,0.7515155706604502
6.276111478514699,-2.0679170278729484,1.9472413793103447,0.0,2.5,0.7515155706604502
6.276111478514699,-2.0579170278729486,1.9472413793103447,0.0,2.5,0.7515155706604502
6.276111478514699,-2.047917027872949,1.9472413793103447,0.0,2.5,0.7515155706604502
6.276111478514699,-2.037917027872949,1.9472413793103447,0.0,2.5,0.7515155706604502
6.276111478514699,-2.0279170278729493,1.9472413793103447,0.0,2.5,0.7515155706604502
6.276111478514699,-2.0179170278729495,1.9472413793103447,0.0,2.5,0.7515155706604502
6.276111478514699,-2.0079170278729497,1.9472413793103447,0.0,2.5,0.7515155706604502
6.286111478514699,-2.0979170278729478,1.9472413793103447,0.0,2.5,0.7515155706604502
6.286111478514699,-2.087917027872948,1.9472413793103447,0.0,2.5,0.7515155706604502
6.296111478514699,-2.0979170278729478,1.9472413793103447,0.0,2.5,0.7515155706604502
