lat,lon,predicted_yield,predicted_lower,predicted_upper,productive_probability
5.046111478514725,-1.567917027872959,0.7886679375631189,0.0,2.5,0.5965538198979377
5.046111478514725,-1.5579170278729593,0.7912317554987595,0.0,2.5,0.5996635981688043
5.046111478514725,-1.5479170278729595,0.8185208268782818,0.0,2.5,0.6210697405155485
5.046111478514725,-1.5379170278729597,0.8152331560637823,0.0,2.5,0.6293074910590104
5.046111478514725,-1.52791702787296,0.8382314528072797,0.0,2.5,0.6390132895735731
5.046111478514725,-1.5179170278729601,0.8413220991799056,0.0,2.5,0.6306285396479321
5.046111478514725,-1.5079170278729603,0.8507564419067463,0.0,2.5,0.6341285109746568
5.046111478514725,-1.4979170278729605,0.8478138501478079,0.0,2.5,0.6333416120881785
5.056111478514725,-1.567917027872959,0.7689858994223074,0.0,2.5,0.5843174439754398
5.056111478514725,-1.5579170278729593,0.756026850233775,0.0,2.5,0.5736015185607359
5.056111478514725,-1.5479170278729595,0.7369407139432673,0.0,2.5,0.5604863631135361
5.056111478514725,-1.5379170278729597,0.7301003685518627,0.0,2.5,0.5609931066462804
5.056111478514725,-1.52791702787296,0.7521932314583661,0.0,2.5,0.5789026415797616
5.056111478514725,-1.5179170278729601,0.8173485762264276,0.0,2.5,0.6243768438891617
5.056111478514725,-1.5079170278729603,0.8289865644940465,0.0,2.5,0.6295390393927845
5.056111478514725,-1.4979170278729605,0.8023246321128635,0.0,2.5,0.6339569107237891
5.056111478514725,-1.4879170278729608,0.8580295907732968,0.0,2.5,0.6534623977364175
5.056111478514725,-1.477917027872961,0.8412352936564899,0.0,2.5,0.639511819295225
5.056111478514725,-1.4679170278729612,0.882949372480257,0.0,2.5,0.6580472413758293
5.056111478514725,-1.4579170278729614,0.8713267974872788,0.0,2.5,0.6475857769806395
5.066111478514725,-1.567917027872959,0.7716577790507766,0.0,2.5,0.5797224630429847
5.066111478514725,-1.5579170278729593,0.7973052244863998,0.0,2.5,0.59506603997391
5.066111478514725,-1.5479170278729595,0.8160782241964857,0.0,2.5,0.5988558095181007
5.066111478514725,-1.5379170278729597,0.7944693507358431,0.0,2.5,0.5824708737159976
5.066111478514725,-1.52791702787296,0.7502665689979029,0.0,2.5,0.5609229259047219
5.066111478514725,-1.5179170278729601,0.7189585272658162,0.0,2.5,0.5457016327446221
5.066111478514725,-1.5079170278729603,0.7365635445743314,0.0,2.5,0.551936162095756
5.066111478514725,-1.4979170278729605,0.7121693044663304,0.0,2.5,0.565231967580567
5.066111478514725,-1.4879170278729608,0.7610767298508934,0.0,2.5,0.60553391131896
5.066111478514725,-1.477917027872961,0.77060637039866,0.0,2.5,0.6127497599943713
5.066111478514725,-1.4679170278729612,0.7574523900143245,0.0,2.5,0.6135642708568236
5.066111478514725,-1.4579170278729614,0.7599390139672476,0.0,2.5,0.6189161652935584
5.066111478514725,-1.4479170278729616,0.8151347938186286,0.0,2.5,0.6501169056756374
5.066111478514725,-1.4379170278729618,0.8522680910359187,0.0,2.5,0.6483182538615455
5.066111478514725,-1.427917027872962,0.8504302985670762,0.0,2.5,0.6448318800893814
5.076111478514725,-1.567917027872959,0.8196318683461957,0.0,2.5,0.5959667255600216
5.076111478514725,-1.5579170278729593,0.8195017892861667,0.0,2.5,0.5968892603355908
5.076111478514725,-1.5479170278729595,0.803660064931813,0.0,2.5,0.5871479146445197
5.076111478514725,-1.5379170278729597,0.7942297553737622,0.0,2.5,0.5805217608349442
5.076111478514725,-1.52791702787296,0.7257734338952385,0.0,2.5,0.5363157109566961
5.076111478514725,-1.5179170278729601,0.7076712308510472,0.0,2.5,0.5232259026328941
5.076111478514725,-1.5079170278729603,0.6872942868690851,0.0,2.5,0.5075449794594629
5.076111478514725,-1.4979170278729605,0.688245184448959,0.0,2.5,0.5101830937314973
5.076111478514725,-1.4879170278729608,0.6638085314767482,0.0,2.5,0.5151892496271419
5.076111478514725,-1.477917027872961,0.6746482337568575,0.0,2.5,0.5248293143461711
5.076111478514725,-1.4679170278729612,0.7113547167693397,0.0,2.5,0.5593042994154588
5.076111478514725,-1.4579170278729614,0.7043582492713648,0.0,2.5,0.5712383568307131
5.076111478514725,-1.4479170278729616,0.6644103635173678,0.0,2.5,0.5815013622385605
5.076111478514725,-1.4379170278729618,0.6782853807795294,0.0,2.5,0.611962684031433
5.076111478514725,-1.427917027872962,0.6632785928073781,0.0,2.5,0.6290816675214379
5.076111478514725,-1.4179170278729623,0.6865092018967595,0.0,2.5,0.6231392229772236
5.076111478514725,-1.4079170278729625,0.7518695248775669,0.0,2.5,0.617975245353482
5.076111478514725,-1.3979170278729627,0.78512124379878,0.0,2.5,0.6246796907662571
5.076111478514725,-1.387917027872963,0.8170496809741588,0.0,2.5,0.621175881074392
5.076111478514725,-1.377917027872963,0.5769783958436188,0.0,2.5,0.6095047974312977
5.076111478514725,-1.3679170278729633,0.5593996677574015,0.0,2.5,0.6022177469790994
5.086111478514725,-1.567917027872959,0.7921428997275665,0.0,2.5,0.5760807451072733
5.086111478514725,-1.5579170278729593,0.7973279197333408,0.0,2.5,0.5789179441544644
5.086111478514725,-1.5479170278729595,0.7892609073690349,0.0,2.5,0.5727574058439093
5.086111478514725,-1.5379170278729597,0.7889355291323482,0.0,2.5,0.5667463952459849
5.086111478514725,-1.52791702787296,0.7741362827405462,0.0,2.5,0.5604163470784491
5.086111478514725,-1.5179170278729601,0.7427299195227041,0.0,2.5,0.5479813460734592
5.086111478514725,-1.5079170278729603,0.7350124787169702,0.0,2.5,0.5482932258055018
5.086111478514725,-1.4979170278729605,0.6931286966394246,0.0,2.5,0.5169636369366155
5.086111478514725,-1.4879170278729608,0.6831021161841944,0.0,2.5,0.5094861481093269
5.086111478514725,-1.477917027872961,0.6524436373583028,0.0,2.5,0.5059583010933411
5.086111478514725,-1.4679170278729612,0.6533338515706392,0.0,2.5,0.506840672228737
5.086111478514725,-1.4579170278729614,0.6442461514928559,0.0,2.5,0.5106618616426772
5.086111478514725,-1.4479170278729616,0.6718218901064332,0.0,2.5,0.536627958459174
5.086111478514725,-1.4379170278729618,0.6566433423436601,0.0,2.5,0.577317941079472
5.086111478514725,-1.427917027872962,0.6332250961454694,0.0,2.5,0.5653033329815651
5.086111478514725,-1.4179170278729623,0.6351947180750053,0.0,2.5,0.5817238029005792
5.086111478514725,-1.4079170278729625,0.6112164989014213,0.0,2.5,0.5898201419721381
5.086111478514725,-1.3979170278729627,0.6168329951761522,0.0,2.5,0.6001294906279331
5.086111478514725,-1.387917027872963,0.6090277057996916,0.0,2.5,0.5899012563155382
5.086111478514725,-1.377917027872963,0.6195926093438684,0.0,2.5,0.6106402488698847
5.086111478514725,-1.3679170278729633,0.6728313938323748,0.0,2.5,0.6162278131263565
5.086111478514725,-1.3579170278729635,0.7445206233846453,0.0,2.5,0.6145530344306858
5.096111478514724,-1.567917027872959,0.7785762621052943,0.0,2.5,0.5525070273438919
5.096111478514724,-1.5579170278729593,0.7852697434531095,0.0,2.5,0.556433482473369
5.096111478514724,-1.5479170278729595,0.7949541504695974,0.0,2.5,0.5666102474134099
5.096111478514724,-1.5379170278729597,0.8252108898828285,0.0,2.5,0.5900438978234858
5.096111478514724,-1.52791702787296,0.8229876782305782,0.0,2.5,0.5938587561209436
5.096111478514724,-1.5179170278729601,0.8107743691556173,0.0,2.5,0.5955949758276219
5.096111478514724,-1.5079170278729603,0.8120747915143282,0.0,2.5,0.6024076757880598
5.096111478514724,-1.4979170278729605,0.7797800038180278,0.0,2.5,0.5881389210620012
5.096111478514724,-1.4879170278729608,0.7714876410097549,0.0,2.5,0.5776008134882687
5.096111478514724,-1.477917027872961,0.7275117127960764,0.0,2.5,0.5669798034047396
5.096111478514724,-1.4679170278729612,0.6819550704512071,0.0,2.5,0.5329361911938397
5.096111478514724,-1.4579170278729614,0.6533829058198399,0.0,2.5,0.5141766722611326
5.096111478514724,-1.4479170278729616,0.6326428408281747,0.0,2.5,0.508773711670518
5.096111478514724,-1.4379170278729618,0.5793640718055938,0.0,2.5,0.5069109357909354
5.096111478514724,-1.427917027872962,0.5658339257450647,0.0,2.5,0.5034228888878437
5.096111478514724,-1.4179170278729623,0.5742477699192489,0.0,2.5,0.5328797592074146
5.096111478514724,-1.4079170278729625,0.6066733994548361,0.0,2.5,0.5858809897077543
5.096111478514724,-1.3979170278729627,0.6197100286937548,0.0,2.5,0.5982241514355386
5.096111478514724,-1.387917027872963,0.6264407322376402,0.0,2.5,0.5907779720461132
5.096111478514724,-1.377917027872963,0.6215933753691456,0.0,2.5,0.5893499579881704
5.096111478514724,-1.3679170278729633,0.6058993520052555,0.0,2.5,0.586626999035232
5.096111478514724,-1.3579170278729635,0.583454095964123,0.0,2.5,0.5866052679638772
5.096111478514724,-1.3479170278729637,0.6076162393117248,0.0,2.5,0.5918192054116806
5.096111478514724,-1.337917027872964,0.6018603256779268,0.0,2.5,0.5885620223513105
5.096111478514724,-1.3279170278729642,0.613471300678203,0.0,2.5,0.6004015229592939
5.106111478514724,-1.567917027872959,0.7659672532913805,0.0,2.5,0.5419223090586741
5.106111478514724,-1.5579170278729593,0.8150107491733403,0.0,2.5,0.5800222696699294
5.106111478514724,-1.5479170278729595,0.8369465120459912,0.0,2.5,0.6016226110117268
5.106111478514724,-1.5379170278729597,0.8536994854519924,0.0,2.5,0.6154547415012604
5.106111478514724,-1.52791702787296,0.8641079007168535,0.0,2.5,0.632553483216792
5.106111478514724,-1.5179170278729601,0.833130337251859,0.0,2.5,0.647524166289385
5.106111478514724,-1.5079170278729603,0.7909445850969967,0.0,2.5,0.6385706061739463
5.106111478514724,-1.4979170278729605,0.7835801234478527,0.0,2.5,0.6329743478094327
5.106111478514724,-1.4879170278729608,0.7748730205311638,0.0,2.5,0.624191567259748
5.106111478514724,-1.477917027872961,0.7758777751135745,0.0,2.5,0.623045958754826
5.106111478514724,-1.4679170278729612,0.7483660373358626,0.0,2.5,0.6163029374604448
5.106111478514724,-1.4579170278729614,0.752481220181501,0.0,2.5,0.622989736121545
5.106111478514724,-1.4479170278729616,0.727506158173274,0.0,2.5,0.6060131285749999
5.106111478514724,-1.4379170278729618,0.6718298324730012,0.0,2.5,0.5700175143521696
5.106111478514724,-1.427917027872962,0.6145665586601808,0.0,2.5,0.5641082023163441
5.106111478514724,-1.4179170278729623,0.5867727532578052,0.0,2.5,0.5462169743124143
5.106111478514724,-1.4079170278729625,0.5579977556062284,0.0,2.5,0.5428523187102956
5.106111478514724,-1.3979170278729627,0.5393825941407829,0.0,2.5,0.540665709741094
5.106111478514724,-1.387917027872963,0.6008299546818499,0.0,2.5,0.5849351166808421
5.106111478514724,-1.377917027872963,0.5978797434287474,0.0,2.5,0.5822497039432497
5.106111478514724,-1.3679170278729633,0.6303925709493721,0.0,2.5,0.6022232748504084
5.106111478514724,-1.3579170278729635,0.6392997582681836,0.0,2.5,0.6154372381793445
5.106111478514724,-1.3479170278729637,0.6131799163159416,0.0,2.5,0.6129138263903049
5.106111478514724,-1.337917027872964,0.5818188103468374,0.0,2.5,0.5862371915137016
5.106111478514724,-1.3279170278729642,0.5578454310962413,0.0,2.5,0.5660857054694
5.106111478514724,-1.3179170278729644,0.5718161139421098,0.0,2.5,0.580978782974387
5.106111478514724,-1.3079170278729646,0.5885846911208837,0.0,2.5,0.5918502348859493
5.106111478514724,-1.2979170278729648,0.6159614754405508,0.0,2.5,0.5890147618482245
5.106111478514724,-1.287917027872965,0.621968662836879,0.0,2.5,0.5904533685743741
5.106111478514724,-1.2779170278729652,0.6229444727484763,0.0,2.5,0.5899400274105705
5.106111478514724,-1.2679170278729655,0.673133800363915,0.0,2.5,0.6114814040537477
5.106111478514724,-1.2579170278729657,0.5559704053897903,0.0,2.5,0.5936483246729076
5.106111478514724,-1.2479170278729659,0.5555665244667293,0.0,2.5,0.6029285774192793
5.106111478514724,-1.237917027872966,0.527231719666447,0.0,2.5,0.5843079066893297
5.116111478514724,-1.567917027872959,0.8254248452900361,0.0,2.5,0.5715379430218294
5.116111478514724,-1.5579170278729593,0.839186385673801,0.0,2.5,0.588624940890202
5.116111478514724,-1.5479170278729595,0.8464461124315781,0.0,2.5,0.610547810696551
5.116111478514724,-1.5379170278729597,0.854060343725103,0.0,2.5,0.6487644829672357
5.116111478514724,-1.52791702787296,0.8256673964044082,0.0,2.5,0.6486621291858774
5.116111478514724,-1.5179170278729601,0.7327269841238827,0.0,2.5,0.6499258324633892
5.116111478514724,-1.5079170278729603,0.6928782623033976,0.0,2.5,0.6391850600819775
5.116111478514724,-1.4979170278729605,0.6891334364295002,0.0,2.5,0.6332772690434005
5.116111478514724,-1.4879170278729608,0.6851417536161865,0.0,2.5,0.6304427122302285
5.116111478514724,-1.477917027872961,0.6766594634449539,0.0,2.5,0.6203300448811003
5.116111478514724,-1.4679170278729612,0.6457500869191674,0.0,2.5,0.6159986495322632
5.116111478514724,-1.4579170278729614,0.6520017482478433,0.0,2.5,0.6139426467037015
5.116111478514724,-1.4479170278729616,0.6515490091834332,0.0,2.5,0.6130664003873195
5.116111478514724,-1.4379170278729618,0.6420115128726291,0.0,2.5,0.6170339508423264
5.116111478514724,-1.427917027872962,0.5894502304929776,0.0,2.5,0.6160692221601558
5.116111478514724,-1.4179170278729623,0.5673654426964644,0.0,2.5,0.5960545207490006
5.116111478514724,-1.4079170278729625,0.5438860646387066,0.0,2.5,0.5875840448090739
5.116111478514724,-1.3979170278729627,0.5273331735705079,0.0,2.5,0.5812357235904366
5.116111478514724,-1.387917027872963,0.5484584350462564,0.0,2.5,0.5770469430315439
5.116111478514724,-1.377917027872963,0.5419543878572097,0.0,2.5,0.5634118988084746
5.116111478514724,-1.3679170278729633,0.5351112283328682,0.0,2.5,0.5630836626737827
5.116111478514724,-1.3579170278729635,0.5885417408222428,0.0,2.5,0.6112556032690512
5.116111478514724,-1.3479170278729637,0.5746725769180199,0.0,2.5,0.6149512967723754
5.116111478514724,-1.337917027872964,0.5942576814004664,0.0,2.5,0.6220766901066955
5.116111478514724,-1.3279170278729642,0.6031272660567335,0.0,2.5,0.6381985558696638
5.116111478514724,-1.3179170278729644,0.5928311307631905,0.0,2.5,0.6262435221883478
5.116111478514724,-1.3079170278729646,0.5240574273935018,0.0,2.5,0.5898464961942912
5.116111478514724,-1.2979170278729648,0.5066451341818261,0.0,2.5,0.5699818901322241
5.116111478514724,-1.287917027872965,0.47233847987142535,0.0,2.5,0.5241650967280314
5.116111478514724,-1.2779170278729652,0.5325242688860119,0.0,2.5,0.5600438039184501
5.116111478514724,-1.2679170278729655,0.5854026452879635,0.0,2.5,0.6183034642041302
5.116111478514724,-1.2579170278729657,0.5841617443680748,0.0,2.5,0.6283844725823079
5.116111478514724,-1.2479170278729659,0.5969833410493017,0.0,2.5,0.6200097292405605
5.116111478514724,-1.237917027872966,0.5755853081148019,0.0,2.5,0.5910761729244545
5.116111478514724,-1.2279170278729663,0.6092750562124569,0.0,2.5,0.6299251309312932
5.126111478514724,-1.567917027872959,0.8377348242029715,0.0,2.5,0.5949068507850765
5.126111478514724,-1.5579170278729593,0.8298117077783257,0.0,2.5,0.6031564026239993
5.126111478514724,-1.5479170278729595,0.7915948735395139,0.0,2.5,0.623654425352553
5.126111478514724,-1.5379170278729597,0.7033604159602517,0.0,2.5,0.6101732894908118
5.126111478514724,-1.52791702787296,0.7033579204785786,0.0,2.5,0.6099328136332546
5.126111478514724,-1.5179170278729601,0.7190090849163016,0.0,2.5,0.6294305705170495
5.126111478514724,-1.5079170278729603,0.6772647501078009,0.0,2.5,0.6397818915073618
5.126111478514724,-1.4979170278729605,0.610042442491173,0.0,2.5,0.6348360089725812
5.126111478514724,-1.4879170278729608,0.60187558042593,0.0,2.5,0.6296357046512179
5.126111478514724,-1.477917027872961,0.5828948030495147,0.0,2.5,0.6108487860531443
5.126111478514724,-1.4679170278729612,0.6259051684796143,0.0,2.5,0.6175683547027543
5.126111478514724,-1.4579170278729614,0.6337293736959839,0.0,2.5,0.6180774303945777
5.126111478514724,-1.4479170278729616,0.6279927091275443,0.0,2.5,0.6145125448983945
5.126111478514724,-1.4379170278729618,0.6284363267331464,0.0,2.5,0.6149707311406988
5.126111478514724,-1.427917027872962,0.613873175843655,0.0,2.5,0.61413649238709
5.126111478514724,-1.4179170278729623,0.5554918249229899,0.0,2.5,0.6058020789487971
5.126111478514724,-1.4079170278729625,0.5512183162076397,0.0,2.5,0.607158649184434
5.126111478514724,-1.3979170278729627,0.540029359016931,0.0,2.5,0.6136066077050157
5.126111478514724,-1.387917027872963,0.5083157274715416,0.0,2.5,0.5905266924984153
5.126111478514724,-1.377917027872963,0.5039931536639138,0.0,2.5,0.5831583230333033
5.126111478514724,-1.3679170278729633,0.49897763418384117,0.0,2.5,0.584538466640903
5.126111478514724,-1.3579170278729635,0.48692878491888003,0.0,2.5,0.5733138328438916
5.126111478514724,-1.3479170278729637,0.49192568181481644,0.0,2.5,0.5728415841887612
5.126111478514724,-1.337917027872964,0.505057574576018,0.0,2.5,0.6152859613118501
5.126111478514724,-1.3279170278729642,0.515212700087797,0.0,2.5,0.6381151494246664
5.126111478514724,-1.3179170278729644,0.47746130127058883,0.0,2.5,0.643689275527711
5.126111478514724,-1.3079170278729646,0.46338526244320577,0.0,2.5,0.6323098771549728
5.126111478514724,-1.2979170278729648,0.4910770585153325,0.0,2.5,0.64245022053978
5.126111478514724,-1.287917027872965,0.4694366566147458,0.0,2.5,0.534628986415569
5.126111478514724,-1.2779170278729652,0.4629345673421026,0.0,2.5,0.5523387517627326
5.126111478514724,-1.2679170278729655,0.4307493154229133,0.0,2.5,0.5199965363605729
5.126111478514724,-1.2579170278729657,0.42330211776603227,0.0,2.5,0.5190940890810707
5.126111478514724,-1.2479170278729659,0.45487508158514234,0.0,2.5,0.5579063968183668
5.126111478514724,-1.237917027872966,0.4862438756710667,0.0,2.5,0.5915830343675569
5.126111478514724,-1.2279170278729663,0.5498439661030347,0.0,2.5,0.6251770268633051
5.126111478514724,-1.2179170278729665,0.5722400556735343,0.0,2.5,0.6391981208222904
5.126111478514724,-1.2079170278729667,0.5836383848156996,0.0,2.5,0.6363344608516946
5.1361114785147235,-1.567917027872959,0.8160567362747092,0.0,2.5,0.5935448487232626
5.1361114785147235,-1.5579170278729593,0.7934226323046336,0.0,2.5,0.6214384387772441
5.1361114785147235,-1.5479170278729595,0.7003690345644353,0.0,2.5,0.6066404319322792
5.1361114785147235,-1.5379170278729597,0.7030529700322721,0.0,2.5,0.6127434732011962
5.1361114785147235,-1.52791702787296,0.6411286905389917,0.0,2.5,0.6203661666889728
5.1361114785147235,-1.5179170278729601,0.6178872830673726,0.0,2.5,0.6037024337740208
5.1361114785147235,-1.5079170278729603,0.5757067766587328,0.0,2.5,0.5657378300325664
5.1361114785147235,-1.4979170278729605,0.5577163107378189,0.0,2.5,0.5503532349041926
5.1361114785147235,-1.4879170278729608,0.5611856150657282,0.0,2.5,0.5776796987937878
5.1361114785147235,-1.477917027872961,0.54762553541047,0.0,2.5,0.5764788321916066
5.1361114785147235,-1.4679170278729612,0.5311867280916996,0.0,2.5,0.5621344215933556
5.1361114785147235,-1.4579170278729614,0.5089562710785732,0.0,2.5,0.5505510000091636
5.1361114785147235,-1.4479170278729616,0.5281356808438521,0.0,2.5,0.5717962250543615
5.1361114785147235,-1.4379170278729618,0.5494611027217867,0.0,2.5,0.5987663759787856
5.1361114785147235,-1.427917027872962,0.5446328109877977,0.0,2.5,0.6036385296580804
5.1361114785147235,-1.4179170278729623,0.5066601445877635,0.0,2.5,0.6016385296580804
5.1361114785147235,-1.4079170278729625,0.5095231360278784,0.0,2.5,0.6085308478661051
5.1361114785147235,-1.3979170278729627,0.49068148353495156,0.0,2.5,0.6017008181816206
5.1361114785147235,-1.387917027872963,0.4702030168640558,0.0,2.5,0.5926288640352142
5.1361114785147235,-1.377917027872963,0.46407741232800664,0.0,2.5,0.5957915733298512
5.1361114785147235,-1.3679170278729633,0.46648246548964095,0.0,2.5,0.5946158595229599
5.1361114785147235,-1.3579170278729635,0.46229278667126483,0.0,2.5,0.5876755007886708
5.1361114785147235,-1.3479170278729637,0.4381151129328292,0.0,2.5,0.5657714616149078
5.1361114785147235,-1.337917027872964,0.35103077341345174,0.0,2.5,0.5139042658364485
5.1361114785147235,-1.3279170278729642,0.34246988820483837,0.0,2.5,0.5119231479948115
5.1361114785147235,-1.3179170278729644,0.33637070634770716,0.0,2.5,0.507510244769005
5.1361114785147235,-1.3079170278729646,0.33796046895427506,0.0,2.5,0.5092422540184528
5.1361114785147235,-1.2979170278729648,0.34696844560052226,0.0,2.5,0.5280897231004483
5.1361114785147235,-1.287917027872965,0.3598104649278105,0.0,2.5,0.43945903995664704
5.1361114785147235,-1.2779170278729652,0.39959781043414777,0.0,2.5,0.4868585209025202
5.1361114785147235,-1.2679170278729655,0.40799591539943547,0.0,2.5,0.5061525805827715
5.1361114785147235,-1.2579170278729657,0.43387293548883654,0.0,2.5,0.5428743107651184
5.1361114785147235,-1.2479170278729659,0.47408053316139903,0.0,2.5,0.5858182991015245
5.1361114785147235,-1.237917027872966,0.4980433499356767,0.0,2.5,0.6174374831559851
5.1361114785147235,-1.2279170278729663,0.4986939978335499,0.0,2.5,0.6178704362889245
5.1361114785147235,-1.2179170278729665,0.49666290217609227,0.0,2.5,0.6141828720324527
5.1361114785147235,-1.2079170278729667,0.4843945412665692,0.0,2.5,0.5962933805956858
5.1361114785147235,-1.197917027872967,0.4857028149728712,0.0,2.5,0.5913301209951142
5.146111478514723,-1.5579170278729593,0.8055966453147045,0.0,2.5,0.5953600884926984
5.146111478514723,-1.5479170278729595,0.7121976965561209,0.0,2.5,0.6065351058576501
5.146111478514723,-1.5379170278729597,0.6321283181028203,0.0,2.5,0.589879523536441
5.146111478514723,-1.52791702787296,0.562384032570363,0.0,2.5,0.5299373940371325
5.146111478514723,-1.5179170278729601,0.5615582501190681,0.0,2.5,0.5318374786335781
5.146111478514723,-1.5079170278729603,0.5678310976341284,0.0,2.5,0.5369070861645567
5.146111478514723,-1.4979170278729605,0.5594929838087146,0.0,2.5,0.5308110469648836
5.146111478514723,-1.4879170278729608,0.5362910601451711,0.0,2.5,0.5237247312707034
5.146111478514723,-1.477917027872961,0.5131644035049127,0.0,2.5,0.5182183445433506
5.146111478514723,-1.4679170278729612,0.505297321290843,0.0,2.5,0.5257188865640453
5.146111478514723,-1.4579170278729614,0.5181235319535136,0.0,2.5,0.5472659077279305
5.146111478514723,-1.4479170278729616,0.508261709821873,0.0,2.5,0.5513320024507434
5.146111478514723,-1.4379170278729618,0.49632129065547637,0.0,2.5,0.5390799491281766
5.146111478514723,-1.427917027872962,0.4873835739055852,0.0,2.5,0.5351936401092532
5.146111478514723,-1.4179170278729623,0.4780949639221171,0.0,2.5,0.5355201707214982
5.146111478514723,-1.4079170278729625,0.4588886130173901,0.0,2.5,0.5506061978453596
5.146111478514723,-1.3979170278729627,0.4560572685590772,0.0,2.5,0.5560607336675961
5.146111478514723,-1.387917027872963,0.43808324346401495,0.0,2.5,0.559089961460648
5.146111478514723,-1.377917027872963,0.42752992118438415,0.0,2.5,0.5572763982304171
5.146111478514723,-1.3679170278729633,0.41567683695135876,0.0,2.5,0.5564300654922323
5.146111478514723,-1.3579170278729635,0.4104724928319666,0.0,2.5,0.5528413606521332
5.146111478514723,-1.3479170278729637,0.38430808361063995,0.0,2.5,0.569059664215015
5.146111478514723,-1.337917027872964,0.37250579456748845,0.0,2.5,0.5527129174501788
5.146111478514723,-1.3279170278729642,0.3675272596243512,0.0,2.5,0.5508111180207296
5.146111478514723,-1.3179170278729644,0.34936382674587646,0.0,2.5,0.5272614451232435
5.146111478514723,-1.3079170278729646,0.3342914391913089,0.0,2.5,0.5153122934552923
5.146111478514723,-1.2979170278729648,0.33221194606484367,0.0,2.5,0.50864901104581
5.146111478514723,-1.287917027872965,0.36131431339988485,0.0,2.5,0.44655371008877887
5.146111478514723,-1.2779170278729652,0.404787330299747,0.0,2.5,0.5030052516395911
5.146111478514723,-1.2679170278729655,0.43103361105098953,0.0,2.5,0.5505221180404092
5.146111478514723,-1.2579170278729657,0.4566224637848835,0.0,2.5,0.5765476263151095
5.146111478514723,-1.2479170278729659,0.4945715024699367,0.0,2.5,0.6292969541391433
5.146111478514723,-1.237917027872966,0.5032577887456829,0.0,2.5,0.6306021235242202
5.146111478514723,-1.2279170278729663,0.49962293852669876,0.0,2.5,0.6185866535933908
5.146111478514723,-1.2179170278729665,0.49789297379403413,0.0,2.5,0.6164447721618272
5.146111478514723,-1.2079170278729667,0.4909165670163444,0.0,2.5,0.6064495054695422
5.146111478514723,-1.197917027872967,0.4834579609612575,0.0,2.5,0.5960404215692938
5.146111478514723,-1.1879170278729672,0.48343988022878176,0.0,2.5,0.5957222213744487
5.146111478514723,-1.1779170278729674,0.4714317976195859,0.0,2.5,0.5779968226472558
5.146111478514723,-1.1679170278729676,0.4707006902008957,0.0,2.5,0.5700014778312692
5.156111478514723,-1.5379170278729597,0.7818771439720432,0.0,2.5,0.573571459619949
5.156111478514723,-1.52791702787296,0.5616568879504714,0.0,2.5,0.5327693138828407
5.156111478514723,-1.5179170278729601,0.5568296699367916,0.0,2.5,0.530112503378326
5.156111478514723,-1.5079170278729603,0.5242426017921635,0.0,2.5,0.5299004022041892
5.156111478514723,-1.4979170278729605,0.5502323752865337,0.0,2.5,0.5238539463196864
5.156111478514723,-1.4879170278729608,0.5381503592158756,0.0,2.5,0.5127906992725298
5.156111478514723,-1.477917027872961,0.5159499258027881,0.0,2.5,0.5094489026200508
5.156111478514723,-1.4679170278729612,0.49670261924291337,0.0,2.5,0.5001478588588812
5.156111478514723,-1.4579170278729614,0.4871705802105046,0.0,2.5,0.49200586047563905
5.156111478514723,-1.4479170278729616,0.49760995144732456,0.0,2.5,0.5133572254032219
5.156111478514723,-1.4379170278729618,0.5147807036252482,0.0,2.5,0.5464904675022499
5.156111478514723,-1.427917027872962,0.5000482145450925,0.0,2.5,0.5359098926232245
5.156111478514723,-1.4179170278729623,0.48327958852626585,0.0,2.5,0.5300448793761956
5.156111478514723,-1.4079170278729625,0.448914880153809,0.0,2.5,0.5287416116322852
5.156111478514723,-1.3979170278729627,0.45096007358995344,0.0,2.5,0.5473494102150924
5.156111478514723,-1.387917027872963,0.4274668866855052,0.0,2.5,0.5429656736215482
5.156111478514723,-1.377917027872963,0.39707489668831336,0.0,2.5,0.5188315865833018
5.156111478514723,-1.3679170278729633,0.3705158660069026,0.0,2.5,0.5268290432127472
5.156111478514723,-1.3579170278729635,0.36242578772995,0.0,2.5,0.5215837006627811
5.156111478514723,-1.3479170278729637,0.3552734802664404,0.0,2.5,0.518487600343382
5.156111478514723,-1.337917027872964,0.3500148480830139,0.0,2.5,0.5168224772681397
5.156111478514723,-1.3279170278729642,0.35541588890312437,0.0,2.5,0.5383268393760049
5.156111478514723,-1.3179170278729644,0.3642128705766974,0.0,2.5,0.5446122562094711
5.156111478514723,-1.3079170278729646,0.3570555186430939,0.0,2.5,0.5434579032410377
5.156111478514723,-1.2979170278729648,0.32755866201235184,0.0,2.5,0.49896894291732796
5.156111478514723,-1.287917027872965,0.38076660392224654,0.0,2.5,0.4797452060895585
5.156111478514723,-1.2779170278729652,0.43805447113387114,0.0,2.5,0.5439546832589823
5.156111478514723,-1.2679170278729655,0.45410926200278323,0.0,2.5,0.5843617180531755
5.156111478514723,-1.2579170278729657,0.48557718499606417,0.0,2.5,0.6237899856467461
5.156111478514723,-1.2479170278729659,0.49403082898008877,0.0,2.5,0.6343218636977828
5.156111478514723,-1.237917027872966,0.49224491011375476,0.0,2.5,0.6221978436142656
5.156111478514723,-1.2279170278729663,0.48143194826519803,0.0,2.5,0.6088723315334834
5.156111478514723,-1.2179170278729665,0.47723518538058657,0.0,2.5,0.5989831745441633
5.156111478514723,-1.2079170278729667,0.4810692548389945,0.0,2.5,0.598658881299365
5.156111478514723,-1.197917027872967,0.4759168964501348,0.0,2.5,0.593721679123209
5.156111478514723,-1.1879170278729672,0.4671023099327988,0.0,2.5,0.5810728267804575
5.156111478514723,-1.1779170278729674,0.4694193436702963,0.0,2.5,0.5804569735653288
5.156111478514723,-1.1679170278729676,0.4734812728631292,0.0,2.5,0.5776193391567266
5.156111478514723,-1.1579170278729678,0.44324869745891465,0.0,2.5,0.5384444241074139
5.166111478514723,-1.52791702787296,0.7210228146421335,0.0,2.5,0.5903696569227304
5.166111478514723,-1.5179170278729601,0.5138024841456517,0.0,2.5,0.5284467216167902
5.166111478514723,-1.5079170278729603,0.5051432004630307,0.0,2.5,0.5253042890878485
5.166111478514723,-1.4979170278729605,0.5078491639338144,0.0,2.5,0.5250851175205039
5.166111478514723,-1.4879170278729608,0.4864056682295253,0.0,2.5,0.5125151626526739
5.166111478514723,-1.477917027872961,0.47484309061943575,0.0,2.5,0.5110095868770446
5.166111478514723,-1.4679170278729612,0.47867988246346127,0.0,2.5,0.5050095868770446
5.166111478514723,-1.4579170278729614,0.4891982858506706,0.0,2.5,0.49842136476534815
5.166111478514723,-1.4479170278729616,0.4784557950119889,0.0,2.5,0.48769427701654955
5.166111478514723,-1.4379170278729618,0.4669515687160565,0.0,2.5,0.4858661404149529
5.166111478514723,-1.427917027872962,0.46839145433001955,0.0,2.5,0.4873643507493113
5.166111478514723,-1.4179170278729623,0.4508102108628485,0.0,2.5,0.4859716639462929
5.166111478514723,-1.4079170278729625,0.4296948300290337,0.0,2.5,0.48582586450437004
5.166111478514723,-1.3979170278729627,0.3594470555089214,0.0,2.5,0.4887218844045025
5.166111478514723,-1.387917027872963,0.36721072566441315,0.0,2.5,0.508559549664463
5.166111478514723,-1.377917027872963,0.34960479259134775,0.0,2.5,0.5116992786782464
5.166111478514723,-1.3679170278729633,0.34823405215585124,0.0,2.5,0.5126757334328101
5.166111478514723,-1.3579170278729635,0.33948178769573406,0.0,2.5,0.5080507924563104
5.166111478514723,-1.3479170278729637,0.34006140848865407,0.0,2.5,0.5135530887239518
5.166111478514723,-1.337917027872964,0.34781727726216616,0.0,2.5,0.5249612557560465
5.166111478514723,-1.3279170278729642,0.35194304321283093,0.0,2.5,0.537927934815891
5.166111478514723,-1.3179170278729644,0.3571596293356496,0.0,2.5,0.5506083600927064
5.166111478514723,-1.3079170278729646,0.35407530677135496,0.0,2.5,0.5493342262197567
5.166111478514723,-1.2979170278729648,0.31319341967467107,0.0,2.5,0.4741307115400156
5.166111478514723,-1.287917027872965,0.3590339400025047,0.0,2.5,0.48368368025711383
5.166111478514723,-1.2779170278729652,0.42970112007667766,0.0,2.5,0.527925873749778
5.166111478514723,-1.2679170278729655,0.4037462564609753,0.0,2.5,0.5251306467321035
5.166111478514723,-1.2579170278729657,0.4214078287667601,0.0,2.5,0.550620598542012
5.166111478514723,-1.2479170278729659,0.4893902368141445,0.0,2.5,0.6228834793103295
5.166111478514723,-1.237917027872966,0.48874181230745406,0.0,2.5,0.6270621493795852
5.166111478514723,-1.2279170278729663,0.4704341395882382,0.0,2.5,0.6026923774789956
5.166111478514723,-1.2179170278729665,0.4671588386202308,0.0,2.5,0.5904823975825766
5.166111478514723,-1.2079170278729667,0.4701449961774687,0.0,2.5,0.5926515130201411
5.166111478514723,-1.197917027872967,0.46838151787024085,0.0,2.5,0.5889815644076469
5.166111478514723,-1.1879170278729672,0.4584389120204811,0.0,2.5,0.5737178316192463
5.166111478514723,-1.1779170278729674,0.46438554395750015,0.0,2.5,0.5763595037153825
5.166111478514723,-1.1679170278729676,0.46909314804564034,0.0,2.5,0.5794762317864502
5.166111478514723,-1.1579170278729678,0.4685007929098621,0.0,2.5,0.5776738686956775
5.166111478514723,-1.147917027872968,0.4398260998046629,0.0,2.5,0.5381799530563361
5.166111478514723,-1.1379170278729682,0.4295932858146309,0.0,2.5,0.5160281450839618
5.176111478514723,-1.5079170278729603,0.5010181564793157,0.0,2.5,0.543534949537483
5.176111478514723,-1.4979170278729605,0.5101438430283252,0.0,2.5,0.5468032553514887
5.176111478514723,-1.4879170278729608,0.5067129118440693,0.0,2.5,0.5442541700703208
5.176111478514723,-1.477917027872961,0.49299530061276436,0.0,2.5,0.5295238978225896
5.176111478514723,-1.4679170278729612,0.45947359139611205,0.0,2.5,0.5052158269706755
5.176111478514723,-1.4579170278729614,0.44604337775549513,0.0,2.5,0.4926472168281147
5.176111478514723,-1.4479170278729616,0.45237975996039265,0.0,2.5,0.49917087003914645
5.176111478514723,-1.4379170278729618,0.4355755318476591,0.0,2.5,0.4916253349429335
5.176111478514723,-1.427917027872962,0.4148092465509217,0.0,2.5,0.48344955817448937
5.176111478514723,-1.4179170278729623,0.38479364249012304,0.0,2.5,0.48704866477420033
5.176111478514723,-1.4079170278729625,0.3780378636204002,0.0,2.5,0.48948120503306203
5.176111478514723,-1.3979170278729627,0.35464393298441205,0.0,2.5,0.49225944095810925
5.176111478514723,-1.387917027872963,0.35589193659034446,0.0,2.5,0.5016448565455933
5.176111478514723,-1.377917027872963,0.3409505932872739,0.0,2.5,0.5026247442861772
5.176111478514723,-1.3679170278729633,0.35192328500494086,0.0,2.5,0.5305202066278201
5.176111478514723,-1.3579170278729635,0.3713109282084297,0.0,2.5,0.5544369376419009
5.176111478514723,-1.3479170278729637,0.3892948087948815,0.0,2.5,0.5834851584837185
5.176111478514723,-1.337917027872964,0.39710414765438673,0.0,2.5,0.5925210117218371
5.176111478514723,-1.3279170278729642,0.39764389568452235,0.0,2.5,0.5961243637035739
5.176111478514723,-1.3179170278729644,0.377986181687164,0.0,2.5,0.5766860952313984
5.176111478514723,-1.3079170278729646,0.38042318524817,0.0,2.5,0.578269334608322
5.176111478514723,-1.2979170278729648,0.310346850342405,0.0,2.5,0.47900311374384
5.176111478514723,-1.287917027872965,0.3275902674680592,0.0,2.5,0.4601601459317193
5.176111478514723,-1.2779170278729652,0.36170957635004497,0.0,2.5,0.45312804624564607
5.176111478514723,-1.2679170278729655,0.372802527964888,0.0,2.5,0.4643126218067961
5.176111478514723,-1.2579170278729657,0.390427333077389,0.0,2.5,0.4858049390985629
5.176111478514723,-1.2479170278729659,0.39742941555781935,0.0,2.5,0.505293412854842
5.176111478514723,-1.237917027872966,0.406960488821556,0.0,2.5,0.5275321534083378
5.176111478514723,-1.2279170278729663,0.4652601206326878,0.0,2.5,0.594979953233169
5.176111478514723,-1.2179170278729665,0.4778558800644534,0.0,2.5,0.6129214884017257
5.176111478514723,-1.2079170278729667,0.46425705743729434,0.0,2.5,0.5934749846530767
5.176111478514723,-1.197917027872967,0.46161140642807647,0.0,2.5,0.5822012208015837
5.176111478514723,-1.1879170278729672,0.45474488156998105,0.0,2.5,0.5739110088894807
5.176111478514723,-1.1779170278729674,0.4468184220654859,0.0,2.5,0.5607767958500998
5.176111478514723,-1.1679170278729676,0.4502764647395991,0.0,2.5,0.5620310030958039
5.176111478514723,-1.1579170278729678,0.4513317014910572,0.0,2.5,0.5613531025347495
5.176111478514723,-1.147917027872968,0.38663593277029573,0.0,2.5,0.4792341272052435
5.176111478514723,-1.1379170278729682,0.3080979192511729,0.0,2.5,0.46664352934118314
5.176111478514723,-1.1279170278729684,0.3455561307481833,0.0,2.5,0.5251604776407585
5.176111478514723,-1.1179170278729686,0.3771037866153166,0.0,2.5,0.5621286816125429
5.186111478514722,-1.4879170278729608,0.48189330389092466,0.0,2.5,0.5391377430201449
5.186111478514722,-1.477917027872961,0.494677093002871,0.0,2.5,0.5346194982434515
5.186111478514722,-1.4679170278729612,0.4829480720840865,0.0,2.5,0.5407091329599193
5.186111478514722,-1.4579170278729614,0.47770266747133444,0.0,2.5,0.5393434899252013
5.186111478514722,-1.4479170278729616,0.4443095455206916,0.0,2.5,0.5203442140755961
5.186111478514722,-1.4379170278729618,0.40859344716310014,0.0,2.5,0.5152013244422385
5.186111478514722,-1.427917027872962,0.41630635778376696,0.0,2.5,0.5296570695374743
5.186111478514722,-1.4179170278729623,0.43247217916428315,0.0,2.5,0.5483214829098206
5.186111478514722,-1.4079170278729625,0.4434414013339054,0.0,2.5,0.5730648619712022
5.186111478514722,-1.3979170278729627,0.41584716969587265,0.0,2.5,0.5759190871887897
5.186111478514722,-1.387917027872963,0.40289902641205716,0.0,2.5,0.5737643463229868
5.186111478514722,-1.377917027872963,0.3838562411329905,0.0,2.5,0.5639513732795544
5.186111478514722,-1.3679170278729633,0.3807994034814175,0.0,2.5,0.5704478562742599
5.186111478514722,-1.3579170278729635,0.38481947509718967,0.0,2.5,0.5701303517020351
5.186111478514722,-1.3479170278729637,0.379865763232958,0.0,2.5,0.5622176118925798
5.186111478514722,-1.337917027872964,0.37663840657353514,0.0,2.5,0.557987889988922
5.186111478514722,-1.3279170278729642,0.3771140399468922,0.0,2.5,0.5608600436682168
5.186111478514722,-1.3179170278729644,0.37024011005120516,0.0,2.5,0.5603482844626575
5.186111478514722,-1.3079170278729646,0.36670734264710997,0.0,2.5,0.5587982267037048
5.186111478514722,-1.2979170278729648,0.2817823240155516,0.0,2.5,0.44116699280085797
5.186111478514722,-1.287917027872965,0.25816111304590444,0.0,2.5,0.3748478229340154
5.186111478514722,-1.2779170278729652,0.3202822734557674,0.0,2.5,0.395714440114044
5.186111478514722,-1.2679170278729655,0.3431908343880316,0.0,2.5,0.4089621468130108
5.186111478514722,-1.2579170278729657,0.3441189206876416,0.0,2.5,0.4189462596647132
5.186111478514722,-1.2479170278729659,0.3776191289684,0.0,2.5,0.46934675410762644
5.186111478514722,-1.237917027872966,0.37537204544798364,0.0,2.5,0.4682607491727045
5.186111478514722,-1.2279170278729663,0.3991265243033624,0.0,2.5,0.4956446715524267
5.186111478514722,-1.2179170278729665,0.4084934749274377,0.0,2.5,0.5026606349179625
5.186111478514722,-1.2079170278729667,0.44654718511842895,0.0,2.5,0.5553166121810471
5.186111478514722,-1.197917027872967,0.4525074375366184,0.0,2.5,0.5794529641872753
5.186111478514722,-1.1879170278729672,0.4323326434036884,0.0,2.5,0.553123504930526
5.186111478514722,-1.1779170278729674,0.43920020887700223,0.0,2.5,0.5566914924045597
5.186111478514722,-1.1679170278729676,0.42305622167150875,0.0,2.5,0.5333834822459903
5.186111478514722,-1.1579170278729678,0.3992549945793363,0.0,2.5,0.5000948029999308
5.186111478514722,-1.147917027872968,0.36258611591890494,0.0,2.5,0.45124104571806717
5.186111478514722,-1.1379170278729682,0.32059053536012094,0.0,2.5,0.48848344184233006
5.186111478514722,-1.1279170278729684,0.3732484388287059,0.0,2.5,0.5643674977185832
5.186111478514722,-1.1179170278729686,0.37164154910216596,0.0,2.5,0.5626055810496191
5.186111478514722,-1.1079170278729689,0.37095171360415685,0.0,2.5,0.561294669346914
5.196111478514722,-1.477917027872961,0.44172752315515956,0.0,2.5,0.5375826812105053
5.196111478514722,-1.4679170278729612,0.41598350837270776,0.0,2.5,0.5156401856848942
5.196111478514722,-1.4579170278729614,0.42317680485011716,0.0,2.5,0.5205591575140979
5.196111478514722,-1.4479170278729616,0.4146852835852547,0.0,2.5,0.5197348697328426
5.196111478514722,-1.4379170278729618,0.4134811144101473,0.0,2.5,0.5166968950492983
5.196111478514722,-1.427917027872962,0.4283216101632895,0.0,2.5,0.5436638890702322
5.196111478514722,-1.4179170278729623,0.4088744895097153,0.0,2.5,0.5257204565540272
5.196111478514722,-1.4079170278729625,0.39870068965480426,0.0,2.5,0.5233386569630252
5.196111478514722,-1.3979170278729627,0.4008504917787503,0.0,2.5,0.526525823076415
5.196111478514722,-1.387917027872963,0.37609667706718947,0.0,2.5,0.5334910764886
5.196111478514722,-1.377917027872963,0.37509488117637324,0.0,2.5,0.5403504572912108
5.196111478514722,-1.3679170278729633,0.37003906262726466,0.0,2.5,0.5465029750514799
5.196111478514722,-1.3579170278729635,0.3654270090869366,0.0,2.5,0.5393247090474707
5.196111478514722,-1.3479170278729637,0.36191293612233266,0.0,2.5,0.539548641382892
5.196111478514722,-1.337917027872964,0.3642150041130222,0.0,2.5,0.5471097563470242
5.196111478514722,-1.3279170278729642,0.3628434609809701,0.0,2.5,0.5462300328650667
5.196111478514722,-1.3179170278729644,0.3534566959667428,0.0,2.5,0.5438297976355368
5.196111478514722,-1.3079170278729646,0.35066638789721266,0.0,2.5,0.5391749383775214
5.196111478514722,-1.2979170278729648,0.2693932061051481,0.0,2.5,0.4153602112669217
5.196111478514722,-1.287917027872965,0.27533309980042736,0.0,2.5,0.34751683445967196
5.196111478514722,-1.2779170278729652,0.3064336102866581,0.0,2.5,0.3681905548910743
5.196111478514722,-1.2679170278729655,0.32783830774071987,0.0,2.5,0.4059982853466982
5.196111478514722,-1.2579170278729657,0.3383287974844427,0.0,2.5,0.4214496484903895
5.196111478514722,-1.2479170278729659,0.3607547036226056,0.0,2.5,0.44917909109965537
5.196111478514722,-1.237917027872966,0.32265776738321916,0.0,2.5,0.39688915310764844
5.196111478514722,-1.2279170278729663,0.309345216496912,0.0,2.5,0.37816048053905554
5.196111478514722,-1.2179170278729665,0.34760309496069397,0.0,2.5,0.43519516340880837
5.196111478514722,-1.2079170278729667,0.36969873348903703,0.0,2.5,0.46519277445283336
5.196111478514722,-1.197917027872967,0.40340031004648147,0.0,2.5,0.4952690869185851
5.196111478514722,-1.1879170278729672,0.4482199449576549,0.0,2.5,0.5559643180066396
5.196111478514722,-1.1779170278729674,0.4365531729386083,0.0,2.5,0.5396737733639271
5.196111478514722,-1.1679170278729676,0.4272690463752016,0.0,2.5,0.5288642357605063
5.196111478514722,-1.1579170278729678,0.3933675850052423,0.0,2.5,0.4966326375393358
5.196111478514722,-1.147917027872968,0.3418959218390474,0.0,2.5,0.472157262433061
5.196111478514722,-1.1379170278729682,0.3217416062171664,0.0,2.5,0.4924969179129096
5.196111478514722,-1.1279170278729684,0.3619672562365033,0.0,2.5,0.5497265751448711
5.196111478514722,-1.1179170278729686,0.3743146878638289,0.0,2.5,0.5652086274942402
5.196111478514722,-1.1079170278729689,0.3619307395146499,0.0,2.5,0.5463502936543582
5.196111478514722,-1.097917027872969,0.37277627752257037,0.0,2.5,0.5616310580712814
5.196111478514722,-1.0879170278729693,0.37250590835186975,0.0,2.5,0.5616310580712814
5.196111478514722,-1.0779170278729695,0.3715761399543916,0.0,2.5,0.5620303481859936
5.196111478514722,-1.0679170278729697,0.364940751966038,0.0,2.5,0.5519939410531209
5.206111478514722,-1.4579170278729614,0.452567591915737,0.0,2.5,0.4970715449400928
5.206111478514722,-1.4479170278729616,0.4293490991282055,0.0,2.5,0.47511078986372507
5.206111478514722,-1.4379170278729618,0.3841913164064866,0.0,2.5,0.45879444525180746
5.206111478514722,-1.427917027872962,0.37062858143488303,0.0,2.5,0.453840026926177
5.206111478514722,-1.4179170278729623,0.36538756159070507,0.0,2.5,0.4583698377682826
5.206111478514722,-1.4079170278729625,0.35685396337257114,0.0,2.5,0.45326051668370754
5.206111478514722,-1.3979170278729627,0.3255775437625305,0.0,2.5,0.44850072580418293
5.206111478514722,-1.387917027872963,0.3179698419188757,0.0,2.5,0.44986950529154124
5.206111478514722,-1.377917027872963,0.30989941124946074,0.0,2.5,0.45312387937364446
5.206111478514722,-1.3679170278729633,0.2970429411989586,0.0,2.5,0.44653368556027007
5.206111478514722,-1.3579170278729635,0.2945086495043111,0.0,2.5,0.44373440172429013
5.206111478514722,-1.3479170278729637,0.2971318805278909,0.0,2.5,0.44820041359002744
5.206111478514722,-1.337917027872964,0.2889438298803566,0.0,2.5,0.43802791070374947
5.206111478514722,-1.3279170278729642,0.2917462370708925,0.0,2.5,0.45159530691605815
5.206111478514722,-1.3179170278729644,0.3021403404428038,0.0,2.5,0.4694047807104455
5.206111478514722,-1.3079170278729646,0.28279147197347054,0.0,2.5,0.4113129545418779
5.206111478514722,-1.2979170278729648,0.32754654399148614,0.0,2.5,0.4016556308535873
5.206111478514722,-1.287917027872965,0.33208919868340336,0.0,2.5,0.3980651558985082
5.206111478514722,-1.2779170278729652,0.34026808853812734,0.0,2.5,0.4097872593068303
5.206111478514722,-1.2679170278729655,0.35148912849378355,0.0,2.5,0.4422596030523865
5.206111478514722,-1.2579170278729657,0.3498283813809491,0.0,2.5,0.44491699709003896
5.206111478514722,-1.2479170278729659,0.33187498554192607,0.0,2.5,0.45018035773745513
5.206111478514722,-1.237917027872966,0.306075072083348,0.0,2.5,0.4276141848670521
5.206111478514722,-1.2279170278729663,0.325319958602491,0.0,2.5,0.4565226584275856
5.206111478514722,-1.2179170278729665,0.3526280747900632,0.0,2.5,0.4417764237860359
5.206111478514722,-1.2079170278729667,0.3176420597959744,0.0,2.5,0.3967998901985818
5.206111478514722,-1.197917027872967,0.32365323248812417,0.0,2.5,0.3950929758883318
5.206111478514722,-1.1879170278729672,0.3416518721706447,0.0,2.5,0.4187814506656475
5.206111478514722,-1.1779170278729674,0.3791218127614026,0.0,2.5,0.4622367150370604
5.206111478514722,-1.1679170278729676,0.4308555267042788,0.0,2.5,0.5346128788188712
5.206111478514722,-1.1579170278729678,0.428715935376239,0.0,2.5,0.5340834986350638
5.206111478514722,-1.147917027872968,0.3687204207630322,0.0,2.5,0.47579724609963203
5.206111478514722,-1.1379170278729682,0.3023398067644411,0.0,2.5,0.45026999011056157
5.206111478514722,-1.1279170278729684,0.29210892315454173,0.0,2.5,0.4570060448874736
5.206111478514722,-1.1179170278729686,0.3504597058475767,0.0,2.5,0.5340787706478038
5.206111478514722,-1.1079170278729689,0.34825320452178443,0.0,2.5,0.5262068572795604
5.206111478514722,-1.097917027872969,0.35342456282868356,0.0,2.5,0.5366372713911698
5.206111478514722,-1.0879170278729693,0.3675841380837686,0.0,2.5,0.5576552747405947
5.206111478514722,-1.0779170278729695,0.37064251243560925,0.0,2.5,0.5616256757471573
5.206111478514722,-1.0679170278729697,0.3708882820667438,0.0,2.5,0.5614629069916834
5.206111478514722,-1.05791702787297,0.36387733480406986,0.0,2.5,0.5508495039234304
5.206111478514722,-1.0479170278729701,0.3558731299980495,0.0,2.5,0.5372939928051403
5.206111478514722,-1.0379170278729704,0.35974373601712045,0.0,2.5,0.5407755735515708
5.206111478514722,-1.0279170278729706,0.34613836172896467,0.0,2.5,0.5198269183818631
5.206111478514722,-1.0179170278729708,0.3557043872915714,0.0,2.5,0.5323227218120785
5.206111478514722,-1.007917027872971,0.3924073537648688,0.0,2.5,0.5779560970389978
5.206111478514722,-0.9979170278729712,0.4044435687451012,0.0,2.5,0.5806644507903266
5.206111478514722,-0.9879170278729714,0.40171362387669945,0.0,2.5,0.5878486261896362
5.206111478514722,-0.9779170278729716,0.3989534317225807,0.0,2.5,0.5826095450680747
5.206111478514722,-0.9679170278729718,0.4209938506852709,0.0,2.5,0.5967615330489908
5.206111478514722,-0.9579170278729721,0.4693439159191371,0.0,2.5,0.6468005352413576
5.206111478514722,-0.9479170278729723,0.48743622526126024,0.0,2.5,0.5660770815691722
5.206111478514722,-0.9379170278729725,0.48813660355235183,0.0,2.5,0.5810055169954558
5.206111478514722,-0.9279170278729727,0.5184830810413916,0.0,2.5,0.6070897839419128
5.206111478514722,-0.9179170278729729,0.5490304049109004,0.0,2.5,0.6442829707109078
5.206111478514722,-0.9079170278729731,0.5481997247349008,0.0,2.5,0.6441890698048319
5.206111478514722,-0.8979170278729733,0.5381008333334468,0.0,2.5,0.6436766283557529
5.206111478514722,-0.8879170278729736,0.5389054918180429,0.0,2.5,0.6443278105864669
5.206111478514722,-0.8779170278729738,0.5389054918180429,0.0,2.5,0.6443278105864669
5.206111478514722,-0.867917027872974,0.5389054918180429,0.0,2.5,0.6443278105864669
5.206111478514722,-0.8579170278729742,0.5389054918180429,0.0,2.5,0.6443278105864669
5.216111478514722,-1.4479170278729616,0.6941368922412083,0.0,2.5,0.5447558451592247
5.216111478514722,-1.4379170278729618,0.501255843692589,0.0,2.5,0.5467659270832544
5.216111478514722,-1.427917027872962,0.4323736500633974,0.0,2.5,0.4868802040800958
5.216111478514722,-1.4179170278729623,0.4093084746261164,0.0,2.5,0.46905145489598976
5.216111478514722,-1.4079170278729625,0.3636196949453299,0.0,2.5,0.4627109907013441
5.216111478514722,-1.3979170278729627,0.3625359941905213,0.0,2.5,0.4642429769128199
5.216111478514722,-1.387917027872963,0.3589170452274056,0.0,2.5,0.47423889429997607
5.216111478514722,-1.377917027872963,0.3325529131380611,0.0,2.5,0.4612598887251213
5.216111478514722,-1.3679170278729633,0.32569548591522623,0.0,2.5,0.45024584924665406
5.216111478514722,-1.3579170278729635,0.3380683321982528,0.0,2.5,0.4651475127010769
5.216111478514722,-1.3479170278729637,0.3264068090703693,0.0,2.5,0.46582631180603956
5.216111478514722,-1.337917027872964,0.3202886200724315,0.0,2.5,0.45712545375044467
5.216111478514722,-1.3279170278729642,0.3164161806242344,0.0,2.5,0.45975345968068104
5.216111478514722,-1.3179170278729644,0.34499555636658175,0.0,2.5,0.4839534307280696
5.216111478514722,-1.3079170278729646,0.3706611739131257,0.0,2.5,0.4585108279893151
5.216111478514722,-1.2979170278729648,0.382836598268602,0.0,2.5,0.44682262684713153
5.216111478514722,-1.287917027872965,0.37397106971607336,0.0,2.5,0.43559929832919086
5.216111478514722,-1.2779170278729652,0.3763503054101397,0.0,2.5,0.4483178588482913
5.216111478514722,-1.2679170278729655,0.36321887195040004,0.0,2.5,0.4519368916766315
5.216111478514722,-1.2579170278729657,0.34885583809038584,0.0,2.5,0.4432486742777518
5.216111478514722,-1.2479170278729659,0.3288219055656189,0.0,2.5,0.4588568571190286
5.216111478514722,-1.237917027872966,0.32387440964275876,0.0,2.5,0.4566079275842114
5.216111478514722,-1.2279170278729663,0.31914758855721775,0.0,2.5,0.4568303310975641
5.216111478514722,-1.2179170278729665,0.3307090098093695,0.0,2.5,0.47568661748726765
5.216111478514722,-1.2079170278729667,0.32440990470247827,0.0,2.5,0.46421639740566417
5.216111478514722,-1.197917027872967,0.3278864739085199,0.0,2.5,0.45265170307882785
5.216111478514722,-1.1879170278729672,0.32545082644670115,0.0,2.5,0.45305197612011217
5.216111478514722,-1.1779170278729674,0.3390004895326627,0.0,2.5,0.4265793959933498
5.216111478514722,-1.1679170278729676,0.3611859360914497,0.0,2.5,0.442763419237937
5.216111478514722,-1.1579170278729678,0.35875962010025186,0.0,2.5,0.4448096072253426
5.216111478514722,-1.147917027872968,0.31305488854462743,0.0,2.5,0.4096678411857832
5.216111478514722,-1.1379170278729682,0.24810096098279985,0.0,2.5,0.3766688470376253
5.216111478514722,-1.1279170278729684,0.24378647311565602,0.0,2.5,0.37586266219970865
5.216111478514722,-1.1179170278729686,0.2973358764847071,0.0,2.5,0.4514740650401288
5.216111478514722,-1.1079170278729689,0.3139613374921705,0.0,2.5,0.4775653723215868
5.216111478514722,-1.097917027872969,0.32627712423257244,0.0,2.5,0.4986849543204868
5.216111478514722,-1.0879170278729693,0.3479918933524753,0.0,2.5,0.5291905149376548
5.216111478514722,-1.0779170278729695,0.3565790603525065,0.0,2.5,0.542033311521701
5.216111478514722,-1.0679170278729697,0.3707338881090501,0.0,2.5,0.5627606241719012
5.216111478514722,-1.05791702787297,0.36989079791588575,0.0,2.5,0.5598496994445137
5.216111478514722,-1.0479170278729701,0.36566375074705665,0.0,2.5,0.5512362963762605
5.216111478514722,-1.0379170278729704,0.35714416381791214,0.0,2.5,0.5348908452931583
5.216111478514722,-1.0279170278729706,0.36297265854353633,0.0,2.5,0.542964618618555
5.216111478514722,-1.0179170278729708,0.34893366399167874,0.0,2.5,0.515996588387222
5.216111478514722,-1.007917027872971,0.3755188536027183,0.0,2.5,0.5519904498315178
5.216111478514722,-0.9979170278729712,0.3911780144494333,0.0,2.5,0.5681101711091168
5.216111478514722,-0.9879170278729714,0.40948090249642616,0.0,2.5,0.589102829725944
5.216111478514722,-0.9779170278729716,0.3927275537082089,0.0,2.5,0.5760017346012217
5.216111478514722,-0.9679170278729718,0.4195638879344922,0.0,2.5,0.5994695624807611
5.216111478514722,-0.9579170278729721,0.43172217832039517,0.0,2.5,0.5995615843772963
5.216111478514722,-0.9479170278729723,0.4926835944951168,0.0,2.5,0.6247336614559964
5.216111478514722,-0.9379170278729725,0.480077585710675,0.0,2.5,0.5544576315316482
5.216111478514722,-0.9279170278729727,0.5200116413906999,0.0,2.5,0.6065990046885484
5.216111478514722,-0.9179170278729729,0.5227587298112902,0.0,2.5,0.6104506041606358
5.216111478514722,-0.9079170278729731,0.546362785033009,0.0,2.5,0.6468359862054354
5.216111478514722,-0.8979170278729733,0.5366202310760508,0.0,2.5,0.6445333822230608
5.216111478514722,-0.8879170278729736,0.5327710172033516,0.0,2.5,0.6425333822230608
5.216111478514722,-0.8779170278729738,0.5345838492083791,0.0,2.5,0.6440017474518264
5.216111478514722,-0.867917027872974,0.5387795658874969,0.0,2.5,0.6490562377383657
5.216111478514722,-0.8579170278729742,0.5357008291749649,0.0,2.5,0.6453473493651934
5.216111478514722,-0.8479170278729744,0.5357008291749649,0.0,2.5,0.6453473493651934
5.216111478514722,-0.8379170278729746,0.5345838492083791,0.0,2.5,0.6440017474518264
5.216111478514722,-0.8279170278729748,0.5376455551805873,0.0,2.5,0.647606210832506
5.216111478514722,-0.817917027872975,0.5376455551805873,0.0,2.5,0.647606210832506
5.216111478514722,-0.8079170278729753,0.5341575655161371,0.0,2.5,0.6438096121930502
5.226111478514722,-1.4379170278729618,0.6788472734123722,0.0,2.5,0.5318257582634429
5.226111478514722,-1.427917027872962,0.4990160507320419,0.0,2.5,0.5485611564332483
5.226111478514722,-1.4179170278729623,0.45875611652118414,0.0,2.5,0.5168948706199191
5.226111478514722,-1.4079170278729625,0.45918148988575014,0.0,2.5,0.5278303385962053
5.226111478514722,-1.3979170278729627,0.4207134553291662,0.0,2.5,0.49304891603434003
5.226111478514722,-1.387917027872963,0.4274937373045692,0.0,2.5,0.4968436415693627
5.226111478514722,-1.377917027872963,0.43301849876415943,0.0,2.5,0.513549986594861
5.226111478514722,-1.3679170278729633,0.43518191468457695,0.0,2.5,0.47378364914181403
5.226111478514722,-1.3579170278729635,0.3987985830099665,0.0,2.5,0.4618611641238044
5.226111478514722,-1.3479170278729637,0.4080764919633715,0.0,2.5,0.49008076976770165
5.226111478514722,-1.337917027872964,0.37645998008563514,0.0,2.5,0.4765859571790791
5.226111478514722,-1.3279170278729642,0.4152567441512035,0.0,2.5,0.4839240644957737
5.226111478514722,-1.3179170278729644,0.4235765145490921,0.0,2.5,0.4827179515781601
5.226111478514722,-1.3079170278729646,0.4155500665006713,0.0,2.5,0.4788931977754409
5.226111478514722,-1.2979170278729648,0.408691174371583,0.0,2.5,0.4652764088023899
5.226111478514722,-1.287917027872965,0.39839128351001835,0.0,2.5,0.45719954431276244
5.226111478514722,-1.2779170278729652,0.39023456470745627,0.0,2.5,0.47248532710987884
5.226111478514722,-1.2679170278729655,0.3760330651782639,0.0,2.5,0.4609520614919337
5.226111478514722,-1.2579170278729657,0.36183990384981374,0.0,2.5,0.4574812390852266
5.226111478514722,-1.2479170278729659,0.3236818146618637,0.0,2.5,0.450344085147042
5.226111478514722,-1.237917027872966,0.3308861391268938,0.0,2.5,0.46517133671491645
5.226111478514722,-1.2279170278729663,0.33577808142477833,0.0,2.5,0.48593573598384754
5.226111478514722,-1.2179170278729665,0.34378826576216187,0.0,2.5,0.4948288227713293
5.226111478514722,-1.2079170278729667,0.32886338253260244,0.0,2.5,0.4913524292118491
5.226111478514722,-1.197917027872967,0.32669425301554,0.0,2.5,0.4862668492246596
5.226111478514722,-1.1879170278729672,0.3226072216285498,0.0,2.5,0.47521796787515364
5.226111478514722,-1.1779170278729674,0.31823107709189413,0.0,2.5,0.4713694590209672
5.226111478514722,-1.1679170278729676,0.33020202970970575,0.0,2.5,0.47955199893111816
5.226111478514722,-1.1579170278729678,0.32447504000336885,0.0,2.5,0.4677156412584836
5.226111478514722,-1.147917027872968,0.2848679974107379,0.0,2.5,0.42501460608596614
5.226111478514722,-1.1379170278729682,0.2646581397125657,0.0,2.5,0.37907983439515036
5.226111478514722,-1.1279170278729684,0.2595361905578893,0.0,2.5,0.3537972777812326
5.226111478514722,-1.1179170278729686,0.24720742488434694,0.0,2.5,0.36280353374326824
5.226111478514722,-1.1079170278729689,0.2715686809980159,0.0,2.5,0.3842347339140658
5.226111478514722,-1.097917027872969,0.3008697403814533,0.0,2.5,0.4435618043006072
5.226111478514722,-1.0879170278729693,0.3002060605650838,0.0,2.5,0.46853695042808363
5.226111478514722,-1.0779170278729695,0.3401119502668817,0.0,2.5,0.5192914858634063
5.226111478514722,-1.0679170278729697,0.3482605997845732,0.0,2.5,0.526058383412049
5.226111478514722,-1.05791702787297,0.3689213257971403,0.0,2.5,0.562784892732335
5.226111478514722,-1.0479170278729701,0.36855750117724423,0.0,2.5,0.5592003572224842
5.226111478514722,-1.0379170278729704,0.3686725273098486,0.0,2.5,0.5539259265283116
5.226111478514722,-1.0279170278729706,0.3645905043349968,0.0,2.5,0.5422423679121691
5.226111478514722,-1.0179170278729708,0.3711265110526805,0.0,2.5,0.5520868356018309
5.226111478514722,-1.007917027872971,0.35662073257920945,0.0,2.5,0.5271280165001483
5.226111478514722,-0.9979170278729712,0.3725424997324708,0.0,2.5,0.5407547477477616
5.226111478514722,-0.9879170278729714,0.3909418839174356,0.0,2.5,0.5707084605082742
5.226111478514722,-0.9779170278729716,0.41138165060811277,0.0,2.5,0.5939670221336217
5.226111478514722,-0.9679170278729718,0.4103723486068724,0.0,2.5,0.5957596494694055
5.226111478514722,-0.9579170278729721,0.4273748271020587,0.0,2.5,0.5984260896813336
5.226111478514722,-0.9479170278729723,0.5021141082781215,0.0,2.5,0.6495683865388604
5.226111478514722,-0.9379170278729725,0.5059462437661258,0.0,2.5,0.5694898660462409
5.226111478514722,-0.9279170278729727,0.5070311246559314,0.0,2.5,0.5896247568176297
5.226111478514722,-0.9179170278729729,0.5330302858954112,0.0,2.5,0.6145924927707107
5.226111478514722,-0.9079170278729731,0.5320763057294708,0.0,2.5,0.6244227927652811
5.226111478514722,-0.8979170278729733,0.5330775055167785,0.0,2.5,0.6339575032124576
5.226111478514722,-0.8879170278729736,0.5428090516405076,0.0,2.5,0.6451277589086097
5.226111478514722,-0.8779170278729738,0.5380733197615738,0.0,2.5,0.6418251394781032
5.226111478514722,-0.867917027872974,0.5384375642344613,0.0,2.5,0.6495933275580498
5.226111478514722,-0.8579170278729742,0.5440810711441809,0.0,2.5,0.6574888377094248
5.226111478514722,-0.8479170278729744,0.5482556432857758,0.0,2.5,0.6626257050364527
5.226111478514722,-0.8379170278729746,0.5421371022368033,0.0,2.5,0.6550546514187704
5.226111478514722,-0.8279170278729748,0.5435458123120015,0.0,2.5,0.6560345256326068
5.226111478514722,-0.817917027872975,0.5428525505687499,0.0,2.5,0.6551977909387292
5.226111478514722,-0.8079170278729753,0.5459551729547031,0.0,2.5,0.6543776470538372
5.226111478514722,-0.7979170278729755,0.5396194453578691,0.0,2.5,0.6428972122289272
5.236111478514721,-1.427917027872962,0.6500146866606481,0.0,2.5,0.5304663175792678
5.236111478514721,-1.4179170278729623,0.5299527514563904,0.0,2.5,0.5410080887802458
5.236111478514721,-1.4079170278729625,0.4849029069019322,0.0,2.5,0.4942033515386175
5.236111478514721,-1.3979170278729627,0.437370503059842,0.0,2.5,0.4893938908691098
5.236111478514721,-1.387917027872963,0.4525872270010024,0.0,2.5,0.5017466294999359
5.236111478514721,-1.377917027872963,0.4768422855738729,0.0,2.5,0.5062113699928665
5.236111478514721,-1.3679170278729633,0.4667913781912009,0.0,2.5,0.4820062416201734
5.236111478514721,-1.3579170278729635,0.45069250543914413,0.0,2.5,0.4502847902200639
5.236111478514721,-1.3479170278729637,0.4260002500667084,0.0,2.5,0.42926827487432784
5.236111478514721,-1.337917027872964,0.42251799908168225,0.0,2.5,0.4677142002416272
5.236111478514721,-1.3279170278729642,0.42524744721848495,0.0,2.5,0.4893943834012084
5.236111478514721,-1.3179170278729644,0.4262018112649498,0.0,2.5,0.4768776857276142
5.236111478514721,-1.3079170278729646,0.4157675457328427,0.0,2.5,0.4632090708271226
5.236111478514721,-1.2979170278729648,0.4187175134305791,0.0,2.5,0.4538812717298831
5.236111478514721,-1.287917027872965,0.4121825410243891,0.0,2.5,0.4505648343179426
5.236111478514721,-1.2779170278729652,0.4049035974432428,0.0,2.5,0.4585763362708827
5.236111478514721,-1.2679170278729655,0.3986560831924765,0.0,2.5,0.4626310989378949
5.236111478514721,-1.2579170278729657,0.3711658894304918,0.0,2.5,0.4635033005284143
5.236111478514721,-1.2479170278729659,0.3356459556171582,0.0,2.5,0.45892013541884574
5.236111478514721,-1.237917027872966,0.33299676957931135,0.0,2.5,0.4632977092305595
5.236111478514721,-1.2279170278729663,0.3221289182711025,0.0,2.5,0.4593888733300458
5.236111478514721,-1.2179170278729665,0.319076428262556,0.0,2.5,0.47925810960036147
5.236111478514721,-1.2079170278729667,0.34169768780569404,0.0,2.5,0.5118519786674469
5.236111478514721,-1.197917027872967,0.3305900173201015,0.0,2.5,0.4931788787298004
5.236111478514721,-1.1879170278729672,0.29731367841378825,0.0,2.5,0.4436021146998197
5.236111478514721,-1.1779170278729674,0.29156945485174735,0.0,2.5,0.437684686787973
5.236111478514721,-1.1679170278729676,0.2929803233796748,0.0,2.5,0.44022351527465875
5.236111478514721,-1.1579170278729678,0.2717349252767789,0.0,2.5,0.40577124663985376
5.236111478514721,-1.147917027872968,0.2670300847201917,0.0,2.5,0.3913140746473865
5.236111478514721,-1.1379170278729682,0.24989504504415475,0.0,2.5,0.35003398455949014
5.236111478514721,-1.1279170278729684,0.2409031174437483,0.0,2.5,0.3286336587135231
5.236111478514721,-1.1179170278729686,0.24259150666682738,0.0,2.5,0.33188364693263556
5.236111478514721,-1.1079170278729689,0.23071026527863872,0.0,2.5,0.31943072421988017
5.236111478514721,-1.097917027872969,0.24403209984250251,0.0,2.5,0.34894293451316327
5.236111478514721,-1.0879170278729693,0.2623470904344861,0.0,2.5,0.3815223728160592
5.236111478514721,-1.0779170278729695,0.2564763614500875,0.0,2.5,0.3878056193705388
5.236111478514721,-1.0679170278729697,0.292598729700091,0.0,2.5,0.45544137328525713
5.236111478514721,-1.05791702787297,0.32697523057186,0.0,2.5,0.5053296511653075
5.236111478514721,-1.0479170278729701,0.35138943021686475,0.0,2.5,0.5326618640677917
5.236111478514721,-1.0379170278729704,0.3683932635110488,0.0,2.5,0.562133710501621
5.236111478514721,-1.0279170278729706,0.36538770314510194,0.0,2.5,0.5541849755904995
5.236111478514721,-1.0179170278729708,0.36941318390663963,0.0,2.5,0.5488102943672569
5.236111478514721,-1.007917027872971,0.3669806794413649,0.0,2.5,0.5453615545215836
5.236111478514721,-0.9979170278729712,0.38317271797387564,0.0,2.5,0.5571528308310346
5.236111478514721,-0.9879170278729714,0.3717861693078721,0.0,2.5,0.5350003076270268
5.236111478514721,-0.9779170278729716,0.41056528133002435,0.0,2.5,0.5941666689763085
5.236111478514721,-0.9679170278729718,0.4342713835570039,0.0,2.5,0.5805439620132784
5.236111478514721,-0.9579170278729721,0.46362367965465306,0.0,2.5,0.6051736453737419
5.236111478514721,-0.9479170278729723,0.4840367376498696,0.0,2.5,0.6130217433791775
5.236111478514721,-0.9379170278729725,0.5411543033065819,0.0,2.5,0.6199892482457782
5.236111478514721,-0.9279170278729727,0.5472589481994845,0.0,2.5,0.5815062815937112
5.236111478514721,-0.9179170278729729,0.5686238100004941,0.0,2.5,0.6190457787242434
5.236111478514721,-0.9079170278729731,0.5479906866593123,0.0,2.5,0.6410698007842401
5.236111478514721,-0.8979170278729733,0.539748479808312,0.0,2.5,0.6367130414396013
5.236111478514721,-0.8879170278729736,0.5371404654055059,0.0,2.5,0.6395497761334789
5.236111478514721,-0.8779170278729738,0.5180341164081714,0.0,2.5,0.6173086228298947
5.236111478514721,-0.867917027872974,0.5160662181444424,0.0,2.5,0.6247686814502444
5.236111478514721,-0.8579170278729742,0.5123672218882794,0.0,2.5,0.6208629141408949
5.236111478514721,-0.8479170278729744,0.5323574013853173,0.0,2.5,0.6450846599484857
5.236111478514721,-0.8379170278729746,0.5338839868331198,0.0,2.5,0.6462479252546082
5.236111478514721,-0.8279170278729748,0.5333173883977793,0.0,2.5,0.6462479252546082
5.236111478514721,-0.817917027872975,0.5173743964492783,0.0,2.5,0.6264673775215744
5.236111478514721,-0.8079170278729753,0.519221549672848,0.0,2.5,0.6207224604556825
5.236111478514721,-0.7979170278729755,0.7732478184527111,0.0,2.5,0.6289120091973055
5.236111478514721,-0.7879170278729757,0.8172705721302004,0.0,2.5,0.6241932469179393
5.246111478514721,-1.427917027872962,0.683997046724338,0.0,2.5,0.5274491206428931
5.246111478514721,-1.4179170278729623,0.5382163075447898,0.0,2.5,0.531091237653316
5.246111478514721,-1.4079170278729625,0.4957907397117832,0.0,2.5,0.4873854632102069
5.246111478514721,-1.3979170278729627,0.4990704981151439,0.0,2.5,0.49340887919935494
5.246111478514721,-1.387917027872963,0.5260939843355592,0.0,2.5,0.513558673806177
5.246111478514721,-1.377917027872963,0.5019832966516158,0.0,2.5,0.4856767465533303
5.246111478514721,-1.3679170278729633,0.45978897875501584,0.0,2.5,0.4591453738782433
5.246111478514721,-1.3579170278729635,0.4550690261362702,0.0,2.5,0.44956577180038726
5.246111478514721,-1.3479170278729637,0.4156670002581299,0.0,2.5,0.42585821837761223
5.246111478514721,-1.337917027872964,0.4420699542548386,0.0,2.5,0.45070018436202636
5.246111478514721,-1.3279170278729642,0.483391279232497,0.0,2.5,0.4999649733409433
5.246111478514721,-1.3179170278729644,0.43629482611024645,0.0,2.5,0.4572245626700998
5.246111478514721,-1.3079170278729646,0.40643642127686624,0.0,2.5,0.4312879729110205
5.246111478514721,-1.2979170278729648,0.408327998232073,0.0,2.5,0.4225748053014005
5.246111478514721,-1.287917027872965,0.39636797525045364,0.0,2.5,0.40695506920152924
5.246111478514721,-1.2779170278729652,0.41605027628735197,0.0,2.5,0.4274611054836285
5.246111478514721,-1.2679170278729655,0.37886921442043625,0.0,2.5,0.42455959835205914
5.246111478514721,-1.2579170278729657,0.38706896384178,0.0,2.5,0.43764778751178657
5.246111478514721,-1.2479170278729659,0.374484842834953,0.0,2.5,0.4391649148664576
5.246111478514721,-1.237917027872966,0.3501231627615196,0.0,2.5,0.45878541523540883
5.246111478514721,-1.2279170278729663,0.3452538474216507,0.0,2.5,0.46786045417172595
5.246111478514721,-1.2179170278729665,0.33165239810091096,0.0,2.5,0.4674033179363669
5.246111478514721,-1.2079170278729667,0.3187524708400019,0.0,2.5,0.47051305529328524
5.246111478514721,-1.197917027872967,0.3250150739940417,0.0,2.5,0.48798914529293885
5.246111478514721,-1.1879170278729672,0.3203008509962679,0.0,2.5,0.47291212957840406
5.246111478514721,-1.1779170278729674,0.30865098109274025,0.0,2.5,0.46143926001970414
5.246111478514721,-1.1679170278729676,0.3003155593486151,0.0,2.5,0.45117982762720454
5.246111478514721,-1.1579170278729678,0.28716198947248583,0.0,2.5,0.43491721938088246
5.246111478514721,-1.147917027872968,0.27249033162383535,0.0,2.5,0.3985195445606285
5.246111478514721,-1.1379170278729682,0.25452441349006566,0.0,2.5,0.3639717974433068
5.246111478514721,-1.1279170278729684,0.24052502304229623,0.0,2.5,0.33307624602657976
5.246111478514721,-1.1179170278729686,0.24075863146906754,0.0,2.5,0.3284412151395247
5.246111478514721,-1.1079170278729689,0.2376052043396132,0.0,2.5,0.32602632043773383
5.246111478514721,-1.097917027872969,0.23740884970495538,0.0,2.5,0.3264187459130038
5.246111478514721,-1.0879170278729693,0.23373066334672202,0.0,2.5,0.3222596375229813
5.246111478514721,-1.0779170278729695,0.23621522496401126,0.0,2.5,0.3401247543765434
5.246111478514721,-1.0679170278729697,0.22490978284812127,0.0,2.5,0.33591713832791836
5.246111478514721,-1.05791702787297,0.2602029305239252,0.0,2.5,0.39394195278084226
5.246111478514721,-1.0479170278729701,0.29424692165166433,0.0,2.5,0.44748960884542255
5.246111478514721,-1.0379170278729704,0.32724759197901315,0.0,2.5,0.5033725246221935
5.246111478514721,-1.0279170278729706,0.3635028110294507,0.0,2.5,0.5594475981350232
5.246111478514721,-1.0179170278729708,0.3689799122305363,0.0,2.5,0.562887578937906
5.246111478514721,-1.007917027872971,0.363722682155277,0.0,2.5,0.5500225303247757
5.246111478514721,-0.9979170278729712,0.3611857375399978,0.0,2.5,0.5374545471123933
5.246111478514721,-0.9879170278729714,0.3959655314067499,0.0,2.5,0.5363270293381394
5.246111478514721,-0.9779170278729716,0.4143317354525182,0.0,2.5,0.5436674552193599
5.246111478514721,-0.9679170278729718,0.45598695718772964,0.0,2.5,0.6077466134044078
5.246111478514721,-0.9579170278729721,0.4720895381255984,0.0,2.5,0.6145930367157291
5.246111478514721,-0.9479170278729723,0.48956075283625344,0.0,2.5,0.6199290704556756
5.246111478514721,-0.9379170278729725,0.5869137372352192,0.0,2.5,0.6832510588462194
5.246111478514721,-0.9279170278729727,0.6067627523028244,0.0,2.5,0.6099368040047469
5.246111478514721,-0.9179170278729729,0.5802283460502995,0.0,2.5,0.6172903807488102
5.246111478514721,-0.9079170278729731,0.541162907946503,0.0,2.5,0.6341503623449856
5.246111478514721,-0.8979170278729733,0.5422719836691632,0.0,2.5,0.6381718899161379
5.246111478514721,-0.8879170278729736,0.5461093102811618,0.0,2.5,0.6376338901374222
5.246111478514721,-0.8779170278729738,0.5400601390148381,0.0,2.5,0.6467308221128618
5.246111478514721,-0.867917027872974,0.521988130220604,0.0,2.5,0.626213978602367
5.246111478514721,-0.8579170278729742,0.5269422691902813,0.0,2.5,0.633259731871281
5.246111478514721,-0.8479170278729744,0.5276195902481706,0.0,2.5,0.6337755689753534
5.246111478514721,-0.8379170278729746,0.5150047682914195,0.0,2.5,0.6142199771545821
5.246111478514721,-0.8279170278729748,0.514007947809125,0.0,2.5,0.6131296778032372
5.246111478514721,-0.817917027872975,0.5229993306412102,0.0,2.5,0.6238549665508913
5.246111478514721,-0.8079170278729753,0.5300176967521891,0.0,2.5,0.6384379656283405
5.246111478514721,-0.7979170278729755,0.7874599566305138,0.0,2.5,0.6401861342553773
5.246111478514721,-0.7879170278729757,0.8331132267727005,0.0,2.5,0.6396702971513049
5.246111478514721,-0.7779170278729759,0.8002867205122777,0.0,2.5,0.6134597524554832
5.256111478514721,-1.427917027872962,0.6828738849021124,0.0,2.5,0.5309853291896827
5.256111478514721,-1.4179170278729623,0.5216850268748807,0.0,2.5,0.5169292552741764
5.256111478514721,-1.4079170278729625,0.5146814760611362,0.0,2.5,0.49196109459443166
5.256111478514721,-1.3979170278729627,0.5840494805166092,0.0,2.5,0.5002788915498448
5.256111478514721,-1.387917027872963,0.5521823764681492,0.0,2.5,0.4991891245879062
5.256111478514721,-1.377917027872963,0.5144747443455558,0.0,2.5,0.4619757849186795
5.256111478514721,-1.3679170278729633,0.47425770255067295,0.0,2.5,0.4430587462647934
5.256111478514721,-1.3579170278729635,0.43983912229347644,0.0,2.5,0.4395726300489451
5.256111478514721,-1.3479170278729637,0.4454804034738655,0.0,2.5,0.4415865905855406
5.256111478514721,-1.337917027872964,0.4777412406950893,0.0,2.5,0.4754517607530182
5.256111478514721,-1.3279170278729642,0.493763750665534,0.0,2.5,0.497764320871087
5.256111478514721,-1.3179170278729644,0.4700628651483391,0.0,2.5,0.4788949065876579
5.256111478514721,-1.3079170278729646,0.4223056710880186,0.0,2.5,0.4362178555212457
5.256111478514721,-1.2979170278729648,0.3962313470199776,0.0,2.5,0.4123758752160358
5.256111478514721,-1.287917027872965,0.40328512317612825,0.0,2.5,0.41563391495345137
5.256111478514721,-1.2779170278729652,0.4173305734281942,0.0,2.5,0.4275612760212633
5.256111478514721,-1.2679170278729655,0.4156093585567508,0.0,2.5,0.4264207931644501
5.256111478514721,-1.2579170278729657,0.39827659826250766,0.0,2.5,0.42082264958324517
5.256111478514721,-1.2479170278729659,0.397299766821855,0.0,2.5,0.4226588307661722
5.256111478514721,-1.237917027872966,0.39144012566383063,0.0,2.5,0.4341114238071324
5.256111478514721,-1.2279170278729663,0.3659153708113198,0.0,2.5,0.44812648141472494
5.256111478514721,-1.2179170278729665,0.364744856143918,0.0,2.5,0.45745138831750143
5.256111478514721,-1.2079170278729667,0.356624929006448,0.0,2.5,0.4615388364222786
5.256111478514721,-1.197917027872967,0.3460299000338961,0.0,2.5,0.4705887253507655
5.256111478514721,-1.1879170278729672,0.33746145003292577,0.0,2.5,0.48047360952868073
5.256111478514721,-1.1779170278729674,0.3262634031740824,0.0,2.5,0.47362380004028337
5.256111478514721,-1.1679170278729676,0.342886931115103,0.0,2.5,0.5029811937504783
5.256111478514721,-1.1579170278729678,0.30812822077114865,0.0,2.5,0.45231315606553
5.256111478514721,-1.147917027872968,0.2922750065885297,0.0,2.5,0.44018694713315115
5.256111478514721,-1.1379170278729682,0.2514665553130556,0.0,2.5,0.36912457019746686
5.256111478514721,-1.1279170278729684,0.24093093865335877,0.0,2.5,0.33636569605504174
5.256111478514721,-1.1179170278729686,0.2342474872107143,0.0,2.5,0.32161938570677595
5.256111478514721,-1.1079170278729689,0.24679800204905444,0.0,2.5,0.33732855612644047
5.256111478514721,-1.097917027872969,0.23891502111428922,0.0,2.5,0.32790105839237177
5.256111478514721,-1.0879170278729693,0.2293375393920278,0.0,2.5,0.3156721757119248
5.256111478514721,-1.0779170278729695,0.22767229583176593,0.0,2.5,0.3170339401816282
5.256111478514721,-1.0679170278729697,0.24180593581390344,0.0,2.5,0.3382255034370287
5.256111478514721,-1.05791702787297,0.2579015471309427,0.0,2.5,0.37186794756370367
5.256111478514721,-1.0479170278729701,0.23780137958836225,0.0,2.5,0.3547570140125503
5.256111478514721,-1.0379170278729704,0.2636611243460442,0.0,2.5,0.40043571309865544
5.256111478514721,-1.0279170278729706,0.2886755788723265,0.0,2.5,0.4305170356324678
5.256111478514721,-1.0179170278729708,0.3428802626634311,0.0,2.5,0.523718922031823
5.256111478514721,-1.007917027872971,0.3662313538694865,0.0,2.5,0.5685744423443893
5.256111478514721,-0.9979170278729712,0.38181862771519776,0.0,2.5,0.5823643391372034
5.256111478514721,-0.9879170278729714,0.39077172801171994,0.0,2.5,0.5856935782078901
5.256111478514721,-0.9779170278729716,0.40583140159899506,0.0,2.5,0.5489192456560387
5.256111478514721,-0.9679170278729718,0.43090376485631326,0.0,2.5,0.5588690782233459
5.256111478514721,-0.9579170278729721,0.45770456486342886,0.0,2.5,0.5959383928262263
5.256111478514721,-0.9479170278729723,0.4974811499804705,0.0,2.5,0.6218894440954781
5.256111478514721,-0.9379170278729725,0.554603636624032,0.0,2.5,0.6746205804516138
5.256111478514721,-0.9279170278729727,0.6166810174142024,0.0,2.5,0.6462858786970758
5.256111478514721,-0.9179170278729729,0.6023805774619114,0.0,2.5,0.5849946720156398
5.256111478514721,-0.9079170278729731,0.5427723181510543,0.0,2.5,0.5943790144078621
5.256111478514721,-0.8979170278729733,0.538491615874447,0.0,2.5,0.6081508087177415
5.256111478514721,-0.8879170278729736,0.5554195008232691,0.0,2.5,0.6238303600803164
5.256111478514721,-0.8779170278729738,0.5565614024887322,0.0,2.5,0.6414750893215821
5.256111478514721,-0.867917027872974,0.5427862624856102,0.0,2.5,0.655085827290904
5.256111478514721,-0.8579170278729742,0.5101724427558338,0.0,2.5,0.6212440469867773
5.256111478514721,-0.8479170278729744,0.5048125823465505,0.0,2.5,0.6140775760316478
5.256111478514721,-0.8379170278729746,0.4964553207912801,0.0,2.5,0.6090434031665929
5.256111478514721,-0.8279170278729748,0.4963328172423732,0.0,2.5,0.6065408775562566
5.256111478514721,-0.817917027872975,0.4920141065606268,0.0,2.5,0.5994331962741264
5.256111478514721,-0.8079170278729753,0.49741798904996115,0.0,2.5,0.6032348260065182
5.256111478514721,-0.7979170278729755,0.4975661389020377,0.0,2.5,0.602359802605165
5.256111478514721,-0.7879170278729757,0.5088314466544415,0.0,2.5,0.6206494217209535
5.256111478514721,-0.7779170278729759,0.7594320846711471,0.0,2.5,0.6113970395810409
5.256111478514721,-0.7679170278729761,0.7465675513243373,0.0,2.5,0.6059153333142578
5.266111478514721,-1.427917027872962,0.6867842249505351,0.0,2.5,0.533638267824341
5.266111478514721,-1.4179170278729623,0.6058201413072705,0.0,2.5,0.5148938965620686
5.266111478514721,-1.4079170278729625,0.5777298891087638,0.0,2.5,0.4959207248235594
5.266111478514721,-1.3979170278729627,0.6331781919254753,0.0,2.5,0.5110235256896505
5.266111478514721,-1.387917027872963,0.5986235833159066,0.0,2.5,0.4909277410995816
5.266111478514721,-1.377917027872963,0.5093406621713078,0.0,2.5,0.44564166316503934
5.266111478514721,-1.3679170278729633,0.4858082438764407,0.0,2.5,0.44831749948202193
5.266111478514721,-1.3579170278729635,0.4513851888181686,0.0,2.5,0.4405868499620714
5.266111478514721,-1.3479170278729637,0.5207657658436877,0.0,2.5,0.5163996137211977
5.266111478514721,-1.337917027872964,0.5711691120525296,0.0,2.5,0.5746637579866616
5.266111478514721,-1.3279170278729642,0.5802659225319108,0.0,2.5,0.5897604239222278
5.266111478514721,-1.3179170278729644,0.5430888169479517,0.0,2.5,0.5436690132924696
5.266111478514721,-1.3079170278729646,0.46648050086740667,0.0,2.5,0.4689709683570349
5.266111478514721,-1.2979170278729648,0.43451075239102954,0.0,2.5,0.44089655261558214
5.266111478514721,-1.287917027872965,0.41397379865395206,0.0,2.5,0.41555724212183576
5.266111478514721,-1.2779170278729652,0.42131267457789007,0.0,2.5,0.4302768875875719
5.266111478514721,-1.2679170278729655,0.42215723867072913,0.0,2.5,0.4275820987649454
5.266111478514721,-1.2579170278729657,0.4263344512242484,0.0,2.5,0.4355290527609793
5.266111478514721,-1.2479170278729659,0.4163610624325581,0.0,2.5,0.44000769398131323
5.266111478514721,-1.237917027872966,0.4023628662893501,0.0,2.5,0.4254998770474293
5.266111478514721,-1.2279170278729663,0.4107233571538069,0.0,2.5,0.4417614674610421
5.266111478514721,-1.2179170278729665,0.40090082172791386,0.0,2.5,0.48243450934468635
5.266111478514721,-1.2079170278729667,0.38812345689961164,0.0,2.5,0.4699925530244161
5.266111478514721,-1.197917027872967,0.36003221302111077,0.0,2.5,0.4530250465992844
5.266111478514721,-1.1879170278729672,0.3607133992573782,0.0,2.5,0.46177303006017145
5.266111478514721,-1.1779170278729674,0.3468667414097875,0.0,2.5,0.4616551849550084
5.266111478514721,-1.1679170278729676,0.36228579214932954,0.0,2.5,0.4784639881601496
5.266111478514721,-1.1579170278729678,0.3584629229780525,0.0,2.5,0.5197266437129504
5.266111478514721,-1.147917027872968,0.3059138155568759,0.0,2.5,0.4568340355566066
5.266111478514721,-1.1379170278729682,0.2997494526030626,0.0,2.5,0.4447620424880134
5.266111478514721,-1.1279170278729684,0.25353278166199633,0.0,2.5,0.37302576016561007
5.266111478514721,-1.1179170278729686,0.2285148608254906,0.0,2.5,0.31968412258606904
5.266111478514721,-1.1079170278729689,0.2393355254860695,0.0,2.5,0.33101167398919507
5.266111478514721,-1.097917027872969,0.23188854979361748,0.0,2.5,0.31882632204449823
5.266111478514721,-1.0879170278729693,0.22310819305156276,0.0,2.5,0.310514931865269
5.266111478514721,-1.0779170278729695,0.23453447603607092,0.0,2.5,0.32921002918127756
5.266111478514721,-1.0679170278729697,0.23888280471199297,0.0,2.5,0.3417705819968041
5.266111478514721,-1.05791702787297,0.24690447565799473,0.0,2.5,0.356330387466633
5.266111478514721,-1.0479170278729701,0.25365997057855116,0.0,2.5,0.3669228186474538
5.266111478514721,-1.0379170278729704,0.2683729335747629,0.0,2.5,0.39106567743352333
5.266111478514721,-1.0279170278729706,0.2557805792492285,0.0,2.5,0.3816157140522059
5.266111478514721,-1.0179170278729708,0.2658368204124253,0.0,2.5,0.3959003356157329
5.266111478514721,-1.007917027872971,0.32593620590351735,0.0,2.5,0.47539910643888356
5.266111478514721,-0.9979170278729712,0.35486629354631966,0.0,2.5,0.5348745454490946
5.266111478514721,-0.9879170278729714,0.3970347722647842,0.0,2.5,0.6119766949128432
5.266111478514721,-0.9779170278729716,0.3561381404049808,0.0,2.5,0.5481851988279345
5.266111478514721,-0.9679170278729718,0.373825508071136,0.0,2.5,0.5411172977498975
5.266111478514721,-0.9579170278729721,0.4326683404777061,0.0,2.5,0.5529924145438051
5.266111478514721,-0.9479170278729723,0.4736152344843482,0.0,2.5,0.6079884222631556
5.266111478514721,-0.9379170278729725,0.5004359091419915,0.0,2.5,0.6115205987326771
5.266111478514721,-0.9279170278729727,0.6236575086481999,0.0,2.5,0.6940214307875306
5.266111478514721,-0.9179170278729729,0.638546107198728,0.0,2.5,0.6209479006034611
5.266111478514721,-0.9079170278729731,0.6093348580773877,0.0,2.5,0.594971362289339
5.266111478514721,-0.8979170278729733,0.547856751161221,0.0,2.5,0.5864726107755844
5.266111478514721,-0.8879170278729736,0.5376076786963119,0.0,2.5,0.5882027642065777
5.266111478514721,-0.8779170278729738,0.5417025682210943,0.0,2.5,0.6146583356863974
5.266111478514721,-0.867917027872974,0.5448904075825962,0.0,2.5,0.6251584306305672
5.266111478514721,-0.8579170278729742,0.5361002862287811,0.0,2.5,0.6449881060899674
5.266111478514721,-0.8479170278729744,0.5276481500996533,0.0,2.5,0.6373072751851326
5.266111478514721,-0.8379170278729746,0.5025063669998042,0.0,2.5,0.6066749468659158
5.266111478514721,-0.8279170278729748,0.49682650644472015,0.0,2.5,0.6041883034778516
5.266111478514721,-0.817917027872975,0.49683337855481696,0.0,2.5,0.6042265921853273
5.266111478514721,-0.8079170278729753,0.5003416943666109,0.0,2.5,0.6083520814210295
5.266111478514721,-0.7979170278729755,0.5025565356160158,0.0,2.5,0.6024585438671757
5.266111478514721,-0.7879170278729757,0.510778645086592,0.0,2.5,0.6077888918337004
5.266111478514721,-0.7779170278729759,0.48607873674620394,0.0,2.5,0.5988239617684431
5.266111478514721,-0.7679170278729761,0.5083901803214266,0.0,2.5,0.6283225383536546
5.266111478514721,-0.7579170278729763,0.7229746747851103,0.0,2.5,0.5977085030190614
5.2761114785147205,-1.4379170278729618,0.7471618974637172,0.0,2.5,0.5619022691386183
5.2761114785147205,-1.427917027872962,0.6436726730879868,0.0,2.5,0.5475416909139647
5.2761114785147205,-1.4179170278729623,0.568724330264999,0.0,2.5,0.5095415494569822
5.2761114785147205,-1.4079170278729625,0.6375786134745641,0.0,2.5,0.5192573366240159
5.2761114785147205,-1.3979170278729627,0.6415885939371112,0.0,2.5,0.5025960894534233
5.2761114785147205,-1.387917027872963,0.5956578737356275,0.0,2.5,0.45276536232300024
5.2761114785147205,-1.377917027872963,0.5131900548416457,0.0,2.5,0.43633159747660444
5.2761114785147205,-1.3679170278729633,0.5999753671314737,0.0,2.5,0.5166727026804994
5.2761114785147205,-1.3579170278729635,0.6094608825252049,0.0,2.5,0.5687119021672072
5.2761114785147205,-1.3479170278729637,0.5841135319287478,0.0,2.5,0.5629661544413994
5.2761114785147205,-1.337917027872964,0.5953634776118308,0.0,2.5,0.5767167509813204
5.2761114785147205,-1.3279170278729642,0.6065093373257338,0.0,2.5,0.5933585391038833
5.2761114785147205,-1.3179170278729644,0.6447954875592042,0.0,2.5,0.6150437694234723
5.2761114785147205,-1.3079170278729646,0.6416313340358443,0.0,2.5,0.5821059404407558
5.2761114785147205,-1.2979170278729648,0.5594774312011686,0.0,2.5,0.49687255156600535
5.2761114785147205,-1.287917027872965,0.5353767091672972,0.0,2.5,0.472179153947818
5.2761114785147205,-1.2779170278729652,0.4828945929843703,0.0,2.5,0.4416159684123595
5.2761114785147205,-1.2679170278729655,0.46317457124452405,0.0,2.5,0.4247821029661779
5.2761114785147205,-1.2579170278729657,0.43409263862487346,0.0,2.5,0.4130483816820587
5.2761114785147205,-1.2479170278729659,0.44056121074841587,0.0,2.5,0.42244925461037186
5.2761114785147205,-1.237917027872966,0.44656514395880087,0.0,2.5,0.4344540230370569
5.2761114785147205,-1.2279170278729663,0.4195179650235952,0.0,2.5,0.4449629373817078
5.2761114785147205,-1.2179170278729665,0.41275944131786846,0.0,2.5,0.4461653232875953
5.2761114785147205,-1.2079170278729667,0.3981484433351939,0.0,2.5,0.4668897584414361
5.2761114785147205,-1.197917027872967,0.3993362005221692,0.0,2.5,0.4812597118704806
5.2761114785147205,-1.1879170278729672,0.3784731115374873,0.0,2.5,0.45979177169550617
5.2761114785147205,-1.1779170278729674,0.3676496130714678,0.0,2.5,0.4693375873049689
5.2761114785147205,-1.1679170278729676,0.3579915475337295,0.0,2.5,0.46350597494013224
5.2761114785147205,-1.1579170278729678,0.3847168537096695,0.0,2.5,0.4977050755160023
5.2761114785147205,-1.147917027872968,0.366948980637326,0.0,2.5,0.5130379413992512
5.2761114785147205,-1.1379170278729682,0.300110344920848,0.0,2.5,0.4388001906338998
5.2761114785147205,-1.1279170278729684,0.3020499442515843,0.0,2.5,0.44586780144793225
5.2761114785147205,-1.1179170278729686,0.25603436968130167,0.0,2.5,0.37002564857088155
5.2761114785147205,-1.1079170278729689,0.23038357287647535,0.0,2.5,0.3189682361415974
5.2761114785147205,-1.097917027872969,0.23535855600348637,0.0,2.5,0.3253279483718131
5.2761114785147205,-1.0879170278729693,0.22590116265370022,0.0,2.5,0.3165300957574741
5.2761114785147205,-1.0779170278729695,0.24331223745177755,0.0,2.5,0.3396166944903939
5.2761114785147205,-1.0679170278729697,0.24889173774262371,0.0,2.5,0.3575373914311846
5.2761114785147205,-1.05791702787297,0.2550313900899179,0.0,2.5,0.36803151832325764
5.2761114785147205,-1.0479170278729701,0.25307268260590204,0.0,2.5,0.36783902522408307
5.2761114785147205,-1.0379170278729704,0.26684859078348805,0.0,2.5,0.38879693672303645
5.2761114785147205,-1.0279170278729706,0.25963612173282774,0.0,2.5,0.38657296556414483
5.2761114785147205,-1.0179170278729708,0.25442624544460674,0.0,2.5,0.3797426906392946
5.2761114785147205,-1.007917027872971,0.28289089330117295,0.0,2.5,0.4199861844452286
5.2761114785147205,-0.9979170278729712,0.30412298550472133,0.0,2.5,0.45130845362888516
5.2761114785147205,-0.9879170278729714,0.33711433505477667,0.0,2.5,0.4943538406385122
5.2761114785147205,-0.9779170278729716,0.3560838738601978,0.0,2.5,0.5248006690448052
5.2761114785147205,-0.9679170278729718,0.37244689916794993,0.0,2.5,0.5637558468390269
5.2761114785147205,-0.9579170278729721,0.3629059299447009,0.0,2.5,0.531155585730284
5.2761114785147205,-0.9479170278729723,0.3628870923941632,0.0,2.5,0.525416146034911
5.2761114785147205,-0.9379170278729725,0.4796105226071983,0.0,2.5,0.6055276645642297
5.2761114785147205,-0.9279170278729727,0.5612037094956969,0.0,2.5,0.6715464051629556
5.2761114785147205,-0.9179170278729729,0.6179737705035266,0.0,2.5,0.6699171742155481
5.2761114785147205,-0.9079170278729731,0.6542345753186232,0.0,2.5,0.6483887963886159
5.2761114785147205,-0.8979170278729733,0.5714069848285843,0.0,2.5,0.5935772585340455
5.2761114785147205,-0.8879170278729736,0.55194348637686,0.0,2.5,0.5967970277479102
5.2761114785147205,-0.8779170278729738,0.544830401212427,0.0,2.5,0.5800155685460266
5.2761114785147205,-0.867917027872974,0.5150079415741515,0.0,2.5,0.577124457132153
5.2761114785147205,-0.8579170278729742,0.5173953419311095,0.0,2.5,0.5812950003181908
5.2761114785147205,-0.8479170278729744,0.4848872849890717,0.0,2.5,0.5756667511732649
5.2761114785147205,-0.8379170278729746,0.46446699392145274,0.0,2.5,0.5608165256043
5.2761114785147205,-0.8279170278729748,0.4310028000729503,0.0,2.5,0.5207938593291176
5.2761114785147205,-0.817917027872975,0.43542788678347094,0.0,2.5,0.5295732019044684
5.2761114785147205,-0.8079170278729753,0.4398901904466371,0.0,2.5,0.5293266610239653
5.2761114785147205,-0.7979170278729755,0.45056034833383624,0.0,2.5,0.5315732019044684
5.2761114785147205,-0.7879170278729757,0.46969349602144866,0.0,2.5,0.5645794608428105
5.2761114785147205,-0.7779170278729759,0.46295051628555073,0.0,2.5,0.5768883349126934
5.2761114785147205,-0.7679170278729761,0.4343716599552014,0.0,2.5,0.5545623623871547
5.2761114785147205,-0.7579170278729763,0.42363991033215315,0.0,2.5,0.5328092850751784
5.2761114785147205,-0.7479170278729765,0.4184279800263902,0.0,2.5,0.5259619400717336
5.2761114785147205,-0.7379170278729767,0.45276775152413307,0.0,2.5,0.5532847381586763
5.28611147851472,-1.4379170278729618,0.7447687528262644,0.0,2.5,0.5664307355084802
5.28611147851472,-1.427917027872962,0.6709935435779988,0.0,2.5,0.5560341719263487
5.28611147851472,-1.4179170278729623,0.6670579401646227,0.0,2.5,0.5342642296754231
5.28611147851472,-1.4079170278729625,0.7044102564281002,0.0,2.5,0.5275690077826583
5.28611147851472,-1.3979170278729627,0.637429028956632,0.0,2.5,0.47553759196085493
5.28611147851472,-1.387917027872963,0.5816311929951937,0.0,2.5,0.43493498644397094
5.28611147851472,-1.377917027872963,0.7238570466675632,0.0,2.5,0.5341691631712597
5.28611147851472,-1.3679170278729633,0.6922071584898544,0.0,2.5,0.574294846782492
5.28611147851472,-1.3579170278729635,0.650685308206375,0.0,2.5,0.5643462835540078
5.28611147851472,-1.3479170278729637,0.6787680192900408,0.0,2.5,0.5648349593671196
5.28611147851472,-1.337917027872964,0.7044217030327308,0.0,2.5,0.5833171799436558
5.28611147851472,-1.3279170278729642,0.7095857718029617,0.0,2.5,0.5787035742596196
5.28611147851472,-1.3179170278729644,0.7260244461373233,0.0,2.5,0.5923570177577773
5.28611147851472,-1.3079170278729646,0.6811889487731769,0.0,2.5,0.5810516831118205
5.28611147851472,-1.2979170278729648,0.6551752268126352,0.0,2.5,0.5632621550865263
5.28611147851472,-1.287917027872965,0.6354515486498932,0.0,2.5,0.5612979449495679
5.28611147851472,-1.2779170278729652,0.6220033652345969,0.0,2.5,0.5250284941912325
5.28611147851472,-1.2679170278729655,0.554262881953951,0.0,2.5,0.4708675054119004
5.28611147851472,-1.2579170278729657,0.5107711367320464,0.0,2.5,0.43672304084962127
5.28611147851472,-1.2479170278729659,0.4731991379502628,0.0,2.5,0.40692651856222367
5.28611147851472,-1.237917027872966,0.4558302215088805,0.0,2.5,0.4066555195402092
5.28611147851472,-1.2279170278729663,0.4775338493091941,0.0,2.5,0.43169534275453125
5.28611147851472,-1.2179170278729665,0.48163224107648656,0.0,2.5,0.46044956409655613
5.28611147851472,-1.2079170278729667,0.46239982995159207,0.0,2.5,0.4368579849692048
5.28611147851472,-1.197917027872967,0.46643524227189703,0.0,2.5,0.4627506889779954
5.28611147851472,-1.1879170278729672,0.44039140990990977,0.0,2.5,0.47110243480004754
5.28611147851472,-1.1779170278729674,0.4166348268763704,0.0,2.5,0.4590992751001491
5.28611147851472,-1.1679170278729676,0.4024814447828451,0.0,2.5,0.4519461994740121
5.28611147851472,-1.1579170278729678,0.3918959497093,0.0,2.5,0.44842553569960236
5.28611147851472,-1.147917027872968,0.3495544071847023,0.0,2.5,0.4503753225755218
5.28611147851472,-1.1379170278729682,0.3753200263790581,0.0,2.5,0.5161528482966926
5.28611147851472,-1.1279170278729684,0.3023270119277663,0.0,2.5,0.44172631930807765
5.28611147851472,-1.1179170278729686,0.2897051198547887,0.0,2.5,0.42200150758981525
5.28611147851472,-1.1079170278729689,0.2805912391147832,0.0,2.5,0.39907788407297035
5.28611147851472,-1.097917027872969,0.23402368873205232,0.0,2.5,0.3242938099595927
5.28611147851472,-1.0879170278729693,0.24305524426019048,0.0,2.5,0.33935264196023457
5.28611147851472,-1.0779170278729695,0.25550773346995426,0.0,2.5,0.3675893754924145
5.28611147851472,-1.0679170278729697,0.26355243100446674,0.0,2.5,0.38085997523777987
5.28611147851472,-1.05791702787297,0.27422994655364885,0.0,2.5,0.4026314282549098
5.28611147851472,-1.0479170278729701,0.2892590088673962,0.0,2.5,0.42245841953308483
5.28611147851472,-1.0379170278729704,0.28558800589601874,0.0,2.5,0.4247369328074397
5.28611147851472,-1.0279170278729706,0.277649799754454,0.0,2.5,0.4124266528560831
5.28611147851472,-1.0179170278729708,0.28361747467619663,0.0,2.5,0.4204197581774905
5.28611147851472,-1.007917027872971,0.29494217826137425,0.0,2.5,0.4358488048961498
5.28611147851472,-0.9979170278729712,0.30667666908949825,0.0,2.5,0.45262906160868455
5.28611147851472,-0.9879170278729714,0.3111678038780546,0.0,2.5,0.4568307701126807
5.28611147851472,-0.9779170278729716,0.354182475387829,0.0,2.5,0.4992852280071205
5.28611147851472,-0.9679170278729718,0.36005190566031536,0.0,2.5,0.5140944285479345
5.28611147851472,-0.9579170278729721,0.3727235577878492,0.0,2.5,0.5385071980999925
5.28611147851472,-0.9479170278729723,0.34231018788108697,0.0,2.5,0.51810565153452
5.28611147851472,-0.9379170278729725,0.34725320257468584,0.0,2.5,0.5181107196193788
5.28611147851472,-0.9279170278729727,0.4597665737684786,0.0,2.5,0.6086619639725644
5.28611147851472,-0.9179170278729729,0.6027079403941241,0.0,2.5,0.673849275862795
5.28611147851472,-0.9079170278729731,0.6061225274400048,0.0,2.5,0.660890600720541
5.28611147851472,-0.8979170278729733,0.6256212260746762,0.0,2.5,0.65257747944986
5.28611147851472,-0.8879170278729736,0.5791250016408905,0.0,2.5,0.6001506837444983
5.28611147851472,-0.8779170278729738,0.5161237734269892,0.0,2.5,0.5204443232904739
5.28611147851472,-0.867917027872974,0.5210295613514966,0.0,2.5,0.5399225418921921
5.28611147851472,-0.8579170278729742,0.4818161298045571,0.0,2.5,0.5334390356292982
5.28611147851472,-0.8479170278729744,0.48221869779390136,0.0,2.5,0.5393874694618485
5.28611147851472,-0.8379170278729746,0.47048659529191417,0.0,2.5,0.5446779650575455
5.28611147851472,-0.8279170278729748,0.448780083544442,0.0,2.5,0.5465308538319305
5.28611147851472,-0.817917027872975,0.41299119348464625,0.0,2.5,0.5034072584503461
5.28611147851472,-0.8079170278729753,0.41932691183031034,0.0,2.5,0.4998964623870567
5.28611147851472,-0.7979170278729755,0.3877641352242916,0.0,2.5,0.4565248221275913
5.28611147851472,-0.7879170278729757,0.43978392348052775,0.0,2.5,0.5331433328169832
5.28611147851472,-0.7779170278729759,0.412861792980213,0.0,2.5,0.5182703283436692
5.28611147851472,-0.7679170278729761,0.42244555897367314,0.0,2.5,0.5328016437419015
5.28611147851472,-0.7579170278729763,0.4332429187894869,0.0,2.5,0.5308688411261935
5.28611147851472,-0.7479170278729765,0.4456695643317928,0.0,2.5,0.5488025562804735
5.28611147851472,-0.7379170278729767,0.40169833311215236,0.0,2.5,0.5037841027973586
5.29611147851472,-1.4479170278729616,0.7546847338677362,0.0,2.5,0.6116790460709551
5.29611147851472,-1.4379170278729618,0.665923892907758,0.0,2.5,0.5886893224145645
5.29611147851472,-1.427917027872962,0.7333732190469253,0.0,2.5,0.5702825860378139
5.29611147851472,-1.4179170278729623,0.7354574680440072,0.0,2.5,0.5626592197081586
5.29611147851472,-1.4079170278729625,0.7337091730370654,0.0,2.5,0.5274010595197235
5.29611147851472,-1.3979170278729627,0.7231458644237646,0.0,2.5,0.4998921697246979
5.29611147851472,-1.387917027872963,0.7419027538205984,0.0,2.5,0.5352595138615173
5.29611147851472,-1.377917027872963,0.7318786079273735,0.0,2.5,0.5809002370212304
5.29611147851472,-1.3679170278729633,0.7013879526379635,0.0,2.5,0.5762504221254872
5.29611147851472,-1.3579170278729635,0.6620510086559435,0.0,2.5,0.5254245113111318
5.29611147851472,-1.3479170278729637,0.6779598735937025,0.0,2.5,0.5437006410855179
5.29611147851472,-1.337917027872964,0.6875304198561186,0.0,2.5,0.5514111375245959
5.29611147851472,-1.3279170278729642,0.7019518240633543,0.0,2.5,0.5538928850486454
5.29611147851472,-1.3179170278729644,0.7334237198611078,0.0,2.5,0.572541649845672
5.29611147851472,-1.3079170278729646,0.7378259222004215,0.0,2.5,0.580785533998695
5.29611147851472,-1.2979170278729648,0.7483860849313861,0.0,2.5,0.5903502754623776
5.29611147851472,-1.287917027872965,0.7084259787100768,0.0,2.5,0.5500842747641385
5.29611147851472,-1.2779170278729652,0.6500921503326135,0.0,2.5,0.5300827854346627
5.29611147851472,-1.2679170278729655,0.6725666632425142,0.0,2.5,0.5436605844810111
5.29611147851472,-1.2579170278729657,0.671811450675572,0.0,2.5,0.5319431549121473
5.29611147851472,-1.2479170278729659,0.6750847396126277,0.0,2.5,0.502471815270785
5.29611147851472,-1.237917027872966,0.6017528276687915,0.0,2.5,0.4545734418170935
5.29611147851472,-1.2279170278729663,0.5475322665769814,0.0,2.5,0.42333963110783135
5.29611147851472,-1.2179170278729665,0.5743004368755753,0.0,2.5,0.447419962284159
5.29611147851472,-1.2079170278729667,0.5299932364226635,0.0,2.5,0.42547795310792386
5.29611147851472,-1.197917027872967,0.44607637688756907,0.0,2.5,0.3980989130627526
5.29611147851472,-1.1879170278729672,0.44955906175808563,0.0,2.5,0.405404663796062
5.29611147851472,-1.1779170278729674,0.49500215042702395,0.0,2.5,0.4734146493141642
5.29611147851472,-1.1679170278729676,0.4252597459285266,0.0,2.5,0.45338367454182366
5.29611147851472,-1.1579170278729678,0.4222745596677646,0.0,2.5,0.4419806260454724
5.29611147851472,-1.147917027872968,0.38131097383782764,0.0,2.5,0.4243618673503575
5.29611147851472,-1.1379170278729682,0.3778747500279197,0.0,2.5,0.48470988539262616
5.29611147851472,-1.1279170278729684,0.38085452070001574,0.0,2.5,0.5421513190620895
5.29611147851472,-1.1179170278729686,0.30806490927413327,0.0,2.5,0.4433983976415883
5.29611147851472,-1.1079170278729689,0.29647982931024053,0.0,2.5,0.42252469727286107
5.29611147851472,-1.097917027872969,0.28384678153759646,0.0,2.5,0.3955628633869695
5.29611147851472,-1.0879170278729693,0.2834600072641798,0.0,2.5,0.40423464556332317
5.29611147851472,-1.0779170278729695,0.2860273555467879,0.0,2.5,0.41262644186775455
5.29611147851472,-1.0679170278729697,0.28266763172206466,0.0,2.5,0.4144160998711991
5.29611147851472,-1.05791702787297,0.28790864489319457,0.0,2.5,0.41884631422109
5.29611147851472,-1.0479170278729701,0.3028202151848521,0.0,2.5,0.4494693530413427
5.29611147851472,-1.0379170278729704,0.29453185652487046,0.0,2.5,0.4367827700507849
5.29611147851472,-1.0279170278729706,0.29921980225595785,0.0,2.5,0.43277927102718566
5.29611147851472,-1.0179170278729708,0.2992116995316551,0.0,2.5,0.4313664373886505
5.29611147851472,-1.007917027872971,0.31407637980175546,0.0,2.5,0.44988715453702643
5.29611147851472,-0.9979170278729712,0.32311450449916757,0.0,2.5,0.4620838473562056
5.29611147851472,-0.9879170278729714,0.3326596624821999,0.0,2.5,0.4710483924172095
5.29611147851472,-0.9779170278729716,0.36754183194622536,0.0,2.5,0.5166607947180014
5.29611147851472,-0.9679170278729718,0.36755163354577164,0.0,2.5,0.5164751143271874
5.29611147851472,-0.9579170278729721,0.37557908912943055,0.0,2.5,0.5302483541202911
5.29611147851472,-0.9479170278729723,0.39187759921910365,0.0,2.5,0.5543433333323772
5.29611147851472,-0.9379170278729725,0.37784004027553086,0.0,2.5,0.5434002616195104
5.29611147851472,-0.9279170278729727,0.3571327999862667,0.0,2.5,0.5446112435904735
5.29611147851472,-0.9179170278729729,0.401311436407617,0.0,2.5,0.5618587268955174
5.29611147851472,-0.9079170278729731,0.5045090015152988,0.0,2.5,0.6311976684050434
5.29611147851472,-0.8979170278729733,0.5012243294805953,0.0,2.5,0.5956804055188881
5.29611147851472,-0.8879170278729736,0.5332318840725738,0.0,2.5,0.5825680594070294
5.29611147851472,-0.8779170278729738,0.6052658348666842,0.0,2.5,0.5938723997428357
5.29611147851472,-0.867917027872974,0.635209182317502,0.0,2.5,0.599552071969972
5.29611147851472,-0.8579170278729742,0.56429963948998,0.0,2.5,0.593958042060163
5.29611147851472,-0.8479170278729744,0.49820144611988276,0.0,2.5,0.5885102473895534
5.29611147851472,-0.8379170278729746,0.4767551234416062,0.0,2.5,0.5731440597602334
5.29611147851472,-0.8279170278729748,0.446438392319862,0.0,2.5,0.5663909214462945
5.29611147851472,-0.817917027872975,0.46022786188309867,0.0,2.5,0.5702613690876908
5.29611147851472,-0.8079170278729753,0.4442195904117446,0.0,2.5,0.5296039465413415
5.29611147851472,-0.7979170278729755,0.4057991332276773,0.0,2.5,0.4845096853263804
5.29611147851472,-0.7879170278729757,0.41929155587252187,0.0,2.5,0.5238527784171211
5.29611147851472,-0.7779170278729759,0.4218430574000501,0.0,2.5,0.5319080252406994
5.29611147851472,-0.7679170278729761,0.4337163998929795,0.0,2.5,0.5516195511129051
5.29611147851472,-0.7579170278729763,0.4362210283316873,0.0,2.5,0.5453277280592883
5.29611147851472,-0.7479170278729765,0.416156455243576,0.0,2.5,0.5112273394632114
5.29611147851472,-0.7379170278729767,0.40267359001755426,0.0,2.5,0.5123626800369474
5.29611147851472,-0.727917027872977,0.37230497365097676,0.0,2.5,0.4919875265538207
5.30611147851472,-1.4879170278729608,0.7050831072153521,0.0,2.5,0.6064690138037012
5.30611147851472,-1.477917027872961,0.6940064977494368,0.0,2.5,0.6262615006220213
5.30611147851472,-1.4679170278729612,0.7763346370040004,0.0,2.5,0.6230893614533642
5.30611147851472,-1.4579170278729614,0.7586142781454034,0.0,2.5,0.6168993211305432
5.30611147851472,-1.4479170278729616,0.74989147028252,0.0,2.5,0.6134118401944306
5.30611147851472,-1.4379170278729618,0.8183200182664431,0.0,2.5,0.6087130308778302
5.30611147851472,-1.427917027872962,0.8289944311538494,0.0,2.5,0.5905180170178009
5.30611147851472,-1.4179170278729623,0.8333122019178149,0.0,2.5,0.5735213130843455
5.30611147851472,-1.4079170278729625,0.8047901979098596,0.0,2.5,0.5419733667186754
5.30611147851472,-1.3979170278729627,0.7705741106635831,0.0,2.5,0.5798070292891836
5.30611147851472,-1.387917027872963,0.7456653654144889,0.0,2.5,0.5613548603842026
5.30611147851472,-1.377917027872963,0.7713483158794316,0.0,2.5,0.5622334558892796
5.30611147851472,-1.3679170278729633,0.6806517084403322,0.0,2.5,0.5384852647180606
5.30611147851472,-1.3579170278729635,0.6934429316509835,0.0,2.5,0.5499976948576946
5.30611147851472,-1.3479170278729637,0.7032770100034235,0.0,2.5,0.5612588996359107
5.30611147851472,-1.337917027872964,0.7149221656665316,0.0,2.5,0.568479778312277
5.30611147851472,-1.3279170278729642,0.7433744285136137,0.0,2.5,0.556953525650193
5.30611147851472,-1.3179170278729644,0.7551981036015647,0.0,2.5,0.5651418149225278
5.30611147851472,-1.3079170278729646,0.7456930860310391,0.0,2.5,0.557198837594054
5.30611147851472,-1.2979170278729648,0.7226984263198225,0.0,2.5,0.5716267277395519
5.30611147851472,-1.287917027872965,0.7194049186923414,0.0,2.5,0.5634148123404413
5.30611147851472,-1.2779170278729652,0.7227227395308828,0.0,2.5,0.5557192361373644
5.30611147851472,-1.2679170278729655,0.701298304016693,0.0,2.5,0.5400552514679339
5.30611147851472,-1.2579170278729657,0.6890639430311014,0.0,2.5,0.5344170156826595
5.30611147851472,-1.2479170278729659,0.6623006159530551,0.0,2.5,0.5356720015704552
5.30611147851472,-1.237917027872966,0.6560444450423369,0.0,2.5,0.5297657264776237
5.30611147851472,-1.2279170278729663,0.6782030010054316,0.0,2.5,0.5131012058797644
5.30611147851472,-1.2179170278729665,0.6193684382931565,0.0,2.5,0.4576559845229604
5.30611147851472,-1.2079170278729667,0.5282724797841011,0.0,2.5,0.4031813382091365
5.30611147851472,-1.197917027872967,0.49600448344453496,0.0,2.5,0.3901369893197139
5.30611147851472,-1.1879170278729672,0.4502612073811966,0.0,2.5,0.391327227055658
5.30611147851472,-1.1779170278729674,0.49426179721193225,0.0,2.5,0.44402662353168865
5.30611147851472,-1.1679170278729676,0.4557399129651815,0.0,2.5,0.45007327158796717
5.30611147851472,-1.1579170278729678,0.4200015766912297,0.0,2.5,0.4380816107173725
5.30611147851472,-1.147917027872968,0.3896248835827814,0.0,2.5,0.40622768120167346
5.30611147851472,-1.1379170278729682,0.40180305352659124,0.0,2.5,0.4286262658089936
5.30611147851472,-1.1279170278729684,0.40855178973632644,0.0,2.5,0.5222730154019125
5.30611147851472,-1.1179170278729686,0.36323510687945554,0.0,2.5,0.5226087569472977
5.30611147851472,-1.1079170278729689,0.31816891942237097,0.0,2.5,0.4550747367514017
5.30611147851472,-1.097917027872969,0.2889025564756229,0.0,2.5,0.4093218816031101
5.30611147851472,-1.0879170278729693,0.2800311694343105,0.0,2.5,0.4062560670878413
5.30611147851472,-1.0779170278729695,0.29484901667504204,0.0,2.5,0.41741970767290004
5.30611147851472,-1.0679170278729697,0.2952752055262238,0.0,2.5,0.416563245087866
5.30611147851472,-1.05791702787297,0.31033977442316796,0.0,2.5,0.4465354600510754
5.30611147851472,-1.0479170278729701,0.29656338866105775,0.0,2.5,0.42645350031199986
5.30611147851472,-1.0379170278729704,0.2960993671903388,0.0,2.5,0.42543876667937347
5.30611147851472,-1.0279170278729706,0.2994411917916705,0.0,2.5,0.4309649723114409
5.30611147851472,-1.0179170278729708,0.3107900858546508,0.0,2.5,0.44342823968498046
5.30611147851472,-1.007917027872971,0.32742656193531333,0.0,2.5,0.4642554771870955
5.30611147851472,-0.9979170278729712,0.3358824665986615,0.0,2.5,0.47445343166242754
5.30611147851472,-0.9879170278729714,0.3666628739528742,0.0,2.5,0.5125364038101478
5.30611147851472,-0.9779170278729716,0.3644333492050112,0.0,2.5,0.5134339989937146
5.30611147851472,-0.9679170278729718,0.3625235035233907,0.0,2.5,0.5115130890107317
5.30611147851472,-0.9579170278729721,0.3810235946046501,0.0,2.5,0.5387307097227787
5.30611147851472,-0.9479170278729723,0.3935248585216852,0.0,2.5,0.5473376085728154
5.30611147851472,-0.9379170278729725,0.39419210583362296,0.0,2.5,0.5467703597717067
5.30611147851472,-0.9279170278729727,0.4067811003044943,0.0,2.5,0.5524089361069795
5.30611147851472,-0.9179170278729729,0.4055787822548621,0.0,2.5,0.551788681477555
5.30611147851472,-0.9079170278729731,0.4421383877349428,0.0,2.5,0.5779212590072798
5.30611147851472,-0.8979170278729733,0.4688209626320239,0.0,2.5,0.5903836547724345
5.30611147851472,-0.8879170278729736,0.5192873989567296,0.0,2.5,0.5857945621306978
5.30611147851472,-0.8779170278729738,0.5470597189747908,0.0,2.5,0.6007623402439484
5.30611147851472,-0.867917027872974,0.5704521527371406,0.0,2.5,0.6026197367197255
5.30611147851472,-0.8579170278729742,0.5593201539589446,0.0,2.5,0.602511009664798
5.30611147851472,-0.8479170278729744,0.4961824021431407,0.0,2.5,0.600204359332559
5.30611147851472,-0.8379170278729746,0.47752572673007665,0.0,2.5,0.6018949709512484
5.30611147851472,-0.8279170278729748,0.468248107709249,0.0,2.5,0.600199803665003
5.30611147851472,-0.817917027872975,0.5092468214196089,0.0,2.5,0.5885197398329329
5.30611147851472,-0.8079170278729753,0.46123152805572204,0.0,2.5,0.5258381553277316
5.30611147851472,-0.7979170278729755,0.48553423853681127,0.0,2.5,0.5980033603898061
5.30611147851472,-0.7879170278729757,0.428609466406558,0.0,2.5,0.5415372600944381
5.30611147851472,-0.7779170278729759,0.40476983860240984,0.0,2.5,0.5056472246184787
5.30611147851472,-0.7679170278729761,0.39197088051308177,0.0,2.5,0.49009839639979597
5.30611147851472,-0.7579170278729763,0.3978658525614835,0.0,2.5,0.484544248430759
5.30611147851472,-0.7479170278729765,0.39534545698909135,0.0,2.5,0.49565687356381144
5.30611147851472,-0.7379170278729767,0.36961717595900423,0.0,2.5,0.4693783479626323
5.30611147851472,-0.727917027872977,0.34005727744166514,0.0,2.5,0.4745227169836891
5.30611147851472,-0.7179170278729772,0.31503946394576077,0.0,2.5,0.4470955688423153
5.31611147851472,-1.4979170278729605,0.6349124513963847,0.0,2.5,0.6214687017733065
5.31611147851472,-1.4879170278729608,0.678658483925871,0.0,2.5,0.6089500197037586
5.31611147851472,-1.477917027872961,0.7320505107896615,0.0,2.5,0.6164411401094907
5.31611147851472,-1.4679170278729612,0.7712720561263623,0.0,2.5,0.6262174173266482
5.31611147851472,-1.4579170278729614,0.761865701111579,0.0,2.5,0.6150385148531206
5.31611147851472,-1.4479170278729616,0.806458847048139,0.0,2.5,0.6063467297809731
5.31611147851472,-1.4379170278729618,0.8806786806168946,0.0,2.5,0.6050071525974571
5.31611147851472,-1.427917027872962,0.8819476283664168,0.0,2.5,0.5892663363459916
5.31611147851472,-1.4179170278729623,0.904556228888935,0.0,2.5,0.5680735066370997
5.31611147851472,-1.4079170278729625,0.8238711699404658,0.0,2.5,0.5973652960270055
5.31611147851472,-1.3979170278729627,0.7454098279439154,0.0,2.5,0.5594657233601921
5.31611147851472,-1.387917027872963,0.7964977417778917,0.0,2.5,0.5778266136672718
5.31611147851472,-1.377917027872963,0.7374307502305276,0.0,2.5,0.5493780368969431
5.31611147851472,-1.3679170278729633,0.7163714835153423,0.0,2.5,0.5370333801506599
5.31611147851472,-1.3579170278729635,0.7281966142481651,0.0,2.5,0.5427942455831649
5.31611147851472,-1.3479170278729637,0.7257100248065879,0.0,2.5,0.5429394378790793
5.31611147851472,-1.337917027872964,0.7563769309950339,0.0,2.5,0.5607893654873376
5.31611147851472,-1.3279170278729642,0.7490043542603448,0.0,2.5,0.5556355040433695
5.31611147851472,-1.3179170278729644,0.7610499546136796,0.0,2.5,0.5617693321200548
5.31611147851472,-1.3079170278729646,0.7467940237866774,0.0,2.5,0.5546918070728818
5.31611147851472,-1.2979170278729648,0.7307387746902944,0.0,2.5,0.5496589136319927
5.31611147851472,-1.287917027872965,0.694511508429994,0.0,2.5,0.5248084087946636
5.31611147851472,-1.2779170278729652,0.7335692091631958,0.0,2.5,0.542816525553095
5.31611147851472,-1.2679170278729655,0.7278512721451714,0.0,2.5,0.5374572229907656
5.31611147851472,-1.2579170278729657,0.7709081763033384,0.0,2.5,0.5597694574117861
5.31611147851472,-1.2479170278729659,0.7373099259757222,0.0,2.5,0.5363147353534788
5.31611147851472,-1.237917027872966,0.6927842528314111,0.0,2.5,0.5269510230414169
5.31611147851472,-1.2279170278729663,0.6979108870970904,0.0,2.5,0.5299076470368135
5.31611147851472,-1.2179170278729665,0.67093593249939,0.0,2.5,0.5027548126707791
5.31611147851472,-1.2079170278729667,0.6235741230786601,0.0,2.5,0.45404131112362234
5.31611147851472,-1.197917027872967,0.5285958222119035,0.0,2.5,0.3997094553901914
5.31611147851472,-1.1879170278729672,0.527536854629825,0.0,2.5,0.40905001066130725
5.31611147851472,-1.1779170278729674,0.5114760934157829,0.0,2.5,0.45731279306608125
5.31611147851472,-1.1679170278729676,0.4969221733105647,0.0,2.5,0.45960884326347373
5.31611147851472,-1.1579170278729678,0.4547432852130436,0.0,2.5,0.4443584828636397
5.31611147851472,-1.147917027872968,0.39006308975078824,0.0,2.5,0.40977286577881034
5.31611147851472,-1.1379170278729682,0.3736127819800452,0.0,2.5,0.4011917173628801
5.31611147851472,-1.1279170278729684,0.4294879289282242,0.0,2.5,0.45678205074573014
5.31611147851472,-1.1179170278729686,0.4122697920272265,0.0,2.5,0.527295255528937
5.31611147851472,-1.1079170278729689,0.3340866774542401,0.0,2.5,0.48100882833842606
5.31611147851472,-1.097917027872969,0.3003854814688454,0.0,2.5,0.4279764214954139
5.31611147851472,-1.0879170278729693,0.2883241253768742,0.0,2.5,0.40897876018187973
5.31611147851472,-1.0779170278729695,0.2941749628541626,0.0,2.5,0.41316928975604794
5.31611147851472,-1.0679170278729697,0.28993174221866014,0.0,2.5,0.41478298524274904
5.31611147851472,-1.05791702787297,0.31075212396549723,0.0,2.5,0.44330753416604374
5.31611147851472,-1.0479170278729701,0.30034438794006707,0.0,2.5,0.4295313068554475
5.31611147851472,-1.0379170278729704,0.30451385949019694,0.0,2.5,0.4351445144026173
5.31611147851472,-1.0279170278729706,0.31042667654065886,0.0,2.5,0.44061723215287646
5.31611147851472,-1.0179170278729708,0.316707854504264,0.0,2.5,0.4498979936882599
5.31611147851472,-1.007917027872971,0.33835859991093437,0.0,2.5,0.4775159090530426
5.31611147851472,-0.9979170278729712,0.34916993937746227,0.0,2.5,0.48441512765071226
5.31611147851472,-0.9879170278729714,0.38203892047263494,0.0,2.5,0.5227149254014316
5.31611147851472,-0.9779170278729716,0.39067936768814787,0.0,2.5,0.5199077668704372
5.31611147851472,-0.9679170278729718,0.38303984436808075,0.0,2.5,0.5116354834200415
5.31611147851472,-0.9579170278729721,0.3852067100922663,0.0,2.5,0.5120222758728716
5.31611147851472,-0.9479170278729723,0.4020833509330347,0.0,2.5,0.5307959134122605
5.31611147851472,-0.9379170278729725,0.39760274328170064,0.0,2.5,0.5230614784301545
5.31611147851472,-0.9279170278729727,0.4138445003093538,0.0,2.5,0.5418516774445198
5.31611147851472,-0.9179170278729729,0.42116419673425487,0.0,2.5,0.5385706011246942
5.31611147851472,-0.9079170278729731,0.46122981179103617,0.0,2.5,0.5517781061426466
5.31611147851472,-0.8979170278729733,0.4647885581165276,0.0,2.5,0.5536784495946258
5.31611147851472,-0.8879170278729736,0.47994761653309387,0.0,2.5,0.6109280068060686
5.31611147851472,-0.8779170278729738,0.5021103992630584,0.0,2.5,0.6361281145151274
5.31611147851472,-0.867917027872974,0.5826454662583876,0.0,2.5,0.6298669548738117
5.31611147851472,-0.8579170278729742,0.5533205809952736,0.0,2.5,0.6182689371882141
5.31611147851472,-0.8479170278729744,0.566738567397318,0.0,2.5,0.6136032855939401
5.31611147851472,-0.8379170278729746,0.49833049775574256,0.0,2.5,0.6119319775770625
5.31611147851472,-0.8279170278729748,0.5080804415454534,0.0,2.5,0.6214508292226082
5.31611147851472,-0.817917027872975,0.5384184757452286,0.0,2.5,0.5766502476610017
5.31611147851472,-0.8079170278729753,0.4802313388957405,0.0,2.5,0.5447660640372884
5.31611147851472,-0.7979170278729755,0.4550395055257899,0.0,2.5,0.5544894136446079
5.31611147851472,-0.7879170278729757,0.44387142821968806,0.0,2.5,0.5446795718881052
5.31611147851472,-0.7779170278729759,0.3988142824388827,0.0,2.5,0.48572122045021776
5.31611147851472,-0.7679170278729761,0.3942012062796061,0.0,2.5,0.4794164312918252
5.31611147851472,-0.7579170278729763,0.3602457391182706,0.0,2.5,0.449004661444076
5.31611147851472,-0.7479170278729765,0.34801531109974754,0.0,2.5,0.44970114625440655
5.31611147851472,-0.7379170278729767,0.32564036874937297,0.0,2.5,0.45205038989266527
5.31611147851472,-0.727917027872977,0.3207144333186577,0.0,2.5,0.4552469527853455
5.31611147851472,-0.7179170278729772,0.2941717444266219,0.0,2.5,0.4334243525335802
5.31611147851472,-0.7079170278729774,0.3017740706373745,0.0,2.5,0.44045905796776746
5.31611147851472,-0.6979170278729776,0.31497611683131216,0.0,2.5,0.4610121290992631
5.31611147851472,-0.6879170278729778,0.3243457609446701,0.0,2.5,0.47790236693827615
5.326111478514719,-1.4979170278729605,0.6939775302112389,0.0,2.5,0.6348338990753866
5.326111478514719,-1.4879170278729608,0.6932670053957871,0.0,2.5,0.6228070582736324
5.326111478514719,-1.477917027872961,0.7734627453060839,0.0,2.5,0.6157674750856008
5.326111478514719,-1.4679170278729612,0.7916682444067965,0.0,2.5,0.6215716402582884
5.326111478514719,-1.4579170278729614,0.7796384652616867,0.0,2.5,0.6099459151658574
5.326111478514719,-1.4479170278729616,0.8918319884541722,0.0,2.5,0.6182586734914721
5.326111478514719,-1.4379170278729618,0.9010518494806009,0.0,2.5,0.5916001125591347
5.326111478514719,-1.427917027872962,0.9178948577445074,0.0,2.5,0.6211769440271457
5.326111478514719,-1.4179170278729623,0.8424141267900233,0.0,2.5,0.5778841572402507
5.326111478514719,-1.4079170278729625,0.8522105072584444,0.0,2.5,0.5896580639677286
5.326111478514719,-1.3979170278729627,0.8212447301909113,0.0,2.5,0.578043179397319
5.326111478514719,-1.387917027872963,0.7559224327274702,0.0,2.5,0.542365648454864
5.326111478514719,-1.377917027872963,0.7284918205495644,0.0,2.5,0.5370538491917192
5.326111478514719,-1.3679170278729633,0.7377446881041294,0.0,2.5,0.5438754389734084
5.326111478514719,-1.3579170278729635,0.7439144889944703,0.0,2.5,0.5504241841849923
5.326111478514719,-1.3479170278729637,0.7263715825686279,0.0,2.5,0.5388140036402735
5.326111478514719,-1.337917027872964,0.7607115376839539,0.0,2.5,0.5472818801983781
5.326111478514719,-1.3279170278729642,0.7593013818974967,0.0,2.5,0.544895087745548
5.326111478514719,-1.3179170278729644,0.7394171891984662,0.0,2.5,0.5335148413838504
5.326111478514719,-1.3079170278729646,0.7700081949920045,0.0,2.5,0.5516320845840966
5.326111478514719,-1.2979170278729648,0.7684429953382689,0.0,2.5,0.5510486313554658
5.326111478514719,-1.287917027872965,0.7280079527514067,0.0,2.5,0.5418493169076394
5.326111478514719,-1.2779170278729652,0.7058351817689842,0.0,2.5,0.5255027479489389
5.326111478514719,-1.2679170278729655,0.696432985402288,0.0,2.5,0.5164652056800663
5.326111478514719,-1.2579170278729657,0.7275541094158399,0.0,2.5,0.5364281893695716
5.326111478514719,-1.2479170278729659,0.7584948390071872,0.0,2.5,0.5434697567772037
5.326111478514719,-1.237917027872966,0.7264201259234179,0.0,2.5,0.5474383028319781
5.326111478514719,-1.2279170278729663,0.704682844588579,0.0,2.5,0.5350006603578311
5.326111478514719,-1.2179170278729665,0.7451066912776583,0.0,2.5,0.5445095819869746
5.326111478514719,-1.2079170278729667,0.6809297822622303,0.0,2.5,0.49212628797608843
5.326111478514719,-1.197917027872967,0.5825731071602873,0.0,2.5,0.4275497423075956
5.326111478514719,-1.1879170278729672,0.5642185163791952,0.0,2.5,0.4289767067712788
5.326111478514719,-1.1779170278729674,0.5509749738330176,0.0,2.5,0.44882723205877484
5.326111478514719,-1.1679170278729676,0.5316804953159782,0.0,2.5,0.4830895069979964
5.326111478514719,-1.1579170278729678,0.5266260041478978,0.0,2.5,0.49743039940167616
5.326111478514719,-1.147917027872968,0.44742541544919534,0.0,2.5,0.44717723343179394
5.326111478514719,-1.1379170278729682,0.4015937612836635,0.0,2.5,0.4300203236378478
5.326111478514719,-1.1279170278729684,0.37284077132576515,0.0,2.5,0.3914206045627925
5.326111478514719,-1.1179170278729686,0.42540142688673044,0.0,2.5,0.46719897718475945
5.326111478514719,-1.1079170278729689,0.38772220334208324,0.0,2.5,0.4954291332299952
5.326111478514719,-1.097917027872969,0.3327172902322209,0.0,2.5,0.46849803236244464
5.326111478514719,-1.0879170278729693,0.29628835190665903,0.0,2.5,0.42264159677058294
5.326111478514719,-1.0779170278729695,0.29846812119976074,0.0,2.5,0.4262407248571549
5.326111478514719,-1.0679170278729697,0.3101866266189318,0.0,2.5,0.4433479463895559
5.326111478514719,-1.05791702787297,0.29964933318844816,0.0,2.5,0.42754050746832256
5.326111478514719,-1.0479170278729701,0.30658785196781585,0.0,2.5,0.42886350310338944
5.326111478514719,-1.0379170278729704,0.319114336668226,0.0,2.5,0.4426793422748789
5.326111478514719,-1.0279170278729706,0.3319733548577827,0.0,2.5,0.44508274798341657
5.326111478514719,-1.0179170278729708,0.33746550139576026,0.0,2.5,0.4510819548415932
5.326111478514719,-1.007917027872971,0.345033206781967,0.0,2.5,0.4549305136581576
5.326111478514719,-0.9979170278729712,0.3520852968163002,0.0,2.5,0.4561725650205609
5.326111478514719,-0.9879170278729714,0.3515540811960129,0.0,2.5,0.45698948080972385
5.326111478514719,-0.9779170278729716,0.3750701534269826,0.0,2.5,0.4854150861720107
5.326111478514719,-0.9679170278729718,0.38947535281058593,0.0,2.5,0.5042484076636304
5.326111478514719,-0.9579170278729721,0.40116210407456704,0.0,2.5,0.5162362072824089
5.326111478514719,-0.9479170278729723,0.3942787638419979,0.0,2.5,0.5074793901377956
5.326111478514719,-0.9379170278729725,0.39223505253028607,0.0,2.5,0.5026277674333779
5.326111478514719,-0.9279170278729727,0.3771847283299667,0.0,2.5,0.481595971954346
5.326111478514719,-0.9179170278729729,0.42165867263443046,0.0,2.5,0.5245961681828434
5.326111478514719,-0.9079170278729731,0.47826018851886387,0.0,2.5,0.5425576253585481
5.326111478514719,-0.8979170278729733,0.4674449909941415,0.0,2.5,0.528729393920382
5.326111478514719,-0.8879170278729736,0.4967275497024764,0.0,2.5,0.5583183523951494
5.326111478514719,-0.8779170278729738,0.5028220487148654,0.0,2.5,0.5789487908372267
5.326111478514719,-0.867917027872974,0.5288057597622896,0.0,2.5,0.6281000040583323
5.326111478514719,-0.8579170278729742,0.551828901752439,0.0,2.5,0.6500231714429184
5.326111478514719,-0.8479170278729744,0.5441972678158878,0.0,2.5,0.6331296040906681
5.326111478514719,-0.8379170278729746,0.5946270494694504,0.0,2.5,0.6216408839816115
5.326111478514719,-0.8279170278729748,0.690572432045821,0.0,2.5,0.6243958435871296
5.326111478514719,-0.817917027872975,0.5870881471058413,0.0,2.5,0.5666423264806754
5.326111478514719,-0.8079170278729753,0.5118234972785036,0.0,2.5,0.5625476160002776
5.326111478514719,-0.7979170278729755,0.5016603142564241,0.0,2.5,0.5598948078605563
5.326111478514719,-0.7879170278729757,0.46065761329641997,0.0,2.5,0.5202188773324175
5.326111478514719,-0.7779170278729759,0.43979534943043797,0.0,2.5,0.5399557684749613
5.326111478514719,-0.7679170278729761,0.4143428562155765,0.0,2.5,0.5246271849229405
5.326111478514719,-0.7579170278729763,0.3545487982017619,0.0,2.5,0.4799088339413257
5.326111478514719,-0.7479170278729765,0.3353426538830466,0.0,2.5,0.4649617489575748
5.326111478514719,-0.7379170278729767,0.32767498418319346,0.0,2.5,0.46431402433737196
5.326111478514719,-0.727917027872977,0.3267885610529682,0.0,2.5,0.4799824006108012
5.326111478514719,-0.7179170278729772,0.3148531036293229,0.0,2.5,0.46484048467826844
5.326111478514719,-0.7079170278729774,0.2869599093721532,0.0,2.5,0.421308508606341
5.326111478514719,-0.6979170278729776,0.30835120829773544,0.0,2.5,0.45234397677081317
5.326111478514719,-0.6879170278729778,0.3331054171494752,0.0,2.5,0.4903935828872633
5.326111478514719,-0.677917027872978,0.316087827286731,0.0,2.5,0.4674414913581108
5.326111478514719,-0.6679170278729782,0.4499025533971168,0.0,2.5,0.6025475634447917
5.326111478514719,-0.6579170278729785,0.48179433129312665,0.0,2.5,0.5931912100070144
5.326111478514719,-0.6479170278729787,0.4796249411364745,0.0,2.5,0.6007231766462462
5.336111478514719,-1.6079170278729582,0.5397037771889831,0.0,2.5,0.6125657499232554
5.336111478514719,-1.5979170278729584,0.5509484075231474,0.0,2.5,0.6233442995097961
5.336111478514719,-1.5079170278729603,0.595466346237826,0.0,2.5,0.5764362239622377
5.336111478514719,-1.4979170278729605,0.6776646244891151,0.0,2.5,0.6203535275216313
5.336111478514719,-1.4879170278729608,0.8027516387026506,0.0,2.5,0.6377416354144128
5.336111478514719,-1.477917027872961,0.7946704899024808,0.0,2.5,0.6448611506711955
5.336111478514719,-1.4679170278729612,0.774655398243869,0.0,2.5,0.6357117757309159
5.336111478514719,-1.4579170278729614,0.8739673572233564,0.0,2.5,0.6112175199268914
5.336111478514719,-1.4479170278729616,0.9461222202603254,0.0,2.5,0.6254184247407183
5.336111478514719,-1.4379170278729618,0.9183633107665378,0.0,2.5,0.6243495021071728
5.336111478514719,-1.427917027872962,0.8804193934920397,0.0,2.5,0.5953022608621711
5.336111478514719,-1.4179170278729623,0.8807810480771385,0.0,2.5,0.6099116972017105
5.336111478514719,-1.4079170278729625,0.8708980088688023,0.0,2.5,0.5906093566775062
5.336111478514719,-1.3979170278729627,0.81599026314408,0.0,2.5,0.5622091301457954
5.336111478514719,-1.387917027872963,0.7696210408136966,0.0,2.5,0.5482310205932024
5.336111478514719,-1.377917027872963,0.7487802262300862,0.0,2.5,0.5338367063236722
5.336111478514719,-1.3679170278729633,0.7463762290537057,0.0,2.5,0.5293316812179254
5.336111478514719,-1.3579170278729635,0.7667279512568026,0.0,2.5,0.5467674078460347
5.336111478514719,-1.3479170278729637,0.7848650576754743,0.0,2.5,0.5561032324244383
5.336111478514719,-1.337917027872964,0.7718851973607526,0.0,2.5,0.5474298584184883
5.336111478514719,-1.3279170278729642,0.7773849147103671,0.0,2.5,0.5533904099298821
5.336111478514719,-1.3179170278729644,0.7735217603026019,0.0,2.5,0.5513744351375535
5.336111478514719,-1.3079170278729646,0.7548869250515694,0.0,2.5,0.5407979710724294
5.336111478514719,-1.2979170278729648,0.7531677366637304,0.0,2.5,0.5403704205921149
5.336111478514719,-1.287917027872965,0.7680386100901978,0.0,2.5,0.5503020583291184
5.336111478514719,-1.2779170278729652,0.7494718686177635,0.0,2.5,0.5420095514263295
5.336111478514719,-1.2679170278729655,0.734972099122814,0.0,2.5,0.5314122299623067
5.336111478514719,-1.2579170278729657,0.7212619901840346,0.0,2.5,0.5234625520362203
5.336111478514719,-1.2479170278729659,0.7517460450232603,0.0,2.5,0.5435861562226455
5.336111478514719,-1.237917027872966,0.7314594234083323,0.0,2.5,0.5592797458385531
5.336111478514719,-1.2279170278729663,0.7075665786915782,0.0,2.5,0.5377753443324383
5.336111478514719,-1.2179170278729665,0.7329507393328935,0.0,2.5,0.5538702653632972
5.336111478514719,-1.2079170278729667,0.8085646816975627,0.0,2.5,0.5592856475048779
5.336111478514719,-1.197917027872967,0.7124854596801294,0.0,2.5,0.5291249155467932
5.336111478514719,-1.1879170278729672,0.5971674433059806,0.0,2.5,0.47657488144602617
5.336111478514719,-1.1779170278729674,0.6022566114085561,0.0,2.5,0.4845968180594754
5.336111478514719,-1.1679170278729676,0.613918388147636,0.0,2.5,0.500377396730176
5.336111478514719,-1.1579170278729678,0.5799016196771263,0.0,2.5,0.4764927029180161
5.336111478514719,-1.147917027872968,0.5220189809871102,0.0,2.5,0.47758359138585926
5.336111478514719,-1.1379170278729682,0.4835647470455444,0.0,2.5,0.45449581932805355
5.336111478514719,-1.1279170278729684,0.4363067369571833,0.0,2.5,0.4395636515905415
5.336111478514719,-1.1179170278729686,0.4400548442218589,0.0,2.5,0.4252304304880438
5.336111478514719,-1.1079170278729689,0.4797440990159512,0.0,2.5,0.49568386486305144
5.336111478514719,-1.097917027872969,0.3900188796413183,0.0,2.5,0.48927696034289486
5.336111478514719,-1.0879170278729693,0.3459897569600219,0.0,2.5,0.4635088703934202
5.336111478514719,-1.0779170278729695,0.3260297923403929,0.0,2.5,0.4339792405020776
5.336111478514719,-1.0679170278729697,0.3135128826434931,0.0,2.5,0.4190260267984317
5.336111478514719,-1.05791702787297,0.3051755641365743,0.0,2.5,0.4028978664537953
5.336111478514719,-1.0479170278729701,0.30700892381461614,0.0,2.5,0.4043098340112983
5.336111478514719,-1.0379170278729704,0.3077411179101408,0.0,2.5,0.4045981686059237
5.336111478514719,-1.0279170278729706,0.3172520941526974,0.0,2.5,0.4125627496205062
5.336111478514719,-1.0179170278729708,0.3193985694436452,0.0,2.5,0.415198244324717
5.336111478514719,-1.007917027872971,0.3272952057087584,0.0,2.5,0.42306895491130836
5.336111478514719,-0.9979170278729712,0.33611248397145743,0.0,2.5,0.4242685458633608
5.336111478514719,-0.9879170278729714,0.3368373142594858,0.0,2.5,0.42182685144734744
5.336111478514719,-0.9779170278729716,0.350085786729888,0.0,2.5,0.43730606851146364
5.336111478514719,-0.9679170278729718,0.3556716038047102,0.0,2.5,0.4433468769634875
5.336111478514719,-0.9579170278729721,0.3597350455263288,0.0,2.5,0.4463551266630569
5.336111478514719,-0.9479170278729723,0.36932775053047745,0.0,2.5,0.46046966314974924
5.336111478514719,-0.9379170278729725,0.39374158807666687,0.0,2.5,0.48877711399937795
5.336111478514719,-0.9279170278729727,0.38808678699843435,0.0,2.5,0.4819246882112395
5.336111478514719,-0.9179170278729729,0.4256530590962445,0.0,2.5,0.4798652924516864
5.336111478514719,-0.9079170278729731,0.43748458126380474,0.0,2.5,0.4805554888944309
5.336111478514719,-0.8979170278729733,0.442522359198416,0.0,2.5,0.4826509355082943
5.336111478514719,-0.8879170278729736,0.4917973312644348,0.0,2.5,0.5177091529328388
5.336111478514719,-0.8779170278729738,0.5066084869732859,0.0,2.5,0.5493013277460383
5.336111478514719,-0.867917027872974,0.527732298887479,0.0,2.5,0.5709051697851346
5.336111478514719,-0.8579170278729742,0.5840695226725464,0.0,2.5,0.6291824789653593
5.336111478514719,-0.8479170278729744,0.6554520039086013,0.0,2.5,0.6582389981202552
5.336111478514719,-0.8379170278729746,0.6951398618918755,0.0,2.5,0.6175666175545661
5.336111478514719,-0.8279170278729748,0.7006031949147558,0.0,2.5,0.5693251657770884
5.336111478514719,-0.817917027872975,0.6167288632152117,0.0,2.5,0.5273807612625051
5.336111478514719,-0.8079170278729753,0.5270026124136653,0.0,2.5,0.5239843571654502
5.336111478514719,-0.7979170278729755,0.47449624188449624,0.0,2.5,0.5285342267331787
5.336111478514719,-0.7879170278729757,0.46210393042200176,0.0,2.5,0.5409829519199519
5.336111478514719,-0.7779170278729759,0.4387345917301602,0.0,2.5,0.5309920288083346
5.336111478514719,-0.7679170278729761,0.3862283411718724,0.0,2.5,0.5399985806561568
5.336111478514719,-0.7579170278729763,0.39275665733846304,0.0,2.5,0.547062431734582
5.336111478514719,-0.7479170278729765,0.3514579444425534,0.0,2.5,0.4974702804409025
5.336111478514719,-0.7379170278729767,0.33229642838066065,0.0,2.5,0.49003186478676647
5.336111478514719,-0.727917027872977,0.28807776736247526,0.0,2.5,0.42842005968134
5.336111478514719,-0.7179170278729772,0.2781650635043333,0.0,2.5,0.4137514598661245
5.336111478514719,-0.7079170278729774,0.2827207231853166,0.0,2.5,0.4186847933263027
5.336111478514719,-0.6979170278729776,0.29128658061007173,0.0,2.5,0.42901812714225074
5.336111478514719,-0.6879170278729778,0.33378339578242333,0.0,2.5,0.49237514770875873
5.336111478514719,-0.677917027872978,0.31813796846862996,0.0,2.5,0.4675967408468574
5.336111478514719,-0.6679170278729782,0.38086098158917847,0.0,2.5,0.5597845988970681
5.336111478514719,-0.6579170278729785,0.4069507584542082,0.0,2.5,0.5549371070074416
5.336111478514719,-0.6479170278729787,0.47965891989951553,0.0,2.5,0.5812498543626055
5.336111478514719,-0.6379170278729789,0.49353332972458064,0.0,2.5,0.5887509745699813
5.336111478514719,-0.6279170278729791,0.4628446046156618,0.0,2.5,0.5739304454458839
5.346111478514719,-1.617917027872958,0.5392933710507068,0.0,2.5,0.618330398504854
5.346111478514719,-1.6079170278729582,0.5549711686961756,0.0,2.5,0.6173666949670269
5.346111478514719,-1.5979170278729584,0.557881627713714,0.0,2.5,0.6347517468439722
5.346111478514719,-1.5079170278729603,0.6164840159874728,0.0,2.5,0.5773657697600593
5.346111478514719,-1.4979170278729605,0.7462609095975034,0.0,2.5,0.6520273149762544
5.346111478514719,-1.4879170278729608,0.8099407626907618,0.0,2.5,0.6286743401196366
5.346111478514719,-1.477917027872961,0.7707107563765134,0.0,2.5,0.6356152404065205
5.346111478514719,-1.4679170278729612,0.8222139055279508,0.0,2.5,0.6295174804165021
5.346111478514719,-1.4579170278729614,0.8530414910425349,0.0,2.5,0.6278892539712864
5.346111478514719,-1.4479170278729616,0.8911529517876706,0.0,2.5,0.6156630779107329
5.346111478514719,-1.4379170278729618,0.9071992344440234,0.0,2.5,0.6176891103542926
5.346111478514719,-1.427917027872962,0.9163044213974703,0.0,2.5,0.6215295536038078
5.346111478514719,-1.4179170278729623,0.8872549783885271,0.0,2.5,0.6007164714772799
5.346111478514719,-1.4079170278729625,0.821353542556852,0.0,2.5,0.5659473769336293
5.346111478514719,-1.3979170278729627,0.8044766148518216,0.0,2.5,0.5482806420102073
5.346111478514719,-1.387917027872963,0.7758890280060263,0.0,2.5,0.5291836600368195
5.346111478514719,-1.377917027872963,0.7664364072426985,0.0,2.5,0.521371652182423
5.346111478514719,-1.3679170278729633,0.7730178534355824,0.0,2.5,0.5225096914926566
5.346111478514719,-1.3579170278729635,0.7701951934021034,0.0,2.5,0.5229061118853103
5.346111478514719,-1.3479170278729637,0.8040049456593863,0.0,2.5,0.5431024772582145
5.346111478514719,-1.337917027872964,0.8138480992188253,0.0,2.5,0.5500111565732301
5.346111478514719,-1.3279170278729642,0.7940206693615306,0.0,2.5,0.5392546564876485
5.346111478514719,-1.3179170278729644,0.8107673444469866,0.0,2.5,0.5509047650105784
5.346111478514719,-1.3079170278729646,0.7813476362078384,0.0,2.5,0.5443257863967363
5.346111478514719,-1.2979170278729648,0.7794372172228965,0.0,2.5,0.5544114354307703
5.346111478514719,-1.287917027872965,0.7522963110480818,0.0,2.5,0.539801536887966
5.346111478514719,-1.2779170278729652,0.752234304344607,0.0,2.5,0.5442274845551933
5.346111478514719,-1.2679170278729655,0.7407933404471292,0.0,2.5,0.5344950679068686
5.346111478514719,-1.2579170278729657,0.7507390334643621,0.0,2.5,0.5431454660367006
5.346111478514719,-1.2479170278729659,0.7407950317325913,0.0,2.5,0.5385245765335476
5.346111478514719,-1.237917027872966,0.7729194382451057,0.0,2.5,0.556783071358507
5.346111478514719,-1.2279170278729663,0.7356616017510843,0.0,2.5,0.5583705058699014
5.346111478514719,-1.2179170278729665,0.7113915071753953,0.0,2.5,0.5516235675735538
5.346111478514719,-1.2079170278729667,0.777626000241432,0.0,2.5,0.5801905453284181
5.346111478514719,-1.197917027872967,0.836754370657862,0.0,2.5,0.5973369871142501
5.346111478514719,-1.1879170278729672,0.6963601405219912,0.0,2.5,0.5327403133235
5.346111478514719,-1.1779170278729674,0.6508166860815486,0.0,2.5,0.510294094684197
5.346111478514719,-1.1679170278729676,0.6338190781581065,0.0,2.5,0.5061580619099179
5.346111478514719,-1.1579170278729678,0.6173658972445497,0.0,2.5,0.4933954336351298
5.346111478514719,-1.147917027872968,0.5954336366593291,0.0,2.5,0.4877877007870934
5.346111478514719,-1.1379170278729682,0.5233661926181024,0.0,2.5,0.47056799469749716
5.346111478514719,-1.1279170278729684,0.47524902496939714,0.0,2.5,0.45269938032636436
5.346111478514719,-1.1179170278729686,0.45277361822267376,0.0,2.5,0.43179952734721794
5.346111478514719,-1.1079170278729689,0.4820821455177716,0.0,2.5,0.44782057361473465
5.346111478514719,-1.097917027872969,0.4569913984881822,0.0,2.5,0.4852366634403979
5.346111478514719,-1.0879170278729693,0.37100838810403775,0.0,2.5,0.4923360067847871
5.346111478514719,-1.0779170278729695,0.3192456734745251,0.0,2.5,0.41511801340233295
5.346111478514719,-1.0679170278729697,0.30266435778341727,0.0,2.5,0.3868037194805253
5.346111478514719,-1.05791702787297,0.3206714006829287,0.0,2.5,0.40952225519241375
5.346111478514719,-1.0479170278729701,0.3029715680761327,0.0,2.5,0.38675426967550075
5.346111478514719,-1.0379170278729704,0.31417590452009786,0.0,2.5,0.3980142330271184
5.346111478514719,-1.0279170278729706,0.30418191045616544,0.0,2.5,0.3868397311348585
5.346111478514719,-1.0179170278729708,0.30916182919052,0.0,2.5,0.3867606411178413
5.346111478514719,-1.007917027872971,0.31568303557345784,0.0,2.5,0.3944492196594188
5.346111478514719,-0.9979170278729712,0.3549937551583041,0.0,2.5,0.4012574606121539
5.346111478514719,-0.9879170278729714,0.3702921058305631,0.0,2.5,0.41662412727882053
5.346111478514719,-0.9779170278729716,0.37361457758196853,0.0,2.5,0.42218743458574115
5.346111478514719,-0.9679170278729718,0.3721295696380316,0.0,2.5,0.4208593345028563
5.346111478514719,-0.9579170278729721,0.36601033806302,0.0,2.5,0.4206712896671817
5.346111478514719,-0.9479170278729723,0.37435767719947505,0.0,2.5,0.43163278905070246
5.346111478514719,-0.9379170278729725,0.38164120254984285,0.0,2.5,0.4417537047392362
5.346111478514719,-0.9279170278729727,0.38384348974310867,0.0,2.5,0.4490531079011843
5.346111478514719,-0.9179170278729729,0.4158043759331617,0.0,2.5,0.4812197436130902
5.346111478514719,-0.9079170278729731,0.42880118778266035,0.0,2.5,0.47812329489649114
5.346111478514719,-0.8979170278729733,0.4449708070491081,0.0,2.5,0.48515627841255143
5.346111478514719,-0.8879170278729736,0.4632419678024261,0.0,2.5,0.4913964916586354
5.346111478514719,-0.8779170278729738,0.4868754700110946,0.0,2.5,0.5092008649607829
5.346111478514719,-0.867917027872974,0.5106190921905351,0.0,2.5,0.5327687403126633
5.346111478514719,-0.8579170278729742,0.5848228852540529,0.0,2.5,0.6145273874651308
5.346111478514719,-0.8479170278729744,0.6663276175665458,0.0,2.5,0.6398329936812556
5.346111478514719,-0.8379170278729746,0.7800433448939724,0.0,2.5,0.6274315508480074
5.346111478514719,-0.8279170278729748,0.7132672819458248,0.0,2.5,0.546806060623123
5.346111478514719,-0.817917027872975,0.6524559438486635,0.0,2.5,0.5506774314645257
5.346111478514719,-0.8079170278729753,0.6215707740471101,0.0,2.5,0.5582579994123092
5.346111478514719,-0.7979170278729755,0.5357905127485345,0.0,2.5,0.5566929775184425
5.346111478514719,-0.7879170278729757,0.4817671784367672,0.0,2.5,0.5755009389379097
5.346111478514719,-0.7779170278729759,0.43104391511842954,0.0,2.5,0.5714231811268553
5.346111478514719,-0.7679170278729761,0.4053945796798452,0.0,2.5,0.5554912646413533
5.346111478514719,-0.7579170278729763,0.40196239879204065,0.0,2.5,0.5548315372482757
5.346111478514719,-0.7479170278729765,0.3755763775479186,0.0,2.5,0.5542823573689776
5.346111478514719,-0.7379170278729767,0.2958213788800235,0.0,2.5,0.4383003251559169
5.346111478514719,-0.727917027872977,0.2733939816615134,0.0,2.5,0.40483847622807795
5.346111478514719,-0.7179170278729772,0.2712704985567938,0.0,2.5,0.40831723836333067
5.346111478514719,-0.7079170278729774,0.2631221672219743,0.0,2.5,0.39577373881231714
5.346111478514719,-0.6979170278729776,0.27281729389732795,0.0,2.5,0.41319388329570106
5.346111478514719,-0.6879170278729778,0.3065999263977318,0.0,2.5,0.4644336705921379
5.346111478514719,-0.677917027872978,0.32755240818274617,0.0,2.5,0.4921646459589387
5.346111478514719,-0.6679170278729782,0.32122409863853457,0.0,2.5,0.4803221385506806
5.346111478514719,-0.6579170278729785,0.39548656151812306,0.0,2.5,0.5614742828236848
5.346111478514719,-0.6479170278729787,0.43081140303787385,0.0,2.5,0.5780136543163191
5.346111478514719,-0.6379170278729789,0.4691178746717527,0.0,2.5,0.5768661317958136
5.346111478514719,-0.6279170278729791,0.4648225754395377,0.0,2.5,0.5608368975680953
5.346111478514719,-0.6179170278729793,0.4242683361389381,0.0,2.5,0.5966849750840019
5.356111478514719,-1.617917027872958,0.557862867420808,0.0,2.5,0.630565702896603
5.356111478514719,-1.6079170278729582,0.5664337889844593,0.0,2.5,0.6362548542964979
5.356111478514719,-1.5979170278729584,0.5577311427313794,0.0,2.5,0.636480374040168
5.356111478514719,-1.5879170278729586,0.5628790982826976,0.0,2.5,0.6386143753696856
5.356111478514719,-1.5179170278729601,0.5820427635437724,0.0,2.5,0.5669430302963999
5.356111478514719,-1.5079170278729603,0.725812494911643,0.0,2.5,0.6284128296425731
5.356111478514719,-1.4979170278729605,0.8459847837720518,0.0,2.5,0.6424826795245941
5.356111478514719,-1.4879170278729608,0.7843264329586338,0.0,2.5,0.6326092857830226
5.356111478514719,-1.477917027872961,0.8431153657165716,0.0,2.5,0.6392452089636267
5.356111478514719,-1.4679170278729612,0.8570190255514096,0.0,2.5,0.6300936418597952
5.356111478514719,-1.4579170278729614,0.8660651701099145,0.0,2.5,0.6194374527187636
5.356111478514719,-1.4479170278729616,0.9106819772580006,0.0,2.5,0.6293140527993145
5.356111478514719,-1.4379170278729618,0.92430025122194,0.0,2.5,0.6321321748394823
5.356111478514719,-1.427917027872962,0.8871061977795918,0.0,2.5,0.6002070091917189
5.356111478514719,-1.4179170278729623,0.8511234898112844,0.0,2.5,0.5699293790683754
5.356111478514719,-1.4079170278729625,0.8162156442441619,0.0,2.5,0.5536019336127402
5.356111478514719,-1.3979170278729627,0.8023027350200039,0.0,2.5,0.5431384111139217
5.356111478514719,-1.387917027872963,0.8151580541869132,0.0,2.5,0.551560032335995
5.356111478514719,-1.377917027872963,0.7839480520252403,0.0,2.5,0.5290110852009893
5.356111478514719,-1.3679170278729633,0.7807331822916989,0.0,2.5,0.5268778615197731
5.356111478514719,-1.3579170278729635,0.7914998693585391,0.0,2.5,0.5362466789963308
5.356111478514719,-1.3479170278729637,0.7852116737045622,0.0,2.5,0.5288465226244202
5.356111478514719,-1.337917027872964,0.7880157199566756,0.0,2.5,0.5286673389069143
5.356111478514719,-1.3279170278729642,0.7917642963902651,0.0,2.5,0.5333731434472319
5.356111478514719,-1.3179170278729644,0.7592471590890572,0.0,2.5,0.5242982506481074
5.356111478514719,-1.3079170278729646,0.7694171587762939,0.0,2.5,0.5301855378442896
5.356111478514719,-1.2979170278729648,0.7920686994656356,0.0,2.5,0.5392729560894586
5.356111478514719,-1.287917027872965,0.7710748448524519,0.0,2.5,0.544373321789831
5.356111478514719,-1.2779170278729652,0.7674121593263918,0.0,2.5,0.5480728694456638
5.356111478514719,-1.2679170278729655,0.7587437062555468,0.0,2.5,0.5443626413959394
5.356111478514719,-1.2579170278729657,0.7572898426109183,0.0,2.5,0.5461477285498717
5.356111478514719,-1.2479170278729659,0.7584936894339743,0.0,2.5,0.5464573280272723
5.356111478514719,-1.237917027872966,0.7539906264729026,0.0,2.5,0.5456396395070854
5.356111478514719,-1.2279170278729663,0.7599009816170467,0.0,2.5,0.5733541259293973
5.356111478514719,-1.2179170278729665,0.7735236769676569,0.0,2.5,0.5992743753589127
5.356111478514719,-1.2079170278729667,0.7178818874842918,0.0,2.5,0.573456249133651
5.356111478514719,-1.197917027872967,0.7703970137511669,0.0,2.5,0.5678029997282429
5.356111478514719,-1.1879170278729672,0.7367073153617839,0.0,2.5,0.539821121225114
5.356111478514719,-1.1779170278729674,0.6536431183979416,0.0,2.5,0.49233585358352555
5.356111478514719,-1.1679170278729676,0.5766555367677333,0.0,2.5,0.46249561905773795
5.356111478514719,-1.1579170278729678,0.5721090344535619,0.0,2.5,0.4596525078980459
5.356111478514719,-1.147917027872968,0.5919166989075204,0.0,2.5,0.47673212965599526
5.356111478514719,-1.1379170278729682,0.6160607735852891,0.0,2.5,0.49646707247026645
5.356111478514719,-1.1279170278729684,0.5264991088805145,0.0,2.5,0.4816241799929855
5.356111478514719,-1.1179170278729686,0.5059641060785312,0.0,2.5,0.4611733773434837
5.356111478514719,-1.1079170278729689,0.4545593145709728,0.0,2.5,0.40896150190735603
5.356111478514719,-1.097917027872969,0.4964572796785709,0.0,2.5,0.44456829157573546
5.356111478514719,-1.0879170278729693,0.4542442601561505,0.0,2.5,0.4678910419161676
5.356111478514719,-1.0779170278729695,0.3891861326504749,0.0,2.5,0.45503600529777855
5.356111478514719,-1.0679170278729697,0.34825161552665546,0.0,2.5,0.41019749774659964
5.356111478514719,-1.05791702787297,0.338140908467271,0.0,2.5,0.3963133507094837
5.356111478514719,-1.0479170278729701,0.3209863844228203,0.0,2.5,0.3726452472399762
5.356111478514719,-1.0379170278729704,0.3055555608517511,0.0,2.5,0.349049674864077
5.356111478514719,-1.0279170278729706,0.345646095145171,0.0,2.5,0.3959308431852133
5.356111478514719,-1.0179170278729708,0.34611960490875887,0.0,2.5,0.3976043125729684
5.356111478514719,-1.007917027872971,0.33479649590769917,0.0,2.5,0.3867942609143167
5.356111478514719,-0.9979170278729712,0.3417232422126622,0.0,2.5,0.39574342700372894
5.356111478514719,-0.9879170278729714,0.34635668309341244,0.0,2.5,0.39845019744648924
5.356111478514719,-0.9779170278729716,0.35398973628613606,0.0,2.5,0.4125758604992174
5.356111478514719,-0.9679170278729718,0.3512631846467526,0.0,2.5,0.4176116440321456
5.356111478514719,-0.9579170278729721,0.3534764222104003,0.0,2.5,0.4164547474716809
5.356111478514719,-0.9479170278729723,0.3625561629630959,0.0,2.5,0.42787641115957664
5.356111478514719,-0.9379170278729725,0.36891105047887207,0.0,2.5,0.4341666230716797
5.356111478514719,-0.9279170278729727,0.36511477626038197,0.0,2.5,0.42910414568106464
5.356111478514719,-0.9179170278729729,0.38453420982427744,0.0,2.5,0.4437112175701246
5.356111478514719,-0.9079170278729731,0.3854017432233689,0.0,2.5,0.4449346179377125
5.356111478514719,-0.8979170278729733,0.3740251028434341,0.0,2.5,0.4303719127751194
5.356111478514719,-0.8879170278729736,0.39215106574620756,0.0,2.5,0.44001219271040504
5.356111478514719,-0.8779170278729738,0.4248606796917898,0.0,2.5,0.47067395259869793
5.356111478514719,-0.867917027872974,0.5023525618914619,0.0,2.5,0.5207876392535157
5.356111478514719,-0.8579170278729742,0.6127268744889415,0.0,2.5,0.6436411290393986
5.356111478514719,-0.8479170278729744,0.7073612740610867,0.0,2.5,0.6436968378298831
5.356111478514719,-0.8379170278729746,0.8162340865262361,0.0,2.5,0.6179840869642754
5.356111478514719,-0.8279170278729748,0.7039010815930036,0.0,2.5,0.5608139154476159
5.356111478514719,-0.817917027872975,0.6302641961627505,0.0,2.5,0.5453742885625406
5.356111478514719,-0.8079170278729753,0.5819206807424049,0.0,2.5,0.5356691271314069
5.356111478514719,-0.7979170278729755,0.4928417026463314,0.0,2.5,0.5280877696129186
5.356111478514719,-0.7879170278729757,0.4361783991876036,0.0,2.5,0.5399213126528019
5.356111478514719,-0.7779170278729759,0.41034635503738637,0.0,2.5,0.5470836961372476
5.356111478514719,-0.7679170278729761,0.3835367480030209,0.0,2.5,0.5597254714467477
5.356111478514719,-0.7579170278729763,0.364890468191522,0.0,2.5,0.5316216779465008
5.356111478514719,-0.7479170278729765,0.31100901511084195,0.0,2.5,0.4680652486660586
5.356111478514719,-0.7379170278729767,0.3049140189604767,0.0,2.5,0.4602426752098937
5.356111478514719,-0.727917027872977,0.26640198332329124,0.0,2.5,0.40230409409207196
5.356111478514719,-0.7179170278729772,0.2676706391530606,0.0,2.5,0.39831978518633276
5.356111478514719,-0.7079170278729774,0.2537088431407956,0.0,2.5,0.37689141260468206
5.356111478514719,-0.6979170278729776,0.2723864804405478,0.0,2.5,0.41138243622898396
5.356111478514719,-0.6879170278729778,0.2796453472330212,0.0,2.5,0.4242928419768813
5.356111478514719,-0.677917027872978,0.32274108044594635,0.0,2.5,0.49439169996818505
5.356111478514719,-0.6679170278729782,0.307139556277483,0.0,2.5,0.46652068689622045
5.356111478514719,-0.6579170278729785,0.37960912150991405,0.0,2.5,0.5571352490715394
5.356111478514719,-0.6479170278729787,0.4087621032697077,0.0,2.5,0.583993918350788
5.356111478514719,-0.6379170278729789,0.4660869459189988,0.0,2.5,0.609650002847622
5.356111478514719,-0.6279170278729791,0.47643616161108243,0.0,2.5,0.5862474766739761
5.356111478514719,-0.6179170278729793,0.416436664707621,0.0,2.5,0.5245948787406465
5.356111478514719,-0.6079170278729795,0.37726411147367955,0.0,2.5,0.47585605004311765
5.356111478514719,-0.5979170278729797,0.37411968067972784,0.0,2.5,0.4709437154882757
5.356111478514719,-0.58791702787298,0.32943016580966156,0.0,2.5,0.4687098533884416
5.366111478514719,-1.6279170278729578,0.5966714893633405,0.0,2.5,0.6459466292682587
5.366111478514719,-1.617917027872958,0.5613441551450692,0.0,2.5,0.624670500003248
5.366111478514719,-1.6079170278729582,0.5727605840253108,0.0,2.5,0.6516889157197937
5.366111478514719,-1.5979170278729584,0.5619142158603712,0.0,2.5,0.6449849452166139
5.366111478514719,-1.5879170278729586,0.5707746405201728,0.0,2.5,0.6472342657180221
5.366111478514719,-1.5779170278729588,0.5734973978237675,0.0,2.5,0.6438466833628218
5.366111478514719,-1.5179170278729601,0.5966191103142785,0.0,2.5,0.5688747889204604
5.366111478514719,-1.5079170278729603,0.7874244562158746,0.0,2.5,0.6660763743916347
5.366111478514719,-1.4979170278729605,0.8630411433940155,0.0,2.5,0.6428469729113799
5.366111478514719,-1.4879170278729608,0.8488118460244528,0.0,2.5,0.6243129696101486
5.366111478514719,-1.477917027872961,0.8427051355734407,0.0,2.5,0.6282583180930292
5.366111478514719,-1.4679170278729612,0.8813707718357444,0.0,2.5,0.6374372730124571
5.366111478514719,-1.4579170278729614,0.9259032216885479,0.0,2.5,0.6457904681169678
5.366111478514719,-1.4479170278729616,0.9453197003116616,0.0,2.5,0.6458327278483438
5.366111478514719,-1.4379170278729618,0.876257175177192,0.0,2.5,0.594542287289999
5.366111478514719,-1.427917027872962,0.8346696201450172,0.0,2.5,0.5623447593207417
5.366111478514719,-1.4179170278729623,0.82107867904146,0.0,2.5,0.5505515056798158
5.366111478514719,-1.4079170278729625,0.846451357773572,0.0,2.5,0.5619522839723927
5.366111478514719,-1.3979170278729627,0.8044761801122328,0.0,2.5,0.5484650561029318
5.366111478514719,-1.387917027872963,0.8007539583781723,0.0,2.5,0.5463693726413543
5.366111478514719,-1.377917027872963,0.813600946946171,0.0,2.5,0.5514587906793603
5.366111478514719,-1.3679170278729633,0.8210450514581928,0.0,2.5,0.5551530057857156
5.366111478514719,-1.3579170278729635,0.8204098001337516,0.0,2.5,0.5512390314973749
5.366111478514719,-1.3479170278729637,0.8086899458862353,0.0,2.5,0.5454478992506588
5.366111478514719,-1.337917027872964,0.8241015054271391,0.0,2.5,0.5567016679936151
5.366111478514719,-1.3279170278729642,0.7865002149716147,0.0,2.5,0.5418266584865749
5.366111478514719,-1.3179170278729644,0.7699020369604722,0.0,2.5,0.5262777912021237
5.366111478514719,-1.3079170278729646,0.7415203324247096,0.0,2.5,0.5150672183206885
5.366111478514719,-1.2979170278729648,0.7607845893471064,0.0,2.5,0.5239995929634367
5.366111478514719,-1.287917027872965,0.7754566896595143,0.0,2.5,0.5257901539756176
5.366111478514719,-1.2779170278729652,0.7649894885861998,0.0,2.5,0.5347918911625479
5.366111478514719,-1.2679170278729655,0.7631882434865573,0.0,2.5,0.5443878485789536
5.366111478514719,-1.2579170278729657,0.7217374145656317,0.0,2.5,0.5229311738329675
5.366111478514719,-1.2479170278729659,0.7362382382242642,0.0,2.5,0.5331081625922043
5.366111478514719,-1.237917027872966,0.7299634941537755,0.0,2.5,0.5384568092836235
5.366111478514719,-1.2279170278729663,0.7200308161250705,0.0,2.5,0.5567940995899794
5.366111478514719,-1.2179170278729665,0.693590633089025,0.0,2.5,0.5511277880584229
5.366111478514719,-1.2079170278729667,0.7173715367975009,0.0,2.5,0.5693649739481834
5.366111478514719,-1.197917027872967,0.7339199897896698,0.0,2.5,0.5505417974055589
5.366111478514719,-1.1879170278729672,0.6671605104935825,0.0,2.5,0.5000352607030305
5.366111478514719,-1.1779170278729674,0.6386996034680783,0.0,2.5,0.48060231419020943
5.366111478514719,-1.1679170278729676,0.5837530851699964,0.0,2.5,0.45695162215194757
5.366111478514719,-1.1579170278729678,0.5675935189123903,0.0,2.5,0.4712332508246843
5.366111478514719,-1.147917027872968,0.5750065709114454,0.0,2.5,0.4742374536725454
5.366111478514719,-1.1379170278729682,0.6096951186579218,0.0,2.5,0.5020730908788569
5.366111478514719,-1.1279170278729684,0.6085666101187449,0.0,2.5,0.5051645489273473
5.366111478514719,-1.1179170278729686,0.5894221885207843,0.0,2.5,0.4875373694414267
5.366111478514719,-1.1079170278729689,0.5659731172495136,0.0,2.5,0.457204453948373
5.366111478514719,-1.097917027872969,0.6034697117540159,0.0,2.5,0.46073446745314856
5.366111478514719,-1.0879170278729693,0.5918463567924085,0.0,2.5,0.46537489055147213
5.366111478514719,-1.0779170278729695,0.49060182527218016,0.0,2.5,0.46325523788867584
5.366111478514719,-1.0679170278729697,0.4367057608498432,0.0,2.5,0.4767756990252907
5.366111478514719,-1.05791702787297,0.37731017170218345,0.0,2.5,0.4190634806123892
5.366111478514719,-1.0479170278729701,0.3630755927599375,0.0,2.5,0.40919396276942155
5.366111478514719,-1.0379170278729704,0.349836460050224,0.0,2.5,0.3952072065940179
5.366111478514719,-1.0279170278729706,0.31925238922125654,0.0,2.5,0.35038016087748514
5.366111478514719,-1.0179170278729708,0.3160274138617971,0.0,2.5,0.34921439805484955
5.366111478514719,-1.007917027872971,0.3437039929211251,0.0,2.5,0.38927789255070766
5.366111478514719,-0.9979170278729712,0.34479094245637987,0.0,2.5,0.40649766071681587
5.366111478514719,-0.9879170278729714,0.35250416124144524,0.0,2.5,0.41496068180044166
5.366111478514719,-0.9779170278729716,0.3493446118558653,0.0,2.5,0.41096068180044165
5.366111478514719,-0.9679170278729718,0.3506848335179747,0.0,2.5,0.4100765632020944
5.366111478514719,-0.9579170278729721,0.3544260184599237,0.0,2.5,0.4105265054431418
5.366111478514719,-0.9479170278729723,0.36199396355037555,0.0,2.5,0.419723440719406
5.366111478514719,-0.9379170278729725,0.36184388994578015,0.0,2.5,0.42008926742920627
5.366111478514719,-0.9279170278729727,0.36102218411036774,0.0,2.5,0.4227226007625396
5.366111478514719,-0.9179170278729729,0.36673703018071224,0.0,2.5,0.4299088256233051
5.366111478514719,-0.9079170278729731,0.37004002077056986,0.0,2.5,0.428760898819135
5.366111478514719,-0.8979170278729733,0.3898435897786202,0.0,2.5,0.4393692948641807
5.366111478514719,-0.8879170278729736,0.39401632346643334,0.0,2.5,0.444745170955518
5.366111478514719,-0.8779170278729738,0.40736062421265085,0.0,2.5,0.45255851893537824
5.366111478514719,-0.867917027872974,0.45623827883112333,0.0,2.5,0.46622981226901244
5.366111478514719,-0.8579170278729742,0.6110627329789796,0.0,2.5,0.5675753428385143
5.366111478514719,-0.8479170278729744,0.664379026492708,0.0,2.5,0.4754419758807675
5.366111478514719,-0.8379170278729746,0.6692327537652882,0.0,2.5,0.47866690629151243
5.366111478514719,-0.8279170278729748,0.6227232699559249,0.0,2.5,0.46802682388743133
5.366111478514719,-0.817917027872975,0.5587298351973934,0.0,2.5,0.44208346643723817
5.366111478514719,-0.8079170278729753,0.5908019999887755,0.0,2.5,0.528853360165812
5.366111478514719,-0.7979170278729755,0.5031825384704816,0.0,2.5,0.5358916778829
5.366111478514719,-0.7879170278729757,0.4605625947078507,0.0,2.5,0.5329619060055136
5.366111478514719,-0.7779170278729759,0.37733880714286816,0.0,2.5,0.531563270465422
5.366111478514719,-0.7679170278729761,0.3375629148804944,0.0,2.5,0.5029410195655027
5.366111478514719,-0.7579170278729763,0.3046251372133326,0.0,2.5,0.4505287485979409
5.366111478514719,-0.7479170278729765,0.3042487836330146,0.0,2.5,0.45153444494599637
5.366111478514719,-0.7379170278729767,0.28453705044574923,0.0,2.5,0.4311627973637307
5.366111478514719,-0.727917027872977,0.2841255441693629,0.0,2.5,0.42604814619701764
5.366111478514719,-0.7179170278729772,0.26304306948844464,0.0,2.5,0.3934214458381046
5.366111478514719,-0.7079170278729774,0.2633817695924359,0.0,2.5,0.39112499014715807
5.366111478514719,-0.6979170278729776,0.2661351512010306,0.0,2.5,0.39511503757445415
5.366111478514719,-0.6879170278729778,0.27769692559272946,0.0,2.5,0.41775556589442014
5.366111478514719,-0.677917027872978,0.30580578530668867,0.0,2.5,0.46733079288901735
5.366111478514719,-0.6679170278729782,0.319563362069118,0.0,2.5,0.48965229792617276
5.366111478514719,-0.6579170278729785,0.3232979956390193,0.0,2.5,0.48913130958113554
5.366111478514719,-0.6479170278729787,0.3993559909699101,0.0,2.5,0.5795688954825587
5.366111478514719,-0.6379170278729789,0.39863979169178515,0.0,2.5,0.571369085371722
5.366111478514719,-0.6279170278729791,0.38006347080571606,0.0,2.5,0.5438993260014393
5.366111478514719,-0.6179170278729793,0.33213744168948917,0.0,2.5,0.46555012951704133
5.366111478514719,-0.6079170278729795,0.4033989642910779,0.0,2.5,0.5641503421127858
5.366111478514719,-0.5979170278729797,0.34696148190202597,0.0,2.5,0.4835997670113978
5.366111478514719,-0.58791702787298,0.3388793475453859,0.0,2.5,0.47472110388450683
5.366111478514719,-0.5779170278729802,0.348997546646975,0.0,2.5,0.4838236279122233
5.366111478514719,-0.5679170278729804,0.3348556040693806,0.0,2.5,0.4744536600432151
5.366111478514719,-0.5579170278729806,0.32189041316944417,0.0,2.5,0.4546483905914427
5.366111478514719,-0.5479170278729808,0.3055435261781196,0.0,2.5,0.45208533079926516
5.366111478514719,-0.537917027872981,0.27297042573473773,0.0,2.5,0.3987392246516736
5.376111478514718,-1.6279170278729578,0.6054639425923601,0.0,2.5,0.6575739316841452
5.376111478514718,-1.617917027872958,0.5737531301617009,0.0,2.5,0.6325367414441355
5.376111478514718,-1.6079170278729582,0.5767158125268547,0.0,2.5,0.6523585720600181
5.376111478514718,-1.5979170278729584,0.5750459128660227,0.0,2.5,0.6520787100145743
5.376111478514718,-1.5879170278729586,0.5721451339339343,0.0,2.5,0.6474450028994514
5.376111478514718,-1.5779170278729588,0.57314181079152,0.0,2.5,0.6433042830258123
5.376111478514718,-1.52791702787296,0.6203248731230606,0.0,2.5,0.6244897260925341
5.376111478514718,-1.5179170278729601,0.6009841223205353,0.0,2.5,0.5683712388881301
5.376111478514718,-1.5079170278729603,0.8876233253113708,0.0,2.5,0.6537693129464995
5.376111478514718,-1.4979170278729605,0.8580690417003254,0.0,2.5,0.6334398315531525
5.376111478514718,-1.4879170278729608,0.8810219924967753,0.0,2.5,0.639511295628405
5.376111478514718,-1.477917027872961,0.9069646447815956,0.0,2.5,0.6453128690847871
5.376111478514718,-1.4679170278729612,0.9085709186316062,0.0,2.5,0.6462038215114521
5.376111478514718,-1.4579170278729614,0.9441495880247605,0.0,2.5,0.6615845039407056
5.376111478514718,-1.4479170278729616,0.9191091482222444,0.0,2.5,0.6268689460781754
5.376111478514718,-1.4379170278729618,0.8081034962528928,0.0,2.5,0.5475311426187723
5.376111478514718,-1.427917027872962,0.8154417747575475,0.0,2.5,0.5479684388208556
5.376111478514718,-1.4179170278729623,0.8597285652257474,0.0,2.5,0.5730855237808248
5.376111478514718,-1.4079170278729625,0.8211766862755077,0.0,2.5,0.5504204853566074
5.376111478514718,-1.3979170278729627,0.8330323573301041,0.0,2.5,0.5550673375586699
5.376111478514718,-1.387917027872963,0.8142219109034382,0.0,2.5,0.5421017858391598
5.376111478514718,-1.377917027872963,0.8352038503132001,0.0,2.5,0.5558890667372393
5.376111478514718,-1.3679170278729633,0.8201994006245701,0.0,2.5,0.5451942639188219
5.376111478514718,-1.3579170278729635,0.8385764552500565,0.0,2.5,0.5556591769390312
5.376111478514718,-1.3479170278729637,0.8482504879399426,0.0,2.5,0.5634847145384342
5.376111478514718,-1.337917027872964,0.8168599591646825,0.0,2.5,0.5544733954347438
5.376111478514718,-1.3279170278729642,0.7973275701769755,0.0,2.5,0.5405618981796537
5.376111478514718,-1.3179170278729644,0.7690557976747927,0.0,2.5,0.5251054994510493
5.376111478514718,-1.3079170278729646,0.7816265266847375,0.0,2.5,0.5324439305279617
5.376111478514718,-1.2979170278729648,0.7888053755914192,0.0,2.5,0.5407677024537803
5.376111478514718,-1.287917027872965,0.7512727637300413,0.0,2.5,0.5234240050096954
5.376111478514718,-1.2779170278729652,0.7527227004997489,0.0,2.5,0.5207801065917084
5.376111478514718,-1.2679170278729655,0.7361987374509987,0.0,2.5,0.5301323901144723
5.376111478514718,-1.2579170278729657,0.7305140345392662,0.0,2.5,0.5273508061724279
5.376111478514718,-1.2479170278729659,0.6852074076479232,0.0,2.5,0.5128894772219721
5.376111478514718,-1.237917027872966,0.6915288166658112,0.0,2.5,0.5184326440030047
5.376111478514718,-1.2279170278729663,0.6965510104484397,0.0,2.5,0.521176756205753
5.376111478514718,-1.2179170278729665,0.6892935304495024,0.0,2.5,0.5365807114253938
5.376111478514718,-1.2079170278729667,0.6756953831669721,0.0,2.5,0.547042495441464
5.376111478514718,-1.197917027872967,0.6798853926954139,0.0,2.5,0.5407098188841951
5.376111478514718,-1.1879170278729672,0.7032486650749918,0.0,2.5,0.5263046924047265
5.376111478514718,-1.1779170278729674,0.6477110754956404,0.0,2.5,0.48459657523677807
5.376111478514718,-1.1679170278729676,0.6341206539484726,0.0,2.5,0.4815019713260195
5.376111478514718,-1.1579170278729678,0.6320362951396009,0.0,2.5,0.4986446109794119
5.376111478514718,-1.147917027872968,0.6092667229763014,0.0,2.5,0.5122093051120513
5.376111478514718,-1.1379170278729682,0.6309450229088152,0.0,2.5,0.5188528104675982
5.376111478514718,-1.1279170278729684,0.6625879448548861,0.0,2.5,0.5315164961747123
5.376111478514718,-1.1179170278729686,0.6552384200261898,0.0,2.5,0.54671200219215
5.376111478514718,-1.1079170278729689,0.6728071635452267,0.0,2.5,0.5075496550246426
5.376111478514718,-1.097917027872969,0.6816362241784867,0.0,2.5,0.4798796478877072
5.376111478514718,-1.0879170278729693,0.6468141252533472,0.0,2.5,0.46070020560460756
5.376111478514718,-1.0779170278729695,0.6074716946051454,0.0,2.5,0.4644410036874724
5.376111478514718,-1.0679170278729697,0.4923056400264118,0.0,2.5,0.449421982850551
5.376111478514718,-1.05791702787297,0.48402441665574747,0.0,2.5,0.46628253491133614
5.376111478514718,-1.0479170278729701,0.4446198241462419,0.0,2.5,0.47280527509155423
5.376111478514718,-1.0379170278729704,0.3790047500355042,0.0,2.5,0.41728344709531057
5.376111478514718,-1.0279170278729706,0.3682113081417562,0.0,2.5,0.40167782562198723
5.376111478514718,-1.0179170278729708,0.3565326432128699,0.0,2.5,0.3845053521250033
5.376111478514718,-1.007917027872971,0.3272468141152125,0.0,2.5,0.3543109857349008
5.376111478514718,-0.9979170278729712,0.3334974177954383,0.0,2.5,0.36149673937371773
5.376111478514718,-0.9879170278729714,0.3136435994018678,0.0,2.5,0.36033722768361987
5.376111478514718,-0.9779170278729716,0.3483261847087714,0.0,2.5,0.40328979716051216
5.376111478514718,-0.9679170278729718,0.33894802853345274,0.0,2.5,0.39750672824443983
5.376111478514718,-0.9579170278729721,0.34479592165569994,0.0,2.5,0.4053293475241407
5.376111478514718,-0.9479170278729723,0.34748909047734017,0.0,2.5,0.40796018491720537
5.376111478514718,-0.9379170278729725,0.3558835485141399,0.0,2.5,0.4179601849172053
5.376111478514718,-0.9279170278729727,0.36228959090283125,0.0,2.5,0.4264193289512165
5.376111478514718,-0.9179170278729729,0.3672655126661451,0.0,2.5,0.4317193310186335
5.376111478514718,-0.9079170278729731,0.3684474867256353,0.0,2.5,0.4273851317019352
5.376111478514718,-0.8979170278729733,0.3792532279137379,0.0,2.5,0.4319316544837098
5.376111478514718,-0.8879170278729736,0.3926368476990408,0.0,2.5,0.44243287237969864
5.376111478514718,-0.8779170278729738,0.42380063590356504,0.0,2.5,0.44211483329069007
5.376111478514718,-0.867917027872974,0.4810650774690207,0.0,2.5,0.5293345836232106
5.376111478514718,-0.8579170278729742,0.6862223398948397,0.0,2.5,0.5398245631399986
5.376111478514718,-0.8479170278729744,0.6602517236382597,0.0,2.5,0.46803405446927965
5.376111478514718,-0.8379170278729746,0.6838008388384653,0.0,2.5,0.4897823441629391
5.376111478514718,-0.8279170278729748,0.6462197879863899,0.0,2.5,0.4814393594299492
5.376111478514718,-0.817917027872975,0.5972270438961296,0.0,2.5,0.47636948583265526
5.376111478514718,-0.8079170278729753,0.6020279746356972,0.0,2.5,0.5066437523408274
5.376111478514718,-0.7979170278729755,0.5581840635474342,0.0,2.5,0.5179103142211384
5.376111478514718,-0.7879170278729757,0.4878588536690141,0.0,2.5,0.5221667425684002
5.376111478514718,-0.7779170278729759,0.4648111058983404,0.0,2.5,0.5272955406660493
5.376111478514718,-0.7679170278729761,0.34001472705373326,0.0,2.5,0.4784211215638103
5.376111478514718,-0.7579170278729763,0.30469182834920033,0.0,2.5,0.4513633170360967
5.376111478514718,-0.7479170278729765,0.30012756301882715,0.0,2.5,0.4441460719282377
5.376111478514718,-0.7379170278729767,0.3016126249347327,0.0,2.5,0.44562897687520947
5.376111478514718,-0.727917027872977,0.2990934877837851,0.0,2.5,0.44650375279581095
5.376111478514718,-0.7179170278729772,0.29143865789182616,0.0,2.5,0.4355863849324887
5.376111478514718,-0.7079170278729774,0.26591735694712326,0.0,2.5,0.3913200850708027
5.376111478514718,-0.6979170278729776,0.2623482307951428,0.0,2.5,0.3929629242824644
5.376111478514718,-0.6879170278729778,0.275075156702522,0.0,2.5,0.41333997613892304
5.376111478514718,-0.677917027872978,0.28048486086705143,0.0,2.5,0.42622303091053443
5.376111478514718,-0.6679170278729782,0.3251661992362152,0.0,2.5,0.49971158580569963
5.376111478514718,-0.6579170278729785,0.30781119189222894,0.0,2.5,0.470318214336365
5.376111478514718,-0.6479170278729787,0.3103278683696601,0.0,2.5,0.4603638249703901
5.376111478514718,-0.6379170278729789,0.32987527663156613,0.0,2.5,0.4878986664621392
5.376111478514718,-0.6279170278729791,0.2822211399365762,0.0,2.5,0.4226502585852948
5.376111478514718,-0.6179170278729793,0.2918537815106993,0.0,2.5,0.435044166399525
5.376111478514718,-0.6079170278729795,0.3667632014725033,0.0,2.5,0.5452455671802066
5.376111478514718,-0.5979170278729797,0.40145565702267416,0.0,2.5,0.5734036867058251
5.376111478514718,-0.58791702787298,0.3717064801975512,0.0,2.5,0.5515547682385143
5.376111478514718,-0.5779170278729802,0.3178623926944389,0.0,2.5,0.4734519912908606
5.376111478514718,-0.5679170278729804,0.3372622008855739,0.0,2.5,0.4967264084565266
5.376111478514718,-0.5579170278729806,0.3154507359422707,0.0,2.5,0.46123084980297385
5.376111478514718,-0.5479170278729808,0.30611332172966205,0.0,2.5,0.45008845327396046
5.376111478514718,-0.537917027872981,0.31837329739756565,0.0,2.5,0.4692118109610403
5.376111478514718,-0.5279170278729812,0.2914860032738331,0.0,2.5,0.4281810933873109
5.376111478514718,-0.5179170278729814,0.2767659138157705,0.0,2.5,0.41021602290882353
5.376111478514718,-0.5079170278729817,0.2814386161682413,0.0,2.5,0.4107365638828964
5.386111478514718,-1.6279170278729578,0.6469117865386622,0.0,2.5,0.6694334998496265
5.386111478514718,-1.617917027872958,0.5786674090976248,0.0,2.5,0.6407832823246387
5.386111478514718,-1.6079170278729582,0.5995831807332759,0.0,2.5,0.6595274044831592
5.386111478514718,-1.5979170278729584,0.5846269150212546,0.0,2.5,0.6556509931876996
5.386111478514718,-1.5879170278729586,0.5739139954791008,0.0,2.5,0.6440968207551551
5.386111478514718,-1.5779170278729588,0.5730748960631543,0.0,2.5,0.6480807558791044
5.386111478514718,-1.567917027872959,0.5728977659423019,0.0,2.5,0.6440932242433248
5.386111478514718,-1.5579170278729593,0.5398065933269117,0.0,2.5,0.6148384614432411
5.386111478514718,-1.5479170278729595,0.5791828925821831,0.0,2.5,0.6401779333208235
5.386111478514718,-1.5379170278729597,0.5915753268309377,0.0,2.5,0.6150492138772513
5.386111478514718,-1.52791702787296,0.6286532276882947,0.0,2.5,0.619678186649129
5.386111478514718,-1.5179170278729601,0.683819464807908,0.0,2.5,0.6368867553432377
5.386111478514718,-1.5079170278729603,0.8578382838276505,0.0,2.5,0.6527275179321584
5.386111478514718,-1.4979170278729605,0.911243248407279,0.0,2.5,0.6478148369704753
5.386111478514718,-1.4879170278729608,0.9203469359338704,0.0,2.5,0.6645637714687701
5.386111478514718,-1.477917027872961,0.9731959542376662,0.0,2.5,0.6805642306028531
5.386111478514718,-1.4679170278729612,0.9550612833454173,0.0,2.5,0.6577457135351309
5.386111478514718,-1.4579170278729614,0.9415843666590218,0.0,2.5,0.6334061300462719
5.386111478514718,-1.4479170278729616,0.8015735438271815,0.0,2.5,0.5542110158041604
5.386111478514718,-1.4379170278729618,0.8416335776827518,0.0,2.5,0.5710190212474355
5.386111478514718,-1.427917027872962,0.8513975868301192,0.0,2.5,0.5671677454592019
5.386111478514718,-1.4179170278729623,0.830276785219372,0.0,2.5,0.5514643378267412
5.386111478514718,-1.4079170278729625,0.9842214169811727,0.0,2.5,0.6452269984615472
5.386111478514718,-1.3979170278729627,0.9210030623101838,0.0,2.5,0.6093346858117359
5.386111478514718,-1.387917027872963,0.8615243106551517,0.0,2.5,0.5682897626952426
5.386111478514718,-1.377917027872963,0.8594410309857625,0.0,2.5,0.5683231433315324
5.386111478514718,-1.3679170278729633,0.8526473081895425,0.0,2.5,0.5612878216050546
5.386111478514718,-1.3579170278729635,0.8701920866047819,0.0,2.5,0.5743798816332257
5.386111478514718,-1.3479170278729637,0.8560102062631482,0.0,2.5,0.5740934336916839
5.386111478514718,-1.337917027872964,0.8120714273513415,0.0,2.5,0.54512113082673
5.386111478514718,-1.3279170278729642,0.8090933401309025,0.0,2.5,0.5474477218862119
5.386111478514718,-1.3179170278729644,0.7902722637953243,0.0,2.5,0.5366702637988959
5.386111478514718,-1.3079170278729646,0.782515642454443,0.0,2.5,0.534496638459432
5.386111478514718,-1.2979170278729648,0.78055080286503,0.0,2.5,0.5301544167529263
5.386111478514718,-1.287917027872965,0.7472921818410091,0.0,2.5,0.5156216782965881
5.386111478514718,-1.2779170278729652,0.7027968515275119,0.0,2.5,0.4943108316391056
5.386111478514718,-1.2679170278729655,0.6754423548082719,0.0,2.5,0.4954591025359282
5.386111478514718,-1.2579170278729657,0.6996427971571514,0.0,2.5,0.5106092607314977
5.386111478514718,-1.2479170278729659,0.6827855189879075,0.0,2.5,0.5063748950019998
5.386111478514718,-1.237917027872966,0.6845198357457578,0.0,2.5,0.5084269047964026
5.386111478514718,-1.2279170278729663,0.6595389399552913,0.0,2.5,0.496935595032374
5.386111478514718,-1.2179170278729665,0.6672171909024932,0.0,2.5,0.5115883984706079
5.386111478514718,-1.2079170278729667,0.6411692472899867,0.0,2.5,0.5230276759685499
5.386111478514718,-1.197917027872967,0.6920907817456938,0.0,2.5,0.5564488072029105
5.386111478514718,-1.1879170278729672,0.7136039926662388,0.0,2.5,0.528214367968036
5.386111478514718,-1.1779170278729674,0.723683658240136,0.0,2.5,0.5294654399415805
5.386111478514718,-1.1679170278729676,0.6361644116553404,0.0,2.5,0.4730752088434176
5.386111478514718,-1.1579170278729678,0.6261797405691997,0.0,2.5,0.4698783615003501
5.386111478514718,-1.147917027872968,0.6221440547258584,0.0,2.5,0.46939316352861427
5.386111478514718,-1.1379170278729682,0.645455947168793,0.0,2.5,0.48366369141738014
5.386111478514718,-1.1279170278729684,0.6557141539058483,0.0,2.5,0.5033643742795174
5.386111478514718,-1.1179170278729686,0.6122614051086958,0.0,2.5,0.460064005229343
5.386111478514718,-1.1079170278729689,0.6307706396777114,0.0,2.5,0.47134445422203614
5.386111478514718,-1.097917027872969,0.690815240775361,0.0,2.5,0.4766878555376259
5.386111478514718,-1.0879170278729693,0.6918010004409413,0.0,2.5,0.46305627282147493
5.386111478514718,-1.0779170278729695,0.6929096414406072,0.0,2.5,0.4660542965806581
5.386111478514718,-1.0679170278729697,0.6670046079302551,0.0,2.5,0.4710576946519509
5.386111478514718,-1.05791702787297,0.6019163500185263,0.0,2.5,0.45925283191994787
5.386111478514718,-1.0479170278729701,0.5192860046256143,0.0,2.5,0.45593200305949927
5.386111478514718,-1.0379170278729704,0.4815769373599737,0.0,2.5,0.4639632755899065
5.386111478514718,-1.0279170278729706,0.4557160242346349,0.0,2.5,0.47416402001191144
5.386111478514718,-1.0179170278729708,0.400578054972743,0.0,2.5,0.43336443379020595
5.386111478514718,-1.007917027872971,0.3756955647341713,0.0,2.5,0.40454959443640137
5.386111478514718,-0.9979170278729712,0.3628785594799808,0.0,2.5,0.37968196826579015
5.386111478514718,-0.9879170278729714,0.33824233863002034,0.0,2.5,0.35679792160415796
5.386111478514718,-0.9779170278729716,0.3144530479841699,0.0,2.5,0.3576902878337406
5.386111478514718,-0.9679170278729718,0.32757379165316103,0.0,2.5,0.3756471120357702
5.386111478514718,-0.9579170278729721,0.32348091125781325,0.0,2.5,0.3735637808682605
5.386111478514718,-0.9479170278729723,0.3396980399711927,0.0,2.5,0.39832687212933193
5.386111478514718,-0.9379170278729725,0.3686075445949841,0.0,2.5,0.43521776437663184
5.386111478514718,-0.9279170278729727,0.37596893485862937,0.0,2.5,0.44562944200514903
5.386111478514718,-0.9179170278729729,0.3774050769732248,0.0,2.5,0.44674457492948444
5.386111478514718,-0.9079170278729731,0.3859595244432033,0.0,2.5,0.4454279231703525
5.386111478514718,-0.8979170278729733,0.3890100702764379,0.0,2.5,0.4446203030126306
5.386111478514718,-0.8879170278729736,0.36797959114845197,0.0,2.5,0.408387617603677
5.386111478514718,-0.8779170278729738,0.39810827982987274,0.0,2.5,0.415127539567207
5.386111478514718,-0.867917027872974,0.46572345690294237,0.0,2.5,0.5126334775669827
5.386111478514718,-0.8579170278729742,0.6241657607810702,0.0,2.5,0.5134483616077495
5.386111478514718,-0.8479170278729744,0.6378092593956565,0.0,2.5,0.46470134028615073
5.386111478514718,-0.8379170278729746,0.721895426012269,0.0,2.5,0.5233213607347283
5.386111478514718,-0.8279170278729748,0.6540362308441997,0.0,2.5,0.5161375133911829
5.386111478514718,-0.817917027872975,0.5384002768117896,0.0,2.5,0.4836067124095119
5.386111478514718,-0.8079170278729753,0.4362389032629436,0.0,2.5,0.4588654924206369
5.386111478514718,-0.7979170278729755,0.440835528780746,0.0,2.5,0.47412650634659786
5.386111478514718,-0.7879170278729757,0.4370325604507324,0.0,2.5,0.49400122977134714
5.386111478514718,-0.7779170278729759,0.35908089602866955,0.0,2.5,0.4967843549067219
5.386111478514718,-0.7679170278729761,0.3190987254344743,0.0,2.5,0.4500749561409867
5.386111478514718,-0.7579170278729763,0.31452039190196507,0.0,2.5,0.4609301268203519
5.386111478514718,-0.7479170278729765,0.3123227873018382,0.0,2.5,0.46157678569221844
5.386111478514718,-0.7379170278729767,0.31097595803746186,0.0,2.5,0.4514193748490936
5.386111478514718,-0.727917027872977,0.31478575084221094,0.0,2.5,0.4560830438826189
5.386111478514718,-0.7179170278729772,0.34756614892684856,0.0,2.5,0.46360756685432775
5.386111478514718,-0.7079170278729774,0.32170375551983355,0.0,2.5,0.4296402646912629
5.386111478514718,-0.6979170278729776,0.2548170119503374,0.0,2.5,0.3766188864811495
5.386111478514718,-0.6879170278729778,0.2625635625792548,0.0,2.5,0.39507934735460054
5.386111478514718,-0.677917027872978,0.28064995127795905,0.0,2.5,0.4168132856365304
5.386111478514718,-0.6679170278729782,0.2848239932099879,0.0,2.5,0.42293456382703615
5.386111478514718,-0.6579170278729785,0.33169014940396346,0.0,2.5,0.48887832345588406
5.386111478514718,-0.6479170278729787,0.33632857460312304,0.0,2.5,0.4800765508248406
5.386111478514718,-0.6379170278729789,0.31233637995921293,0.0,2.5,0.46903761429180163
5.386111478514718,-0.6279170278729791,0.28971493172417706,0.0,2.5,0.4309431315117997
5.386111478514718,-0.6179170278729793,0.3064622300979557,0.0,2.5,0.45550880802243593
5.386111478514718,-0.6079170278729795,0.3526884649143966,0.0,2.5,0.521669315938874
5.386111478514718,-0.5979170278729797,0.40990309248128076,0.0,2.5,0.5810553502323795
5.386111478514718,-0.58791702787298,0.43451222611937357,0.0,2.5,0.614840090756213
5.386111478514718,-0.5779170278729802,0.38771703693543397,0.0,2.5,0.5625824668788557
5.386111478514718,-0.5679170278729804,0.31426430055374954,0.0,2.5,0.46124585253902545
5.386111478514718,-0.5579170278729806,0.33407633812849524,0.0,2.5,0.48978298388805047
5.386111478514718,-0.5479170278729808,0.31963495223694655,0.0,2.5,0.47024937957030616
5.386111478514718,-0.537917027872981,0.29351996043392264,0.0,2.5,0.42968851549435727
5.386111478514718,-0.5279170278729812,0.2873454107592568,0.0,2.5,0.42568951039530717
5.386111478514718,-0.5179170278729814,0.27750230935587217,0.0,2.5,0.41243601507835315
5.386111478514718,-0.5079170278729817,0.2730701584986424,0.0,2.5,0.4065613057009313
5.386111478514718,-0.49791702787298187,0.27174307985166785,0.0,2.5,0.4025874693963841
5.396111478514718,-1.6279170278729578,0.6560285049431898,0.0,2.5,0.6679681274277823
5.396111478514718,-1.617917027872958,0.617077055722046,0.0,2.5,0.654297527047831
5.396111478514718,-1.6079170278729582,0.6059431834273952,0.0,2.5,0.6698489465087473
5.396111478514718,-1.5979170278729584,0.60843577989454,0.0,2.5,0.6634555785904934
5.396111478514718,-1.5879170278729586,0.5783514047091375,0.0,2.5,0.6472182983302025
5.396111478514718,-1.5779170278729588,0.5767152021523972,0.0,2.5,0.644483483229485
5.396111478514718,-1.567917027872959,0.5629093465450498,0.0,2.5,0.6429902161803723
5.396111478514718,-1.5579170278729593,0.5473065506643425,0.0,2.5,0.6224035993618997
5.396111478514718,-1.5479170278729595,0.5748539806199203,0.0,2.5,0.6338831432996994
5.396111478514718,-1.5379170278729597,0.5992844874247943,0.0,2.5,0.6130155109335722
5.396111478514718,-1.52791702787296,0.6196611269336811,0.0,2.5,0.6087967443578192
5.396111478514718,-1.5179170278729601,0.7209463124290832,0.0,2.5,0.63612265962258
5.396111478514718,-1.5079170278729603,0.8520148541168917,0.0,2.5,0.6449359943506514
5.396111478514718,-1.4979170278729605,0.9273978591810861,0.0,2.5,0.6809951729998749
5.396111478514718,-1.4879170278729608,0.9530275855154874,0.0,2.5,0.6861292389842093
5.396111478514718,-1.477917027872961,0.9499008562871276,0.0,2.5,0.6480938188489925
5.396111478514718,-1.4679170278729612,0.948219871032721,0.0,2.5,0.6362988408871292
5.396111478514718,-1.4579170278729614,0.860161777343203,0.0,2.5,0.5814397423666694
5.396111478514718,-1.4479170278729616,0.8347846977886241,0.0,2.5,0.5550109084456339
5.396111478514718,-1.4379170278729618,0.8624356510852002,0.0,2.5,0.5641929329771943
5.396111478514718,-1.427917027872962,0.8329341982599098,0.0,2.5,0.5362112008834581
5.396111478514718,-1.4179170278729623,1.0033704860794612,0.0,2.5,0.6504842826619099
5.396111478514718,-1.4079170278729625,1.0082247398689466,0.0,2.5,0.6593477966453128
5.396111478514718,-1.3979170278729627,0.9940935409022541,0.0,2.5,0.6493303061216027
5.396111478514718,-1.387917027872963,1.0054435017258783,0.0,2.5,0.656892754969536
5.396111478514718,-1.377917027872963,0.9985126932618067,0.0,2.5,0.6529239576369155
5.396111478514718,-1.3679170278729633,1.0110068989805643,0.0,2.5,0.6565766891142145
5.396111478514718,-1.3579170278729635,0.9510961829423283,0.0,2.5,0.6328372036201015
5.396111478514718,-1.3479170278729637,0.8558774658487145,0.0,2.5,0.5711130360043483
5.396111478514718,-1.337917027872964,0.8226615805210044,0.0,2.5,0.5402491757605593
5.396111478514718,-1.3279170278729642,0.7999153505121988,0.0,2.5,0.5264110580735132
5.396111478514718,-1.3179170278729644,0.7747967289549252,0.0,2.5,0.515049179089787
5.396111478514718,-1.3079170278729646,0.760936916465616,0.0,2.5,0.5078877927774402
5.396111478514718,-1.2979170278729648,0.8210612736934604,0.0,2.5,0.558114226895619
5.396111478514718,-1.287917027872965,0.7915511402690362,0.0,2.5,0.5349425930377228
5.396111478514718,-1.2779170278729652,0.7985264094774432,0.0,2.5,0.5464099414423143
5.396111478514718,-1.2679170278729655,0.7669148893346479,0.0,2.5,0.5361893668214445
5.396111478514718,-1.2579170278729657,0.7583125585041569,0.0,2.5,0.5396943036548273
5.396111478514718,-1.2479170278729659,0.7581800789141946,0.0,2.5,0.5429042328886968
5.396111478514718,-1.237917027872966,0.7422985761808002,0.0,2.5,0.5371432289774326
5.396111478514718,-1.2279170278729663,0.7445646683316749,0.0,2.5,0.5404067364429598
5.396111478514718,-1.2179170278729665,0.7168338963938204,0.0,2.5,0.5190515419403517
5.396111478514718,-1.2079170278729667,0.7223814262446471,0.0,2.5,0.5227779521750141
5.396111478514718,-1.197917027872967,0.7927618826986123,0.0,2.5,0.5533876415848723
5.396111478514718,-1.1879170278729672,0.7593162006868863,0.0,2.5,0.5553470960532786
5.396111478514718,-1.1779170278729674,0.733713244883451,0.0,2.5,0.5346193286431362
5.396111478514718,-1.1679170278729676,0.716988996653124,0.0,2.5,0.5086937349673784
5.396111478514718,-1.1579170278729678,0.716514344976316,0.0,2.5,0.4904144859396454
5.396111478514718,-1.147917027872968,0.628020576540691,0.0,2.5,0.4421743392298865
5.396111478514718,-1.1379170278729682,0.5782239847622637,0.0,2.5,0.4121579366715632
5.396111478514718,-1.1279170278729684,0.594530213072703,0.0,2.5,0.41912617692668397
5.396111478514718,-1.1179170278729686,0.611901876254686,0.0,2.5,0.4444901377018637
5.396111478514718,-1.1079170278729689,0.6185293344081079,0.0,2.5,0.4317183337677278
5.396111478514718,-1.097917027872969,0.6533809524832738,0.0,2.5,0.4453534914910895
5.396111478514718,-1.0879170278729693,0.6329079171178651,0.0,2.5,0.419475526516467
5.396111478514718,-1.0779170278729695,0.6472910316321615,0.0,2.5,0.43212478813934674
5.396111478514718,-1.0679170278729697,0.6914591988114382,0.0,2.5,0.48618684067833134
5.396111478514718,-1.05791702787297,0.647614979713131,0.0,2.5,0.4850498386398341
5.396111478514718,-1.0479170278729701,0.5605741517549926,0.0,2.5,0.48638865704200607
5.396111478514718,-1.0379170278729704,0.514160780520458,0.0,2.5,0.46218896371149504
5.396111478514718,-1.0279170278729706,0.4611869324107931,0.0,2.5,0.46889877652671214
5.396111478514718,-1.0179170278729708,0.44994516371186644,0.0,2.5,0.4549655827387771
5.396111478514718,-1.007917027872971,0.4247045673282569,0.0,2.5,0.43707138268843937
5.396111478514718,-0.9979170278729712,0.40054758569725146,0.0,2.5,0.4048829383418167
5.396111478514718,-0.9879170278729714,0.37939205200003,0.0,2.5,0.38707971263244934
5.396111478514718,-0.9779170278729716,0.3337735799230638,0.0,2.5,0.3616179648347769
5.396111478514718,-0.9679170278729718,0.3422299816567042,0.0,2.5,0.3761917406555559
5.396111478514718,-0.9579170278729721,0.3434798955598891,0.0,2.5,0.38179656938264345
5.396111478514718,-0.9479170278729723,0.32621773056046777,0.0,2.5,0.37218167524060347
5.396111478514718,-0.9379170278729725,0.35378250837326514,0.0,2.5,0.40794867968579945
5.396111478514718,-0.9279170278729727,0.3512780396405132,0.0,2.5,0.4116879754092235
5.396111478514718,-0.9179170278729729,0.396626298880857,0.0,2.5,0.45607843355840205
5.396111478514718,-0.9079170278729731,0.3861787439732614,0.0,2.5,0.44403302609466455
5.396111478514718,-0.8979170278729733,0.3555754358246039,0.0,2.5,0.4055439160532737
5.396111478514718,-0.8879170278729736,0.34785638124867085,0.0,2.5,0.3874817227495954
5.396111478514718,-0.8779170278729738,0.35503933004304994,0.0,2.5,0.37068853576056227
5.396111478514718,-0.867917027872974,0.4479432645367801,0.0,2.5,0.4925517920841841
5.396111478514718,-0.8579170278729742,0.5865937285789289,0.0,2.5,0.4907123631125032
5.396111478514718,-0.8479170278729744,0.5870623408369801,0.0,2.5,0.44538215690877786
5.396111478514718,-0.8379170278729746,0.6368201757112376,0.0,2.5,0.508363729671519
5.396111478514718,-0.8279170278729748,0.5035429973087011,0.0,2.5,0.4788108920328182
5.396111478514718,-0.817917027872975,0.453019532627702,0.0,2.5,0.46784708288922894
5.396111478514718,-0.8079170278729753,0.41908843346273006,0.0,2.5,0.46197399027125313
5.396111478514718,-0.7979170278729755,0.38742104157305096,0.0,2.5,0.47111577786173037
5.396111478514718,-0.7879170278729757,0.3571248206109268,0.0,2.5,0.451133439965924
5.396111478514718,-0.7779170278729759,0.3271445447081718,0.0,2.5,0.4503469337958476
5.396111478514718,-0.7679170278729761,0.3360588158544047,0.0,2.5,0.46938289620492624
5.396111478514718,-0.7579170278729763,0.3111464508907103,0.0,2.5,0.45580474182314185
5.396111478514718,-0.7479170278729765,0.31462021174393645,0.0,2.5,0.45655230952164294
5.396111478514718,-0.7379170278729767,0.343359147057991,0.0,2.5,0.48989938683233614
5.396111478514718,-0.727917027872977,0.3269724375591878,0.0,2.5,0.4629135705167709
5.396111478514718,-0.7179170278729772,0.3660160002541988,0.0,2.5,0.473586535242421
5.396111478514718,-0.7079170278729774,0.3604090015713146,0.0,2.5,0.4680789971937708
5.396111478514718,-0.6979170278729776,0.2879763380168073,0.0,2.5,0.38964661568304765
5.396111478514718,-0.6879170278729778,0.2566309069562934,0.0,2.5,0.3819699600800103
5.396111478514718,-0.677917027872978,0.27002297834406425,0.0,2.5,0.3915778211461022
5.396111478514718,-0.6679170278729782,0.3145993131557959,0.0,2.5,0.4387089991476014
5.396111478514718,-0.6579170278729785,0.3415126699701975,0.0,2.5,0.42691107563916014
5.396111478514718,-0.6479170278729787,0.4193933838581387,0.0,2.5,0.5219588256248908
5.396111478514718,-0.6379170278729789,0.3621494094999178,0.0,2.5,0.47135945448445343
5.396111478514718,-0.6279170278729791,0.32389815073709055,0.0,2.5,0.4626087715329603
5.396111478514718,-0.6179170278729793,0.33663955535648954,0.0,2.5,0.4997154516378155
5.396111478514718,-0.6079170278729795,0.3962142836926705,0.0,2.5,0.5500384445991898
5.396111478514718,-0.5979170278729797,0.4227517583421384,0.0,2.5,0.5728653888927799
5.396111478514718,-0.58791702787298,0.4179285308777574,0.0,2.5,0.565754936043774
5.396111478514718,-0.5779170278729802,0.3593161512276898,0.0,2.5,0.5118550454138104
5.396111478514718,-0.5679170278729804,0.3058224684115329,0.0,2.5,0.45710989779147354
5.396111478514718,-0.5579170278729806,0.3211573076111088,0.0,2.5,0.48003412206946877
5.396111478514718,-0.5479170278729808,0.285393713768101,0.0,2.5,0.42870609459740155
5.396111478514718,-0.537917027872981,0.2837914202062096,0.0,2.5,0.42182281590724646
5.396111478514718,-0.5279170278729812,0.2915691381137502,0.0,2.5,0.42730913236586093
5.396111478514718,-0.5179170278729814,0.28005396478827327,0.0,2.5,0.41411357233152707
5.396111478514718,-0.5079170278729817,0.3176668065969666,0.0,2.5,0.47236181991892273
5.396111478514718,-0.49791702787298187,0.36965229908410346,0.0,2.5,0.5223662664175918
5.396111478514718,-0.4879170278729821,0.27481177023777636,0.0,2.5,0.4042006769435539
5.406111478514718,-1.6279170278729578,0.6560516861456944,0.0,2.5,0.6694334998496265
5.406111478514718,-1.617917027872958,0.6153454692509829,0.0,2.5,0.6549308603811643
5.406111478514718,-1.6079170278729582,0.6442287185519789,0.0,2.5,0.6835271704735638
5.406111478514718,-1.5979170278729584,0.6190848579138666,0.0,2.5,0.67842056479379
5.406111478514718,-1.5879170278729586,0.6007846235388737,0.0,2.5,0.6539404416353745
5.406111478514718,-1.5779170278729588,0.5780991310701502,0.0,2.5,0.64444169549841
5.406111478514718,-1.567917027872959,0.5724859086709476,0.0,2.5,0.6460530309950826
5.406111478514718,-1.5579170278729593,0.5453113190530168,0.0,2.5,0.6266012749921019
5.406111478514718,-1.5479170278729595,0.6077111065176004,0.0,2.5,0.6361001618025741
5.406111478514718,-1.5379170278729597,0.7713251617376965,0.0,2.5,0.6433084666367991
5.406111478514718,-1.52791702787296,0.9352251270260368,0.0,2.5,0.5818151862047046
5.406111478514718,-1.5179170278729601,0.93103815085812,0.0,2.5,0.6259244565616635
5.406111478514718,-1.5079170278729603,0.905411103320928,0.0,2.5,0.6578006233907254
5.406111478514718,-1.4979170278729605,0.91128706178741,0.0,2.5,0.6458239055438919
5.406111478514718,-1.4879170278729608,0.9423737049680985,0.0,2.5,0.6863870834735384
5.406111478514718,-1.477917027872961,0.8955074685212998,0.0,2.5,0.6580803468580323
5.406111478514718,-1.4679170278729612,0.8695593972087416,0.0,2.5,0.5862727776568117
5.406111478514718,-1.4579170278729614,0.855080057568242,0.0,2.5,0.5652817513868602
5.406111478514718,-1.4479170278729616,0.8702389780742014,0.0,2.5,0.5643847277477337
5.406111478514718,-1.4379170278729618,0.8537944924808882,0.0,2.5,0.5377166751434095
5.406111478514718,-1.427917027872962,1.0529517004036488,0.0,2.5,0.6573053395139725
5.406111478514718,-1.4179170278729623,0.9913523104692056,0.0,2.5,0.6359275690294818
5.406111478514718,-1.4079170278729625,0.9838274414886374,0.0,2.5,0.6312933359814238
5.406111478514718,-1.3979170278729627,1.00480283865104,0.0,2.5,0.6339975863372719
5.406111478514718,-1.387917027872963,1.030895270917794,0.0,2.5,0.651518978579933
5.406111478514718,-1.377917027872963,1.0207583739392598,0.0,2.5,0.6501557313725391
5.406111478514718,-1.3679170278729633,1.007942189693111,0.0,2.5,0.6397668648039312
5.406111478514718,-1.3579170278729635,1.0408901868926401,0.0,2.5,0.6571802685065873
5.406111478514718,-1.3479170278729637,1.0157828222286518,0.0,2.5,0.6432144457011648
5.406111478514718,-1.337917027872964,0.8790638424446326,0.0,2.5,0.5620526921751587
5.406111478514718,-1.3279170278729642,0.8694307404569603,0.0,2.5,0.5734482874408874
5.406111478514718,-1.3179170278729644,0.8313230221878793,0.0,2.5,0.5534437817203203
5.406111478514718,-1.3079170278729646,0.7802235032783655,0.0,2.5,0.5186454374543006
5.406111478514718,-1.2979170278729648,0.823213044183536,0.0,2.5,0.5576585911848949
5.406111478514718,-1.287917027872965,0.8062919480581912,0.0,2.5,0.5438111121478346
5.406111478514718,-1.2779170278729652,0.8196584955321085,0.0,2.5,0.5573395930690355
5.406111478514718,-1.2679170278729655,0.7377211982012413,0.0,2.5,0.5254140059629377
5.406111478514718,-1.2579170278729657,0.7429324636494959,0.0,2.5,0.5310801500813532
5.406111478514718,-1.2479170278729659,0.7692156150196405,0.0,2.5,0.5483549318346724
5.406111478514718,-1.237917027872966,0.7558371986205584,0.0,2.5,0.5528034147702059
5.406111478514718,-1.2279170278729663,0.7387539286366384,0.0,2.5,0.5573524443796201
5.406111478514718,-1.2179170278729665,0.7325098697576586,0.0,2.5,0.5591424768049266
5.406111478514718,-1.2079170278729667,0.7303164540930008,0.0,2.5,0.5960123973211267
5.406111478514718,-1.197917027872967,0.69162574333345,0.0,2.5,0.6005029355550454
5.406111478514718,-1.1879170278729672,0.7075070166593428,0.0,2.5,0.6210708638184946
5.406111478514718,-1.1779170278729674,0.692278781570355,0.0,2.5,0.6124586940195341
5.406111478514718,-1.1679170278729676,0.6370480881092758,0.0,2.5,0.5958539584069855
5.406111478514718,-1.1579170278729678,0.5075856442488236,0.0,2.5,0.5555032334175651
5.406111478514718,-1.147917027872968,0.5032044403774684,0.0,2.5,0.5541312388713939
5.406111478514718,-1.1379170278729682,0.46350727415381315,0.0,2.5,0.4819874520049599
5.406111478514718,-1.1279170278729684,0.39589491833928137,0.0,2.5,0.4170789605633374
5.406111478514718,-1.1179170278729686,0.3999864698612367,0.0,2.5,0.4088524580569866
5.406111478514718,-1.1079170278729689,0.39425152269025765,0.0,2.5,0.40378418814356837
5.406111478514718,-1.097917027872969,0.415626653308077,0.0,2.5,0.41978102140078943
5.406111478514718,-1.0879170278729693,0.40958792002385414,0.0,2.5,0.4000054975785632
5.406111478514718,-1.0779170278729695,0.4378940250816857,0.0,2.5,0.41790855451258513
5.406111478514718,-1.0679170278729697,0.4157463039526497,0.0,2.5,0.41326699944850465
5.406111478514718,-1.05791702787297,0.39154680563191807,0.0,2.5,0.4129318822206861
5.406111478514718,-1.0479170278729701,0.378330451484785,0.0,2.5,0.40396570223283057
5.406111478514718,-1.0379170278729704,0.3656539477183089,0.0,2.5,0.3884008076282679
5.406111478514718,-1.0279170278729706,0.3631857165014384,0.0,2.5,0.3906367573326042
5.406111478514718,-1.0179170278729708,0.3677671240242445,0.0,2.5,0.4042967329825301
5.406111478514718,-1.007917027872971,0.366738601407602,0.0,2.5,0.4059777054118767
5.406111478514718,-0.9979170278729712,0.36109103795342534,0.0,2.5,0.40155297422908093
5.406111478514718,-0.9879170278729714,0.35930748427699005,0.0,2.5,0.3995695650380664
5.406111478514718,-0.9779170278729716,0.35290950377047375,0.0,2.5,0.3928087538020854
5.406111478514718,-0.9679170278729718,0.3400909286175297,0.0,2.5,0.3798121588007633
5.406111478514718,-0.9579170278729721,0.33922378941853176,0.0,2.5,0.3798121588007633
5.406111478514718,-0.9479170278729723,0.337088029732783,0.0,2.5,0.37672672185550515
5.406111478514718,-0.9379170278729725,0.32984309091861747,0.0,2.5,0.3644419454551717
5.406111478514718,-0.9279170278729727,0.3239658409088513,0.0,2.5,0.35907754673228365
5.406111478514718,-0.9179170278729729,0.3247034683398371,0.0,2.5,0.36117974512503576
5.406111478514718,-0.9079170278729731,0.3213762840803094,0.0,2.5,0.36295554558072585
5.406111478514718,-0.8979170278729733,0.3468544393287821,0.0,2.5,0.3934174032882358
5.406111478514718,-0.8879170278729736,0.31567424033689645,0.0,2.5,0.3485521161905078
5.406111478514718,-0.8779170278729738,0.3624202966031724,0.0,2.5,0.367834883075194
5.406111478514718,-0.867917027872974,0.4426453977110088,0.0,2.5,0.47069040573855236
5.406111478514718,-0.8579170278729742,0.5079083661951028,0.0,2.5,0.45661657914329423
5.406111478514718,-0.8479170278729744,0.6258561674328297,0.0,2.5,0.4724284366044575
5.406111478514718,-0.8379170278729746,0.5672740426421173,0.0,2.5,0.5004544452078166
5.406111478514718,-0.8279170278729748,0.4920193259749861,0.0,2.5,0.4739678162005232
5.406111478514718,-0.817917027872975,0.424100717248299,0.0,2.5,0.47722547916756597
5.406111478514718,-0.8079170278729753,0.37091839576801583,0.0,2.5,0.4321754017305292
5.406111478514718,-0.7979170278729755,0.37044798297998427,0.0,2.5,0.4317707549217176
5.406111478514718,-0.7879170278729757,0.3817123955057738,0.0,2.5,0.45984560970240546
5.406111478514718,-0.7779170278729759,0.34652994587180674,0.0,2.5,0.45800954240382113
5.406111478514718,-0.7679170278729761,0.36048213207689833,0.0,2.5,0.4789858505315699
5.406111478514718,-0.7579170278729763,0.3350535891420236,0.0,2.5,0.47128716794794817
5.406111478514718,-0.7479170278729765,0.3473044988587634,0.0,2.5,0.492200788925089
5.406111478514718,-0.7379170278729767,0.34061112063809895,0.0,2.5,0.48631396027480167
5.406111478514718,-0.727917027872977,0.3434128638385912,0.0,2.5,0.47850077082636044
5.406111478514718,-0.7179170278729772,0.336143500897065,0.0,2.5,0.4641967436809872
5.406111478514718,-0.7079170278729774,0.3127654704263636,0.0,2.5,0.4621258668081693
5.406111478514718,-0.6979170278729776,0.2670983502866761,0.0,2.5,0.40147167242985754
5.406111478514718,-0.6879170278729778,0.28016570769726123,0.0,2.5,0.4142984606995888
5.406111478514718,-0.677917027872978,0.3183689151202063,0.0,2.5,0.46101121035654696
5.406111478514718,-0.6679170278729782,0.3031385555893948,0.0,2.5,0.4139768747183579
5.406111478514718,-0.6579170278729785,0.3589694975524452,0.0,2.5,0.4362591797630131
5.406111478514718,-0.6479170278729787,0.4302488398308271,0.0,2.5,0.5245735742088152
5.406111478514718,-0.6379170278729789,0.40226703553108284,0.0,2.5,0.49685825872388883
5.406111478514718,-0.6279170278729791,0.40646800297311314,0.0,2.5,0.5202266148023643
5.406111478514718,-0.6179170278729793,0.3951681606379264,0.0,2.5,0.5477945183841458
5.406111478514718,-0.6079170278729795,0.4154174807964367,0.0,2.5,0.5576710434116894
5.406111478514718,-0.5979170278729797,0.45335054361462124,0.0,2.5,0.5749514356778196
5.406111478514718,-0.58791702787298,0.4560494852350666,0.0,2.5,0.5732121932992519
5.406111478514718,-0.5779170278729802,0.4201277879486394,0.0,2.5,0.5447881365828956
5.406111478514718,-0.5679170278729804,0.33219592144967947,0.0,2.5,0.47111454749239856
5.406111478514718,-0.5579170278729806,0.3325117035793482,0.0,2.5,0.47934904834333025
5.406111478514718,-0.5479170278729808,0.3218119084082609,0.0,2.5,0.4797447857325595
5.406111478514718,-0.537917027872981,0.2915976910249693,0.0,2.5,0.43768636232956604
5.406111478514718,-0.5279170278729812,0.28945486276286225,0.0,2.5,0.4225887931896299
5.406111478514718,-0.5179170278729814,0.28597270125332935,0.0,2.5,0.4217101890697114
5.406111478514718,-0.5079170278729817,0.32705762816661393,0.0,2.5,0.480936992279787
5.406111478514718,-0.49791702787298187,0.33713672442504194,0.0,2.5,0.49141293904336125
5.406111478514718,-0.4879170278729821,0.272661099573193,0.0,2.5,0.40103741163743145
5.4161114785147175,-1.6279170278729578,0.6573226668426148,0.0,2.5,0.6630776283777483
5.4161114785147175,-1.617917027872958,0.6177590757759271,0.0,2.5,0.6544018281230998
5.4161114785147175,-1.6079170278729582,0.639563686058975,0.0,2.5,0.6811466282635432
5.4161114785147175,-1.5979170278729584,0.6560167393775828,0.0,2.5,0.6900895592243366
5.4161114785147175,-1.5879170278729586,0.6130985025949703,0.0,2.5,0.6718604519036327
5.4161114785147175,-1.5779170278729588,0.6093817486418573,0.0,2.5,0.6634561101021347
5.4161114785147175,-1.567917027872959,0.7610048116541767,0.0,2.5,0.6682550180058617
5.4161114785147175,-1.5579170278729593,0.6924640452095367,0.0,2.5,0.4917343032123087
5.4161114785147175,-1.5479170278729595,0.8997634595568639,0.0,2.5,0.5878483374511595
5.4161114785147175,-1.5379170278729597,0.8878048181250854,0.0,2.5,0.56337936923755
5.4161114785147175,-1.52791702787296,0.9034701793484121,0.0,2.5,0.5654855524811868
5.4161114785147175,-1.5179170278729601,0.9506105550794424,0.0,2.5,0.5967975847183428
5.4161114785147175,-1.5079170278729603,0.9443488504149444,0.0,2.5,0.6431021744078744
5.4161114785147175,-1.4979170278729605,0.9482356863003568,0.0,2.5,0.6689470965922188
5.4161114785147175,-1.4879170278729608,0.9446770545983799,0.0,2.5,0.670478150554982
5.4161114785147175,-1.477917027872961,0.9134044947873863,0.0,2.5,0.6689686359501584
5.4161114785147175,-1.4679170278729612,0.9173565145582092,0.0,2.5,0.6425885732046864
5.4161114785147175,-1.4579170278729614,0.8623380723702034,0.0,2.5,0.6096953303358497
5.4161114785147175,-1.4479170278729616,0.8922246145986016,0.0,2.5,0.5926698436308275
5.4161114785147175,-1.4379170278729618,1.0382778580618988,0.0,2.5,0.6774391491444092
5.4161114785147175,-1.427917027872962,1.025216677525431,0.0,2.5,0.6386457568344867
5.4161114785147175,-1.4179170278729623,1.0287572794611002,0.0,2.5,0.6518342380074678
5.4161114785147175,-1.4079170278729625,1.033541977316708,0.0,2.5,0.6520453626393324
5.4161114785147175,-1.3979170278729627,0.9794029911507035,0.0,2.5,0.6204797217994251
5.4161114785147175,-1.387917027872963,1.0257809126360562,0.0,2.5,0.6423493954346863
5.4161114785147175,-1.377917027872963,1.044585088626738,0.0,2.5,0.6499005894560913
5.4161114785147175,-1.3679170278729633,0.9244872176125883,0.0,2.5,0.5821995149943698
5.4161114785147175,-1.3579170278729635,0.839111454946133,0.0,2.5,0.537913603703807
5.4161114785147175,-1.3479170278729637,0.8563160839893987,0.0,2.5,0.5663340954935523
5.4161114785147175,-1.337917027872964,0.8503433370368009,0.0,2.5,0.5559189046254897
5.4161114785147175,-1.3279170278729642,0.8344625113302895,0.0,2.5,0.5515040982253612
5.4161114785147175,-1.3179170278729644,0.842014937242262,0.0,2.5,0.5584423929640462
5.4161114785147175,-1.3079170278729646,0.7849858910611958,0.0,2.5,0.5198087027604231
5.4161114785147175,-1.2979170278729648,0.8206924396427215,0.0,2.5,0.5559930347248827
5.4161114785147175,-1.287917027872965,0.8073834372880921,0.0,2.5,0.5438736113558663
5.4161114785147175,-1.2779170278729652,0.8218629843644966,0.0,2.5,0.5615424629179387
5.4161114785147175,-1.2679170278729655,0.7634815359779874,0.0,2.5,0.545244685935089
5.4161114785147175,-1.2579170278729657,0.7574050647835845,0.0,2.5,0.5415757716022537
5.4161114785147175,-1.2479170278729659,0.751069184094273,0.0,2.5,0.538180325152425
5.4161114785147175,-1.237917027872966,0.7623851179163734,0.0,2.5,0.5666827885776274
5.4161114785147175,-1.2279170278729663,0.7441065047339923,0.0,2.5,0.5631256423221402
5.4161114785147175,-1.2179170278729665,0.7290722152060228,0.0,2.5,0.5761533692458758
5.4161114785147175,-1.2079170278729667,0.7281752986798042,0.0,2.5,0.5980365182312722
5.4161114785147175,-1.197917027872967,0.6723627440267069,0.0,2.5,0.602048360520185
5.4161114785147175,-1.1879170278729672,0.7021687202811889,0.0,2.5,0.6235901569478205
5.4161114785147175,-1.1779170278729674,0.6511876716831427,0.0,2.5,0.6256007754570138
5.4161114785147175,-1.1679170278729676,0.5686085195704969,0.0,2.5,0.5273994729530955
5.4161114785147175,-1.1579170278729678,0.4911880866850855,0.0,2.5,0.49534334374439953
5.4161114785147175,-1.147917027872968,0.436006335996485,0.0,2.5,0.4426081111259976
5.4161114785147175,-1.1379170278729682,0.3787005407446702,0.0,2.5,0.4273318853117123
5.4161114785147175,-1.1279170278729684,0.36433120429880367,0.0,2.5,0.43759576537639655
5.4161114785147175,-1.1179170278729686,0.34698317821233904,0.0,2.5,0.4025267246960302
5.4161114785147175,-1.1079170278729689,0.32473397848197594,0.0,2.5,0.3712251745834442
5.4161114785147175,-1.097917027872969,0.3362814356123133,0.0,2.5,0.3512233316125636
5.4161114785147175,-1.0879170278729693,0.33887040253355183,0.0,2.5,0.35880048421816924
5.4161114785147175,-1.0779170278729695,0.34407332737255386,0.0,2.5,0.36620184930543703
5.4161114785147175,-1.0679170278729697,0.3528057747865505,0.0,2.5,0.3745072761426959
5.4161114785147175,-1.05791702787297,0.35754332034506514,0.0,2.5,0.37830291231415114
5.4161114785147175,-1.0479170278729701,0.35747940708586295,0.0,2.5,0.37641491199161126
5.4161114785147175,-1.0379170278729704,0.36429605152458966,0.0,2.5,0.38347478288297754
5.4161114785147175,-1.0279170278729706,0.3658705407665349,0.0,2.5,0.3854484448169795
5.4161114785147175,-1.0179170278729708,0.3676451152351787,0.0,2.5,0.3883234682183328
5.4161114785147175,-1.007917027872971,0.3713010515023088,0.0,2.5,0.393580535978388
5.4161114785147175,-0.9979170278729712,0.36296792823221335,0.0,2.5,0.38333035203930627
5.4161114785147175,-0.9879170278729714,0.36998806718689115,0.0,2.5,0.39082014795767367
5.4161114785147175,-0.9779170278729716,0.37168924277796217,0.0,2.5,0.39286242735462057
5.4161114785147175,-0.9679170278729718,0.36955628924557954,0.0,2.5,0.3857985120915059
5.4161114785147175,-0.9579170278729721,0.36518322980584333,0.0,2.5,0.3842913322223296
5.4161114785147175,-0.9479170278729723,0.35959479615279205,0.0,2.5,0.3797830981480307
5.4161114785147175,-0.9379170278729725,0.3592519648832856,0.0,2.5,0.3797830981480307
5.4161114785147175,-0.9279170278729727,0.34149361492150637,0.0,2.5,0.364609396239658
5.4161114785147175,-0.9179170278729729,0.333037083371101,0.0,2.5,0.3590336456648313
5.4161114785147175,-0.9079170278729731,0.3295172435013539,0.0,2.5,0.3557714714369772
5.4161114785147175,-0.8979170278729733,0.3274722240975107,0.0,2.5,0.36237175073011374
5.4161114785147175,-0.8879170278729736,0.3316776047797808,0.0,2.5,0.3658053294792981
5.4161114785147175,-0.8779170278729738,0.3490423502902398,0.0,2.5,0.3540481486826702
5.4161114785147175,-0.867917027872974,0.41910983965395854,0.0,2.5,0.4381835590898255
5.4161114785147175,-0.8579170278729742,0.5494210411579397,0.0,2.5,0.49115347318304814
5.4161114785147175,-0.8479170278729744,0.6113452732558377,0.0,2.5,0.47126765689951766
5.4161114785147175,-0.8379170278729746,0.5654327180675116,0.0,2.5,0.5060058320135709
5.4161114785147175,-0.8279170278729748,0.4863500358831132,0.0,2.5,0.5020340730843477
5.4161114785147175,-0.817917027872975,0.4081760926184995,0.0,2.5,0.43867204428235596
5.4161114785147175,-0.8079170278729753,0.37651599865545204,0.0,2.5,0.42225256360815455
5.4161114785147175,-0.7979170278729755,0.38374270150503276,0.0,2.5,0.43028916478201773
5.4161114785147175,-0.7879170278729757,0.3799373336789638,0.0,2.5,0.42981151422812536
5.4161114785147175,-0.7779170278729759,0.36596108154711704,0.0,2.5,0.45686004295179716
5.4161114785147175,-0.7679170278729761,0.36213403957650614,0.0,2.5,0.46679752965825816
5.4161114785147175,-0.7579170278729763,0.3377817009047698,0.0,2.5,0.4726353105315275
5.4161114785147175,-0.7479170278729765,0.3357168206446437,0.0,2.5,0.4688143715623294
5.4161114785147175,-0.7379170278729767,0.33842854424188384,0.0,2.5,0.4639115450819244
5.4161114785147175,-0.727917027872977,0.3373756208915585,0.0,2.5,0.4629395883800098
5.4161114785147175,-0.7179170278729772,0.33047750667606374,0.0,2.5,0.45687932653942454
5.4161114785147175,-0.7079170278729774,0.2969317383836353,0.0,2.5,0.4309954618926652
5.4161114785147175,-0.6979170278729776,0.26864778287503027,0.0,2.5,0.4060675498268084
5.4161114785147175,-0.6879170278729778,0.286821604024892,0.0,2.5,0.41744095141811255
5.4161114785147175,-0.677917027872978,0.34194310161096353,0.0,2.5,0.47101257903685856
5.4161114785147175,-0.6679170278729782,0.3134243091420187,0.0,2.5,0.3895224527368277
5.4161114785147175,-0.6579170278729785,0.3539102416564805,0.0,2.5,0.43051161009593714
5.4161114785147175,-0.6479170278729787,0.427723143764378,0.0,2.5,0.5228511640830521
5.4161114785147175,-0.6379170278729789,0.3951266702878933,0.0,2.5,0.49437338219695687
5.4161114785147175,-0.6279170278729791,0.4418725992230349,0.0,2.5,0.549464080073542
5.4161114785147175,-0.6179170278729793,0.48029031194539634,0.0,2.5,0.5815094833921153
5.4161114785147175,-0.6079170278729795,0.46724643268773414,0.0,2.5,0.5872540079700544
5.4161114785147175,-0.5979170278729797,0.4665938883043741,0.0,2.5,0.5864338640851623
5.4161114785147175,-0.58791702787298,0.4657299993143265,0.0,2.5,0.5791418981151557
5.4161114785147175,-0.5779170278729802,0.46907814794500907,0.0,2.5,0.5867965598272792
5.4161114785147175,-0.5679170278729804,0.39037800980865084,0.0,2.5,0.5042361288432953
5.4161114785147175,-0.5579170278729806,0.3407120930989941,0.0,2.5,0.4777991411363812
5.4161114785147175,-0.5479170278729808,0.35068871630455495,0.0,2.5,0.49337603453320444
5.4161114785147175,-0.537917027872981,0.3140080656784026,0.0,2.5,0.447321535303563
5.4161114785147175,-0.5279170278729812,0.28977438893408514,0.0,2.5,0.4274383733507918
5.4161114785147175,-0.5179170278729814,0.31680250300011104,0.0,2.5,0.4663516311104377
5.4161114785147175,-0.5079170278729817,0.3211422005965741,0.0,2.5,0.4677864536133272
5.4161114785147175,-0.49791702787298187,0.32039351480955625,0.0,2.5,0.4752859150484917
5.4161114785147175,-0.4879170278729821,0.26967366640019524,0.0,2.5,0.4038669465210397
5.4161114785147175,-0.4779170278729823,0.2608245025070202,0.0,2.5,0.3932460726086691
5.4161114785147175,-0.4679170278729825,0.27221275508994847,0.0,2.5,0.4042112317726217
5.426111478514717,-1.617917027872958,0.6363799616377172,0.0,2.5,0.6570498047454671
5.426111478514717,-1.6079170278729582,0.6395297952584665,0.0,2.5,0.6780930354249468
5.426111478514717,-1.5979170278729584,0.6534665012211738,0.0,2.5,0.6880895592243366
5.426111478514717,-1.5879170278729586,0.6149465311504824,0.0,2.5,0.6732525787630903
5.426111478514717,-1.5779170278729588,0.8327866573008148,0.0,2.5,0.6495638608403526
5.426111478514717,-1.567917027872959,0.7668609807057103,0.0,2.5,0.5673252854743067
5.426111478514717,-1.5579170278729593,0.7499110346012511,0.0,2.5,0.536213086506308
5.426111478514717,-1.5479170278729595,0.826420829143964,0.0,2.5,0.5688381942401297
5.426111478514717,-1.5379170278729597,0.9634757348255764,0.0,2.5,0.6142952423469906
5.426111478514717,-1.52791702787296,0.8925717518056443,0.0,2.5,0.5636423054640122
5.426111478514717,-1.5179170278729601,0.9035596688825515,0.0,2.5,0.5623971592032462
5.426111478514717,-1.5079170278729603,0.9370137284204094,0.0,2.5,0.6236355823022823
5.426111478514717,-1.4979170278729605,0.9162463554527431,0.0,2.5,0.6616272747968733
5.426111478514717,-1.4879170278729608,0.9167297658093506,0.0,2.5,0.6501604102953475
5.426111478514717,-1.477917027872961,0.9382563077929876,0.0,2.5,0.6846179042493606
5.426111478514717,-1.4679170278729612,0.9125788272280632,0.0,2.5,0.6532001461748035
5.426111478514717,-1.4579170278729614,0.8449615343632351,0.0,2.5,0.6014231448222889
5.426111478514717,-1.4479170278729616,0.8605301100261737,0.0,2.5,0.6097509572951707
5.426111478514717,-1.4379170278729618,1.0397965267395661,0.0,2.5,0.6927461987746015
5.426111478514717,-1.427917027872962,1.0083823122976208,0.0,2.5,0.6621484283874721
5.426111478514717,-1.4179170278729623,1.0149959145540792,0.0,2.5,0.6591885644418939
5.426111478514717,-1.4079170278729625,1.0660154366906192,0.0,2.5,0.685682189839337
5.426111478514717,-1.3979170278729627,1.0162780337662505,0.0,2.5,0.6472165157517867
5.426111478514717,-1.387917027872963,0.8510813986088954,0.0,2.5,0.5400436617132716
5.426111478514717,-1.377917027872963,0.8314125281040392,0.0,2.5,0.5360735922417107
5.426111478514717,-1.3679170278729633,0.9074421582276345,0.0,2.5,0.5837077334820537
5.426111478514717,-1.3579170278729635,0.8579837810872857,0.0,2.5,0.5590017586089956
5.426111478514717,-1.3479170278729637,0.8527233337091887,0.0,2.5,0.5583484654381667
5.426111478514717,-1.337917027872964,0.8816735617938686,0.0,2.5,0.5768031115668683
5.426111478514717,-1.3279170278729642,0.8467917940546185,0.0,2.5,0.557812876947496
5.426111478514717,-1.3179170278729644,0.8513967636860367,0.0,2.5,0.5624152490975173
5.426111478514717,-1.3079170278729646,0.7907825950535086,0.0,2.5,0.5207808284044786
5.426111478514717,-1.2979170278729648,0.8437870726289891,0.0,2.5,0.5668748385985923
5.426111478514717,-1.287917027872965,0.814160085325715,0.0,2.5,0.5441622274186919
5.426111478514717,-1.2779170278729652,0.7976733916079888,0.0,2.5,0.5453653486381854
5.426111478514717,-1.2679170278729655,0.7780308474205668,0.0,2.5,0.5553133941013481
5.426111478514717,-1.2579170278729657,0.7673728921504712,0.0,2.5,0.5472530179547408
5.426111478514717,-1.2479170278729659,0.7463951972751487,0.0,2.5,0.5358764711711348
5.426111478514717,-1.237917027872966,0.7571716681327093,0.0,2.5,0.5650596129425369
5.426111478514717,-1.2279170278729663,0.7485944138395572,0.0,2.5,0.5673748459891229
5.426111478514717,-1.2179170278729665,0.732697604603336,0.0,2.5,0.5816785534503548
5.426111478514717,-1.2079170278729667,0.7346299184634029,0.0,2.5,0.6032163743463801
5.426111478514717,-1.197917027872967,0.6689438703501699,0.0,2.5,0.6012543044812537
5.426111478514717,-1.1879170278729672,0.713019282049721,0.0,2.5,0.6293331478489659
5.426111478514717,-1.1779170278729674,0.6359948230493514,0.0,2.5,0.6076036451790722
5.426111478514717,-1.1679170278729676,0.5641672815224615,0.0,2.5,0.5243389789610228
5.426111478514717,-1.1579170278729678,0.48097025002359567,0.0,2.5,0.4835391241234034
5.426111478514717,-1.147917027872968,0.43449861605137735,0.0,2.5,0.44144484581987525
5.426111478514717,-1.1379170278729682,0.3848012856598078,0.0,2.5,0.4273669459234589
5.426111478514717,-1.1279170278729684,0.3595681130510848,0.0,2.5,0.4343518669008294
5.426111478514717,-1.1179170278729686,0.3716071529891567,0.0,2.5,0.4264161453038872
5.426111478514717,-1.1079170278729689,0.37911974123723824,0.0,2.5,0.42448342078557894
5.426111478514717,-1.097917027872969,0.37895002341878553,0.0,2.5,0.396913664533247
5.426111478514717,-1.0879170278729693,0.3549780853356344,0.0,2.5,0.3781910266011249
5.426111478514717,-1.0779170278729695,0.3960520565256224,0.0,2.5,0.3978780432273659
5.426111478514717,-1.0679170278729697,0.41742436738110733,0.0,2.5,0.4019592979932911
5.426111478514717,-1.05791702787297,0.40030692982111993,0.0,2.5,0.3970995762239027
5.426111478514717,-1.0479170278729701,0.4036118830019219,0.0,2.5,0.39797459962525594
5.426111478514717,-1.0379170278729704,0.40387741281688233,0.0,2.5,0.3972316210857197
5.426111478514717,-1.0279170278729706,0.39843902801473613,0.0,2.5,0.3941342272370233
5.426111478514717,-1.0179170278729708,0.4036184031845311,0.0,2.5,0.40080200027672286
5.426111478514717,-1.007917027872971,0.4004509856868031,0.0,2.5,0.3989818095767879
5.426111478514717,-0.9979170278729712,0.3919767228203338,0.0,2.5,0.38594674948049273
5.426111478514717,-0.9879170278729714,0.38850583319719456,0.0,2.5,0.3822510562613125
5.426111478514717,-0.9779170278729716,0.387500838259743,0.0,2.5,0.3824403627531399
5.426111478514717,-0.9679170278729718,0.3848431926965545,0.0,2.5,0.3789955789175862
5.426111478514717,-0.9579170278729721,0.3729789695273865,0.0,2.5,0.3662504319026076
5.426111478514717,-0.9479170278729723,0.37730463692213534,0.0,2.5,0.37103611253412194
5.426111478514717,-0.9379170278729725,0.38005336351098506,0.0,2.5,0.3726009980303051
5.426111478514717,-0.9279170278729727,0.3826973611866288,0.0,2.5,0.3745340741550201
5.426111478514717,-0.9179170278729729,0.38309043786937486,0.0,2.5,0.37512013523801213
5.426111478514717,-0.9079170278729731,0.39000962776604964,0.0,2.5,0.38145986100424917
5.426111478514717,-0.8979170278729733,0.3801585697298699,0.0,2.5,0.37382299802302194
5.426111478514717,-0.8879170278729736,0.32757011917671763,0.0,2.5,0.36395257013363697
5.426111478514717,-0.8779170278729738,0.33082137254860045,0.0,2.5,0.356505400408436
5.426111478514717,-0.867917027872974,0.3882562411788782,0.0,2.5,0.3979493169969036
5.426111478514717,-0.8579170278729742,0.496868136580433,0.0,2.5,0.49306486283232104
5.426111478514717,-0.8479170278729744,0.5405525457516939,0.0,2.5,0.4712486858611616
5.426111478514717,-0.8379170278729746,0.5467886262398041,0.0,2.5,0.4845634226842439
5.426111478514717,-0.8279170278729748,0.4940807616828051,0.0,2.5,0.48770194071315653
5.426111478514717,-0.817917027872975,0.4175631836179429,0.0,2.5,0.4183588709652914
5.426111478514717,-0.8079170278729753,0.38775832604627286,0.0,2.5,0.4021118759127741
5.426111478514717,-0.7979170278729755,0.38073035090845503,0.0,2.5,0.4001324702152235
5.426111478514717,-0.7879170278729757,0.353718944672012,0.0,2.5,0.3977606218251707
5.426111478514717,-0.7779170278729759,0.3238488136924096,0.0,2.5,0.4003766348357451
5.426111478514717,-0.7679170278729761,0.323112394329071,0.0,2.5,0.4091814943782451
5.426111478514717,-0.7579170278729763,0.30484971852095993,0.0,2.5,0.40595017765899943
5.426111478514717,-0.7479170278729765,0.31365536722856646,0.0,2.5,0.43078969099795533
5.426111478514717,-0.7379170278729767,0.3191205322580355,0.0,2.5,0.43847333964862145
5.426111478514717,-0.727917027872977,0.3212645468548676,0.0,2.5,0.44056901552415734
5.426111478514717,-0.7179170278729772,0.34402222432127816,0.0,2.5,0.47715527098136623
5.426111478514717,-0.7079170278729774,0.3635350635809695,0.0,2.5,0.5136015796936997
5.426111478514717,-0.6979170278729776,0.3114810285812441,0.0,2.5,0.43916531835295974
5.426111478514717,-0.6879170278729778,0.3098037392249374,0.0,2.5,0.423113701344506
5.426111478514717,-0.677917027872978,0.33598687897800034,0.0,2.5,0.426183853076299
5.426111478514717,-0.6679170278729782,0.32690358461512325,0.0,2.5,0.38981421271848854
5.426111478514717,-0.6579170278729785,0.40786891428985556,0.0,2.5,0.5038890529903318
5.426111478514717,-0.6479170278729787,0.4146890594284052,0.0,2.5,0.5198904676030088
5.426111478514717,-0.6379170278729789,0.41934771090856865,0.0,2.5,0.5292697722628759
5.426111478514717,-0.6279170278729791,0.46802272049321547,0.0,2.5,0.5866834706796158
5.426111478514717,-0.6179170278729793,0.4884954347113821,0.0,2.5,0.588818006659285
5.426111478514717,-0.6079170278729795,0.4525425820646708,0.0,2.5,0.5631776614658545
5.426111478514717,-0.5979170278729797,0.46757196316778926,0.0,2.5,0.5949113519037602
5.426111478514717,-0.58791702787298,0.4619971546837268,0.0,2.5,0.5915769126190797
5.426111478514717,-0.5779170278729802,0.43476114438844266,0.0,2.5,0.5513054370958975
5.426111478514717,-0.5679170278729804,0.40580978545662016,0.0,2.5,0.5183370159412003
5.426111478514717,-0.5579170278729806,0.37879885247853706,0.0,2.5,0.4859392931414505
5.426111478514717,-0.5479170278729808,0.3625196988928077,0.0,2.5,0.48264420093683946
5.426111478514717,-0.537917027872981,0.33259339332537197,0.0,2.5,0.46536331148019194
5.426111478514717,-0.5279170278729812,0.313253695479593,0.0,2.5,0.4420042402431191
5.426111478514717,-0.5179170278729814,0.30263269241702023,0.0,2.5,0.435131150824507
5.426111478514717,-0.5079170278729817,0.32991222184702956,0.0,2.5,0.4655189199812196
5.426111478514717,-0.49791702787298187,0.28461252464778475,0.0,2.5,0.4125531554479889
5.426111478514717,-0.4879170278729821,0.26700275045896066,0.0,2.5,0.3998669465210397
5.426111478514717,-0.4779170278729823,0.2608245025070202,0.0,2.5,0.3932460726086691
5.426111478514717,-0.4679170278729825,0.27221275508994847,0.0,2.5,0.4042112317726217
5.436111478514717,-1.617917027872958,0.6619555378377461,0.0,2.5,0.6729467578307984
5.436111478514717,-1.6079170278729582,0.6359932461769707,0.0,2.5,0.6703077979329536
5.436111478514717,-1.5979170278729584,0.6238951152829592,0.0,2.5,0.6790885264690947
5.436111478514717,-1.5879170278729586,0.6174278744250271,0.0,2.5,0.6782301633091069
5.436111478514717,-1.5779170278729588,0.7390553078735456,0.0,2.5,0.6839222958672975
5.436111478514717,-1.567917027872959,0.7552719566156652,0.0,2.5,0.5567558421659677
5.436111478514717,-1.5579170278729593,0.7478555923284147,0.0,2.5,0.5450983321124016
5.436111478514717,-1.5479170278729595,0.7654630241414874,0.0,2.5,0.5374447536514706
5.436111478514717,-1.5379170278729597,0.881801982868077,0.0,2.5,0.5872713387917772
5.436111478514717,-1.52791702787296,0.8815159743873177,0.0,2.5,0.5614635815122853
5.436111478514717,-1.5179170278729601,0.8922352365917261,0.0,2.5,0.5589849826822657
5.436111478514717,-1.5079170278729603,0.9471871729998601,0.0,2.5,0.5984544632971124
5.436111478514717,-1.4979170278729605,0.9144389495507608,0.0,2.5,0.6365484000215611
5.436111478514717,-1.4879170278729608,0.9500141762629847,0.0,2.5,0.6727160858499215
5.436111478514717,-1.477917027872961,0.9746431170327063,0.0,2.5,0.6759401784626444
5.436111478514717,-1.4679170278729612,0.9449836059986318,0.0,2.5,0.671268108786511
5.436111478514717,-1.4579170278729614,0.9016515718848135,0.0,2.5,0.6266470180405899
5.436111478514717,-1.4479170278729616,0.8755906255145526,0.0,2.5,0.6165152070118534
5.436111478514717,-1.4379170278729618,0.8779604378977408,0.0,2.5,0.5954161292010187
5.436111478514717,-1.427917027872962,1.0540352492851215,0.0,2.5,0.6945641145263259
5.436111478514717,-1.4179170278729623,1.041446040411174,0.0,2.5,0.6793337700393958
5.436111478514717,-1.4079170278729625,0.8716751826913963,0.0,2.5,0.5762268448774945
5.436111478514717,-1.3979170278729627,0.8237133960004084,0.0,2.5,0.5493207939426813
5.436111478514717,-1.387917027872963,0.851831645086527,0.0,2.5,0.5563059984066823
5.436111478514717,-1.377917027872963,0.8574512935475437,0.0,2.5,0.5596425446472479
5.436111478514717,-1.3679170278729633,0.87173350869594,0.0,2.5,0.570048898836696
5.436111478514717,-1.3579170278729635,0.8207330862061764,0.0,2.5,0.5364239973725328
5.436111478514717,-1.3479170278729637,0.8373976886694527,0.0,2.5,0.5488104345066616
5.436111478514717,-1.337917027872964,0.8713963129116189,0.0,2.5,0.570166358774262
5.436111478514717,-1.3279170278729642,0.8464195994220235,0.0,2.5,0.5554697555262657
5.436111478514717,-1.3179170278729644,0.8845741359667124,0.0,2.5,0.5750647480092467
5.436111478514717,-1.3079170278729646,0.8077477093246854,0.0,2.5,0.5318287711759437
5.436111478514717,-1.2979170278729648,0.8588082212014136,0.0,2.5,0.5595084947557685
5.436111478514717,-1.287917027872965,0.806985157683066,0.0,2.5,0.5441313958914155
5.436111478514717,-1.2779170278729652,0.785006899044327,0.0,2.5,0.541041309368794
5.436111478514717,-1.2679170278729655,0.7772958971500765,0.0,2.5,0.5512960101505393
5.436111478514717,-1.2579170278729657,0.7675167671912309,0.0,2.5,0.5477511998878176
5.436111478514717,-1.2479170278729659,0.7453840259639951,0.0,2.5,0.5388422280695325
5.436111478514717,-1.237917027872966,0.7584394956555155,0.0,2.5,0.5668361977252003
5.436111478514717,-1.2279170278729663,0.7408406581850495,0.0,2.5,0.5693748459891229
5.436111478514717,-1.2179170278729665,0.7370297950648979,0.0,2.5,0.6028526797343589
5.436111478514717,-1.2079170278729667,0.6828453718358091,0.0,2.5,0.599073661850205
5.436111478514717,-1.197917027872967,0.6526628963184425,0.0,2.5,0.5951061202825593
5.436111478514717,-1.1879170278729672,0.6407719056106757,0.0,2.5,0.6266074558617659
5.436111478514717,-1.1779170278729674,0.6217696105347085,0.0,2.5,0.5990589101695096
5.436111478514717,-1.1679170278729676,0.561072652607205,0.0,2.5,0.5256881551039793
5.436111478514717,-1.1579170278729678,0.4956722018474714,0.0,2.5,0.48533662247758386
5.436111478514717,-1.147917027872968,0.4334598434006229,0.0,2.5,0.45805426376411634
5.436111478514717,-1.1379170278729682,0.4034536240936093,0.0,2.5,0.43571972245903245
5.436111478514717,-1.1279170278729684,0.3955842465411827,0.0,2.5,0.4366241200926096
5.436111478514717,-1.1179170278729686,0.39495606623557244,0.0,2.5,0.42630134247937107
5.436111478514717,-1.1079170278729689,0.3959674295663099,0.0,2.5,0.43145108825316164
5.436111478514717,-1.097917027872969,0.3900154332592067,0.0,2.5,0.4286652438916282
5.436111478514717,-1.0879170278729693,0.3886892376746378,0.0,2.5,0.4028720397542094
5.436111478514717,-1.0779170278729695,0.40859458028454587,0.0,2.5,0.4054822755296294
5.436111478514717,-1.0679170278729697,0.4274631566273202,0.0,2.5,0.4065388370404096
5.436111478514717,-1.05791702787297,0.4035990630013627,0.0,2.5,0.38261910084675627
5.436111478514717,-1.0479170278729701,0.41665368447174095,0.0,2.5,0.3950356998356647
5.436111478514717,-1.0379170278729704,0.4095128197737635,0.0,2.5,0.39163271826431206
5.436111478514717,-1.0279170278729706,0.4017201726604445,0.0,2.5,0.38248396511632926
5.436111478514717,-1.0179170278729708,0.38469665101881945,0.0,2.5,0.3714267877615099
5.436111478514717,-1.007917027872971,0.38448621061915234,0.0,2.5,0.3721596741796481
5.436111478514717,-0.9979170278729712,0.3830371326649926,0.0,2.5,0.3709798180645403
5.436111478514717,-0.9879170278729714,0.38462638746169364,0.0,2.5,0.3718165527584178
5.436111478514717,-0.9779170278729716,0.38902879516617583,0.0,2.5,0.3767023327921
5.436111478514717,-0.9679170278729718,0.38733839171129175,0.0,2.5,0.3753505541359735
5.436111478514717,-0.9579170278729721,0.39117122631416273,0.0,2.5,0.3791292243137221
5.436111478514717,-0.9479170278729723,0.38699912800980585,0.0,2.5,0.37527110574528566
5.436111478514717,-0.9379170278729725,0.3821631015087662,0.0,2.5,0.37170622024910244
5.436111478514717,-0.9279170278729727,0.38395671054527053,0.0,2.5,0.37587814279012105
5.436111478514717,-0.9179170278729729,0.38987265643020025,0.0,2.5,0.3814197076556116
5.436111478514717,-0.9079170278729731,0.38534444500757453,0.0,2.5,0.37633327887196977
5.436111478514717,-0.8979170278729733,0.40378122340150796,0.0,2.5,0.38885520945606056
5.436111478514717,-0.8879170278729736,0.3418449355996381,0.0,2.5,0.3604425349741933
5.436111478514717,-0.8779170278729738,0.3445644604780195,0.0,2.5,0.37149770335374116
5.436111478514717,-0.867917027872974,0.3829405211319183,0.0,2.5,0.38472246060403836
5.436111478514717,-0.8579170278729742,0.4628682078395836,0.0,2.5,0.4844033199691656
5.436111478514717,-0.8479170278729744,0.5202121484909304,0.0,2.5,0.46583787617891526
5.436111478514717,-0.8379170278729746,0.5274503923907252,0.0,2.5,0.48369817454700503
5.436111478514717,-0.8279170278729748,0.44174700775011166,0.0,2.5,0.44066532646158446
5.436111478514717,-0.817917027872975,0.4576885451514237,0.0,2.5,0.40699968693106525
5.436111478514717,-0.8079170278729753,0.41547077447393116,0.0,2.5,0.38275034235081545
5.436111478514717,-0.7979170278729755,0.4221756977239458,0.0,2.5,0.39043810218368413
5.436111478514717,-0.7879170278729757,0.41087270938410875,0.0,2.5,0.39793217584668306
5.436111478514717,-0.7779170278729759,0.37710156502426245,0.0,2.5,0.4077655601882656
5.436111478514717,-0.7679170278729761,0.37431594717163785,0.0,2.5,0.4144372413847306
5.436111478514717,-0.7579170278729763,0.3396298509324188,0.0,2.5,0.4040442805175209
5.436111478514717,-0.7479170278729765,0.3322952488824576,0.0,2.5,0.41140198575477294
5.436111478514717,-0.7379170278729767,0.3349632236490318,0.0,2.5,0.41714575296831097
5.436111478514717,-0.727917027872977,0.3494605132193962,0.0,2.5,0.43369659059480825
5.436111478514717,-0.7179170278729772,0.3528422929852733,0.0,2.5,0.45471862406928204
5.436111478514717,-0.7079170278729774,0.38760695376892434,0.0,2.5,0.4817975369833928
5.436111478514717,-0.6979170278729776,0.3217628663192652,0.0,2.5,0.4004530789507902
5.436111478514717,-0.6879170278729778,0.28149928517931194,0.0,2.5,0.3358528421293725
5.436111478514717,-0.677917027872978,0.301766582086618,0.0,2.5,0.3604085884424535
5.436111478514717,-0.6679170278729782,0.3630486186949569,0.0,2.5,0.4448829440761805
5.436111478514717,-0.6579170278729785,0.41498811959019727,0.0,2.5,0.5107779040973829
5.436111478514717,-0.6479170278729787,0.40822951346233916,0.0,2.5,0.5117747912556891
5.436111478514717,-0.6379170278729789,0.4869021172005112,0.0,2.5,0.6074248985574869
5.436111478514717,-0.6279170278729791,0.5247236124835768,0.0,2.5,0.6268758541656182
5.436111478514717,-0.6179170278729793,0.47330442949105866,0.0,2.5,0.5901992318418184
5.436111478514717,-0.6079170278729795,0.39373189630537414,0.0,2.5,0.48031076040769805
5.436111478514717,-0.5979170278729797,0.3877331585907347,0.0,2.5,0.4926272510019348
5.436111478514717,-0.58791702787298,0.4112280693320084,0.0,2.5,0.5284401751521025
5.436111478514717,-0.5779170278729802,0.414187914193838,0.0,2.5,0.5243609756234948
5.436111478514717,-0.5679170278729804,0.4142662214192591,0.0,2.5,0.5137917073083201
5.436111478514717,-0.5579170278729806,0.39941536098852554,0.0,2.5,0.4961239941192986
5.436111478514717,-0.5479170278729808,0.37576490786348504,0.0,2.5,0.47867019764168645
5.436111478514717,-0.537917027872981,0.3784320550379251,0.0,2.5,0.48558602146913327
5.436111478514717,-0.5279170278729812,0.3226690456575799,0.0,2.5,0.4444888218483214
5.436111478514717,-0.5179170278729814,0.2820645187359562,0.0,2.5,0.3981003409173887
5.436111478514717,-0.5079170278729817,0.31480592344497604,0.0,2.5,0.43893411200628785
5.436111478514717,-0.49791702787298187,0.2614899670960924,0.0,2.5,0.3869856300460865
5.436111478514717,-0.4879170278729821,0.2676839180150429,0.0,2.5,0.4008870723072033
5.436111478514717,-0.4779170278729823,0.2616070542111262,0.0,2.5,0.394425928723777
5.436111478514717,-0.4679170278729825,0.2612722528863951,0.0,2.5,0.39486983498490674
5.436111478514717,-0.4579170278729827,0.272776247240577,0.0,2.5,0.40504796646649927
5.446111478514717,-1.5979170278729584,0.6141570344232684,0.0,2.5,0.657457826729083
5.446111478514717,-1.5879170278729586,0.6044368794091054,0.0,2.5,0.6668918339237921
5.446111478514717,-1.5779170278729588,0.6237405633203262,0.0,2.5,0.6728449086254864
5.446111478514717,-1.567917027872959,0.8892025041121913,0.0,2.5,0.6163097580267587
5.446111478514717,-1.5579170278729593,0.7267221585509644,0.0,2.5,0.5218272733325288
5.446111478514717,-1.5479170278729595,0.7632741408663863,0.0,2.5,0.5374447536514706
5.446111478514717,-1.5379170278729597,0.8348687388092246,0.0,2.5,0.5748197402611611
5.446111478514717,-1.52791702787296,0.9201133215943932,0.0,2.5,0.5984353797024857
5.446111478514717,-1.5179170278729601,0.9032876430713425,0.0,2.5,0.5699500078998252
5.446111478514717,-1.5079170278729603,0.8879926017393094,0.0,2.5,0.5572220809796605
5.446111478514717,-1.4979170278729605,0.946502674493334,0.0,2.5,0.6225159880277598
5.446111478514717,-1.4879170278729608,0.8939583062934919,0.0,2.5,0.6533807666577741
5.446111478514717,-1.477917027872961,0.9552564139588267,0.0,2.5,0.6531004849254158
5.446111478514717,-1.4679170278729612,0.9334989243956076,0.0,2.5,0.68658787307781
5.446111478514717,-1.4579170278729614,0.9507901887382644,0.0,2.5,0.6619022623187938
5.446111478514717,-1.4479170278729616,0.8552471142926916,0.0,2.5,0.6060967667638376
5.446111478514717,-1.4379170278729618,0.8713706943401209,0.0,2.5,0.6160489636005908
5.446111478514717,-1.427917027872962,0.8634226104910319,0.0,2.5,0.5920532495644962
5.446111478514717,-1.4179170278729623,0.8670861383277776,0.0,2.5,0.5926334861076766
5.446111478514717,-1.4079170278729625,0.8724571399057557,0.0,2.5,0.5922868762103088
5.446111478514717,-1.3979170278729627,0.848360315460638,0.0,2.5,0.5797713287630647
5.446111478514717,-1.387917027872963,0.8357520930603477,0.0,2.5,0.5543131016394376
5.446111478514717,-1.377917027872963,0.8350668182329004,0.0,2.5,0.5414727611057147
5.446111478514717,-1.3679170278729633,0.8738385882344988,0.0,2.5,0.5638417148399101
5.446111478514717,-1.3579170278729635,0.8569073327737556,0.0,2.5,0.5552667959346398
5.446111478514717,-1.3479170278729637,0.8466458026395446,0.0,2.5,0.5545143306105578
5.446111478514717,-1.337917027872964,0.8832250655551707,0.0,2.5,0.5732006018758643
5.446111478514717,-1.3279170278729642,0.8648285477849463,0.0,2.5,0.5634986781322131
5.446111478514717,-1.3179170278729644,0.8700176624242,0.0,2.5,0.565227112232871
5.446111478514717,-1.3079170278729646,0.8189443150721303,0.0,2.5,0.5379187809789917
5.446111478514717,-1.2979170278729648,0.8407848423188897,0.0,2.5,0.5467951423930318
5.446111478514717,-1.287917027872965,0.8053551699778709,0.0,2.5,0.5500977481772424
5.446111478514717,-1.2779170278729652,0.7896551067153815,0.0,2.5,0.545041309368794
5.446111478514717,-1.2679170278729655,0.7907849086799591,0.0,2.5,0.560998911712401
5.446111478514717,-1.2579170278729657,0.7637280352623935,0.0,2.5,0.5461964573040429
5.446111478514717,-1.2479170278729659,0.735070796034424,0.0,2.5,0.5349369297578965
5.446111478514717,-1.237917027872966,0.7700291325766183,0.0,2.5,0.5774537333913715
5.446111478514717,-1.2279170278729663,0.7354054377017386,0.0,2.5,0.5706675101402613
5.446111478514717,-1.2179170278729665,0.7344397978562657,0.0,2.5,0.604946524355201
5.446111478514717,-1.2079170278729667,0.6715838138839736,0.0,2.5,0.5994392307002365
5.446111478514717,-1.197917027872967,0.6542279934148904,0.0,2.5,0.5931168181387252
5.446111478514717,-1.1879170278729672,0.6251580832513163,0.0,2.5,0.6131862338804025
5.446111478514717,-1.1779170278729674,0.5813478408368962,0.0,2.5,0.5430901683897498
5.446111478514717,-1.1679170278729676,0.5604000155141385,0.0,2.5,0.5246593742261223
5.446111478514717,-1.1579170278729678,0.49709133582923687,0.0,2.5,0.48416257848570465
5.446111478514717,-1.147917027872968,0.43250147008394374,0.0,2.5,0.46032355998768565
5.446111478514717,-1.1379170278729682,0.4170000336454837,0.0,2.5,0.4450106229367928
5.446111478514717,-1.1279170278729684,0.4140015046005305,0.0,2.5,0.441089999497467
5.446111478514717,-1.1179170278729686,0.45478488421772073,0.0,2.5,0.4427535007973014
5.446111478514717,-1.1079170278729689,0.45482610828385,0.0,2.5,0.44634804076105405
5.446111478514717,-1.097917027872969,0.40769217675270214,0.0,2.5,0.41990958594247124
5.446111478514717,-1.0879170278729693,0.4373047343866882,0.0,2.5,0.43670127045169954
5.446111478514717,-1.0779170278729695,0.44566383698561096,0.0,2.5,0.43267034780766883
5.446111478514717,-1.0679170278729697,0.4384888017329591,0.0,2.5,0.40833971849616835
5.446111478514717,-1.05791702787297,0.4246592529519229,0.0,2.5,0.4024711714947328
5.446111478514717,-1.0479170278729701,0.4214825484508555,0.0,2.5,0.3993622304479097
5.446111478514717,-1.0379170278729704,0.40292281052963275,0.0,2.5,0.38854013380981106
5.446111478514717,-1.0279170278729706,0.4092954158457299,0.0,2.5,0.39408929533221115
5.446111478514717,-1.0179170278729708,0.39681035124631103,0.0,2.5,0.38802294629303896
5.446111478514717,-1.007917027872971,0.40325689156263445,0.0,2.5,0.395300206658932
5.446111478514717,-0.9979170278729712,0.41033519830682463,0.0,2.5,0.4044178453717602
5.446111478514717,-0.9879170278729714,0.4164210464949201,0.0,2.5,0.40775567531534995
5.446111478514717,-0.9779170278729716,0.4153153150790424,0.0,2.5,0.4068583597400331
5.446111478514717,-0.9679170278729718,0.4157871257294068,0.0,2.5,0.40839394246327776
5.446111478514717,-0.9579170278729721,0.4172708516200851,0.0,2.5,0.4088719681016352
5.446111478514717,-0.9479170278729723,0.416464636100008,0.0,2.5,0.40808198019539116
5.446111478514717,-0.9379170278729725,0.4241559771862605,0.0,2.5,0.4155908866672921
5.446111478514717,-0.9279170278729727,0.4314695165281932,0.0,2.5,0.41934218441591153
5.446111478514717,-0.9179170278729729,0.4305182337940223,0.0,2.5,0.4182045049764953
5.446111478514717,-0.9079170278729731,0.4209872428845517,0.0,2.5,0.4146985710486719
5.446111478514717,-0.8979170278729733,0.4169370463856726,0.0,2.5,0.4109356753528952
5.446111478514717,-0.8879170278729736,0.37453454265353575,0.0,2.5,0.3720362525462203
5.446111478514717,-0.8779170278729738,0.34499366251995583,0.0,2.5,0.37265915152297613
5.446111478514717,-0.867917027872974,0.3638372095916671,0.0,2.5,0.3637544679821684
5.446111478514717,-0.8579170278729742,0.43377487949477395,0.0,2.5,0.4495824613446858
5.446111478514717,-0.8479170278729744,0.4906482149708066,0.0,2.5,0.4525572679730706
5.446111478514717,-0.8379170278729746,0.4819828470519505,0.0,2.5,0.45121695657161315
5.446111478514717,-0.8279170278729748,0.4814130215402225,0.0,2.5,0.4265359357103322
5.446111478514717,-0.817917027872975,0.4223361746331102,0.0,2.5,0.38208292760279966
5.446111478514717,-0.8079170278729753,0.4310395455003053,0.0,2.5,0.3695849872643772
5.446111478514717,-0.7979170278729755,0.4963988722978468,0.0,2.5,0.380157710890803
5.446111478514717,-0.7879170278729757,0.5252770042034598,0.0,2.5,0.4005101308684923
5.446111478514717,-0.7779170278729759,0.49040308220473705,0.0,2.5,0.41978518681717536
5.446111478514717,-0.7679170278729761,0.45584426496550773,0.0,2.5,0.41145570955758454
5.446111478514717,-0.7579170278729763,0.4372104757621544,0.0,2.5,0.4213359982608617
5.446111478514717,-0.7479170278729765,0.3959705365987018,0.0,2.5,0.40380607877771013
5.446111478514717,-0.7379170278729767,0.37830022451387035,0.0,2.5,0.3855491998879635
5.446111478514717,-0.727917027872977,0.3511422573980315,0.0,2.5,0.3738359689598193
5.446111478514717,-0.7179170278729772,0.3859355059041921,0.0,2.5,0.43594459611003844
5.446111478514717,-0.7079170278729774,0.3490602730400337,0.0,2.5,0.41529518758720013
5.446111478514717,-0.6979170278729776,0.30605057402470737,0.0,2.5,0.37810968731902683
5.446111478514717,-0.6879170278729778,0.32832824764099433,0.0,2.5,0.40707931586259777
5.446111478514717,-0.677917027872978,0.36014168067776303,0.0,2.5,0.4461510128810901
5.446111478514717,-0.6679170278729782,0.39258399356991325,0.0,2.5,0.4847400165412029
5.446111478514717,-0.6579170278729785,0.44658190797072045,0.0,2.5,0.5610204424034421
5.446111478514717,-0.6479170278729787,0.44264270148548124,0.0,2.5,0.55845736625707
5.446111478514717,-0.6379170278729789,0.5474053473888914,0.0,2.5,0.680346614817227
5.446111478514717,-0.6279170278729791,0.5403175663333026,0.0,2.5,0.655411006059009
5.446111478514717,-0.6179170278729793,0.4195237608867067,0.0,2.5,0.5256455383919815
5.446111478514717,-0.6079170278729795,0.42645643378596265,0.0,2.5,0.526884922820209
5.446111478514717,-0.5979170278729797,0.3821168133854864,0.0,2.5,0.4785891848616974
5.446111478514717,-0.58791702787298,0.3855841515872821,0.0,2.5,0.4925177232316647
5.446111478514717,-0.5779170278729802,0.37917814962063356,0.0,2.5,0.48376201081629605
5.446111478514717,-0.5679170278729804,0.3871495467105685,0.0,2.5,0.4970043351581507
5.446111478514717,-0.5579170278729806,0.40834031640321716,0.0,2.5,0.5106057605599665
5.446111478514717,-0.5479170278729808,0.4004789158026397,0.0,2.5,0.5016687241521111
5.446111478514717,-0.537917027872981,0.38728579187004447,0.0,2.5,0.4919221811315697
5.446111478514717,-0.5279170278729812,0.3620184578283384,0.0,2.5,0.4542768894066356
5.446111478514717,-0.5179170278729814,0.2878899742839708,0.0,2.5,0.39542454573094016
5.446111478514717,-0.5079170278729817,0.30232899594134205,0.0,2.5,0.41297323818097614
5.446111478514717,-0.49791702787298187,0.3078047217985035,0.0,2.5,0.3844855345746613
5.446111478514717,-0.4879170278729821,0.3081625187844939,0.0,2.5,0.37044105814148603
5.446111478514717,-0.4779170278729823,0.32095965943437915,0.0,2.5,0.3828718898289997
5.446111478514717,-0.4679170278729825,0.3221965814363395,0.0,2.5,0.38036294740351995
5.446111478514717,-0.4579170278729827,0.32199874129437844,0.0,2.5,0.38036294740351995
5.446111478514717,-0.44791702787298293,0.31621139529097503,0.0,2.5,0.37317349176009473
5.446111478514717,-0.43791702787298314,0.3112206208515993,0.0,2.5,0.38548898706495655
5.456111478514717,-1.5979170278729584,0.5916506915656018,0.0,2.5,0.6398899103223762
5.456111478514717,-1.5879170278729586,0.5819559660452409,0.0,2.5,0.6404698436391926
5.456111478514717,-1.5779170278729588,0.6113135243390732,0.0,2.5,0.6736097477349442
5.456111478514717,-1.567917027872959,0.6932909379752438,0.0,2.5,0.6431560398751928
5.456111478514717,-1.5579170278729593,0.6911599189765998,0.0,2.5,0.4928975685184312
5.456111478514717,-1.5479170278729595,0.776678465068434,0.0,2.5,0.5425917504839363
5.456111478514717,-1.5379170278729597,0.8613563960931402,0.0,2.5,0.5868264187102196
5.456111478514717,-1.52791702787296,0.908656165762682,0.0,2.5,0.605481375505688
5.456111478514717,-1.5179170278729601,0.8692606103303648,0.0,2.5,0.5518829065509039
5.456111478514717,-1.5079170278729603,0.8811861447566357,0.0,2.5,0.5509975569822331
5.456111478514717,-1.4979170278729605,0.9412078835751266,0.0,2.5,0.5993063373327749
5.456111478514717,-1.4879170278729608,0.944033096407274,0.0,2.5,0.6530131516516129
5.456111478514717,-1.477917027872961,0.9598500352225466,0.0,2.5,0.6654708169661975
5.456111478514717,-1.4679170278729612,0.9308219457409758,0.0,2.5,0.6800127911624091
5.456111478514717,-1.4579170278729614,0.9256244605570793,0.0,2.5,0.6795767391977774
5.456111478514717,-1.4479170278729616,0.9390920360497123,0.0,2.5,0.629078935920778
5.456111478514717,-1.4379170278729618,0.8823946697565707,0.0,2.5,0.6206729918493296
5.456111478514717,-1.427917027872962,0.8543165247395007,0.0,2.5,0.6135061747922467
5.456111478514717,-1.4179170278729623,0.8562143556229548,0.0,2.5,0.6022210377759197
5.456111478514717,-1.4079170278729625,0.8541455964053655,0.0,2.5,0.5866515500622552
5.456111478514717,-1.3979170278729627,0.89272499340551,0.0,2.5,0.5975208108074543
5.456111478514717,-1.387917027872963,0.907268503030089,0.0,2.5,0.5926240066838074
5.456111478514717,-1.377917027872963,0.9300410860701108,0.0,2.5,0.5954394398039946
5.456111478514717,-1.3679170278729633,0.9005569151909455,0.0,2.5,0.5754411483842493
5.456111478514717,-1.3579170278729635,0.8648545920395923,0.0,2.5,0.5589706739719769
5.456111478514717,-1.3479170278729637,0.8489048281917337,0.0,2.5,0.5573394667647261
5.456111478514717,-1.337917027872964,0.8579140824011439,0.0,2.5,0.5559519464395266
5.456111478514717,-1.3279170278729642,0.8725156926416843,0.0,2.5,0.5673559068153378
5.456111478514717,-1.3179170278729644,0.8713449103226442,0.0,2.5,0.555875563653473
5.456111478514717,-1.3079170278729646,0.8637201987486779,0.0,2.5,0.5552576028905929
5.456111478514717,-1.2979170278729648,0.8430923877054468,0.0,2.5,0.5437467772776734
5.456111478514717,-1.287917027872965,0.7940008675145198,0.0,2.5,0.5414465659465284
5.456111478514717,-1.2779170278729652,0.7972427606207833,0.0,2.5,0.5505122771107296
5.456111478514717,-1.2679170278729655,0.8019272726149124,0.0,2.5,0.5674979000129778
5.456111478514717,-1.2579170278729657,0.7480693047594823,0.0,2.5,0.5379069569057043
5.456111478514717,-1.2479170278729659,0.7292083915892325,0.0,2.5,0.5415796974386772
5.456111478514717,-1.237917027872966,0.7725334202762982,0.0,2.5,0.5796646483508786
5.456111478514717,-1.2279170278729663,0.7412101567150002,0.0,2.5,0.5916682781671535
5.456111478514717,-1.2179170278729665,0.7288018752714974,0.0,2.5,0.6067715267211055
5.456111478514717,-1.2079170278729667,0.6706919005900156,0.0,2.5,0.6014392307002365
5.456111478514717,-1.197917027872967,0.6681830400900496,0.0,2.5,0.6031005993931661
5.456111478514717,-1.1879170278729672,0.6154995058096397,0.0,2.5,0.5992530159047371
5.456111478514717,-1.1779170278729674,0.5749207049547274,0.0,2.5,0.5400728320497566
5.456111478514717,-1.1679170278729676,0.5542349874917588,0.0,2.5,0.5183652849014035
5.456111478514717,-1.1579170278729678,0.5133294075122062,0.0,2.5,0.4830347321649996
5.456111478514717,-1.147917027872968,0.5052470819210265,0.0,2.5,0.47584265869094083
5.456111478514717,-1.1379170278729682,0.49549187356275753,0.0,2.5,0.46498203090629653
5.456111478514717,-1.1279170278729684,0.4724323294053039,0.0,2.5,0.43983877825348605
5.456111478514717,-1.1179170278729686,0.4827942461691148,0.0,2.5,0.434361200497859
5.456111478514717,-1.1079170278729689,0.49391047694547735,0.0,2.5,0.43569401361790405
5.456111478514717,-1.097917027872969,0.4830651615075401,0.0,2.5,0.43945559339197954
5.456111478514717,-1.0879170278729693,0.451896463972511,0.0,2.5,0.444790992876891
5.456111478514717,-1.0779170278729695,0.4353635063715226,0.0,2.5,0.4322447104718679
5.456111478514717,-1.0679170278729697,0.4538516833020897,0.0,2.5,0.4240895067725058
5.456111478514717,-1.05791702787297,0.44600904639388733,0.0,2.5,0.4137779365678983
5.456111478514717,-1.0479170278729701,0.43217997887033943,0.0,2.5,0.40224653718216963
5.456111478514717,-1.0379170278729704,0.4204494481291287,0.0,2.5,0.40303688416462924
5.456111478514717,-1.0279170278729706,0.4194539166859858,0.0,2.5,0.40798303858539736
5.456111478514717,-1.0179170278729708,0.41660185401922795,0.0,2.5,0.4069908465503119
5.456111478514717,-1.007917027872971,0.413954234871281,0.0,2.5,0.4068775898169971
5.456111478514717,-0.9979170278729712,0.4253467635708042,0.0,2.5,0.4171622544359041
5.456111478514717,-0.9879170278729714,0.47170715311045214,0.0,2.5,0.41417494817866146
5.456111478514717,-0.9779170278729716,0.45826872164625265,0.0,2.5,0.3990497884487153
5.456111478514717,-0.9679170278729718,0.46337035230442114,0.0,2.5,0.39374351652320383
5.456111478514717,-0.9579170278729721,0.4712274317508987,0.0,2.5,0.3920038098467063
5.456111478514717,-0.9479170278729723,0.4875875799882492,0.0,2.5,0.3926101907818278
5.456111478514717,-0.9379170278729725,0.500041567198162,0.0,2.5,0.3960811585237633
5.456111478514717,-0.9279170278729727,0.5333015879307785,0.0,2.5,0.3989155024927158
5.456111478514717,-0.9179170278729729,0.5273146175608731,0.0,2.5,0.3926832023305038
5.456111478514717,-0.9079170278729731,0.5516525436657915,0.0,2.5,0.4112420545547409
5.456111478514717,-0.8979170278729733,0.48262663217091806,0.0,2.5,0.39593065494713786
5.456111478514717,-0.8879170278729736,0.437134915160983,0.0,2.5,0.41414088610469696
5.456111478514717,-0.8779170278729738,0.331665496593684,0.0,2.5,0.3548141777149918
5.456111478514717,-0.867917027872974,0.3454979595251531,0.0,2.5,0.3661748230768952
5.456111478514717,-0.8579170278729742,0.3880363120080277,0.0,2.5,0.40094752454286225
5.456111478514717,-0.8479170278729744,0.476004939030182,0.0,2.5,0.4410162101295131
5.456111478514717,-0.8379170278729746,0.4842265005072449,0.0,2.5,0.449217467890151
5.456111478514717,-0.8279170278729748,0.4868281702880888,0.0,2.5,0.44988778078431424
5.456111478514717,-0.817917027872975,0.5166691657380583,0.0,2.5,0.40958493230772414
5.456111478514717,-0.8079170278729753,0.5168744251434471,0.0,2.5,0.38529111330200905
5.456111478514717,-0.7979170278729755,0.5489152887342026,0.0,2.5,0.38617774183267445
5.456111478514717,-0.7879170278729757,0.5105693838036791,0.0,2.5,0.37344108674732956
5.456111478514717,-0.7779170278729759,0.4992341523845047,0.0,2.5,0.37206272000961255
5.456111478514717,-0.7679170278729761,0.4272153018059887,0.0,2.5,0.36702607930633757
5.456111478514717,-0.7579170278729763,0.41491258883516624,0.0,2.5,0.3828342667312172
5.456111478514717,-0.7479170278729765,0.41161269278843365,0.0,2.5,0.3969161854459565
5.456111478514717,-0.7379170278729767,0.4263251956705639,0.0,2.5,0.408007513829234
5.456111478514717,-0.727917027872977,0.4062395738481998,0.0,2.5,0.42421771210553494
5.456111478514717,-0.7179170278729772,0.39480815641860045,0.0,2.5,0.44104078752510895
5.456111478514717,-0.7079170278729774,0.3619940055302284,0.0,2.5,0.44399293518702015
5.456111478514717,-0.6979170278729776,0.33708715479245205,0.0,2.5,0.4204997642731944
5.456111478514717,-0.6879170278729778,0.36073333136928765,0.0,2.5,0.45451996942810363
5.456111478514717,-0.677917027872978,0.3947049026232577,0.0,2.5,0.49393824111052725
5.456111478514717,-0.6679170278729782,0.439184486810056,0.0,2.5,0.5696113476043122
5.456111478514717,-0.6579170278729785,0.4920918214605535,0.0,2.5,0.6324463052912913
5.456111478514717,-0.6479170278729787,0.49408200254552676,0.0,2.5,0.6267226883063307
5.456111478514717,-0.6379170278729789,0.5804218793366579,0.0,2.5,0.702761584065028
5.456111478514717,-0.6279170278729791,0.5077903149096542,0.0,2.5,0.6375039558206158
5.456111478514717,-0.6179170278729793,0.42097593636810726,0.0,2.5,0.5296402112977474
5.456111478514717,-0.6079170278729795,0.44674981125307855,0.0,2.5,0.5424559151033813
5.456111478514717,-0.5979170278729797,0.40089514227384765,0.0,2.5,0.485530663422085
5.456111478514717,-0.58791702787298,0.3948464878409981,0.0,2.5,0.49186096091299264
5.456111478514717,-0.5779170278729802,0.39126199978147513,0.0,2.5,0.4966517784157903
5.456111478514717,-0.5679170278729804,0.395815523194878,0.0,2.5,0.5020230712678416
5.456111478514717,-0.5579170278729806,0.3890548259903173,0.0,2.5,0.4831194004718596
5.456111478514717,-0.5479170278729808,0.40284477030150856,0.0,2.5,0.5056037790881226
5.456111478514717,-0.537917027872981,0.4153977935465329,0.0,2.5,0.5182976605800929
5.456111478514717,-0.5279170278729812,0.37594407380347616,0.0,2.5,0.45764612711714797
5.456111478514717,-0.5179170278729814,0.34213368751315704,0.0,2.5,0.4255976795216415
5.456111478514717,-0.5079170278729817,0.31173209637904925,0.0,2.5,0.39025619892803726
5.456111478514717,-0.49791702787298187,0.3243634879606062,0.0,2.5,0.3917428266029013
5.456111478514717,-0.4879170278729821,0.3116978516100675,0.0,2.5,0.3722376567809418
5.456111478514717,-0.4779170278729823,0.32408944037665105,0.0,2.5,0.3828718898289997
5.456111478514717,-0.4679170278729825,0.3221965814363395,0.0,2.5,0.38036294740351995
5.456111478514717,-0.4579170278729827,0.32228727582076744,0.0,2.5,0.38036294740351995
5.456111478514717,-0.44791702787298293,0.32199874129437844,0.0,2.5,0.38036294740351995
5.456111478514717,-0.43791702787298314,0.315449147864716,0.0,2.5,0.37317349176009473
5.456111478514717,-0.42791702787298336,0.3329708125125161,0.0,2.5,0.3887154021592961
5.4661114785147165,-1.6079170278729582,0.6554442723125219,0.0,2.5,0.643702071919462
5.4661114785147165,-1.5979170278729584,0.6294475754963277,0.0,2.5,0.6580568243958449
5.4661114785147165,-1.5879170278729586,0.5916583146383425,0.0,2.5,0.6486418968416833
5.4661114785147165,-1.5779170278729588,0.5874069795058928,0.0,2.5,0.6450818057392197
5.4661114785147165,-1.567917027872959,0.6149512403964446,0.0,2.5,0.6567027905849859
5.4661114785147165,-1.5579170278729593,0.8178555697871045,0.0,2.5,0.5303026983025377
5.4661114785147165,-1.5479170278729595,0.8297785340582405,0.0,2.5,0.572771313873786
5.4661114785147165,-1.5379170278729597,0.8833573964803841,0.0,2.5,0.5895747437285385
5.4661114785147165,-1.52791702787296,0.9175923698213365,0.0,2.5,0.6004353797024857
5.4661114785147165,-1.5179170278729601,0.8338720250275654,0.0,2.5,0.5430446418111031
5.4661114785147165,-1.5079170278729603,0.8911088094206221,0.0,2.5,0.5614879443525368
5.4661114785147165,-1.4979170278729605,0.8977468401351844,0.0,2.5,0.5694073378608784
5.4661114785147165,-1.4879170278729608,0.9473361034019878,0.0,2.5,0.6150514616374677
5.4661114785147165,-1.477917027872961,0.9371745640532665,0.0,2.5,0.6447935626190633
5.4661114785147165,-1.4679170278729612,0.9275688558597665,0.0,2.5,0.6667169451465206
5.4661114785147165,-1.4579170278729614,0.9240281409468764,0.0,2.5,0.6916208565938703
5.4661114785147165,-1.4479170278729616,0.9252431276859162,0.0,2.5,0.6608180870296883
5.4661114785147165,-1.4379170278729618,0.9418047121842545,0.0,2.5,0.6387683225583736
5.4661114785147165,-1.427917027872962,0.8420180068382493,0.0,2.5,0.6088522929368739
5.4661114785147165,-1.4179170278729623,0.9181010093482856,0.0,2.5,0.6294952675935876
5.4661114785147165,-1.4079170278729625,0.9285784988761395,0.0,2.5,0.6331482571608478
5.4661114785147165,-1.3979170278729627,0.9705302862851841,0.0,2.5,0.6520926320517609
5.4661114785147165,-1.387917027872963,0.9407329938602984,0.0,2.5,0.6223746497148455
5.4661114785147165,-1.377917027872963,0.9042977786093777,0.0,2.5,0.5907107870883049
5.4661114785147165,-1.3679170278729633,0.9023764002997869,0.0,2.5,0.5760454132620609
5.4661114785147165,-1.3579170278729635,0.8651782524581135,0.0,2.5,0.5600756261534778
5.4661114785147165,-1.3479170278729637,0.8752581443510252,0.0,2.5,0.5693909021504928
5.4661114785147165,-1.337917027872964,0.8516284324871908,0.0,2.5,0.5556544614598147
5.4661114785147165,-1.3279170278729642,0.8671006687547502,0.0,2.5,0.5626018105854522
5.4661114785147165,-1.3179170278729644,0.866019796435777,0.0,2.5,0.5509100425837956
5.4661114785147165,-1.3079170278729646,0.8707953931411975,0.0,2.5,0.5601266978748994
5.4661114785147165,-1.2979170278729648,0.8335759028300118,0.0,2.5,0.5413728243291664
5.4661114785147165,-1.287917027872965,0.7873004584139814,0.0,2.5,0.5372585042998033
5.4661114785147165,-1.2779170278729652,0.7976948862299149,0.0,2.5,0.5505161650789454
5.4661114785147165,-1.2679170278729655,0.7971379330720204,0.0,2.5,0.5706218735282942
5.4661114785147165,-1.2579170278729657,0.7461994871597637,0.0,2.5,0.537513464303858
5.4661114785147165,-1.2479170278729659,0.7292535191750029,0.0,2.5,0.5446503362547737
5.4661114785147165,-1.237917027872966,0.7559367505904337,0.0,2.5,0.5768445044659866
5.4661114785147165,-1.2279170278729663,0.7346854149886841,0.0,2.5,0.5864884220520457
5.4661114785147165,-1.2179170278729665,0.7343957426870551,0.0,2.5,0.6128069457065227
5.4661114785147165,-1.2079170278729667,0.6723345796619786,0.0,2.5,0.6006485101767386
5.4661114785147165,-1.197917027872967,0.6743770787650045,0.0,2.5,0.6043830537850976
5.4661114785147165,-1.1879170278729672,0.6110213130406335,0.0,2.5,0.5792329260721524
5.4661114785147165,-1.1779170278729674,0.5806888614158433,0.0,2.5,0.5446751451359967
5.4661114785147165,-1.1679170278729676,0.5240938555193344,0.0,2.5,0.49124006657868785
5.4661114785147165,-1.1579170278729678,0.49658332352802886,0.0,2.5,0.46525074198813193
5.4661114785147165,-1.147917027872968,0.4967645675663375,0.0,2.5,0.46525074198813193
5.4661114785147165,-1.1379170278729682,0.49120745079088385,0.0,2.5,0.461120332020545
5.4661114785147165,-1.1279170278729684,0.4721574058866149,0.0,2.5,0.4362009579512606
5.4661114785147165,-1.1179170278729686,0.4772829053636283,0.0,2.5,0.43168200586403754
5.4661114785147165,-1.1079170278729689,0.4876154675360255,0.0,2.5,0.4338221591589003
5.4661114785147165,-1.097917027872969,0.5266919074337029,0.0,2.5,0.4565310720755903
5.4661114785147165,-1.0879170278729693,0.4983038720929956,0.0,2.5,0.4673253195674443
5.4661114785147165,-1.0779170278729695,0.48790516276110163,0.0,2.5,0.4645088961470034
5.4661114785147165,-1.0679170278729697,0.47494046327503575,0.0,2.5,0.4466793862384756
5.4661114785147165,-1.05791702787297,0.4445132202703353,0.0,2.5,0.40763170261484116
5.4661114785147165,-1.0479170278729701,0.43818723875065363,0.0,2.5,0.4059683286209113
5.4661114785147165,-1.0379170278729704,0.4228320671616157,0.0,2.5,0.4056961982127559
5.4661114785147165,-1.0279170278729706,0.43979793862990657,0.0,2.5,0.4258319142281445
5.4661114785147165,-1.0179170278729708,0.439321536289285,0.0,2.5,0.4279641517404357
5.4661114785147165,-1.007917027872971,0.4515617750638545,0.0,2.5,0.4414428577060871
5.4661114785147165,-0.9979170278729712,0.42596420367502535,0.0,2.5,0.41830399803886675
5.4661114785147165,-0.9879170278729714,0.460425466831236,0.0,2.5,0.40388228985146596
5.4661114785147165,-0.9779170278729716,0.4736187804896799,0.0,2.5,0.4054655087521433
5.4661114785147165,-0.9679170278729718,0.4797956622502094,0.0,2.5,0.4031798122379287
5.4661114785147165,-0.9579170278729721,0.5423810380104589,0.0,2.5,0.40263629508013116
5.4661114785147165,-0.9479170278729723,0.5841288119567309,0.0,2.5,0.4117514571794316
5.4661114785147165,-0.9379170278729725,0.6048305367006003,0.0,2.5,0.41460184377190945
5.4661114785147165,-0.9279170278729727,0.6268540121049918,0.0,2.5,0.41234839983950844
5.4661114785147165,-0.9179170278729729,0.6492420252952089,0.0,2.5,0.4245842025057708
5.4661114785147165,-0.9079170278729731,0.6398684313874657,0.0,2.5,0.41780956003018166
5.4661114785147165,-0.8979170278729733,0.6231782461241289,0.0,2.5,0.406959630182312
5.4661114785147165,-0.8879170278729736,0.5945838152895501,0.0,2.5,0.4084740037669397
5.4661114785147165,-0.8779170278729738,0.4313072692513832,0.0,2.5,0.3649982743295899
5.4661114785147165,-0.867917027872974,0.33439356006540005,0.0,2.5,0.35072720015353515
5.4661114785147165,-0.8579170278729742,0.3681028155210059,0.0,2.5,0.37100455547346195
5.4661114785147165,-0.8479170278729744,0.442239048654806,0.0,2.5,0.4375160841817967
5.4661114785147165,-0.8379170278729746,0.4520497257417051,0.0,2.5,0.4288276335492222
5.4661114785147165,-0.8279170278729748,0.554325062608667,0.0,2.5,0.4475417251171962
5.4661114785147165,-0.817917027872975,0.5642333834601373,0.0,2.5,0.4262062823128685
5.4661114785147165,-0.8079170278729753,0.5451141488265834,0.0,2.5,0.39852778912555936
5.4661114785147165,-0.7979170278729755,0.5189918224071919,0.0,2.5,0.3718824796731041
5.4661114785147165,-0.7879170278729757,0.5845611833233857,0.0,2.5,0.42815811300568885
5.4661114785147165,-0.7779170278729759,0.508826259833324,0.0,2.5,0.42319912046484137
5.4661114785147165,-0.7679170278729761,0.5202194450126602,0.0,2.5,0.4501524616837645
5.4661114785147165,-0.7579170278729763,0.4954570470796439,0.0,2.5,0.4782063195930556
5.4661114785147165,-0.7479170278729765,0.4903758446783697,0.0,2.5,0.5100207855824805
5.4661114785147165,-0.7379170278729767,0.4710993339532851,0.0,2.5,0.4991167291904418
5.4661114785147165,-0.727917027872977,0.4728970043925466,0.0,2.5,0.4864602119331136
5.4661114785147165,-0.7179170278729772,0.4247894041275919,0.0,2.5,0.4695872862679408
5.4661114785147165,-0.7079170278729774,0.4152753375275954,0.0,2.5,0.4791029118441567
5.4661114785147165,-0.6979170278729776,0.3580086498997829,0.0,2.5,0.4448015876753116
5.4661114785147165,-0.6879170278729778,0.3681163540505985,0.0,2.5,0.48536247246095365
5.4661114785147165,-0.677917027872978,0.4094009116900079,0.0,2.5,0.5370724826363458
5.4661114785147165,-0.6679170278729782,0.449744445345167,0.0,2.5,0.5770473918339142
5.4661114785147165,-0.6579170278729785,0.5114784723556175,0.0,2.5,0.6496024092343058
5.4661114785147165,-0.6479170278729787,0.5038426268086387,0.0,2.5,0.6369841603836466
5.4661114785147165,-0.6379170278729789,0.5508497584697344,0.0,2.5,0.6906188459407263
5.4661114785147165,-0.6279170278729791,0.5042465196133227,0.0,2.5,0.6343737755918335
5.4661114785147165,-0.6179170278729793,0.4570023965965871,0.0,2.5,0.5807277708245147
5.4661114785147165,-0.6079170278729795,0.457296968326549,0.0,2.5,0.5513199637851592
5.4661114785147165,-0.5979170278729797,0.3809949679082654,0.0,2.5,0.45262512904590313
5.4661114785147165,-0.58791702787298,0.3836016302221411,0.0,2.5,0.4772567158384315
5.4661114785147165,-0.5779170278729802,0.3824305313140633,0.0,2.5,0.47521658965676356
5.4661114785147165,-0.5679170278729804,0.38391189372903095,0.0,2.5,0.47155500021700086
5.4661114785147165,-0.5579170278729806,0.41179586304893845,0.0,2.5,0.5058174812147606
5.4661114785147165,-0.5479170278729808,0.39783542512963066,0.0,2.5,0.49194141590185353
5.4661114785147165,-0.537917027872981,0.39963541494041566,0.0,2.5,0.49616369100217245
5.4661114785147165,-0.5279170278729812,0.39929638007435814,0.0,2.5,0.494538263704054
5.4661114785147165,-0.5179170278729814,0.34403573831267825,0.0,2.5,0.418793538824507
5.4661114785147165,-0.5079170278729817,0.31460742175331374,0.0,2.5,0.3865392964240021
5.4661114785147165,-0.49791702787298187,0.302916734632235,0.0,2.5,0.37034193006077465
5.4661114785147165,-0.4879170278729821,0.31228759206574114,0.0,2.5,0.3719111261686969
5.4661114785147165,-0.4779170278729823,0.31928306907629506,0.0,2.5,0.3808718898289998
5.4661114785147165,-0.4679170278729825,0.32228727582076744,0.0,2.5,0.38036294740351995
5.4661114785147165,-0.4579170278729827,0.32228727582076744,0.0,2.5,0.38036294740351995
5.4661114785147165,-0.44791702787298293,0.32228727582076744,0.0,2.5,0.38036294740351995
5.4661114785147165,-0.43791702787298314,0.32199874129437844,0.0,2.5,0.38036294740351995
5.4661114785147165,-0.42791702787298336,0.31822198362289766,0.0,2.5,0.3763367570662172
5.4661114785147165,-0.41791702787298357,0.3359749896257422,0.0,2.5,0.38942998429033626
5.476111478514716,-1.6079170278729582,0.6406777175872436,0.0,2.5,0.6193451643387035
5.476111478514716,-1.5979170278729584,0.6342147768697629,0.0,2.5,0.6538346256675801
5.476111478514716,-1.5879170278729586,0.6385677125122782,0.0,2.5,0.6605449182233853
5.476111478514716,-1.5779170278729588,0.6196612077445095,0.0,2.5,0.6576310759935564
5.476111478514716,-1.567917027872959,0.5844867654969883,0.0,2.5,0.6358871218868812
5.476111478514716,-1.5579170278729593,0.8085332368670165,0.0,2.5,0.6866427288694719
5.476111478514716,-1.5479170278729595,0.8755078760564791,0.0,2.5,0.5701000357998117
5.476111478514716,-1.5379170278729597,0.9106741324303583,0.0,2.5,0.6007503706952823
5.476111478514716,-1.52791702787296,0.8672399048031763,0.0,2.5,0.5543563005959227
5.476111478514716,-1.5179170278729601,0.8901064580418377,0.0,2.5,0.562902239195244
5.476111478514716,-1.5079170278729603,0.8911088094206221,0.0,2.5,0.5614879443525368
5.476111478514716,-1.4979170278729605,0.8714286882871121,0.0,2.5,0.5482899227732727
5.476111478514716,-1.4879170278729608,0.9187494899476888,0.0,2.5,0.5954830377653157
5.476111478514716,-1.477917027872961,0.9235043381000586,0.0,2.5,0.6441886208270465
5.476111478514716,-1.4679170278729612,0.9603409178164456,0.0,2.5,0.6625148931865109
5.476111478514716,-1.4579170278729614,0.9397181233814015,0.0,2.5,0.6889017718014802
5.476111478514716,-1.4479170278729616,0.9240450807465916,0.0,2.5,0.6894883591358592
5.476111478514716,-1.4379170278729618,0.9623480278277828,0.0,2.5,0.6714991018599461
5.476111478514716,-1.427917027872962,0.9064126782955161,0.0,2.5,0.6616474075444266
5.476111478514716,-1.4179170278729623,0.9397047680009681,0.0,2.5,0.6771904385346155
5.476111478514716,-1.4079170278729625,0.9498458072246144,0.0,2.5,0.6535441861798175
5.476111478514716,-1.3979170278729627,0.9608259432379141,0.0,2.5,0.6545247749438599
5.476111478514716,-1.387917027872963,0.9512034164850234,0.0,2.5,0.6427832806033609
5.476111478514716,-1.377917027872963,0.9001095583673944,0.0,2.5,0.5940940445639572
5.476111478514716,-1.3679170278729633,0.9022840111491438,0.0,2.5,0.5776426241237497
5.476111478514716,-1.3579170278729635,0.8449966847526128,0.0,2.5,0.5466269863955506
5.476111478514716,-1.3479170278729637,0.891858099333237,0.0,2.5,0.5776145983455461
5.476111478514716,-1.337917027872964,0.8617394518913377,0.0,2.5,0.5595291708372365
5.476111478514716,-1.3279170278729642,0.865292503546661,0.0,2.5,0.5610322740698822
5.476111478514716,-1.3179170278729644,0.8448084234406777,0.0,2.5,0.5417450142059184
5.476111478514716,-1.3079170278729646,0.8814709975137095,0.0,2.5,0.558963432568777
5.476111478514716,-1.2979170278729648,0.8232309030980759,0.0,2.5,0.5350470998580021
5.476111478514716,-1.287917027872965,0.800029674981394,0.0,2.5,0.5470581755091617
5.476111478514716,-1.2779170278729652,0.8152679650196483,0.0,2.5,0.557954798106256
5.476111478514716,-1.2679170278729655,0.7918759988482269,0.0,2.5,0.568381702733824
5.476111478514716,-1.2579170278729657,0.7370825636721293,0.0,2.5,0.5362284073987568
5.476111478514716,-1.2479170278729659,0.731836547566911,0.0,2.5,0.5508303541387882
5.476111478514716,-1.237917027872966,0.7647513601415821,0.0,2.5,0.5905478363815063
5.476111478514716,-1.2279170278729663,0.7485732145016311,0.0,2.5,0.6171998276766837
5.476111478514716,-1.2179170278729665,0.6916567771820716,0.0,2.5,0.6109767916673065
5.476111478514716,-1.2079170278729667,0.6721640985617755,0.0,2.5,0.6050703947070843
5.476111478514716,-1.197917027872967,0.6233680027440687,0.0,2.5,0.6074539188061809
5.476111478514716,-1.1879170278729672,0.5942768046268598,0.0,2.5,0.5677320451865635
5.476111478514716,-1.1779170278729674,0.5384609811653972,0.0,2.5,0.5103532309680417
5.476111478514716,-1.1679170278729676,0.5167005232222055,0.0,2.5,0.48922871192609374
5.476111478514716,-1.1579170278729678,0.501593272317207,0.0,2.5,0.4756404857448693
5.476111478514716,-1.147917027872968,0.5128172048515234,0.0,2.5,0.4857792265265043
5.476111478514716,-1.1379170278729682,0.5096895805780525,0.0,2.5,0.4811116693656413
5.476111478514716,-1.1279170278729684,0.5134867644952661,0.0,2.5,0.4754241782425749
5.476111478514716,-1.1179170278729686,0.5332537958134302,0.0,2.5,0.4772603707079183
5.476111478514716,-1.1079170278729689,0.5359234148495551,0.0,2.5,0.4739044907748496
5.476111478514716,-1.097917027872969,0.5109883333569974,0.0,2.5,0.4478835465064622
5.476111478514716,-1.0879170278729693,0.5207005560903744,0.0,2.5,0.4534227026199487
5.476111478514716,-1.0779170278729695,0.4945688628045498,0.0,2.5,0.46784745356469126
5.476111478514716,-1.0679170278729697,0.4607366754280901,0.0,2.5,0.44733811412621355
5.476111478514716,-1.05791702787297,0.4525679047497988,0.0,2.5,0.42489624113754787
5.476111478514716,-1.0479170278729701,0.4314848417497143,0.0,2.5,0.4015029445060678
5.476111478514716,-1.0379170278729704,0.42610534967019237,0.0,2.5,0.40914940347345335
5.476111478514716,-1.0279170278729706,0.44025279945670087,0.0,2.5,0.4315537056668861
5.476111478514716,-1.0179170278729708,0.46138893608389914,0.0,2.5,0.449470805676677
5.476111478514716,-1.007917027872971,0.46592971187905147,0.0,2.5,0.4522275874124155
5.476111478514716,-0.9979170278729712,0.49434283188029865,0.0,2.5,0.4323810383678561
5.476111478514716,-0.9879170278729714,0.4647396586330073,0.0,2.5,0.40539165995984316
5.476111478514716,-0.9779170278729716,0.48285053818868234,0.0,2.5,0.4117253285073835
5.476111478514716,-0.9679170278729718,0.4900046801180845,0.0,2.5,0.4010841299795095
5.476111478514716,-0.9579170278729721,0.559685200473432,0.0,2.5,0.40496144512981125
5.476111478514716,-0.9479170278729723,0.5954210959384365,0.0,2.5,0.4142231284075945
5.476111478514716,-0.9379170278729725,0.6323543065586521,0.0,2.5,0.4166808104049749
5.476111478514716,-0.9279170278729727,0.6370098053247918,0.0,2.5,0.4149322329041736
5.476111478514716,-0.9179170278729729,0.62873905326026,0.0,2.5,0.41292446690073964
5.476111478514716,-0.9079170278729731,0.6307353971801474,0.0,2.5,0.41325975454252667
5.476111478514716,-0.8979170278729733,0.6314096255858924,0.0,2.5,0.4134624498798087
5.476111478514716,-0.8879170278729736,0.6445290270562594,0.0,2.5,0.4489158897286265
5.476111478514716,-0.8779170278729738,0.6150843021936857,0.0,2.5,0.44036505031976536
5.476111478514716,-0.867917027872974,0.3692395038799231,0.0,2.5,0.3333615372650123
5.476111478514716,-0.8579170278729742,0.484553600372653,0.0,2.5,0.3931118206219287
5.476111478514716,-0.8479170278729744,0.5631939215142359,0.0,2.5,0.44390836019054003
5.476111478514716,-0.8379170278729746,0.5677820241180521,0.0,2.5,0.4471220499973881
5.476111478514716,-0.8279170278729748,0.5728592343266317,0.0,2.5,0.43691731098412206
5.476111478514716,-0.817917027872975,0.5649851189422858,0.0,2.5,0.4220350034632004
5.476111478514716,-0.8079170278729753,0.5759477915909692,0.0,2.5,0.41684641069053996
5.476111478514716,-0.7979170278729755,0.5792345999372338,0.0,2.5,0.4147131943610782
5.476111478514716,-0.7879170278729757,0.5409296392524803,0.0,2.5,0.4432938161427002
5.476111478514716,-0.7779170278729759,0.46585270733692474,0.0,2.5,0.41981392655960326
5.476111478514716,-0.7679170278729761,0.5191300229769152,0.0,2.5,0.4967080609043593
5.476111478514716,-0.7579170278729763,0.5426410848160238,0.0,2.5,0.5292534568631644
5.476111478514716,-0.7479170278729765,0.4962939918524099,0.0,2.5,0.5247568313447927
5.476111478514716,-0.7379170278729767,0.46094736041490264,0.0,2.5,0.4805003186852392
5.476111478514716,-0.727917027872977,0.4696449099163953,0.0,2.5,0.480948063298769
5.476111478514716,-0.7179170278729772,0.429994451031708,0.0,2.5,0.4639140944814146
5.476111478514716,-0.7079170278729774,0.4180929921716678,0.0,2.5,0.47042872789305856
5.476111478514716,-0.6979170278729776,0.3844683051901936,0.0,2.5,0.4490209862546093
5.476111478514716,-0.6879170278729778,0.3715240889596355,0.0,2.5,0.44953064195658504
5.476111478514716,-0.677917027872978,0.38474377086610934,0.0,2.5,0.47345765567422315
5.476111478514716,-0.6679170278729782,0.4288558218459375,0.0,2.5,0.5360691724139727
5.476111478514716,-0.6579170278729785,0.4755685845033358,0.0,2.5,0.6062338612279782
5.476111478514716,-0.6479170278729787,0.4761582586733902,0.0,2.5,0.5996852625997039
5.476111478514716,-0.6379170278729789,0.46531281451409096,0.0,2.5,0.5976591518267276
5.476111478514716,-0.6279170278729791,0.48993388862300996,0.0,2.5,0.6215192017562097
5.476111478514716,-0.6179170278729793,0.4572827872820803,0.0,2.5,0.5882483580758864
5.476111478514716,-0.6079170278729795,0.4243775027797567,0.0,2.5,0.510805230054247
5.476111478514716,-0.5979170278729797,0.3341121908234189,0.0,2.5,0.3917066780951362
5.476111478514716,-0.58791702787298,0.3265855792968304,0.0,2.5,0.3871420041315426
5.476111478514716,-0.5779170278729802,0.33770340922634956,0.0,2.5,0.4054290545029254
5.476111478514716,-0.5679170278729804,0.36296731193907,0.0,2.5,0.43642842635974466
5.476111478514716,-0.5579170278729806,0.366454924346868,0.0,2.5,0.448612843620834
5.476111478514716,-0.5479170278729808,0.369821245733709,0.0,2.5,0.4534995250374863
5.476111478514716,-0.537917027872981,0.36973090841963135,0.0,2.5,0.4544474528081063
5.476111478514716,-0.5279170278729812,0.3710217195278286,0.0,2.5,0.4515680039984698
5.476111478514716,-0.5179170278729814,0.3713245417074385,0.0,2.5,0.4574255460467929
5.476111478514716,-0.5079170278729817,0.3053887908139032,0.0,2.5,0.3677085006672206
5.476111478514716,-0.49791702787298187,0.30148492913492847,0.0,2.5,0.3584694076750286
5.476111478514716,-0.4879170278729821,0.3113979055646765,0.0,2.5,0.37107439147481935
5.476111478514716,-0.4779170278729823,0.31888932337582115,0.0,2.5,0.38036294740351995
5.476111478514716,-0.4679170278729825,0.32228727582076744,0.0,2.5,0.38036294740351995
5.476111478514716,-0.4579170278729827,0.32228727582076744,0.0,2.5,0.38036294740351995
5.476111478514716,-0.44791702787298293,0.3236918543775136,0.0,2.5,0.3823629474035199
5.476111478514716,-0.43791702787298314,0.3131862710067083,0.0,2.5,0.36960342373288385
5.476111478514716,-0.42791702787298336,0.28703116911148424,0.0,2.5,0.3351163522593965
5.476111478514716,-0.41791702787298357,0.28295490546163327,0.0,2.5,0.3450538142198592
5.476111478514716,-0.4079170278729838,0.2800674000362392,0.0,2.5,0.3484457454433906
5.486111478514716,-1.6079170278729582,0.6801761130064565,0.0,2.5,0.6367126214869832
5.486111478514716,-1.5979170278729584,0.6460961097619592,0.0,2.5,0.6300278604804533
5.486111478514716,-1.5879170278729586,0.6543800659695648,0.0,2.5,0.6516655584433054
5.486111478514716,-1.5779170278729588,0.6349065131303665,0.0,2.5,0.6498997273887817
5.486111478514716,-1.567917027872959,0.6244025595600993,0.0,2.5,0.646094975982338
5.486111478514716,-1.5579170278729593,0.6407408316651075,0.0,2.5,0.6751595644468119
5.486111478514716,-1.5479170278729595,0.8962564719944219,0.0,2.5,0.5839436643411285
5.486111478514716,-1.5379170278729597,0.8661095511304215,0.0,2.5,0.5529503594299886
5.486111478514716,-1.52791702787296,0.8771479903213367,0.0,2.5,0.5590942358540474
5.486111478514716,-1.5179170278729601,0.8961975153135466,0.0,2.5,0.566591946799676
5.486111478514716,-1.5079170278729603,0.8819526989054287,0.0,2.5,0.5522676431081726
5.486111478514716,-1.4979170278729605,0.878877174043388,0.0,2.5,0.5567650645479109
5.486111478514716,-1.4879170278729608,0.9228088713024983,0.0,2.5,0.5956013271364002
5.486111478514716,-1.477917027872961,0.9340623361755984,0.0,2.5,0.6041509042317241
5.486111478514716,-1.4679170278729612,0.9322797254827893,0.0,2.5,0.6437560192483984
5.486111478514716,-1.4579170278729614,0.9229731329579051,0.0,2.5,0.671536305238709
5.486111478514716,-1.4479170278729616,0.927022892192681,0.0,2.5,0.6909568375828348
5.486111478514716,-1.4379170278729618,0.9294260767008987,0.0,2.5,0.6909712127238712
5.486111478514716,-1.427917027872962,0.9285784988760251,0.0,2.5,0.6900026319651155
5.486111478514716,-1.4179170278729623,0.9356433551890234,0.0,2.5,0.6743753516823211
5.486111478514716,-1.4079170278729625,0.9427884370197012,0.0,2.5,0.6586510404775653
5.486111478514716,-1.3979170278729627,0.9657660885781606,0.0,2.5,0.6578461139804315
5.486111478514716,-1.387917027872963,0.9621833512555943,0.0,2.5,0.6500913308038955
5.486111478514716,-1.377917027872963,0.9026395140972331,0.0,2.5,0.5962040841817392
5.486111478514716,-1.3679170278729633,0.8928907131924511,0.0,2.5,0.574703875852335
5.486111478514716,-1.3579170278729635,0.8331827674925304,0.0,2.5,0.5376471121817141
5.486111478514716,-1.3479170278729637,0.8786431465509651,0.0,2.5,0.5731818522469058
5.486111478514716,-1.337917027872964,0.8843741871218029,0.0,2.5,0.5736465010860282
5.486111478514716,-1.3279170278729642,0.8432224163065993,0.0,2.5,0.5457637911627157
5.486111478514716,-1.3179170278729644,0.8427685802579169,0.0,2.5,0.5433722928175255
5.486111478514716,-1.3079170278729646,0.8680909980597606,0.0,2.5,0.5449582929045194
5.486111478514716,-1.2979170278729648,0.8232532733643468,0.0,2.5,0.5373548022938154
5.486111478514716,-1.287917027872965,0.8127555020702577,0.0,2.5,0.5433658779449748
5.486111478514716,-1.2779170278729652,0.8296246837337411,0.0,2.5,0.5668584130866122
5.486111478514716,-1.2679170278729655,0.7769981133774584,0.0,2.5,0.5587404236793588
5.486111478514716,-1.2579170278729657,0.735247624431115,0.0,2.5,0.5373686062064545
5.486111478514716,-1.2479170278729659,0.7353676732547136,0.0,2.5,0.5515731710784181
5.486111478514716,-1.237917027872966,0.7529284717833568,0.0,2.5,0.5818675807552589
5.486111478514716,-1.2279170278729663,0.7437981910727549,0.0,2.5,0.6127704461526952
5.486111478514716,-1.2179170278729665,0.6944776539506452,0.0,2.5,0.6157049424696122
5.486111478514716,-1.2079170278729667,0.6829414427714474,0.0,2.5,0.6080084793258235
5.486111478514716,-1.197917027872967,0.6243947786096415,0.0,2.5,0.6073932299418118
5.486111478514716,-1.1879170278729672,0.5872598994098663,0.0,2.5,0.5590111816817991
5.486111478514716,-1.1779170278729674,0.5927034998380386,0.0,2.5,0.5651520659176205
5.486111478514716,-1.1679170278729676,0.5767179876797784,0.0,2.5,0.5464010449914827
5.486111478514716,-1.1579170278729678,0.5795508727628916,0.0,2.5,0.549877358256523
5.486111478514716,-1.147917027872968,0.5688720100622637,0.0,2.5,0.5535725255427683
5.486111478514716,-1.1379170278729682,0.5812400402457908,0.0,2.5,0.5608008259226429
5.486111478514716,-1.1279170278729684,0.5899930461595337,0.0,2.5,0.5610473668031462
5.486111478514716,-1.1179170278729686,0.6056017413649271,0.0,2.5,0.5630819295360979
5.486111478514716,-1.1079170278729689,0.6001686549772257,0.0,2.5,0.5567770968223434
5.486111478514716,-1.097917027872969,0.604685616833487,0.0,2.5,0.5511025832033021
5.486111478514716,-1.0879170278729693,0.5556599720224936,0.0,2.5,0.51468923098291
5.486111478514716,-1.0779170278729695,0.5395445263418369,0.0,2.5,0.49372576545238195
5.486111478514716,-1.0679170278729697,0.5405441218570162,0.0,2.5,0.5290076200866382
5.486111478514716,-1.05791702787297,0.493744686974462,0.0,2.5,0.4918056942572607
5.486111478514716,-1.0479170278729701,0.4757633028047846,0.0,2.5,0.4672284630692427
5.486111478514716,-1.0379170278729704,0.47769708721873183,0.0,2.5,0.44780931642707994
5.486111478514716,-1.0279170278729706,0.47429295845566183,0.0,2.5,0.45356974942460165
5.486111478514716,-1.0179170278729708,0.4746622008528568,0.0,2.5,0.4552448528200947
5.486111478514716,-1.007917027872971,0.45925483604967626,0.0,2.5,0.4487306992289963
5.486111478514716,-0.9979170278729712,0.49814778394435194,0.0,2.5,0.43657002496072395
5.486111478514716,-0.9879170278729714,0.4809546379895651,0.0,2.5,0.41347792989571813
5.486111478514716,-0.9779170278729716,0.5121770160527902,0.0,2.5,0.4271278509192272
5.486111478514716,-0.9679170278729718,0.5620037341216254,0.0,2.5,0.41974036827160244
5.486111478514716,-0.9579170278729721,0.5850609200804945,0.0,2.5,0.415770189133742
5.486111478514716,-0.9479170278729723,0.6173051100471144,0.0,2.5,0.4172662940191629
5.486111478514716,-0.9379170278729725,0.6326193373249163,0.0,2.5,0.41619326280822283
5.486111478514716,-0.9279170278729727,0.6458775555689346,0.0,2.5,0.4195434355548331
5.486111478514716,-0.9179170278729729,0.6375988483429618,0.0,2.5,0.4180753995324926
5.486111478514716,-0.9079170278729731,0.6322728649810727,0.0,2.5,0.40861346939440446
5.486111478514716,-0.8979170278729733,0.6579589007686716,0.0,2.5,0.42781827513177817
5.486111478514716,-0.8879170278729736,0.6955390298932358,0.0,2.5,0.4568886527339318
5.486111478514716,-0.8779170278729738,0.6590484076265738,0.0,2.5,0.45357373635190457
5.486111478514716,-0.867917027872974,0.6977990495981966,0.0,2.5,0.5106720085711848
5.486111478514716,-0.8579170278729742,0.6100507224344058,0.0,2.5,0.40146366390107563
5.486111478514716,-0.8479170278729744,0.5650820605270271,0.0,2.5,0.39130846809395287
5.486111478514716,-0.8379170278729746,0.5343576966133281,0.0,2.5,0.3910170247142904
5.486111478514716,-0.8279170278729748,0.5341193338303938,0.0,2.5,0.3908281375824968
5.486111478514716,-0.817917027872975,0.5386940598848449,0.0,2.5,0.3877209776550882
5.486111478514716,-0.8079170278729753,0.5908218486703031,0.0,2.5,0.4213418131594815
5.486111478514716,-0.7979170278729755,0.5971103932881334,0.0,2.5,0.4484325599392553
5.486111478514716,-0.7879170278729757,0.6232498447216103,0.0,2.5,0.491588814373769
5.486111478514716,-0.7779170278729759,0.5239550751380078,0.0,2.5,0.49144822614688327
5.486111478514716,-0.7679170278729761,0.5089865985039193,0.0,2.5,0.5349219615391703
5.486111478514716,-0.7579170278729763,0.5397026539353721,0.0,2.5,0.6098501285444217
5.486111478514716,-0.7479170278729765,0.5319541891108555,0.0,2.5,0.6463871841677591
5.486111478514716,-0.7379170278729767,0.4842551184081349,0.0,2.5,0.5908429982039016
5.486111478514716,-0.727917027872977,0.4903732939101177,0.0,2.5,0.5421322983383504
5.486111478514716,-0.7179170278729772,0.49178289513763973,0.0,2.5,0.5013537752593109
5.486111478514716,-0.7079170278729774,0.40502740101594703,0.0,2.5,0.4323399137082303
5.486111478514716,-0.6979170278729776,0.42644488398051245,0.0,2.5,0.46848714746577697
5.486111478514716,-0.6879170278729778,0.39139526140500075,0.0,2.5,0.44708670145978
5.486111478514716,-0.677917027872978,0.4037934373237841,0.0,2.5,0.47463623158737256
5.486111478514716,-0.6679170278729782,0.4355160934621468,0.0,2.5,0.5128915155123801
5.486111478514716,-0.6579170278729785,0.48466829445058707,0.0,2.5,0.5885245133295341
5.486111478514716,-0.6479170278729787,0.48565228107432945,0.0,2.5,0.5877642529987862
5.486111478514716,-0.6379170278729789,0.48499509281558406,0.0,2.5,0.6032029904757057
5.486111478514716,-0.6279170278729791,0.4816086782383227,0.0,2.5,0.6079467347032341
5.486111478514716,-0.6179170278729793,0.4317301341953021,0.0,2.5,0.5417382289272417
5.486111478514716,-0.6079170278729795,0.3842798609259945,0.0,2.5,0.45683992743720225
5.486111478514716,-0.5979170278729797,0.3315368541460388,0.0,2.5,0.39100967111253576
5.486111478514716,-0.58791702787298,0.31048607099098063,0.0,2.5,0.36772864144891304
5.486111478514716,-0.5779170278729802,0.31176041566984186,0.0,2.5,0.3736614950244778
5.486111478514716,-0.5679170278729804,0.3169559695584142,0.0,2.5,0.38256340791963955
5.486111478514716,-0.5579170278729806,0.3111549430530683,0.0,2.5,0.38229374021589513
5.486111478514716,-0.5479170278729808,0.32857912847819254,0.0,2.5,0.4015020016821074
5.486111478514716,-0.537917027872981,0.33525222869948473,0.0,2.5,0.4082991304996962
5.486111478514716,-0.5279170278729812,0.32660075852130727,0.0,2.5,0.4003531296658618
5.486111478514716,-0.5179170278729814,0.3333074341592924,0.0,2.5,0.4034208301145384
5.486111478514716,-0.5079170278729817,0.32314472040808234,0.0,2.5,0.3959318510273573
5.486111478514716,-0.49791702787298187,0.3048422797170935,0.0,2.5,0.36384035307943985
5.486111478514716,-0.4879170278729821,0.31928306907629506,0.0,2.5,0.3808718898289998
5.486111478514716,-0.4779170278729823,0.31888932337582115,0.0,2.5,0.38036294740351995
5.486111478514716,-0.4679170278729825,0.3236918543775136,0.0,2.5,0.3823629474035199
5.486111478514716,-0.4579170278729827,0.3131862710067083,0.0,2.5,0.36960342373288385
5.486111478514716,-0.44791702787298293,0.28703116911148424,0.0,2.5,0.3351163522593965
5.486111478514716,-0.43791702787298314,0.2754517143503287,0.0,2.5,0.33265861003848
5.486111478514716,-0.42791702787298336,0.27673170512720413,0.0,2.5,0.3331876422965445
5.486111478514716,-0.41791702787298357,0.2779797944527755,0.0,2.5,0.33548374619264837
5.486111478514716,-0.4079170278729838,0.28235796274622016,0.0,2.5,0.3450538142198592
5.486111478514716,-0.397917027872984,0.279895904417125,0.0,2.5,0.3472658893282826
5.496111478514716,-1.617917027872958,0.7591349396355643,0.0,2.5,0.6723629412436758
5.496111478514716,-1.6079170278729582,0.6713811373344751,0.0,2.5,0.646745854440911
5.496111478514716,-1.5979170278729584,0.6540412773814402,0.0,2.5,0.6380458787224473
5.496111478514716,-1.5879170278729586,0.6389373422287093,0.0,2.5,0.6237385772612459
5.496111478514716,-1.5779170278729588,0.6329918567478541,0.0,2.5,0.6259213980343071
5.496111478514716,-1.567917027872959,0.6554063963213874,0.0,2.5,0.6418413465058179
5.496111478514716,-1.5579170278729593,0.6130728198616504,0.0,2.5,0.6460755715177285
5.496111478514716,-1.5479170278729595,0.937288471217271,0.0,2.5,0.6504434667939187
5.496111478514716,-1.5379170278729597,0.8585221245857083,0.0,2.5,0.5428226725147512
5.496111478514716,-1.52791702787296,0.8943679618267203,0.0,2.5,0.5660721342248451
5.496111478514716,-1.5179170278729601,0.8813156430421819,0.0,2.5,0.55664704736828
5.496111478514716,-1.5079170278729603,0.8767121146773166,0.0,2.5,0.5541702197151496
5.496111478514716,-1.4979170278729605,0.9308978827874249,0.0,2.5,0.5944758319976201
5.496111478514716,-1.4879170278729608,0.9155788458779173,0.0,2.5,0.5976013271364002
5.496111478514716,-1.477917027872961,0.9411664443609046,0.0,2.5,0.6041509042317241
5.496111478514716,-1.4679170278729612,0.9229888990588154,0.0,2.5,0.649174641115911
5.496111478514716,-1.4579170278729614,0.910701532794655,0.0,2.5,0.670729702825013
5.496111478514716,-1.4479170278729616,0.9030232734074254,0.0,2.5,0.668105812085125
5.496111478514716,-1.4379170278729618,0.92861127534877,0.0,2.5,0.6921090902663952
5.496111478514716,-1.427917027872962,0.9159328102158757,0.0,2.5,0.6536634124392011
5.496111478514716,-1.4179170278729623,0.9147849606593389,0.0,2.5,0.663489474489815
5.496111478514716,-1.4079170278729625,0.955943824598496,0.0,2.5,0.6701295946610528
5.496111478514716,-1.3979170278729627,0.9605892780531158,0.0,2.5,0.6581997433445759
5.496111478514716,-1.387917027872963,0.9672298906846432,0.0,2.5,0.6547700046197779
5.496111478514716,-1.377917027872963,0.9210401062893377,0.0,2.5,0.6171430755340798
5.496111478514716,-1.3679170278729633,0.8835272166264694,0.0,2.5,0.5715389077477672
5.496111478514716,-1.3579170278729635,0.8364369015231525,0.0,2.5,0.5414389775134549
5.496111478514716,-1.3479170278729637,0.8813440496948013,0.0,2.5,0.5758428981672771
5.496111478514716,-1.337917027872964,0.907608027870217,0.0,2.5,0.5830928247130647
5.496111478514716,-1.3279170278729642,0.8551467746595107,0.0,2.5,0.5533138489216681
5.496111478514716,-1.3179170278729644,0.8328241863567067,0.0,2.5,0.5373548022938154
5.496111478514716,-1.3079170278729646,0.87735258190185,0.0,2.5,0.5546295742817798
5.496111478514716,-1.2979170278729648,0.7969146085982632,0.0,2.5,0.5200825653579848
5.496111478514716,-1.287917027872965,0.8148913945420118,0.0,2.5,0.54768677553478
5.496111478514716,-1.2779170278729652,0.8231065876097724,0.0,2.5,0.5601038087195064
5.496111478514716,-1.2679170278729655,0.7682462367601944,0.0,2.5,0.5571272161321891
5.496111478514716,-1.2579170278729657,0.7261183463959962,0.0,2.5,0.5420468561501737
5.496111478514716,-1.2479170278729659,0.7418429395909941,0.0,2.5,0.5601579151518763
5.496111478514716,-1.237917027872966,0.7420283467505313,0.0,2.5,0.5866876245419227
5.496111478514716,-1.2279170278729663,0.7352445538975977,0.0,2.5,0.610462743716882
5.496111478514716,-1.2179170278729665,0.7034454580955902,0.0,2.5,0.6259949143473463
5.496111478514716,-1.2079170278729667,0.6928921727921545,0.0,2.5,0.6142447537370784
5.496111478514716,-1.197917027872967,0.6232775435052401,0.0,2.5,0.603931025676725
5.496111478514716,-1.1879170278729672,0.6232086146314998,0.0,2.5,0.6058925794640921
5.496111478514716,-1.1779170278729674,0.6206414260331193,0.0,2.5,0.6068388800525945
5.496111478514716,-1.1679170278729676,0.5969059848648511,0.0,2.5,0.5855857431093112
5.496111478514716,-1.1579170278729678,0.5948515550267343,0.0,2.5,0.5841156750821004
5.496111478514716,-1.147917027872968,0.5960078372744624,0.0,2.5,0.5885045221082129
5.496111478514716,-1.1379170278729682,0.6211287315268386,0.0,2.5,0.5893189122318789
5.496111478514716,-1.1279170278729684,0.6746212247729746,0.0,2.5,0.586005560478027
5.496111478514716,-1.1179170278729686,0.6889423502065599,0.0,2.5,0.5840077978454733
5.496111478514716,-1.1079170278729689,0.6865947461024358,0.0,2.5,0.5815620781474193
5.496111478514716,-1.097917027872969,0.6916507856455154,0.0,2.5,0.5779830977825196
5.496111478514716,-1.0879170278729693,0.6197493343544681,0.0,2.5,0.55770218184224
5.496111478514716,-1.0779170278729695,0.5701118716541083,0.0,2.5,0.528714996880727
5.496111478514716,-1.0679170278729697,0.5666713191032753,0.0,2.5,0.5251241226779907
5.496111478514716,-1.05791702787297,0.5562527181095526,0.0,2.5,0.5389726820507925
5.496111478514716,-1.0479170278729701,0.5309732960616125,0.0,2.5,0.5396706674208844
5.496111478514716,-1.0379170278729704,0.5421658562195645,0.0,2.5,0.5426319541409852
5.496111478514716,-1.0279170278729706,0.5241247010517041,0.0,2.5,0.48920444100213417
5.496111478514716,-1.0179170278729708,0.4943287628078357,0.0,2.5,0.4632462104881623
5.496111478514716,-1.007917027872971,0.5096223331622067,0.0,2.5,0.4390552815509516
5.496111478514716,-0.9979170278729712,0.5034889194128627,0.0,2.5,0.43631720204137214
5.496111478514716,-0.9879170278729714,0.49446285005104956,0.0,2.5,0.417230857503574
5.496111478514716,-0.9779170278729716,0.4871975173515975,0.0,2.5,0.4055220759279969
5.496111478514716,-0.9679170278729718,0.5908896085718438,0.0,2.5,0.42696678336594207
5.496111478514716,-0.9579170278729721,0.6143585879094746,0.0,2.5,0.42915765398417427
5.496111478514716,-0.9479170278729723,0.6424832875487433,0.0,2.5,0.43167433157095386
5.496111478514716,-0.9379170278729725,0.657230303654959,0.0,2.5,0.42560402755046606
5.496111478514716,-0.9279170278729727,0.6358378023484339,0.0,2.5,0.41303137034330284
5.496111478514716,-0.9179170278729729,0.6343649576706218,0.0,2.5,0.4144242532553573
5.496111478514716,-0.9079170278729731,0.6367649239313089,0.0,2.5,0.41157300698797533
5.496111478514716,-0.8979170278729733,0.6573381113812861,0.0,2.5,0.42637316418741195
5.496111478514716,-0.8879170278729736,0.689033952605933,0.0,2.5,0.45238038858108215
5.496111478514716,-0.8779170278729738,0.6854987245251861,0.0,2.5,0.4801190149684514
5.496111478514716,-0.867917027872974,0.755843588511116,0.0,2.5,0.5305579235602903
5.496111478514716,-0.8579170278729742,0.6689083330323503,0.0,2.5,0.4506132462721894
5.496111478514716,-0.8479170278729744,0.6462346005272387,0.0,2.5,0.4247068921276506
5.496111478514716,-0.8379170278729746,0.5692151502056144,0.0,2.5,0.39960495009824676
5.496111478514716,-0.8279170278729748,0.5694336193296087,0.0,2.5,0.3985669754147025
5.496111478514716,-0.817917027872975,0.5867757218010982,0.0,2.5,0.41109972050186794
5.496111478514716,-0.8079170278729753,0.6310334281567758,0.0,2.5,0.44754352375801965
5.496111478514716,-0.7979170278729755,0.6260480883667225,0.0,2.5,0.4748454585064302
5.496111478514716,-0.7879170278729757,0.6364288594477798,0.0,2.5,0.535277534792209
5.496111478514716,-0.7779170278729759,0.6205539849133472,0.0,2.5,0.5526384477651919
5.496111478514716,-0.7679170278729761,0.5800498301067286,0.0,2.5,0.5959246192228226
5.496111478514716,-0.7579170278729763,0.6094525907322832,0.0,2.5,0.6537685417520468
5.496111478514716,-0.7479170278729765,0.561450924183294,0.0,2.5,0.6526738698844029
5.496111478514716,-0.7379170278729767,0.4699061550207761,0.0,2.5,0.5599637514931555
5.496111478514716,-0.727917027872977,0.4540918413644172,0.0,2.5,0.5254525299737792
5.496111478514716,-0.7179170278729772,0.4522478376732873,0.0,2.5,0.5476287675971867
5.496111478514716,-0.7079170278729774,0.4509398776109011,0.0,2.5,0.5153657163541959
5.496111478514716,-0.6979170278729776,0.44112173759501844,0.0,2.5,0.48210574026489106
5.496111478514716,-0.6879170278729778,0.4422146652606711,0.0,2.5,0.5061887593222772
5.496111478514716,-0.677917027872978,0.4512239814502949,0.0,2.5,0.5255426444889272
5.496111478514716,-0.6679170278729782,0.454036104110066,0.0,2.5,0.5182043712596064
5.496111478514716,-0.6579170278729785,0.5051557762363408,0.0,2.5,0.5891310972781348
5.496111478514716,-0.6479170278729787,0.48377859706797344,0.0,2.5,0.5771417487662754
5.496111478514716,-0.6379170278729789,0.48178980019644924,0.0,2.5,0.5826097396027072
5.496111478514716,-0.6279170278729791,0.44056357545004865,0.0,2.5,0.5311600677141283
5.496111478514716,-0.6179170278729793,0.4335914702936254,0.0,2.5,0.5143962121071868
5.496111478514716,-0.6079170278729795,0.36845996201753334,0.0,2.5,0.44133216154892857
5.496111478514716,-0.5979170278729797,0.33557663010915617,0.0,2.5,0.4020033663080154
5.496111478514716,-0.58791702787298,0.29789572509234197,0.0,2.5,0.33786510601573416
5.496111478514716,-0.5779170278729802,0.29356336320867576,0.0,2.5,0.3401414428812279
5.496111478514716,-0.5679170278729804,0.30895032455735366,0.0,2.5,0.36446178511304683
5.496111478514716,-0.5579170278729806,0.3005854055237407,0.0,2.5,0.3647462930233984
5.496111478514716,-0.5479170278729808,0.29520915549302595,0.0,2.5,0.36369297656081045
5.496111478514716,-0.537917027872981,0.30429014958070916,0.0,2.5,0.372784269082868
5.496111478514716,-0.5279170278729812,0.3155589564711292,0.0,2.5,0.38642079538081386
5.496111478514716,-0.5179170278729814,0.31955411328171807,0.0,2.5,0.3918587927809576
5.496111478514716,-0.5079170278729817,0.317626031639433,0.0,2.5,0.3820310246377379
5.496111478514716,-0.49791702787298187,0.32376429403639734,0.0,2.5,0.3912978826679482
5.496111478514716,-0.4879170278729821,0.3113979055646765,0.0,2.5,0.37107439147481935
5.496111478514716,-0.4779170278729823,0.28703116911148424,0.0,2.5,0.3351163522593965
5.496111478514716,-0.4679170278729825,0.2754517143503287,0.0,2.5,0.33265861003848
5.496111478514716,-0.4579170278729827,0.27673170512720413,0.0,2.5,0.3331876422965445
5.496111478514716,-0.44791702787298293,0.27673170512720413,0.0,2.5,0.3331876422965445
5.496111478514716,-0.43791702787298314,0.27673170512720413,0.0,2.5,0.3331876422965445
5.496111478514716,-0.42791702787298336,0.27673170512720413,0.0,2.5,0.3331876422965445
5.496111478514716,-0.41791702787298357,0.2777344445629231,0.0,2.5,0.33518764229654446
5.496111478514716,-0.4079170278729838,0.282121115970025,0.0,2.5,0.3450538142198592
5.496111478514716,-0.397917027872984,0.27986534898624804,0.0,2.5,0.3416092474487292
5.506111478514716,-1.617917027872958,0.7578697546102776,0.0,2.5,0.6541549027319357
5.506111478514716,-1.6079170278729582,0.6571022452998938,0.0,2.5,0.6191924836573783
5.506111478514716,-1.5979170278729584,0.6789514579113406,0.0,2.5,0.6417455404169796
5.506111478514716,-1.5879170278729586,0.6651474661619912,0.0,2.5,0.6419370842762534
5.506111478514716,-1.5779170278729588,0.6365774271760498,0.0,2.5,0.6221303510635886
5.506111478514716,-1.567917027872959,0.6287770132258956,0.0,2.5,0.6145885071091156
5.506111478514716,-1.5579170278729593,0.602853848399272,0.0,2.5,0.6149809230248974
5.506111478514716,-1.5479170278729595,0.6991496480264248,0.0,2.5,0.6696232938444573
5.506111478514716,-1.5379170278729597,0.865457400309793,0.0,2.5,0.5527208748209226
5.506111478514716,-1.52791702787296,0.8825095159824894,0.0,2.5,0.5543957676013557
5.506111478514716,-1.5179170278729601,0.8738876116613814,0.0,2.5,0.5538257211862748
5.506111478514716,-1.5079170278729603,0.8990309637015509,0.0,2.5,0.5726638287272384
5.506111478514716,-1.4979170278729605,0.9343548464221195,0.0,2.5,0.5956013271364002
5.506111478514716,-1.4879170278729608,0.9373779122131651,0.0,2.5,0.6038911781391261
5.506111478514716,-1.477917027872961,0.9775015908403913,0.0,2.5,0.6565452166680704
5.506111478514716,-1.4679170278729612,0.9091566972897803,0.0,2.5,0.6551025453580355
5.506111478514716,-1.4579170278729614,0.8745795996393756,0.0,2.5,0.6410509002048591
5.506111478514716,-1.4479170278729616,0.8812026187424051,0.0,2.5,0.6524467457878261
5.506111478514716,-1.4379170278729618,0.8951858630182332,0.0,2.5,0.6570360735201685
5.506111478514716,-1.427917027872962,0.9408328091763347,0.0,2.5,0.6449099532630751
5.506111478514716,-1.4179170278729623,0.9253195610853765,0.0,2.5,0.6667494378414328
5.506111478514716,-1.4079170278729625,0.9313550400473286,0.0,2.5,0.6754262294979657
5.506111478514716,-1.3979170278729627,0.9741109465369222,0.0,2.5,0.6688892142827658
5.506111478514716,-1.387917027872963,0.9660943043192717,0.0,2.5,0.6532226919356331
5.506111478514716,-1.377917027872963,0.9263305913346567,0.0,2.5,0.6218655311367103
5.506111478514716,-1.3679170278729633,0.8843455902142613,0.0,2.5,0.5762380536557972
5.506111478514716,-1.3579170278729635,0.8319672108199161,0.0,2.5,0.539690511255786
5.506111478514716,-1.3479170278729637,0.8547157786278209,0.0,2.5,0.5580045780088878
5.506111478514716,-1.337917027872964,0.8979628977251102,0.0,2.5,0.5758150240645218
5.506111478514716,-1.3279170278729642,0.8616268223646232,0.0,2.5,0.557264141910151
5.506111478514716,-1.3179170278729644,0.8097331646888983,0.0,2.5,0.5238310316156534
5.506111478514716,-1.3079170278729646,0.8801180605524974,0.0,2.5,0.5564427637302211
5.506111478514716,-1.2979170278729648,0.8026102124969557,0.0,2.5,0.5272458306641072
5.506111478514716,-1.287917027872965,0.8541972203452515,0.0,2.5,0.5670374621554392
5.506111478514716,-1.2779170278729652,0.7985080913191774,0.0,2.5,0.5620777941992775
5.506111478514716,-1.2679170278729655,0.7616297903534253,0.0,2.5,0.5567287191593004
5.506111478514716,-1.2579170278729657,0.729065750662476,0.0,2.5,0.5467015801593321
5.506111478514716,-1.2479170278729659,0.7383181729969496,0.0,2.5,0.5647604142339311
5.506111478514716,-1.237917027872966,0.7407410260879624,0.0,2.5,0.598318283471153
5.506111478514716,-1.2279170278729663,0.7455449116344549,0.0,2.5,0.6128253423309533
5.506111478514716,-1.2179170278729665,0.7086081482883476,0.0,2.5,0.6253405914667037
5.506111478514716,-1.2079170278729667,0.7046905861825673,0.0,2.5,0.6252204879268259
5.506111478514716,-1.197917027872967,0.6872659626548053,0.0,2.5,0.6155291712799507
5.506111478514716,-1.1879170278729672,0.676534823097993,0.0,2.5,0.6072466233239262
5.506111478514716,-1.1779170278729674,0.6728942528126823,0.0,2.5,0.6040658010022572
5.506111478514716,-1.1679170278729676,0.6469384295928656,0.0,2.5,0.5817746893754296
5.506111478514716,-1.1579170278729678,0.6372218020900607,0.0,2.5,0.578630252245739
5.506111478514716,-1.147917027872968,0.6349080660972969,0.0,2.5,0.574684320183826
5.506111478514716,-1.1379170278729682,0.6355822774376482,0.0,2.5,0.5709520690228694
5.506111478514716,-1.1279170278729684,0.6643229657024309,0.0,2.5,0.5760205168600195
5.506111478514716,-1.1179170278729686,0.6757361701252302,0.0,2.5,0.5762286580029515
5.506111478514716,-1.1079170278729689,0.6769292421867412,0.0,2.5,0.572616599247274
5.506111478514716,-1.097917027872969,0.6727440194105688,0.0,2.5,0.5699636381210127
5.506111478514716,-1.0879170278729693,0.6783993668142521,0.0,2.5,0.5800227267297425
5.506111478514716,-1.0779170278729695,0.6630963492841206,0.0,2.5,0.5635452486125554
5.506111478514716,-1.0679170278729697,0.6216344064294503,0.0,2.5,0.5265067776130407
5.506111478514716,-1.05791702787297,0.6098042818066806,0.0,2.5,0.5181625931487815
5.506111478514716,-1.0479170278729701,0.6008451923896889,0.0,2.5,0.5349707453193058
5.506111478514716,-1.0379170278729704,0.5820200377416164,0.0,2.5,0.5364299669399349
5.506111478514716,-1.0279170278729706,0.564247871688767,0.0,2.5,0.5143695287707915
5.506111478514716,-1.0179170278729708,0.5484986595132484,0.0,2.5,0.46236376909902405
5.506111478514716,-1.007917027872971,0.5125461505124629,0.0,2.5,0.43447985180937176
5.506111478514716,-0.9979170278729712,0.5080926234368349,0.0,2.5,0.4286329157751617
5.506111478514716,-0.9879170278729714,0.5164075896762266,0.0,2.5,0.42470979580522883
5.506111478514716,-0.9779170278729716,0.5150326874293812,0.0,2.5,0.40985288935654485
5.506111478514716,-0.9679170278729718,0.5960590867728898,0.0,2.5,0.42584620643414234
5.506111478514716,-0.9579170278729721,0.6322593694612644,0.0,2.5,0.43067865256992105
5.506111478514716,-0.9479170278729723,0.6722612989517972,0.0,2.5,0.4346589343438661
5.506111478514716,-0.9379170278729725,0.6662390039857373,0.0,2.5,0.42841777011274607
5.506111478514716,-0.9279170278729727,0.6612490796896398,0.0,2.5,0.4276887129516792
5.506111478514716,-0.9179170278729729,0.6563255150104556,0.0,2.5,0.4233783666737278
5.506111478514716,-0.9079170278729731,0.6585553366696021,0.0,2.5,0.4236631431200453
5.506111478514716,-0.8979170278729733,0.6645489940696172,0.0,2.5,0.42937373491075226
5.506111478514716,-0.8879170278729736,0.7037164672941266,0.0,2.5,0.46691885873508704
5.506111478514716,-0.8779170278729738,0.6653204069583953,0.0,2.5,0.4669024782117734
5.506111478514716,-0.867917027872974,0.8254371351935608,0.0,2.5,0.5763183580519385
5.506111478514716,-0.8579170278729742,0.6784354509421571,0.0,2.5,0.4812970454838754
5.506111478514716,-0.8479170278729744,0.683952991554743,0.0,2.5,0.4792669612617185
5.506111478514716,-0.8379170278729746,0.6885674059399379,0.0,2.5,0.4784139386238911
5.506111478514716,-0.8279170278729748,0.6391680620440733,0.0,2.5,0.47076422830674225
5.506111478514716,-0.817917027872975,0.6288568875065962,0.0,2.5,0.4636160197128906
5.506111478514716,-0.8079170278729753,0.6787986613486909,0.0,2.5,0.495373665775608
5.506111478514716,-0.7979170278729755,0.6716024374172557,0.0,2.5,0.5126430974617306
5.506111478514716,-0.7879170278729757,0.6760042776846478,0.0,2.5,0.5638203793505088
5.506111478514716,-0.7779170278729759,0.5783520811120425,0.0,2.5,0.5462587886875995
5.506111478514716,-0.7679170278729761,0.5613637893138369,0.0,2.5,0.5676549471720435
5.506111478514716,-0.7579170278729763,0.5166256462595756,0.0,2.5,0.5704199637843024
5.506111478514716,-0.7479170278729765,0.5387969954923911,0.0,2.5,0.6037135993276391
5.506111478514716,-0.7379170278729767,0.4690904164651001,0.0,2.5,0.5871908100358517
5.506111478514716,-0.727917027872977,0.44682777516801103,0.0,2.5,0.5225509648714706
5.506111478514716,-0.7179170278729772,0.4402914199502734,0.0,2.5,0.5061638297729047
5.506111478514716,-0.7079170278729774,0.4383119290168812,0.0,2.5,0.5153616730157919
5.506111478514716,-0.6979170278729776,0.41031317870219397,0.0,2.5,0.4836936204718032
5.506111478514716,-0.6879170278729778,0.4287361200913784,0.0,2.5,0.5045075619290273
5.506111478514716,-0.677917027872978,0.4522957971244918,0.0,2.5,0.5534282422308506
5.506111478514716,-0.6679170278729782,0.4664680203005864,0.0,2.5,0.5693494510067101
5.506111478514716,-0.6579170278729785,0.5067063074037581,0.0,2.5,0.6321046619501451
5.506111478514716,-0.6479170278729787,0.513192807061603,0.0,2.5,0.6213765424897021
5.506111478514716,-0.6379170278729789,0.503298130770624,0.0,2.5,0.5819648247357119
5.506111478514716,-0.6279170278729791,0.43957998115975905,0.0,2.5,0.5061713774500372
5.506111478514716,-0.6179170278729793,0.3921359192187587,0.0,2.5,0.4527424326751601
5.506111478514716,-0.6079170278729795,0.3763309957039137,0.0,2.5,0.44190871916968616
5.506111478514716,-0.5979170278729797,0.34176578228080123,0.0,2.5,0.3946361423948312
5.506111478514716,-0.58791702787298,0.29208687478062884,0.0,2.5,0.3188883310277192
5.506111478514716,-0.5779170278729802,0.29363108848998093,0.0,2.5,0.3239413020134683
5.506111478514716,-0.5679170278729804,0.29200777630112534,0.0,2.5,0.33094520562217744
5.506111478514716,-0.5579170278729806,0.2834163126971403,0.0,2.5,0.3282152898873192
5.506111478514716,-0.5479170278729808,0.28308823734896016,0.0,2.5,0.3344615179270216
5.506111478514716,-0.537917027872981,0.26889844307090516,0.0,2.5,0.3320614433975916
5.506111478514716,-0.5279170278729812,0.26547028276395274,0.0,2.5,0.3311491660174861
5.506111478514716,-0.5179170278729814,0.298378506264519,0.0,2.5,0.3629615101041049
5.506111478514716,-0.5079170278729817,0.29202191548597595,0.0,2.5,0.3549528296792977
5.506111478514716,-0.49791702787298187,0.27201893296925367,0.0,2.5,0.32451520623818236
5.506111478514716,-0.4879170278729821,0.2670947771951849,0.0,2.5,0.3293910436570887
5.506111478514716,-0.4779170278729823,0.27345968615839705,0.0,2.5,0.3331876422965445
5.506111478514716,-0.4679170278729825,0.27673170512720413,0.0,2.5,0.3331876422965445
5.506111478514716,-0.4579170278729827,0.27673170512720413,0.0,2.5,0.3331876422965445
5.506111478514716,-0.44791702787298293,0.27673170512720413,0.0,2.5,0.3331876422965445
5.506111478514716,-0.43791702787298314,0.27673170512720413,0.0,2.5,0.3331876422965445
5.506111478514716,-0.42791702787298336,0.27673170512720413,0.0,2.5,0.3331876422965445
5.506111478514716,-0.41791702787298357,0.27673170512720413,0.0,2.5,0.3331876422965445
5.506111478514716,-0.4079170278729838,0.2783928213872177,0.0,2.5,0.33518764229654446
5.506111478514716,-0.397917027872984,0.282121115970025,0.0,2.5,0.3450538142198592
5.506111478514716,-0.3879170278729842,0.2926032454613373,0.0,2.5,0.3416092474487292
5.516111478514715,-1.6079170278729582,0.8286274219324568,0.0,2.5,0.6474815489931732
5.516111478514715,-1.5979170278729584,0.6568008933666106,0.0,2.5,0.6174208657300814
5.516111478514715,-1.5879170278729586,0.670239126705286,0.0,2.5,0.6252264496251391
5.516111478514715,-1.5779170278729588,0.6673869542164408,0.0,2.5,0.6358080396250112
5.516111478514715,-1.567917027872959,0.6381483230119439,0.0,2.5,0.6296661581934476
5.516111478514715,-1.5579170278729593,0.6300744449710126,0.0,2.5,0.6288667114923119
5.516111478514715,-1.5479170278729595,0.7318200244906781,0.0,2.5,0.6590691939126281
5.516111478514715,-1.5379170278729597,0.8737312933568355,0.0,2.5,0.5510752705425641
5.516111478514715,-1.52791702787296,0.8763553652464731,0.0,2.5,0.5482154956487613
5.516111478514715,-1.5179170278729601,0.9026488140768553,0.0,2.5,0.5654923561284236
5.516111478514715,-1.5079170278729603,0.937999555953196,0.0,2.5,0.5987601383309067
5.516111478514715,-1.4979170278729605,0.9291982750567616,0.0,2.5,0.5999152707810569
5.516111478514715,-1.4879170278729608,0.9513385772225027,0.0,2.5,0.6362483871453993
5.516111478514715,-1.477917027872961,0.8983059251349124,0.0,2.5,0.6596953743149296
5.516111478514715,-1.4679170278729612,0.9392685374345916,0.0,2.5,0.6447821782402259
5.516111478514715,-1.4579170278729614,0.8908849080099247,0.0,2.5,0.6533557329186137
5.516111478514715,-1.4479170278729616,0.8875029184132399,0.0,2.5,0.6481031710761148
5.516111478514715,-1.4379170278729618,0.8766313823492322,0.0,2.5,0.6525898853077851
5.516111478514715,-1.427917027872962,0.8886488415101468,0.0,2.5,0.6524179298263713
5.516111478514715,-1.4179170278729623,0.9185998846147376,0.0,2.5,0.6620556936912574
5.516111478514715,-1.4079170278729625,0.939743320980032,0.0,2.5,0.6856606955115236
5.516111478514715,-1.3979170278729627,0.9451633010131073,0.0,2.5,0.6691935210635855
5.516111478514715,-1.387917027872963,0.9734356682991118,0.0,2.5,0.6574799321225938
5.516111478514715,-1.377917027872963,0.9443179406059666,0.0,2.5,0.6251190264536645
5.516111478514715,-1.3679170278729633,0.8847804430430959,0.0,2.5,0.5796962085855305
5.516111478514715,-1.3579170278729635,0.8482113357135322,0.0,2.5,0.5549435591446327
5.516111478514715,-1.3479170278729637,0.8401172274878296,0.0,2.5,0.5484738561337285
5.516111478514715,-1.337917027872964,0.8844195834388262,0.0,2.5,0.5680061979081251
5.516111478514715,-1.3279170278729642,0.8781806687191694,0.0,2.5,0.5638969893640554
5.516111478514715,-1.3179170278729644,0.8068886999727166,0.0,2.5,0.5244090959702296
5.516111478514715,-1.3079170278729646,0.8662553338619909,0.0,2.5,0.5491705267943906
5.516111478514715,-1.2979170278729648,0.816204452922178,0.0,2.5,0.5292458306641074
5.516111478514715,-1.287917027872965,0.8550492870665853,0.0,2.5,0.5669466586146577
5.516111478514715,-1.2779170278729652,0.7940067733013462,0.0,2.5,0.5624720979705125
5.516111478514715,-1.2679170278729655,0.7531653227166266,0.0,2.5,0.5540787950169817
5.516111478514715,-1.2579170278729657,0.7271329597106387,0.0,2.5,0.5452965740985064
5.516111478514715,-1.2479170278729659,0.7336390248602667,0.0,2.5,0.5642138914521564
5.516111478514715,-1.237917027872966,0.7209767804388956,0.0,2.5,0.5887938836581357
5.516111478514715,-1.2279170278729663,0.7442726745460991,0.0,2.5,0.6101524311131237
5.516111478514715,-1.2179170278729665,0.6973567800543348,0.0,2.5,0.6175409716670978
5.516111478514715,-1.2079170278729667,0.6841678436324117,0.0,2.5,0.6133004485770395
5.516111478514715,-1.197917027872967,0.6840336618356452,0.0,2.5,0.6117622262947509
5.516111478514715,-1.1879170278729672,0.6804191701775906,0.0,2.5,0.6111869204919167
5.516111478514715,-1.1779170278729674,0.6736084317327414,0.0,2.5,0.6073073514651851
5.516111478514715,-1.1679170278729676,0.6384645374470554,0.0,2.5,0.5744939461752734
5.516111478514715,-1.1579170278729678,0.637744441004157,0.0,2.5,0.5753919854515591
5.516111478514715,-1.147917027872968,0.6322201647144037,0.0,2.5,0.5655569904292725
5.516111478514715,-1.1379170278729682,0.6285251583138434,0.0,2.5,0.561500461667776
5.516111478514715,-1.1279170278729684,0.6751319915063555,0.0,2.5,0.5728964325397977
5.516111478514715,-1.1179170278729686,0.6910394771081921,0.0,2.5,0.5748964325397977
5.516111478514715,-1.1079170278729689,0.7064023766076957,0.0,2.5,0.5788120902865624
5.516111478514715,-1.097917027872969,0.6905356789362638,0.0,2.5,0.5746288291727767
5.516111478514715,-1.0879170278729693,0.6833736756510501,0.0,2.5,0.5675212250243516
5.516111478514715,-1.0779170278729695,0.6784208454118867,0.0,2.5,0.5684474752120499
5.516111478514715,-1.0679170278729697,0.6698048879916001,0.0,2.5,0.5594215188955005
5.516111478514715,-1.05791702787297,0.6361707368488502,0.0,2.5,0.5300732637388299
5.516111478514715,-1.0479170278729701,0.6252914965593356,0.0,2.5,0.5218654436057154
5.516111478514715,-1.0379170278729704,0.6502741334447402,0.0,2.5,0.5481653045560828
5.516111478514715,-1.0279170278729706,0.5946484288420297,0.0,2.5,0.5413482060368264
5.516111478514715,-1.0179170278729708,0.5670218149505657,0.0,2.5,0.5086326891521558
5.516111478514715,-1.007917027872971,0.5730242446567526,0.0,2.5,0.46861220106280643
5.516111478514715,-0.9979170278729712,0.5218523858672939,0.0,2.5,0.43145261274485863
5.516111478514715,-0.9879170278729714,0.51870767246141,0.0,2.5,0.4211615011180311
5.516111478514715,-0.9779170278729716,0.5686709171829938,0.0,2.5,0.41527444752436726
5.516111478514715,-0.9679170278729718,0.623871764009416,0.0,2.5,0.43057223303361786
5.516111478514715,-0.9579170278729721,0.6800255124351449,0.0,2.5,0.4459546364262266
5.516111478514715,-0.9479170278729723,0.6799337460957254,0.0,2.5,0.4345311477810193
5.516111478514715,-0.9379170278729725,0.6887132069911153,0.0,2.5,0.4387211078174124
5.516111478514715,-0.9279170278729727,0.6733680869017931,0.0,2.5,0.43593250570221587
5.516111478514715,-0.9179170278729729,0.6667605118630985,0.0,2.5,0.4275579732961665
5.516111478514715,-0.9079170278729731,0.6757090129155016,0.0,2.5,0.43119784063754013
5.516111478514715,-0.8979170278729733,0.7303533110973631,0.0,2.5,0.47023071572531744
5.516111478514715,-0.8879170278729736,0.6849029488126233,0.0,2.5,0.4734013192107978
5.516111478514715,-0.8779170278729738,0.6656216392396083,0.0,2.5,0.47407076939636705
5.516111478514715,-0.867917027872974,0.799755672087073,0.0,2.5,0.5809805883263155
5.516111478514715,-0.8579170278729742,0.8438309720471028,0.0,2.5,0.6298139030472171
5.516111478514715,-0.8479170278729744,0.707189541903206,0.0,2.5,0.541535040080851
5.516111478514715,-0.8379170278729746,0.6950884967113008,0.0,2.5,0.5312647927177498
5.516111478514715,-0.8279170278729748,0.6712335418595999,0.0,2.5,0.5096920805461967
5.516111478514715,-0.817917027872975,0.6060298068835872,0.0,2.5,0.47951632613895767
5.516111478514715,-0.8079170278729753,0.6064328702438515,0.0,2.5,0.4754601574454759
5.516111478514715,-0.7979170278729755,0.5875402330058975,0.0,2.5,0.47433942385372263
5.516111478514715,-0.7879170278729757,0.6050151722748027,0.0,2.5,0.5111873971734352
5.516111478514715,-0.7779170278729759,0.60010376051928,0.0,2.5,0.5740348287322956
5.516111478514715,-0.7679170278729761,0.6026505988274056,0.0,2.5,0.608271035471981
5.516111478514715,-0.7579170278729763,0.5514617743155832,0.0,2.5,0.5938683150900711
5.516111478514715,-0.7479170278729765,0.5069049839596457,0.0,2.5,0.5684947272454731
5.516111478514715,-0.7379170278729767,0.5311189489012381,0.0,2.5,0.6099991909084428
5.516111478514715,-0.727917027872977,0.4366152623972814,0.0,2.5,0.5459188520822379
5.516111478514715,-0.7179170278729772,0.4597117034387641,0.0,2.5,0.5511804957550901
5.516111478514715,-0.7079170278729774,0.4466672949521235,0.0,2.5,0.5111745669220751
5.516111478514715,-0.6979170278729776,0.404067721074255,0.0,2.5,0.49686481868272514
5.516111478514715,-0.6879170278729778,0.4224436701530689,0.0,2.5,0.48111375690384334
5.516111478514715,-0.677917027872978,0.41431537284281,0.0,2.5,0.4975797258838891
5.516111478514715,-0.6679170278729782,0.48990676532773136,0.0,2.5,0.621049726554562
5.516111478514715,-0.6579170278729785,0.5345752191842794,0.0,2.5,0.6799217404072384
5.516111478514715,-0.6479170278729787,0.5324258130177086,0.0,2.5,0.673562714470815
5.516111478514715,-0.6379170278729789,0.49836753277920276,0.0,2.5,0.6278547626509516
5.516111478514715,-0.6279170278729791,0.45080588756327583,0.0,2.5,0.5559566826191868
5.516111478514715,-0.6179170278729793,0.3944888402574689,0.0,2.5,0.4695530779523005
5.516111478514715,-0.6079170278729795,0.3864247403660114,0.0,2.5,0.43692835412315323
5.516111478514715,-0.5979170278729797,0.3615344099022702,0.0,2.5,0.4026398549458218
5.516111478514715,-0.58791702787298,0.3245211814341958,0.0,2.5,0.35446132299834315
5.516111478514715,-0.5779170278729802,0.3167673475997828,0.0,2.5,0.3407762603758974
5.516111478514715,-0.5679170278729804,0.28222421221286764,0.0,2.5,0.3072245523408009
5.516111478514715,-0.5579170278729806,0.27479048363241776,0.0,2.5,0.304535910989054
5.516111478514715,-0.5479170278729808,0.28835488191370345,0.0,2.5,0.32457224662315315
5.516111478514715,-0.537917027872981,0.28243373912303,0.0,2.5,0.3255924179421867
5.516111478514715,-0.5279170278729812,0.27589675130272806,0.0,2.5,0.3289407097785377
5.516111478514715,-0.5179170278729814,0.2665769523669959,0.0,2.5,0.32505354291956623
5.516111478514715,-0.5079170278729817,0.27842520981249175,0.0,2.5,0.3446975901260244
5.516111478514715,-0.49791702787298187,0.29224386763764887,0.0,2.5,0.36640879488230715
5.516111478514715,-0.4879170278729821,0.2685442062731701,0.0,2.5,0.334850412859315
5.516111478514715,-0.4779170278729823,0.27123371596762375,0.0,2.5,0.33168714755319256
5.516111478514715,-0.4679170278729825,0.27673170512720413,0.0,2.5,0.3331876422965445
5.516111478514715,-0.4579170278729827,0.27673170512720413,0.0,2.5,0.3331876422965445
5.516111478514715,-0.44791702787298293,0.27673170512720413,0.0,2.5,0.3331876422965445
5.516111478514715,-0.43791702787298314,0.27673170512720413,0.0,2.5,0.3331876422965445
5.516111478514715,-0.42791702787298336,0.27673170512720413,0.0,2.5,0.3331876422965445
5.516111478514715,-0.41791702787298357,0.27673170512720413,0.0,2.5,0.3331876422965445
5.516111478514715,-0.4079170278729838,0.27673170512720413,0.0,2.5,0.3331876422965445
5.516111478514715,-0.397917027872984,0.28507786173786454,0.0,2.5,0.3450538142198592
5.516111478514715,-0.3879170278729842,0.303892939654993,0.0,2.5,0.3438550773878637
5.526111478514715,-1.6079170278729582,0.7909357676137101,0.0,2.5,0.6241255115100252
5.526111478514715,-1.5979170278729584,0.6816319924580669,0.0,2.5,0.6268547493061651
5.526111478514715,-1.5879170278729586,0.6690288336110283,0.0,2.5,0.6252834321871138
5.526111478514715,-1.5779170278729588,0.6594502139663382,0.0,2.5,0.6120373914894373
5.526111478514715,-1.567917027872959,0.6526330361791157,0.0,2.5,0.6226550934105567
5.526111478514715,-1.5579170278729593,0.6445667701666613,0.0,2.5,0.6310853954142536
5.526111478514715,-1.5479170278729595,0.6350860853849217,0.0,2.5,0.6374313865575424
5.526111478514715,-1.5379170278729597,0.7011538864734748,0.0,2.5,0.6685271273472883
5.526111478514715,-1.52791702787296,0.903521301786859,0.0,2.5,0.5842845541611419
5.526111478514715,-1.5179170278729601,0.9459116776327577,0.0,2.5,0.6012216781428446
5.526111478514715,-1.5079170278729603,0.9308134965684443,0.0,2.5,0.601490539598261
5.526111478514715,-1.4979170278729605,0.936940507866738,0.0,2.5,0.6331612142669915
5.526111478514715,-1.4879170278729608,0.8992237039380592,0.0,2.5,0.6576351124743441
5.526111478514715,-1.477917027872961,0.9182908100959466,0.0,2.5,0.6497877420009007
5.526111478514715,-1.4679170278729612,0.8660643839094809,0.0,2.5,0.6536164947946879
5.526111478514715,-1.4579170278729614,0.8859527141670649,0.0,2.5,0.6590557075043227
5.526111478514715,-1.4479170278729616,0.7895227955594046,0.0,2.5,0.6229720016774236
5.526111478514715,-1.4379170278729618,0.8986926225037679,0.0,2.5,0.657202873803469
5.526111478514715,-1.427917027872962,0.8889194904259459,0.0,2.5,0.6524155129038424
5.526111478514715,-1.4179170278729623,0.9495404110187154,0.0,2.5,0.6528936626692508
5.526111478514715,-1.4079170278729625,0.9414805959948337,0.0,2.5,0.6863320185877541
5.526111478514715,-1.3979170278729627,0.9231121736090953,0.0,2.5,0.6797243305743601
5.526111478514715,-1.387917027872963,0.9552511169736121,0.0,2.5,0.6500443833660756
5.526111478514715,-1.377917027872963,0.9478495782013178,0.0,2.5,0.6329644183824381
5.526111478514715,-1.3679170278729633,0.9091677018668105,0.0,2.5,0.6049663507378437
5.526111478514715,-1.3579170278729635,0.8459209618596191,0.0,2.5,0.5555795552644455
5.526111478514715,-1.3479170278729637,0.8428590264391443,0.0,2.5,0.5512164834041585
5.526111478514715,-1.337917027872964,0.8785607750100242,0.0,2.5,0.5640136318095818
5.526111478514715,-1.3279170278729642,0.8917208722513946,0.0,2.5,0.569383456758195
5.526111478514715,-1.3179170278729644,0.8100182406013192,0.0,2.5,0.5277598822497026
5.526111478514715,-1.3079170278729646,0.8642282034370482,0.0,2.5,0.5478047598424487
5.526111478514715,-1.2979170278729648,0.8171047535729137,0.0,2.5,0.5318800637121653
5.526111478514715,-1.287917027872965,0.850910760469999,0.0,2.5,0.5633105782196537
5.526111478514715,-1.2779170278729652,0.7784696376106358,0.0,2.5,0.5514872193701866
5.526111478514715,-1.2679170278729655,0.7493391845431899,0.0,2.5,0.5592710668966036
5.526111478514715,-1.2579170278729657,0.7546025905552068,0.0,2.5,0.5676529979596835
5.526111478514715,-1.2479170278729659,0.7302536339837377,0.0,2.5,0.5633414705639731
5.526111478514715,-1.237917027872966,0.7291201136034573,0.0,2.5,0.5972291140839734
5.526111478514715,-1.2279170278729663,0.736479320938244,0.0,2.5,0.6097439054113023
5.526111478514715,-1.2179170278729665,0.736431252421782,0.0,2.5,0.6093848104218338
5.526111478514715,-1.2079170278729667,0.7377959292863967,0.0,2.5,0.6110729006112404
5.526111478514715,-1.197917027872967,0.7230527948495564,0.0,2.5,0.6036099588656866
5.526111478514715,-1.1879170278729672,0.719964628528791,0.0,2.5,0.598578641673655
5.526111478514715,-1.1779170278729674,0.7182401105055322,0.0,2.5,0.5964884116628236
5.526111478514715,-1.1679170278729676,0.6764991561637935,0.0,2.5,0.5627584543916504
5.526111478514715,-1.1579170278729678,0.6900849216018714,0.0,2.5,0.5683406178874474
5.526111478514715,-1.147917027872968,0.6880943940881522,0.0,2.5,0.5655700750628776
5.526111478514715,-1.1379170278729682,0.6986530762062892,0.0,2.5,0.5702034083962109
5.526111478514715,-1.1279170278729684,0.7360744020104321,0.0,2.5,0.5767844156062509
5.526111478514715,-1.1179170278729686,0.7248311331985269,0.0,2.5,0.5541632337249135
5.526111478514715,-1.1079170278729689,0.7423326320681598,0.0,2.5,0.567123097670492
5.526111478514715,-1.097917027872969,0.7312273471470081,0.0,2.5,0.565660622660978
5.526111478514715,-1.0879170278729693,0.727185823567526,0.0,2.5,0.5566117406269705
5.526111478514715,-1.0779170278729695,0.7354442824564653,0.0,2.5,0.5531136926624206
5.526111478514715,-1.0679170278729697,0.7468823775409351,0.0,2.5,0.5611582937007901
5.526111478514715,-1.05791702787297,0.7452544346392401,0.0,2.5,0.5602705522329409
5.526111478514715,-1.0479170278729701,0.7180018091147793,0.0,2.5,0.538476597105615
5.526111478514715,-1.0379170278729704,0.6933590144538059,0.0,2.5,0.5177631729549591
5.526111478514715,-1.0279170278729706,0.7078306753100184,0.0,2.5,0.5345288009038534
5.526111478514715,-1.0179170278729708,0.6617729019332356,0.0,2.5,0.5290130488185621
5.526111478514715,-1.007917027872971,0.6386257675408437,0.0,2.5,0.5017894356829337
5.526111478514715,-0.9979170278729712,0.6414547451319453,0.0,2.5,0.4721865083794591
5.526111478514715,-0.9879170278729714,0.6029132222145127,0.0,2.5,0.4398721187000108
5.526111478514715,-0.9779170278729716,0.5975299909225953,0.0,2.5,0.42358427140560584
5.526111478514715,-0.9679170278729718,0.6098400327194958,0.0,2.5,0.4194433570022219
5.526111478514715,-0.9579170278729721,0.7117047670387424,0.0,2.5,0.44908248274693185
5.526111478514715,-0.9479170278729723,0.7053416773403235,0.0,2.5,0.4408273947289962
5.526111478514715,-0.9379170278729725,0.7163637269456832,0.0,2.5,0.4468696981525424
5.526111478514715,-0.9279170278729727,0.6851627689678812,0.0,2.5,0.43870984934883794
5.526111478514715,-0.9179170278729729,0.6736297192857297,0.0,2.5,0.4292345074789202
5.526111478514715,-0.9079170278729731,0.6838801072727047,0.0,2.5,0.4339514510081901
5.526111478514715,-0.8979170278729733,0.7337537110467314,0.0,2.5,0.47582394830909563
5.526111478514715,-0.8879170278729736,0.6778828549444523,0.0,2.5,0.4716545689948673
5.526111478514715,-0.8779170278729738,0.6889545169910846,0.0,2.5,0.4920575334340158
5.526111478514715,-0.867917027872974,0.765794997722508,0.0,2.5,0.5669809052987879
5.526111478514715,-0.8579170278729742,0.7857792820702687,0.0,2.5,0.5832002969449743
5.526111478514715,-0.8479170278729744,0.7340041011005468,0.0,2.5,0.5689963143714594
5.526111478514715,-0.8379170278729746,0.6939526657182317,0.0,2.5,0.5558313460228562
5.526111478514715,-0.8279170278729748,0.7090047399074476,0.0,2.5,0.5802890087226135
5.526111478514715,-0.817917027872975,0.6651700874064698,0.0,2.5,0.5626223916238478
5.526111478514715,-0.8079170278729753,0.6897310019496665,0.0,2.5,0.5741504745316401
5.526111478514715,-0.7979170278729755,0.6777335235298749,0.0,2.5,0.5715806716333061
5.526111478514715,-0.7879170278729757,0.697940763500521,0.0,2.5,0.6049794570803911
5.526111478514715,-0.7779170278729759,0.6346277067838718,0.0,2.5,0.6135432413561757
5.526111478514715,-0.7679170278729761,0.6709152062770053,0.0,2.5,0.6704951251607074
5.526111478514715,-0.7579170278729763,0.636437876386643,0.0,2.5,0.6564716105721485
5.526111478514715,-0.7479170278729765,0.5467461062673553,0.0,2.5,0.6016912745276808
5.526111478514715,-0.7379170278729767,0.4893901146816807,0.0,2.5,0.5513544212210594
5.526111478514715,-0.727917027872977,0.4901719352965549,0.0,2.5,0.5659000567207524
5.526111478514715,-0.7179170278729772,0.4404572037264391,0.0,2.5,0.5453117241837803
5.526111478514715,-0.7079170278729774,0.448261895854506,0.0,2.5,0.5268152237580401
5.526111478514715,-0.6979170278729776,0.3911907429191278,0.0,2.5,0.4931550282762936
5.526111478514715,-0.6879170278729778,0.350831036169987,0.0,2.5,0.4780569447031216
5.526111478514715,-0.677917027872978,0.35990557201047885,0.0,2.5,0.4903409190636612
5.526111478514715,-0.6679170278729782,0.42953132931383164,0.0,2.5,0.5364534303072352
5.526111478514715,-0.6579170278729785,0.4429817509806077,0.0,2.5,0.5267632370662004
5.526111478514715,-0.6479170278729787,0.43358372750438007,0.0,2.5,0.5130326331877145
5.526111478514715,-0.6379170278729789,0.4266806341060382,0.0,2.5,0.5188609985456153
5.526111478514715,-0.6279170278729791,0.41722672613472267,0.0,2.5,0.5165579018893763
5.526111478514715,-0.6179170278729793,0.41496573072355686,0.0,2.5,0.5148725835441584
5.526111478514715,-0.6079170278729795,0.4095323900613642,0.0,2.5,0.49432045249809226
5.526111478514715,-0.5979170278729797,0.408231247990009,0.0,2.5,0.4899400371099013
5.526111478514715,-0.58791702787298,0.37867833438904996,0.0,2.5,0.44259992516886365
5.526111478514715,-0.5779170278729802,0.3776734551787398,0.0,2.5,0.4376238239244876
5.526111478514715,-0.5679170278729804,0.3559285698941502,0.0,2.5,0.3856586460344835
5.526111478514715,-0.5579170278729806,0.30560796777815585,0.0,2.5,0.3258276740645466
5.526111478514715,-0.5479170278729808,0.2860844013816283,0.0,2.5,0.3107483053219069
5.526111478514715,-0.537917027872981,0.3069782300625049,0.0,2.5,0.3346826181297151
5.526111478514715,-0.5279170278729812,0.29266323937672706,0.0,2.5,0.3312762956281555
5.526111478514715,-0.5179170278729814,0.31778872629160115,0.0,2.5,0.36890917684719765
5.526111478514715,-0.5079170278729817,0.2917180696786678,0.0,2.5,0.36442213354572117
5.526111478514715,-0.49791702787298187,0.300352454565838,0.0,2.5,0.38691056900905885
5.526111478514715,-0.4879170278729821,0.2687321899181273,0.0,2.5,0.33508191646881985
5.526111478514715,-0.4779170278729823,0.2697900593848125,0.0,2.5,0.33168714755319256
5.526111478514715,-0.4679170278729825,0.27345968615839705,0.0,2.5,0.3331876422965445
5.526111478514715,-0.4579170278729827,0.27673170512720413,0.0,2.5,0.3331876422965445
5.526111478514715,-0.44791702787298293,0.27673170512720413,0.0,2.5,0.3331876422965445
5.526111478514715,-0.43791702787298314,0.27673170512720413,0.0,2.5,0.3331876422965445
5.526111478514715,-0.42791702787298336,0.27673170512720413,0.0,2.5,0.3331876422965445
5.526111478514715,-0.41791702787298357,0.27673170512720413,0.0,2.5,0.3331876422965445
5.526111478514715,-0.4079170278729838,0.27673170512720413,0.0,2.5,0.3331876422965445
5.526111478514715,-0.397917027872984,0.28507786173786454,0.0,2.5,0.3450538142198592
5.526111478514715,-0.3879170278729842,0.3055176536903614,0.0,2.5,0.345550244674109
5.536111478514715,-1.5979170278729584,0.8443459798570055,0.0,2.5,0.6483719110668452
5.536111478514715,-1.5879170278729586,0.7708376304510224,0.0,2.5,0.6220623725020844
5.536111478514715,-1.5779170278729588,0.6811033028573462,0.0,2.5,0.6263621434235976
5.536111478514715,-1.567917027872959,0.6286447624140837,0.0,2.5,0.6033906519747745
5.536111478514715,-1.5579170278729593,0.6322152714829041,0.0,2.5,0.602945243134137
5.536111478514715,-1.5479170278729595,0.6441887598629689,0.0,2.5,0.6262533217824042
5.536111478514715,-1.5379170278729597,0.8208170010650059,0.0,2.5,0.6800378678533291
5.536111478514715,-1.52791702787296,0.9150510265464421,0.0,2.5,0.6065902681584612
5.536111478514715,-1.5179170278729601,0.9336591294897293,0.0,2.5,0.5985717540005256
5.536111478514715,-1.5079170278729603,0.9366378343125811,0.0,2.5,0.6263823510650408
5.536111478514715,-1.4979170278729605,0.9275848182998697,0.0,2.5,0.6572619382864218
5.536111478514715,-1.4879170278729608,0.87783739290911,0.0,2.5,0.6463297991308897
5.536111478514715,-1.477917027872961,0.9166685195810681,0.0,2.5,0.6492309394806776
5.536111478514715,-1.4679170278729612,0.8739590380023284,0.0,2.5,0.6640669194556507
5.536111478514715,-1.4579170278729614,0.8362217852517869,0.0,2.5,0.6372918358872655
5.536111478514715,-1.4479170278729616,0.7935752828046129,0.0,2.5,0.6230478567505541
5.536111478514715,-1.4379170278729618,0.8879691600800408,0.0,2.5,0.6536562515720054
5.536111478514715,-1.427917027872962,0.8938254453805464,0.0,2.5,0.6549520734732053
5.536111478514715,-1.4179170278729623,0.9281448473611706,0.0,2.5,0.6689919515611531
5.536111478514715,-1.4079170278729625,0.9492501294113778,0.0,2.5,0.6889908127920722
5.536111478514715,-1.3979170278729627,0.9300981774782443,0.0,2.5,0.6819089797550415
5.536111478514715,-1.387917027872963,0.9583364591685298,0.0,2.5,0.6631930278705466
5.536111478514715,-1.377917027872963,0.9525901633854494,0.0,2.5,0.6341601123715433
5.536111478514715,-1.3679170278729633,0.9157442123106313,0.0,2.5,0.607475501747273
5.536111478514715,-1.3579170278729635,0.841400247305155,0.0,2.5,0.555966553751251
5.536111478514715,-1.3479170278729637,0.833849985291075,0.0,2.5,0.5482225381258848
5.536111478514715,-1.337917027872964,0.8643929877895677,0.0,2.5,0.5565128923009042
5.536111478514715,-1.3279170278729642,0.8999727215048101,0.0,2.5,0.5739513326145775
5.536111478514715,-1.3179170278729644,0.8271979339932742,0.0,2.5,0.5388540256267289
5.536111478514715,-1.3079170278729646,0.863494389840778,0.0,2.5,0.5500958714692762
5.536111478514715,-1.2979170278729648,0.8322733824035057,0.0,2.5,0.5428663590577937
5.536111478514715,-1.287917027872965,0.831330833117574,0.0,2.5,0.5517601220283986
5.536111478514715,-1.2779170278729652,0.7786492216587696,0.0,2.5,0.5440455558336064
5.536111478514715,-1.2679170278729655,0.7457019409428731,0.0,2.5,0.5652290952525652
5.536111478514715,-1.2579170278729657,0.7622608210503389,0.0,2.5,0.5773370698176736
5.536111478514715,-1.2479170278729659,0.7249598781717522,0.0,2.5,0.5632468165932366
5.536111478514715,-1.237917027872966,0.7215125182677218,0.0,2.5,0.575274723591367
5.536111478514715,-1.2279170278729663,0.7122873173895617,0.0,2.5,0.574841372159305
5.536111478514715,-1.2179170278729665,0.7047453417343034,0.0,2.5,0.5680140564895718
5.536111478514715,-1.2079170278729667,0.7083766854237484,0.0,2.5,0.5675153361274198
5.536111478514715,-1.197917027872967,0.6924172330448638,0.0,2.5,0.5515931567731517
5.536111478514715,-1.1879170278729672,0.6941747125667307,0.0,2.5,0.5527730128882596
5.536111478514715,-1.1779170278729674,0.6928846330538684,0.0,2.5,0.5503230706472122
5.536111478514715,-1.1679170278729676,0.6595208665538891,0.0,2.5,0.5246636849412034
5.536111478514715,-1.1579170278729678,0.6906087642320135,0.0,2.5,0.5336508038111428
5.536111478514715,-1.147917027872968,0.6937098190850104,0.0,2.5,0.5348982813920005
5.536111478514715,-1.1379170278729682,0.7082729553347408,0.0,2.5,0.5329387454232217
5.536111478514715,-1.1279170278729684,0.7240664180861607,0.0,2.5,0.5253938417837903
5.536111478514715,-1.1179170278729686,0.7424300100928884,0.0,2.5,0.5260608913040957
5.536111478514715,-1.1079170278729689,0.7694245615880142,0.0,2.5,0.5456307195810901
5.536111478514715,-1.097917027872969,0.7414450898917839,0.0,2.5,0.5381566953646783
5.536111478514715,-1.0879170278729693,0.7463298206518331,0.0,2.5,0.5386797024927592
5.536111478514715,-1.0779170278729695,0.7592174976597241,0.0,2.5,0.5450134735741297
5.536111478514715,-1.0679170278729697,0.7744117528262361,0.0,2.5,0.5477309190839698
5.536111478514715,-1.05791702787297,0.7387456546238735,0.0,2.5,0.5352951184606892
5.536111478514715,-1.0479170278729701,0.7383067481800113,0.0,2.5,0.5320870053359698
5.536111478514715,-1.0379170278729704,0.714404639146096,0.0,2.5,0.5132476511474527
5.536111478514715,-1.0279170278729706,0.6930842509185613,0.0,2.5,0.4912076679136807
5.536111478514715,-1.0179170278729708,0.685239334536122,0.0,2.5,0.5188964276278035
5.536111478514715,-1.007917027872971,0.6875029887254361,0.0,2.5,0.5176938217198841
5.536111478514715,-0.9979170278729712,0.7080589309666786,0.0,2.5,0.48739204671992753
5.536111478514715,-0.9879170278729714,0.6848550995057816,0.0,2.5,0.4752253838898075
5.536111478514715,-0.9779170278729716,0.6500832162041456,0.0,2.5,0.44588770623289536
5.536111478514715,-0.9679170278729718,0.668692571300139,0.0,2.5,0.4424196463095888
5.536111478514715,-0.9579170278729721,0.7119952406860274,0.0,2.5,0.44843341721300395
5.536111478514715,-0.9479170278729723,0.7164834577575819,0.0,2.5,0.44654219713009036
5.536111478514715,-0.9379170278729725,0.7168889208681103,0.0,2.5,0.4480266036464534
5.536111478514715,-0.9279170278729727,0.700998468716192,0.0,2.5,0.4400243354580529
5.536111478514715,-0.9179170278729729,0.6918373195982496,0.0,2.5,0.432405743344762
5.536111478514715,-0.9079170278729731,0.7431251828911559,0.0,2.5,0.4638017330329996
5.536111478514715,-0.8979170278729733,0.7674459094652104,0.0,2.5,0.49621744809663143
5.536111478514715,-0.8879170278729736,0.6833211675666857,0.0,2.5,0.4753279947949309
5.536111478514715,-0.8779170278729738,0.7409417811831402,0.0,2.5,0.5330728634364764
5.536111478514715,-0.867917027872974,0.7634708001962193,0.0,2.5,0.5395552482096511
5.536111478514715,-0.8579170278729742,0.7553132984148861,0.0,2.5,0.5459308667402328
5.536111478514715,-0.8479170278729744,0.8015247085325484,0.0,2.5,0.6084379539075476
5.536111478514715,-0.8379170278729746,0.6878715900433673,0.0,2.5,0.5609406928948115
5.536111478514715,-0.8279170278729748,0.6741365153154889,0.0,2.5,0.5693251767271281
5.536111478514715,-0.817917027872975,0.7024944485984347,0.0,2.5,0.6052632590068348
5.536111478514715,-0.8079170278729753,0.6852025799016512,0.0,2.5,0.6400689568479366
5.536111478514715,-0.7979170278729755,0.6845667870922219,0.0,2.5,0.6372048844103189
5.536111478514715,-0.7879170278729757,0.6703701404940047,0.0,2.5,0.6363189151434183
5.536111478514715,-0.7779170278729759,0.6746150423424738,0.0,2.5,0.6459245554367551
5.536111478514715,-0.7679170278729761,0.668388881056684,0.0,2.5,0.6604833554630715
5.536111478514715,-0.7579170278729763,0.6450541745750992,0.0,2.5,0.6564790181097911
5.536111478514715,-0.7479170278729765,0.5719538697691422,0.0,2.5,0.6230910475292055
5.536111478514715,-0.7379170278729767,0.47731927324340906,0.0,2.5,0.5406298016611785
5.536111478514715,-0.727917027872977,0.4801366013251233,0.0,2.5,0.5541918169147182
5.536111478514715,-0.7179170278729772,0.46612842179914304,0.0,2.5,0.5799576716903629
5.536111478514715,-0.7079170278729774,0.4571249185847167,0.0,2.5,0.5363443936892844
5.536111478514715,-0.6979170278729776,0.42118658774367673,0.0,2.5,0.5115187417518419
5.536111478514715,-0.6879170278729778,0.3532183284003827,0.0,2.5,0.4856132860646995
5.536111478514715,-0.677917027872978,0.32435873170810536,0.0,2.5,0.47229007197222883
5.536111478514715,-0.6679170278729782,0.2980433350180803,0.0,2.5,0.451121433517158
5.536111478514715,-0.6579170278729785,0.3146884358481447,0.0,2.5,0.4707782650659109
5.536111478514715,-0.6479170278729787,0.3198927407857655,0.0,2.5,0.46449736953762694
5.536111478514715,-0.6379170278729789,0.3239593858277918,0.0,2.5,0.46459854681881063
5.536111478514715,-0.6279170278729791,0.36874642308201666,0.0,2.5,0.48339608377546883
5.536111478514715,-0.6179170278729793,0.4178470393303162,0.0,2.5,0.4982897817626532
5.536111478514715,-0.6079170278729795,0.3907099022508,0.0,2.5,0.46342636542706783
5.536111478514715,-0.5979170278729797,0.3731358999667442,0.0,2.5,0.4714069213572165
5.536111478514715,-0.58791702787298,0.4130668002444307,0.0,2.5,0.5176725829566087
5.536111478514715,-0.5779170278729802,0.4169711180545279,0.0,2.5,0.5124569975547898
5.536111478514715,-0.5679170278729804,0.4182850176217728,0.0,2.5,0.5042319051606913
5.536111478514715,-0.5579170278729806,0.41584568123141313,0.0,2.5,0.46805179659471674
5.536111478514715,-0.5479170278729808,0.42494333998990913,0.0,2.5,0.45727359282634045
5.536111478514715,-0.537917027872981,0.33925471742136115,0.0,2.5,0.37480737516444357
5.536111478514715,-0.5279170278729812,0.29721562903086635,0.0,2.5,0.3352380095552551
5.536111478514715,-0.5179170278729814,0.3069021755752756,0.0,2.5,0.3611059934336132
5.536111478514715,-0.5079170278729817,0.29556188384843946,0.0,2.5,0.37959008003988326
5.536111478514715,-0.49791702787298187,0.2935232674745903,0.0,2.5,0.3756483058473915
5.536111478514715,-0.4879170278729821,0.26482443898981955,0.0,2.5,0.3335579024968513
5.536111478514715,-0.4779170278729823,0.2723918767566394,0.0,2.5,0.33568714755319257
5.536111478514715,-0.4679170278729825,0.27345968615839705,0.0,2.5,0.3331876422965445
5.536111478514715,-0.4579170278729827,0.27673170512720413,0.0,2.5,0.3331876422965445
5.536111478514715,-0.44791702787298293,0.27673170512720413,0.0,2.5,0.3331876422965445
5.536111478514715,-0.43791702787298314,0.27673170512720413,0.0,2.5,0.3331876422965445
5.536111478514715,-0.42791702787298336,0.27673170512720413,0.0,2.5,0.3331876422965445
5.536111478514715,-0.41791702787298357,0.27673170512720413,0.0,2.5,0.3331876422965445
5.536111478514715,-0.4079170278729838,0.27673170512720413,0.0,2.5,0.3331876422965445
5.536111478514715,-0.397917027872984,0.28523960627404127,0.0,2.5,0.3450538142198592
5.536111478514715,-0.3879170278729842,0.30166653297060975,0.0,2.5,0.3401105688037609
5.546111478514715,-1.5979170278729584,0.8895248180782317,0.0,2.5,0.6608919305563589
5.546111478514715,-1.5879170278729586,0.8152633451443777,0.0,2.5,0.6422573035402478
5.546111478514715,-1.5779170278729588,0.8008125340568665,0.0,2.5,0.6361200666539709
5.546111478514715,-1.567917027872959,0.6489073891528607,0.0,2.5,0.6094429549501243
5.546111478514715,-1.5579170278729593,0.6442062927204052,0.0,2.5,0.6082514018565716
5.546111478514715,-1.5479170278729595,0.6260876941877453,0.0,2.5,0.6003971594960302
5.546111478514715,-1.5379170278729597,0.6909485716600202,0.0,2.5,0.6534106172602367
5.546111478514715,-1.52791702787296,0.8155648842590125,0.0,2.5,0.6704456528072372
5.546111478514715,-1.5179170278729601,0.887559628827145,0.0,2.5,0.6392947006514778
5.546111478514715,-1.5079170278729603,0.9142051203426197,0.0,2.5,0.6458343653433868
5.546111478514715,-1.4979170278729605,0.88178910995233,0.0,2.5,0.6472193654592511
5.546111478514715,-1.4879170278729608,0.8854386333724912,0.0,2.5,0.6428963865025458
5.546111478514715,-1.477917027872961,0.885544327687315,0.0,2.5,0.6693246006512229
5.546111478514715,-1.4679170278729612,0.8735536394565889,0.0,2.5,0.6572942624068651
5.546111478514715,-1.4579170278729614,0.8666060456645089,0.0,2.5,0.638733479092473
5.546111478514715,-1.4479170278729616,0.8151560604511363,0.0,2.5,0.6559947532373355
5.546111478514715,-1.4379170278729618,0.8357214874416633,0.0,2.5,0.6595605988081108
5.546111478514715,-1.427917027872962,0.9261693499076816,0.0,2.5,0.6781512716232064
5.546111478514715,-1.4179170278729623,0.9255465185607252,0.0,2.5,0.6837104808801331
5.546111478514715,-1.4079170278729625,0.9304334324886238,0.0,2.5,0.6788489313605087
5.546111478514715,-1.3979170278729627,0.9194256226737609,0.0,2.5,0.6786115594310805
5.546111478514715,-1.387917027872963,0.9603930706796557,0.0,2.5,0.6644416591415357
5.546111478514715,-1.377917027872963,0.950820561300659,0.0,2.5,0.6356795267863584
5.546111478514715,-1.3679170278729633,0.8992740519136027,0.0,2.5,0.6033563126614641
5.546111478514715,-1.3579170278729635,0.8638259880366986,0.0,2.5,0.5730862640602786
5.546111478514715,-1.3479170278729637,0.8328659148408678,0.0,2.5,0.5499837352983876
5.546111478514715,-1.337917027872964,0.8628878105982226,0.0,2.5,0.5570205766379887
5.546111478514715,-1.3279170278729642,0.8826894447280896,0.0,2.5,0.5635256870343084
5.546111478514715,-1.3179170278729644,0.8509462341360068,0.0,2.5,0.5477537416028351
5.546111478514715,-1.3079170278729646,0.8750579269523304,0.0,2.5,0.5550369072384227
5.546111478514715,-1.2979170278729648,0.8268341771088695,0.0,2.5,0.5395689775529607
5.546111478514715,-1.287917027872965,0.8305865716909324,0.0,2.5,0.5498117734491308
5.546111478514715,-1.2779170278729652,0.7718447235548039,0.0,2.5,0.5429648000037739
5.546111478514715,-1.2679170278729655,0.7527193999757497,0.0,2.5,0.572735481979918
5.546111478514715,-1.2579170278729657,0.7566143289626949,0.0,2.5,0.5781572137025658
5.546111478514715,-1.2479170278729659,0.7129909320739669,0.0,2.5,0.54465939170697
5.546111478514715,-1.237917027872966,0.7238009043790268,0.0,2.5,0.554598771492714
5.546111478514715,-1.2279170278729663,0.7212591247609551,0.0,2.5,0.5511996631622544
5.546111478514715,-1.2179170278729665,0.7122545408773744,0.0,2.5,0.5431347030303745
5.546111478514715,-1.2079170278729667,0.7046983920303939,0.0,2.5,0.5429270942950499
5.546111478514715,-1.197917027872967,0.6981350582794197,0.0,2.5,0.5386836314361122
5.546111478514715,-1.1879170278729672,0.70507156723702,0.0,2.5,0.5373318527799857
5.546111478514715,-1.1779170278729674,0.6875043913833421,0.0,2.5,0.5235038355943138
5.546111478514715,-1.1679170278729676,0.6655201795357815,0.0,2.5,0.5022380383634197
5.546111478514715,-1.1579170278729678,0.6720669498034634,0.0,2.5,0.5065457407992329
5.546111478514715,-1.147917027872968,0.6746817078066776,0.0,2.5,0.5046024962338617
5.546111478514715,-1.1379170278729682,0.693378981007004,0.0,2.5,0.508311591542613
5.546111478514715,-1.1279170278729684,0.7226932337125002,0.0,2.5,0.5091973583330022
5.546111478514715,-1.1179170278729686,0.7344659060077072,0.0,2.5,0.5116567991179831
5.546111478514715,-1.1079170278729689,0.7200330536420784,0.0,2.5,0.5057637265107013
5.546111478514715,-1.097917027872969,0.7516954376704087,0.0,2.5,0.5245598074890396
5.546111478514715,-1.0879170278729693,0.7444246330035401,0.0,2.5,0.5230943146729431
5.546111478514715,-1.0779170278729695,0.7281671096743805,0.0,2.5,0.5135664167003958
5.546111478514715,-1.0679170278729697,0.7547301045649562,0.0,2.5,0.5284331195645199
5.546111478514715,-1.05791702787297,0.7699226731292818,0.0,2.5,0.5304204716347175
5.546111478514715,-1.0479170278729701,0.7613711048194728,0.0,2.5,0.5245760261697187
5.546111478514715,-1.0379170278729704,0.7606279726811661,0.0,2.5,0.5141943071727006
5.546111478514715,-1.0279170278729706,0.7415338505505842,0.0,2.5,0.49975208600318993
5.546111478514715,-1.0179170278729708,0.7197320420111035,0.0,2.5,0.48354872620856515
5.546111478514715,-1.007917027872971,0.7193659226447701,0.0,2.5,0.5050059510955499
5.546111478514715,-0.9979170278729712,0.7359204869330171,0.0,2.5,0.5125045928409582
5.546111478514715,-0.9879170278729714,0.7773285566366411,0.0,2.5,0.49161201505528507
5.546111478514715,-0.9779170278729716,0.7416001527442918,0.0,2.5,0.47511706407769627
5.546111478514715,-0.9679170278729718,0.7045997604629511,0.0,2.5,0.443540466795628
5.546111478514715,-0.9579170278729721,0.7129110416847991,0.0,2.5,0.4459872290006206
5.546111478514715,-0.9479170278729723,0.7325276255185323,0.0,2.5,0.45501644982850953
5.546111478514715,-0.9379170278729725,0.7228581598042307,0.0,2.5,0.45055445438672903
5.546111478514715,-0.9279170278729727,0.718313187381301,0.0,2.5,0.4457112122575698
5.546111478514715,-0.9179170278729729,0.7343642685571345,0.0,2.5,0.46180925771643266
5.546111478514715,-0.9079170278729731,0.7676133810175845,0.0,2.5,0.478626816666999
5.546111478514715,-0.8979170278729733,0.7884509900481029,0.0,2.5,0.5041055273297921
5.546111478514715,-0.8879170278729736,0.6975391151876017,0.0,2.5,0.4765265123442899
5.546111478514715,-0.8779170278729738,0.7620391245654027,0.0,2.5,0.5247661454321574
5.546111478514715,-0.867917027872974,0.7461584379494851,0.0,2.5,0.5195817461078033
5.546111478514715,-0.8579170278729742,0.7591679575841375,0.0,2.5,0.5461171190302191
5.546111478514715,-0.8479170278729744,0.7656484539380064,0.0,2.5,0.5961717785015934
5.546111478514715,-0.8379170278729746,0.7740913518986906,0.0,2.5,0.6262396507870214
5.546111478514715,-0.8279170278729748,0.6512346834101064,0.0,2.5,0.5527467924030389
5.546111478514715,-0.817917027872975,0.6706361130400706,0.0,2.5,0.5808691295375525
5.546111478514715,-0.8079170278729753,0.6994283937892111,0.0,2.5,0.6430082898186378
5.546111478514715,-0.7979170278729755,0.648797575069288,0.0,2.5,0.6357799461429434
5.546111478514715,-0.7879170278729757,0.679082618287071,0.0,2.5,0.6531176263614028
5.546111478514715,-0.7779170278729759,0.6705531366556835,0.0,2.5,0.6518223961222596
5.546111478514715,-0.7679170278729761,0.6959831299946794,0.0,2.5,0.6696288877985908
5.546111478514715,-0.7579170278729763,0.6517881457452096,0.0,2.5,0.6605816735383903
5.546111478514715,-0.7479170278729765,0.6357961413300618,0.0,2.5,0.6576278662850978
5.546111478514715,-0.7379170278729767,0.5221633291258674,0.0,2.5,0.5811095127982323
5.546111478514715,-0.727917027872977,0.47906444370297396,0.0,2.5,0.5417013141685841
5.546111478514715,-0.7179170278729772,0.48879500279678206,0.0,2.5,0.5754715700121459
5.546111478514715,-0.7079170278729774,0.4416771363884819,0.0,2.5,0.5326635631132164
5.546111478514715,-0.6979170278729776,0.44503434070343223,0.0,2.5,0.5229274232328474
5.546111478514715,-0.6879170278729778,0.37393908018307775,0.0,2.5,0.4971915833541716
5.546111478514715,-0.677917027872978,0.2748415106162697,0.0,2.5,0.41304396533048987
5.546111478514715,-0.6679170278729782,0.24914589502853068,0.0,2.5,0.3753473471191215
5.546111478514715,-0.6579170278729785,0.25827034304837154,0.0,2.5,0.38832971727322657
5.546111478514715,-0.6479170278729787,0.2760199118690601,0.0,2.5,0.4087126463547768
5.546111478514715,-0.6379170278729789,0.3370539556132843,0.0,2.5,0.4802318032184962
5.546111478514715,-0.6279170278729791,0.3523143620955561,0.0,2.5,0.4842059656212257
5.546111478514715,-0.6179170278729793,0.36213165230244515,0.0,2.5,0.48897248874857296
5.546111478514715,-0.6079170278729795,0.34906223430949673,0.0,2.5,0.4634328733732327
5.546111478514715,-0.5979170278729797,0.38885718690100596,0.0,2.5,0.47482045421213154
5.546111478514715,-0.58791702787298,0.4074889393158545,0.0,2.5,0.4853305672802061
5.546111478514715,-0.5779170278729802,0.42851926970220794,0.0,2.5,0.4965315741489551
5.546111478514715,-0.5679170278729804,0.40210980335373325,0.0,2.5,0.49010279474241175
5.546111478514715,-0.5579170278729806,0.4143214545723891,0.0,2.5,0.5095085371105266
5.546111478514715,-0.5479170278729808,0.397237925531598,0.0,2.5,0.4794749025082527
5.546111478514715,-0.537917027872981,0.36334300412723464,0.0,2.5,0.42409776347001155
5.546111478514715,-0.5279170278729812,0.3288882376370696,0.0,2.5,0.3926995792462801
5.546111478514715,-0.5179170278729814,0.313774819591483,0.0,2.5,0.3832631205692057
5.546111478514715,-0.5079170278729817,0.2887067248450173,0.0,2.5,0.3663880096361904
5.546111478514715,-0.49791702787298187,0.2948605235512218,0.0,2.5,0.37335092714916795
5.546111478514715,-0.4879170278729821,0.26811350382032234,0.0,2.5,0.3375579024968513
5.546111478514715,-0.4779170278729823,0.2723872476841528,0.0,2.5,0.33568714755319257
5.546111478514715,-0.4679170278729825,0.27345968615839705,0.0,2.5,0.3331876422965445
5.546111478514715,-0.4579170278729827,0.27673170512720413,0.0,2.5,0.3331876422965445
5.546111478514715,-0.44791702787298293,0.27673170512720413,0.0,2.5,0.3331876422965445
5.546111478514715,-0.43791702787298314,0.27673170512720413,0.0,2.5,0.3331876422965445
5.546111478514715,-0.42791702787298336,0.27673170512720413,0.0,2.5,0.3331876422965445
5.546111478514715,-0.41791702787298357,0.27673170512720413,0.0,2.5,0.3331876422965445
5.546111478514715,-0.4079170278729838,0.27673170512720413,0.0,2.5,0.3331876422965445
5.546111478514715,-0.397917027872984,0.2819329961799729,0.0,2.5,0.3410538142198592
5.546111478514715,-0.3879170278729842,0.30145095382926873,0.0,2.5,0.3401105688037609
5.5561114785147145,-1.5879170278729586,0.9927041882796165,0.0,2.5,0.6580595440146494
5.5561114785147145,-1.5779170278729588,0.8468864396010607,0.0,2.5,0.6703506227289183
5.5561114785147145,-1.567917027872959,0.7819346551314642,0.0,2.5,0.639743413586502
5.5561114785147145,-1.5579170278729593,0.7857049525043612,0.0,2.5,0.6357704938091164
5.5561114785147145,-1.5479170278729595,0.6499233749607504,0.0,2.5,0.6094429549501243
5.5561114785147145,-1.5379170278729597,0.6477485014321428,0.0,2.5,0.6126086016261344
5.5561114785147145,-1.52791702787296,0.7719119274138099,0.0,2.5,0.6433233812896451
5.5561114785147145,-1.5179170278729601,0.8706112421100086,0.0,2.5,0.6466345219170206
5.5561114785147145,-1.5079170278729603,0.8715284464066388,0.0,2.5,0.6447611750147351
5.5561114785147145,-1.4979170278729605,0.88246596106683,0.0,2.5,0.6373808661464067
5.5561114785147145,-1.4879170278729608,0.9003087476861926,0.0,2.5,0.6695915620508041
5.5561114785147145,-1.477917027872961,0.9239682144407553,0.0,2.5,0.657524247983103
5.5561114785147145,-1.4679170278729612,0.9077161232077967,0.0,2.5,0.6334085586891253
5.5561114785147145,-1.4579170278729614,0.8826941402966563,0.0,2.5,0.6494178325107868
5.5561114785147145,-1.4479170278729616,0.8030021296106455,0.0,2.5,0.6501638249499763
5.5561114785147145,-1.4379170278729618,0.7941334254359046,0.0,2.5,0.6357903140715756
5.5561114785147145,-1.427917027872962,0.8786965058927333,0.0,2.5,0.6723468654263002
5.5561114785147145,-1.4179170278729623,0.8942464877249784,0.0,2.5,0.6862176377871361
5.5561114785147145,-1.4079170278729625,0.9502715030726416,0.0,2.5,0.6781147949434545
5.5561114785147145,-1.3979170278729627,0.9418211549714327,0.0,2.5,0.6794751778772359
5.5561114785147145,-1.387917027872963,0.9225390513651278,0.0,2.5,0.6639309264852815
5.5561114785147145,-1.377917027872963,0.9541204835487543,0.0,2.5,0.6379731032648296
5.5561114785147145,-1.3679170278729633,0.8906434362370728,0.0,2.5,0.5947681491287331
5.5561114785147145,-1.3579170278729635,0.8639992975988566,0.0,2.5,0.580886046096958
5.5561114785147145,-1.3479170278729637,0.8261594842196898,0.0,2.5,0.5481039167608501
5.5561114785147145,-1.337917027872964,0.8621387419815711,0.0,2.5,0.5569455797680749
5.5561114785147145,-1.3279170278729642,0.8784378989288503,0.0,2.5,0.5594913194737019
5.5561114785147145,-1.3179170278729644,0.8472239724847441,0.0,2.5,0.5450858536939424
5.5561114785147145,-1.3079170278729646,0.8728532081136875,0.0,2.5,0.5526264468797684
5.5561114785147145,-1.2979170278729648,0.8284087710905149,0.0,2.5,0.5401675101291381
5.5561114785147145,-1.287917027872965,0.8242333453030672,0.0,2.5,0.5492478481385838
5.5561114785147145,-1.2779170278729652,0.7526074809062274,0.0,2.5,0.5385060050067471
5.5561114785147145,-1.2679170278729655,0.7594263694993638,0.0,2.5,0.5794653355806688
5.5561114785147145,-1.2579170278729657,0.7493507146949181,0.0,2.5,0.5764162877213947
5.5561114785147145,-1.2479170278729659,0.7429605254071364,0.0,2.5,0.5697419323264756
5.5561114785147145,-1.237917027872966,0.738137266686213,0.0,2.5,0.5641919348408326
5.5561114785147145,-1.2279170278729663,0.7417510519339156,0.0,2.5,0.5625937542657234
5.5561114785147145,-1.2179170278729665,0.7350390165019434,0.0,2.5,0.5580069924813204
5.5561114785147145,-1.2079170278729667,0.7285732947681475,0.0,2.5,0.5577818932222859
5.5561114785147145,-1.197917027872967,0.7330618364517453,0.0,2.5,0.5599719827190505
5.5561114785147145,-1.1879170278729672,0.7258625697848954,0.0,2.5,0.5526369014448106
5.5561114785147145,-1.1779170278729674,0.6933433937428383,0.0,2.5,0.5238023788715466
5.5561114785147145,-1.1679170278729676,0.7010037431061362,0.0,2.5,0.5244786796797317
5.5561114785147145,-1.1579170278729678,0.6701443522438735,0.0,2.5,0.5023068219660151
5.5561114785147145,-1.147917027872968,0.6854224044792522,0.0,2.5,0.5030367358400757
5.5561114785147145,-1.1379170278729682,0.6966120744846631,0.0,2.5,0.5005237582440792
5.5561114785147145,-1.1279170278729684,0.7382060219514854,0.0,2.5,0.5035721007672764
5.5561114785147145,-1.1179170278729686,0.73761966880705,0.0,2.5,0.5012615286094051
5.5561114785147145,-1.1079170278729689,0.7381643247276968,0.0,2.5,0.5045250972836465
5.5561114785147145,-1.097917027872969,0.736411334851088,0.0,2.5,0.5038904489960284
5.5561114785147145,-1.0879170278729693,0.7432249519010197,0.0,2.5,0.5088281802070166
5.5561114785147145,-1.0779170278729695,0.7450062109924186,0.0,2.5,0.5203844190080256
5.5561114785147145,-1.0679170278729697,0.7187392410739608,0.0,2.5,0.5056460978779806
5.5561114785147145,-1.05791702787297,0.7536423009706964,0.0,2.5,0.5199104876558645
5.5561114785147145,-1.0479170278729701,0.7518753252220478,0.0,2.5,0.5175220626197958
5.5561114785147145,-1.0379170278729704,0.7607354276483694,0.0,2.5,0.517417761544527
5.5561114785147145,-1.0279170278729706,0.7601200101028729,0.0,2.5,0.5141370315899806
5.5561114785147145,-1.0179170278729708,0.7487071917005298,0.0,2.5,0.5041107291363555
5.5561114785147145,-1.007917027872971,0.708760450727758,0.0,2.5,0.4741058525024527
5.5561114785147145,-0.9979170278729712,0.7137738142600922,0.0,2.5,0.4981390067930283
5.5561114785147145,-0.9879170278729714,0.7194400976930179,0.0,2.5,0.4952878224445999
5.5561114785147145,-0.9779170278729716,0.7465939397982938,0.0,2.5,0.47668501416462844
5.5561114785147145,-0.9679170278729718,0.74437602614575,0.0,2.5,0.4705047329693514
5.5561114785147145,-0.9579170278729721,0.6957799873614496,0.0,2.5,0.433414011411655
5.5561114785147145,-0.9479170278729723,0.7326599099518273,0.0,2.5,0.4561331561554003
5.5561114785147145,-0.9379170278729725,0.7194609969623637,0.0,2.5,0.4477985680040768
5.5561114785147145,-0.9279170278729727,0.7538787638093291,0.0,2.5,0.46645555912712994
5.5561114785147145,-0.9179170278729729,0.7589773609304543,0.0,2.5,0.47392256805782423
5.5561114785147145,-0.9079170278729731,0.793067165639613,0.0,2.5,0.5014756145847621
5.5561114785147145,-0.8979170278729733,0.7561218106093788,0.0,2.5,0.5025823673731679
5.5561114785147145,-0.8879170278729736,0.7235007726939043,0.0,2.5,0.4975977136767133
5.5561114785147145,-0.8779170278729738,0.7408790876745128,0.0,2.5,0.505244812145048
5.5561114785147145,-0.867917027872974,0.6945685919821455,0.0,2.5,0.48847875512969074
5.5561114785147145,-0.8579170278729742,0.737534206660847,0.0,2.5,0.5230869781478129
5.5561114785147145,-0.8479170278729744,0.7612185479091141,0.0,2.5,0.5655178310066274
5.5561114785147145,-0.8379170278729746,0.7822723030151046,0.0,2.5,0.6269086952619186
5.5561114785147145,-0.8279170278729748,0.6849102641633972,0.0,2.5,0.58030290046152
5.5561114785147145,-0.817917027872975,0.639782187534494,0.0,2.5,0.569796995676501
5.5561114785147145,-0.8079170278729753,0.642100703770676,0.0,2.5,0.5888204558147115
5.5561114785147145,-0.7979170278729755,0.6973313024109026,0.0,2.5,0.6482630251297345
5.5561114785147145,-0.7879170278729757,0.6582180619848197,0.0,2.5,0.6546771151991421
5.5561114785147145,-0.7779170278729759,0.7079754078596152,0.0,2.5,0.6766972091977376
5.5561114785147145,-0.7679170278729761,0.716367683636435,0.0,2.5,0.6890572836948881
5.5561114785147145,-0.7579170278729763,0.643595992359466,0.0,2.5,0.6506980286022725
5.5561114785147145,-0.7479170278729765,0.6330738740816158,0.0,2.5,0.6484553778208854
5.5561114785147145,-0.7379170278729767,0.5771722660257874,0.0,2.5,0.5951962858888834
5.5561114785147145,-0.727917027872977,0.541909182635111,0.0,2.5,0.5913485529563253
5.5561114785147145,-0.7179170278729772,0.5184098691084499,0.0,2.5,0.580526536656419
5.5561114785147145,-0.7079170278729774,0.46931162930898923,0.0,2.5,0.5028932145790618
5.5561114785147145,-0.6979170278729776,0.4151564215151115,0.0,2.5,0.49337594291633174
5.5561114785147145,-0.6879170278729778,0.34152591420466655,0.0,2.5,0.46566648819171175
5.5561114785147145,-0.677917027872978,0.26299549619477836,0.0,2.5,0.38238303226698617
5.5561114785147145,-0.6679170278729782,0.25108411637770317,0.0,2.5,0.38036864817436217
5.5561114785147145,-0.6579170278729785,0.2762798385108007,0.0,2.5,0.40097662173535387
5.5561114785147145,-0.6479170278729787,0.26786363257609624,0.0,2.5,0.39139767189823277
5.5561114785147145,-0.6379170278729789,0.2676529862830461,0.0,2.5,0.3898044487909385
5.5561114785147145,-0.6279170278729791,0.29403426208233635,0.0,2.5,0.42256242926280513
5.5561114785147145,-0.6179170278729793,0.32226546427453234,0.0,2.5,0.45911486934897866
5.5561114785147145,-0.6079170278729795,0.3561426698997967,0.0,2.5,0.48789090241106453
5.5561114785147145,-0.5979170278729797,0.3703626203021628,0.0,2.5,0.4912409782687457
5.5561114785147145,-0.58791702787298,0.4033051010372384,0.0,2.5,0.4823764441855607
5.5561114785147145,-0.5779170278729802,0.39343768487975156,0.0,2.5,0.46552488278650384
5.5561114785147145,-0.5679170278729804,0.39005666948103146,0.0,2.5,0.4674467720485378
5.5561114785147145,-0.5579170278729806,0.3926179147934176,0.0,2.5,0.49476375868239897
5.5561114785147145,-0.5479170278729808,0.3836931869635917,0.0,2.5,0.49727961180757196
5.5561114785147145,-0.537917027872981,0.3527987847239873,0.0,2.5,0.4805486214166135
5.5561114785147145,-0.5279170278729812,0.3162763500910096,0.0,2.5,0.41293131357516194
5.5561114785147145,-0.5179170278729814,0.2947320529673086,0.0,2.5,0.37184966490622384
5.5561114785147145,-0.5079170278729817,0.26566844817204655,0.0,2.5,0.3267910682518347
5.5561114785147145,-0.49791702787298187,0.2976519711550278,0.0,2.5,0.39706479373216824
5.5561114785147145,-0.4879170278729821,0.32551357506338235,0.0,2.5,0.4853603758085131
5.5561114785147145,-0.4779170278729823,0.3072719814852716,0.0,2.5,0.45806215798362676
5.5561114785147145,-0.4679170278729825,0.29956070722293404,0.0,2.5,0.44564092582443054
5.5561114785147145,-0.4579170278729827,0.3431650471494314,0.0,2.5,0.48775922596975996
5.5561114785147145,-0.44791702787298293,0.24095173318105836,0.0,2.5,0.336414911074481
5.5561114785147145,-0.43791702787298314,0.2673927142141544,0.0,2.5,0.332850412859315
5.5561114785147145,-0.42791702787298336,0.27444631687345705,0.0,2.5,0.33518764229654446
5.5561114785147145,-0.41791702787298357,0.27673170512720413,0.0,2.5,0.3331876422965445
5.5561114785147145,-0.4079170278729838,0.27673170512720413,0.0,2.5,0.3331876422965445
5.5561114785147145,-0.397917027872984,0.27994812112076245,0.0,2.5,0.33875771032375535
5.5561114785147145,-0.3879170278729842,0.2987437678320301,0.0,2.5,0.33469421680987194
5.566111478514714,-1.5979170278729584,0.9781925319634562,0.0,2.5,0.6396811301487972
5.566111478514714,-1.5879170278729586,0.9432913506344317,0.0,2.5,0.6598636663583106
5.566111478514714,-1.5779170278729588,0.903770992038062,0.0,2.5,0.6441404176758277
5.566111478514714,-1.567917027872959,0.9383152584656845,0.0,2.5,0.6615952681024999
5.566111478514714,-1.5579170278729593,0.8166592682569196,0.0,2.5,0.6629048255190519
5.566111478514714,-1.5479170278729595,0.7974529039023782,0.0,2.5,0.6405801482803795
5.566111478514714,-1.5379170278729597,0.774420454021578,0.0,2.5,0.6349401278608966
5.566111478514714,-1.52791702787296,0.7286920548024279,0.0,2.5,0.611487335252472
5.566111478514714,-1.5179170278729601,0.8785298499867306,0.0,2.5,0.6409514361451047
5.566111478514714,-1.5079170278729603,0.8894457946747029,0.0,2.5,0.6399175821295318
5.566111478514714,-1.4979170278729605,0.9155626348857092,0.0,2.5,0.6529076740805577
5.566111478514714,-1.4879170278729608,0.941040041803896,0.0,2.5,0.6743613989397388
5.566111478514714,-1.477917027872961,0.8687816605952178,0.0,2.5,0.6454112317401092
5.566111478514714,-1.4679170278729612,0.8654911216299935,0.0,2.5,0.6139434653401149
5.566111478514714,-1.4579170278729614,0.9173511690127133,0.0,2.5,0.6529776560225614
5.566111478514714,-1.4479170278729616,0.7813532714276353,0.0,2.5,0.6323005376427153
5.566111478514714,-1.4379170278729618,0.794958338223282,0.0,2.5,0.6426026362052004
5.566111478514714,-1.427917027872962,0.8820538796954579,0.0,2.5,0.6848742112754205
5.566111478514714,-1.4179170278729623,0.8904768377065845,0.0,2.5,0.6841788231467253
5.566111478514714,-1.4079170278729625,0.926732001034805,0.0,2.5,0.6759048779907364
5.566111478514714,-1.3979170278729627,0.9207463715688126,0.0,2.5,0.6748734244472213
5.566111478514714,-1.387917027872963,0.9081063264765,0.0,2.5,0.6447839563805156
5.566111478514714,-1.377917027872963,0.8996693889242026,0.0,2.5,0.6104826711773406
5.566111478514714,-1.3679170278729633,0.8421501770241793,0.0,2.5,0.5650981818612856
5.566111478514714,-1.3579170278729635,0.8706771887218979,0.0,2.5,0.586032720594095
5.566111478514714,-1.3479170278729637,0.8329046251627104,0.0,2.5,0.5532156914612656
5.566111478514714,-1.337917027872964,0.855331400554516,0.0,2.5,0.5575094303017597
5.566111478514714,-1.3279170278729642,0.871370768530797,0.0,2.5,0.556431729660289
5.566111478514714,-1.3179170278729644,0.8454407111292983,0.0,2.5,0.5431544542973307
5.566111478514714,-1.3079170278729646,0.8890407653890043,0.0,2.5,0.5576365792875002
5.566111478514714,-1.2979170278729648,0.8140163664117307,0.0,2.5,0.5297795741697328
5.566111478514714,-1.287917027872965,0.8429966804741054,0.0,2.5,0.5557206083345607
5.566111478514714,-1.2779170278729652,0.7637839533980972,0.0,2.5,0.5472525045572295
5.566111478514714,-1.2679170278729655,0.755396903922582,0.0,2.5,0.5447910937649147
5.566111478514714,-1.2579170278729657,0.7330056461278911,0.0,2.5,0.5411671253653881
5.566111478514714,-1.2479170278729659,0.7428323721406427,0.0,2.5,0.5483636882115024
5.566111478514714,-1.237917027872966,0.7286418292678791,0.0,2.5,0.5392287636249512
5.566111478514714,-1.2279170278729663,0.7399583144495461,0.0,2.5,0.542202602584227
5.566111478514714,-1.2179170278729665,0.7328044653108494,0.0,2.5,0.5356952383275955
5.566111478514714,-1.2079170278729667,0.7355734920578719,0.0,2.5,0.5413288170347471
5.566111478514714,-1.197917027872967,0.7389538560146542,0.0,2.5,0.5421050226791508
5.566111478514714,-1.1879170278729672,0.7417238558014583,0.0,2.5,0.5428333168996546
5.566111478514714,-1.1779170278729674,0.7104901163609167,0.0,2.5,0.5170956087580024
5.566111478514714,-1.1679170278729676,0.7229843057647031,0.0,2.5,0.5242920890682725
5.566111478514714,-1.1579170278729678,0.7249814384331734,0.0,2.5,0.5239070596871973
5.566111478514714,-1.147917027872968,0.7434074203212391,0.0,2.5,0.5303449299272869
5.566111478514714,-1.1379170278729682,0.7676476749449098,0.0,2.5,0.5297597289757408
5.566111478514714,-1.1279170278729684,0.7967234102994792,0.0,2.5,0.5321313904185957
5.566111478514714,-1.1179170278729686,0.8083422941018263,0.0,2.5,0.5387856070284652
5.566111478514714,-1.1079170278729689,0.8065518077300596,0.0,2.5,0.5394364308855087
5.566111478514714,-1.097917027872969,0.75828122783407,0.0,2.5,0.5048954349485333
5.566111478514714,-1.0879170278729693,0.7565919087368619,0.0,2.5,0.5092310407322365
5.566111478514714,-1.0779170278729695,0.7542571741911754,0.0,2.5,0.5089088137816353
5.566111478514714,-1.0679170278729697,0.7764927311141795,0.0,2.5,0.5172912180178604
5.566111478514714,-1.05791702787297,0.7582075441651793,0.0,2.5,0.5137213762447806
5.566111478514714,-1.0479170278729701,0.7643736290357274,0.0,2.5,0.5147662866229673
5.566111478514714,-1.0379170278729704,0.7685432812953494,0.0,2.5,0.5143044045923213
5.566111478514714,-1.0279170278729706,0.7642092783758423,0.0,2.5,0.5072817465081947
5.566111478514714,-1.0179170278729708,0.7563029277145762,0.0,2.5,0.5017358121538104
5.566111478514714,-1.007917027872971,0.7480910801623479,0.0,2.5,0.49195651738785867
5.566111478514714,-0.9979170278729712,0.7109646308868478,0.0,2.5,0.46316602885494684
5.566111478514714,-0.9879170278729714,0.7221323229680501,0.0,2.5,0.4941684735659159
5.566111478514714,-0.9779170278729716,0.7277714583363492,0.0,2.5,0.4943649769838876
5.566111478514714,-0.9679170278729718,0.7497521317608583,0.0,2.5,0.4764678674395105
5.566111478514714,-0.9579170278729721,0.783522368568499,0.0,2.5,0.4920334764033459
5.566111478514714,-0.9479170278729723,0.7428847485968028,0.0,2.5,0.46642347810110885
5.566111478514714,-0.9379170278729725,0.7550799356925862,0.0,2.5,0.46525372232075657
5.566111478514714,-0.9279170278729727,0.7534335602853847,0.0,2.5,0.46770070264291225
5.566111478514714,-0.9179170278729729,0.7542169668101217,0.0,2.5,0.4709357469162172
5.566111478514714,-0.9079170278729731,0.783945813487665,0.0,2.5,0.49620444536777175
5.566111478514714,-0.8979170278729733,0.7610278332106364,0.0,2.5,0.5187692154443828
5.566111478514714,-0.8879170278729736,0.7517013544444061,0.0,2.5,0.49690141082720796
5.566111478514714,-0.8779170278729738,0.703027149590945,0.0,2.5,0.48928628300948324
5.566111478514714,-0.867917027872974,0.6911996777618332,0.0,2.5,0.4950347624454333
5.566111478514714,-0.8579170278729742,0.7071832634151042,0.0,2.5,0.5191630175492474
5.566111478514714,-0.8479170278729744,0.7378799928603116,0.0,2.5,0.560144369301221
5.566111478514714,-0.8379170278729746,0.760227798683233,0.0,2.5,0.5953947584155227
5.566111478514714,-0.8279170278729748,0.748299318619246,0.0,2.5,0.6280394755709268
5.566111478514714,-0.817917027872975,0.6131317727720909,0.0,2.5,0.5492039694707761
5.566111478514714,-0.8079170278729753,0.643057563710362,0.0,2.5,0.590429520782778
5.566111478514714,-0.7979170278729755,0.684237121104006,0.0,2.5,0.632051171515161
5.566111478514714,-0.7879170278729757,0.7069071335097542,0.0,2.5,0.6587848425695243
5.566111478514714,-0.7779170278729759,0.6665162469982377,0.0,2.5,0.6640879844763687
5.566111478514714,-0.7679170278729761,0.6685132478770738,0.0,2.5,0.6449946703149915
5.566111478514714,-0.7579170278729763,0.6162325856560046,0.0,2.5,0.6266026038167096
5.566111478514714,-0.7479170278729765,0.6025357703400378,0.0,2.5,0.6088868502737069
5.566111478514714,-0.7379170278729767,0.5390604297716993,0.0,2.5,0.5447776842645413
5.566111478514714,-0.727917027872977,0.5966197053570402,0.0,2.5,0.6074528275314307
5.566111478514714,-0.7179170278729772,0.5981875231273961,0.0,2.5,0.5711223619540136
5.566111478514714,-0.7079170278729774,0.5071898073450655,0.0,2.5,0.5206295060482973
5.566111478514714,-0.6979170278729776,0.4195881363752697,0.0,2.5,0.45840760779802275
5.566111478514714,-0.6879170278729778,0.3164302910844928,0.0,2.5,0.4526241147081599
5.566111478514714,-0.677917027872978,0.26188418174566536,0.0,2.5,0.37643992253986647
5.566111478514714,-0.6679170278729782,0.2609146888839698,0.0,2.5,0.384090694949809
5.566111478514714,-0.6579170278729785,0.25951673127250807,0.0,2.5,0.3754649729972888
5.566111478514714,-0.6479170278729787,0.2730033316257505,0.0,2.5,0.3948060501421713
5.566111478514714,-0.6379170278729789,0.28195449676450157,0.0,2.5,0.4095507917534623
5.566111478514714,-0.6279170278729791,0.29193140136243,0.0,2.5,0.41981407249967606
5.566111478514714,-0.6179170278729793,0.3081024894123341,0.0,2.5,0.44099924809341756
5.566111478514714,-0.6079170278729795,0.33690473715874525,0.0,2.5,0.45960143014001764
5.566111478514714,-0.5979170278729797,0.3785237601792613,0.0,2.5,0.4620211838012404
5.566111478514714,-0.58791702787298,0.389294373895382,0.0,2.5,0.465645119575818
5.566111478514714,-0.5779170278729802,0.3861548113166313,0.0,2.5,0.4660006426470156
5.566111478514714,-0.5679170278729804,0.37518791451779604,0.0,2.5,0.46575813996272636
5.566111478514714,-0.5579170278729806,0.3408266875763671,0.0,2.5,0.46251200427093686
5.566111478514714,-0.5479170278729808,0.3420918875832134,0.0,2.5,0.47355501455084265
5.566111478514714,-0.537917027872981,0.34574333980832817,0.0,2.5,0.48150728827804457
5.566111478514714,-0.5279170278729812,0.3335263958522229,0.0,2.5,0.4758592710249375
5.566111478514714,-0.5179170278729814,0.32413813525543267,0.0,2.5,0.4517052988416462
5.566111478514714,-0.5079170278729817,0.31862835332529904,0.0,2.5,0.40888701789077114
5.566111478514714,-0.49791702787298187,0.2831817614770545,0.0,2.5,0.38315854703135255
5.566111478514714,-0.4879170278729821,0.327122201563668,0.0,2.5,0.486540231923621
5.566111478514714,-0.4779170278729823,0.30861359845200764,0.0,2.5,0.4600621579836268
5.566111478514714,-0.4679170278729825,0.3166708314696904,0.0,2.5,0.4643734422116608
5.566111478514714,-0.4579170278729827,0.31892296149122795,0.0,2.5,0.466760234664491
5.566111478514714,-0.44791702787298293,0.31892296149122795,0.0,2.5,0.466760234664491
5.566111478514714,-0.43791702787298314,0.31892296149122795,0.0,2.5,0.466760234664491
5.566111478514714,-0.42791702787298336,0.31892296149122795,0.0,2.5,0.466760234664491
5.566111478514714,-0.41791702787298357,0.32002521676113804,0.0,2.5,0.46837344221166083
5.566111478514714,-0.4079170278729838,0.31803469426925746,0.0,2.5,0.4663734422116608
5.566111478514714,-0.397917027872984,0.3310092216268847,0.0,2.5,0.4691779044572156
5.576111478514714,-1.6079170278729582,0.7915521550477198,0.0,2.5,0.6038103178688218
5.576111478514714,-1.5979170278729584,0.9240351131849532,0.0,2.5,0.6102021049772488
5.576111478514714,-1.5879170278729586,0.9543363283840111,0.0,2.5,0.6320962707066312
5.576111478514714,-1.5779170278729588,0.9333417101687437,0.0,2.5,0.6420815255325298
5.576111478514714,-1.567917027872959,0.9338768766334685,0.0,2.5,0.6550662096420097
5.576111478514714,-1.5579170278729593,0.9089542627366993,0.0,2.5,0.6507100954356146
5.576111478514714,-1.5479170278729595,0.886520444578644,0.0,2.5,0.6598401717414091
5.576111478514714,-1.5379170278729597,0.821130606558045,0.0,2.5,0.657275017507211
5.576111478514714,-1.52791702787296,0.790532243419763,0.0,2.5,0.6423845413131526
5.576111478514714,-1.5179170278729601,0.7346931731696851,0.0,2.5,0.6154676073613156
5.576111478514714,-1.5079170278729603,0.8519854339669104,0.0,2.5,0.6496560221438654
5.576111478514714,-1.4979170278729605,0.9030443887884335,0.0,2.5,0.6718651831539216
5.576111478514714,-1.4879170278729608,0.9527536401908373,0.0,2.5,0.6562748586994466
5.576111478514714,-1.477917027872961,0.8713614943054186,0.0,2.5,0.5982386087251047
5.576111478514714,-1.4679170278729612,0.8658091344130551,0.0,2.5,0.5984086680961401
5.576111478514714,-1.4579170278729614,0.9025987482323133,0.0,2.5,0.6391315644472896
5.576111478514714,-1.4479170278729616,0.763122153805648,0.0,2.5,0.6257684874585189
5.576111478514714,-1.4379170278729618,0.7897226884310131,0.0,2.5,0.6489515716091147
5.576111478514714,-1.427917027872962,0.8195809544619524,0.0,2.5,0.6784672979142625
5.576111478514714,-1.4179170278729623,0.8902604718650313,0.0,2.5,0.6888868939755823
5.576111478514714,-1.4079170278729625,0.9231803301059704,0.0,2.5,0.6769983339924337
5.576111478514714,-1.3979170278729627,0.9393082274703307,0.0,2.5,0.6680352529896811
5.576111478514714,-1.387917027872963,0.9124710891308258,0.0,2.5,0.6488116647365934
5.576111478514714,-1.377917027872963,0.9111402051739532,0.0,2.5,0.623538507211775
5.576111478514714,-1.3679170278729633,0.8677165726679601,0.0,2.5,0.5833965165698847
5.576111478514714,-1.3579170278729635,0.8478932661874656,0.0,2.5,0.5786977018659104
5.576111478514714,-1.3479170278729637,0.8550770936019738,0.0,2.5,0.573881529192767
5.576111478514714,-1.337917027872964,0.8655014760396568,0.0,2.5,0.5613138139854131
5.576111478514714,-1.3279170278729642,0.8832366857591968,0.0,2.5,0.5626963551880064
5.576111478514714,-1.3179170278729644,0.8325229952750175,0.0,2.5,0.5334651777601144
5.576111478514714,-1.3079170278729646,0.8904049231754606,0.0,2.5,0.5581534018150262
5.576111478514714,-1.2979170278729648,0.8039412949632377,0.0,2.5,0.5245326135860975
5.576111478514714,-1.287917027872965,0.8275509540755662,0.0,2.5,0.5461795610546575
5.576111478514714,-1.2779170278729652,0.787297733183335,0.0,2.5,0.5465033692987133
5.576111478514714,-1.2679170278729655,0.7883650206234433,0.0,2.5,0.5531006665587237
5.576111478514714,-1.2579170278729657,0.7719793463093809,0.0,2.5,0.543743799936689
5.576111478514714,-1.2479170278729659,0.7727406362874639,0.0,2.5,0.5470152437306961
5.576111478514714,-1.237917027872966,0.7677069964560354,0.0,2.5,0.539539751264995
5.576111478514714,-1.2279170278729663,0.7709230339382849,0.0,2.5,0.5514794894244096
5.576111478514714,-1.2179170278729665,0.7632380246571484,0.0,2.5,0.5480624834275148
5.576111478514714,-1.2079170278729667,0.7575080201512411,0.0,2.5,0.5452623607250944
5.576111478514714,-1.197917027872967,0.7659935207615106,0.0,2.5,0.5510300614742973
5.576111478514714,-1.1879170278729672,0.7742827412744825,0.0,2.5,0.5521158391240509
5.576111478514714,-1.1779170278729674,0.744945800537516,0.0,2.5,0.5274453421192539
5.576111478514714,-1.1679170278729676,0.7523857843390843,0.0,2.5,0.5311824965162638
5.576111478514714,-1.1579170278729678,0.7460089283895392,0.0,2.5,0.5207067011510315
5.576111478514714,-1.147917027872968,0.7473608339642505,0.0,2.5,0.5216438962782182
5.576111478514714,-1.1379170278729682,0.782808402725157,0.0,2.5,0.5266955041628342
5.576111478514714,-1.1279170278729684,0.80192387097575,0.0,2.5,0.5307630512568959
5.576111478514714,-1.1179170278729686,0.8037559674860405,0.0,2.5,0.5316073925356889
5.576111478514714,-1.1079170278729689,0.7668674450392058,0.0,2.5,0.513482370037405
5.576111478514714,-1.097917027872969,0.7823059672860838,0.0,2.5,0.5182096909659355
5.576111478514714,-1.0879170278729693,0.7420929433197391,0.0,2.5,0.4939265134487182
5.576111478514714,-1.0779170278729695,0.7437816777746155,0.0,2.5,0.4914009765640129
5.576111478514714,-1.0679170278729697,0.7475914382058687,0.0,2.5,0.49528716682521307
5.576111478514714,-1.05791702787297,0.7628983947500084,0.0,2.5,0.504633889859541
5.576111478514714,-1.0479170278729701,0.7406219573384529,0.0,2.5,0.4976339678266068
5.576111478514714,-1.0379170278729704,0.7511632072667226,0.0,2.5,0.5043258410412966
5.576111478514714,-1.0279170278729706,0.7525649990329659,0.0,2.5,0.5021001165701328
5.576111478514714,-1.0179170278729708,0.7499949753024371,0.0,2.5,0.4982053048067112
5.576111478514714,-1.007917027872971,0.7557462983120435,0.0,2.5,0.49548536144597494
5.576111478514714,-0.9979170278729712,0.7479904082577307,0.0,2.5,0.48405170611876036
5.576111478514714,-0.9879170278729714,0.73254731136764,0.0,2.5,0.4717287294730178
5.576111478514714,-0.9779170278729716,0.7243522999964774,0.0,2.5,0.49115548049073376
5.576111478514714,-0.9679170278729718,0.7498159240850782,0.0,2.5,0.5023216977919186
5.576111478514714,-0.9579170278729721,0.7543176218272655,0.0,2.5,0.4904490472301711
5.576111478514714,-0.9479170278729723,0.800344965990222,0.0,2.5,0.5025878067705246
5.576111478514714,-0.9379170278729725,0.7696526609760881,0.0,2.5,0.4800936791608104
5.576111478514714,-0.9279170278729727,0.7537557992226862,0.0,2.5,0.47049469238905056
5.576111478514714,-0.9179170278729729,0.7712606935314366,0.0,2.5,0.4845725587720933
5.576111478514714,-0.9079170278729731,0.8191137951020943,0.0,2.5,0.5278438523723468
5.576111478514714,-0.8979170278729733,0.7307136349188668,0.0,2.5,0.5006314266345858
5.576111478514714,-0.8879170278729736,0.749289681581111,0.0,2.5,0.501624942245731
5.576111478514714,-0.8779170278729738,0.7171219504462342,0.0,2.5,0.5083566507428668
5.576111478514714,-0.867917027872974,0.6853841870098166,0.0,2.5,0.49855404551622623
5.576111478514714,-0.8579170278729742,0.6886155710708415,0.0,2.5,0.5154174355742086
5.576111478514714,-0.8479170278729744,0.7265507335835751,0.0,2.5,0.5526306334061659
5.576111478514714,-0.8379170278729746,0.7366536754487293,0.0,2.5,0.5727192811457988
5.576111478514714,-0.8279170278729748,0.7434227976048654,0.0,2.5,0.6133298225268023
5.576111478514714,-0.817917027872975,0.666493513649612,0.0,2.5,0.5957399750330016
5.576111478514714,-0.8079170278729753,0.6207601790611139,0.0,2.5,0.5682822343564358
5.576111478514714,-0.7979170278729755,0.6484149144101303,0.0,2.5,0.5960836694291093
5.576111478514714,-0.7879170278729757,0.674800146776446,0.0,2.5,0.6213081235525192
5.576111478514714,-0.7779170278729759,0.7043657552955347,0.0,2.5,0.6491532514347246
5.576111478514714,-0.7679170278729761,0.6685328383676321,0.0,2.5,0.6265872986663024
5.576111478514714,-0.7579170278729763,0.6101987666209406,0.0,2.5,0.5893351492038582
5.576111478514714,-0.7479170278729765,0.5450993868279838,0.0,2.5,0.5118774883303805
5.576111478514714,-0.7379170278729767,0.551577843054314,0.0,2.5,0.5117789807510363
5.576111478514714,-0.727917027872977,0.6248168993349225,0.0,2.5,0.5652192279264273
5.576111478514714,-0.7179170278729772,0.6110958473280632,0.0,2.5,0.5493822141759043
5.576111478514714,-0.7079170278729774,0.562344487729944,0.0,2.5,0.5134344973664813
5.576111478514714,-0.6979170278729776,0.4720781785635072,0.0,2.5,0.5187559095675109
5.576111478514714,-0.6879170278729778,0.29196899583152486,0.0,2.5,0.4050192038710392
5.576111478514714,-0.677917027872978,0.2734766513617955,0.0,2.5,0.38308162850028515
5.576111478514714,-0.6679170278729782,0.27175253177466335,0.0,2.5,0.3916717648558189
5.576111478514714,-0.6579170278729785,0.29957922829775224,0.0,2.5,0.42215120028203595
5.576111478514714,-0.6479170278729787,0.2939465598411286,0.0,2.5,0.4162493053461154
5.576111478514714,-0.6379170278729789,0.2801757334442497,0.0,2.5,0.40197932930524016
5.576111478514714,-0.6279170278729791,0.28006277887016917,0.0,2.5,0.40594554017905937
5.576111478514714,-0.6179170278729793,0.33635670108846016,0.0,2.5,0.45544029296196475
5.576111478514714,-0.6079170278729795,0.35374235623029865,0.0,2.5,0.46409841506696575
5.576111478514714,-0.5979170278729797,0.37749103959482516,0.0,2.5,0.46247354037462896
5.576111478514714,-0.58791702787298,0.37446738112152195,0.0,2.5,0.46319630209387863
5.576111478514714,-0.5779170278729802,0.352911398372151,0.0,2.5,0.4644254634117115
5.576111478514714,-0.5679170278729804,0.3495898054879177,0.0,2.5,0.4646983387494732
5.576111478514714,-0.5579170278729806,0.33877952964657454,0.0,2.5,0.46947864184101573
5.576111478514714,-0.5479170278729808,0.3342785500988351,0.0,2.5,0.4722186606038968
5.576111478514714,-0.537917027872981,0.3374358486895672,0.0,2.5,0.4774421877506045
5.576111478514714,-0.5279170278729812,0.3333452088293267,0.0,2.5,0.46856895086104405
5.576111478514714,-0.5179170278729814,0.33912941432904314,0.0,2.5,0.4956143426783527
5.576111478514714,-0.5079170278729817,0.32138835761323525,0.0,2.5,0.45317235432674163
5.576111478514714,-0.49791702787298187,0.2801856423532391,0.0,2.5,0.3937272626899646
5.576111478514714,-0.4879170278729821,0.3272942367154302,0.0,2.5,0.4871735652569543
5.576111478514714,-0.4779170278729823,0.30861359845200764,0.0,2.5,0.4600621579836268
5.576111478514714,-0.4679170278729825,0.3166708314696904,0.0,2.5,0.4643734422116608
5.576111478514714,-0.4579170278729827,0.31892296149122795,0.0,2.5,0.466760234664491
5.576111478514714,-0.44791702787298293,0.31892296149122795,0.0,2.5,0.466760234664491
5.576111478514714,-0.43791702787298314,0.31892296149122795,0.0,2.5,0.466760234664491
5.576111478514714,-0.42791702787298336,0.31892296149122795,0.0,2.5,0.466760234664491
5.576111478514714,-0.41791702787298357,0.32002521676113804,0.0,2.5,0.46837344221166083
5.576111478514714,-0.4079170278729838,0.33119182161101096,0.0,2.5,0.48579703086082676
5.576111478514714,-0.397917027872984,0.3495670197373272,0.0,2.5,0.47837811202605834
5.586111478514714,-1.6279170278729578,0.8080402895633629,0.0,2.5,0.5874951976938851
5.586111478514714,-1.617917027872958,0.9578173529267363,0.0,2.5,0.6030338702382351
5.586111478514714,-1.6079170278729582,0.9291792870358581,0.0,2.5,0.5918150064997798
5.586111478514714,-1.5979170278729584,0.9345993319874856,0.0,2.5,0.6041493178020387
5.586111478514714,-1.5879170278729586,0.9455836580400783,0.0,2.5,0.6136021778997356
5.586111478514714,-1.5779170278729588,0.9292521291292407,0.0,2.5,0.6232484417387826
5.586111478514714,-1.567917027872959,0.9515111538533515,0.0,2.5,0.6422732838883503
5.586111478514714,-1.5579170278729593,0.9350424840226793,0.0,2.5,0.6476799053424692
5.586111478514714,-1.5479170278729595,0.9229904903186753,0.0,2.5,0.6544150274112955
5.586111478514714,-1.5379170278729597,0.9297279215052231,0.0,2.5,0.6610394883875608
5.586111478514714,-1.52791702787296,0.8649915408044454,0.0,2.5,0.6624233315192702
5.586111478514714,-1.5179170278729601,0.8002997155403968,0.0,2.5,0.6495560592218559
5.586111478514714,-1.5079170278729603,0.8904830930849484,0.0,2.5,0.6713479175474857
5.586111478514714,-1.4979170278729605,0.9532711036495553,0.0,2.5,0.6598356667235908
5.586111478514714,-1.4879170278729608,0.9295775617851186,0.0,2.5,0.6113045600002802
5.586111478514714,-1.477917027872961,0.8797694609439762,0.0,2.5,0.5832128020203148
5.586111478514714,-1.4679170278729612,0.9207971263655128,0.0,2.5,0.5971503930713462
5.586111478514714,-1.4579170278729614,0.9340845123775251,0.0,2.5,0.6623394393485483
5.586111478514714,-1.4479170278729616,0.7514774631367216,0.0,2.5,0.613760605520719
5.586111478514714,-1.4379170278729618,0.8088930398600359,0.0,2.5,0.6640783034349879
5.586111478514714,-1.427917027872962,0.8128595682623477,0.0,2.5,0.6665305668585186
5.586111478514714,-1.4179170278729623,0.8845441163779979,0.0,2.5,0.6891413859398424
5.586111478514714,-1.4079170278729625,0.9395121614760306,0.0,2.5,0.6941620705368874
5.586111478514714,-1.3979170278729627,0.9290167597271127,0.0,2.5,0.6489991109159858
5.586111478514714,-1.387917027872963,0.8761173378052977,0.0,2.5,0.6253033390315194
5.586111478514714,-1.377917027872963,0.8347921345088956,0.0,2.5,0.59136404542379
5.586111478514714,-1.3679170278729633,0.8678333004158933,0.0,2.5,0.6016275176915851
5.586111478514714,-1.3579170278729635,0.8432837814443332,0.0,2.5,0.5765819084350946
5.586111478514714,-1.3479170278729637,0.8603464668110761,0.0,2.5,0.5785703108642042
5.586111478514714,-1.337917027872964,0.868365578427355,0.0,2.5,0.5606232994874569
5.586111478514714,-1.3279170278729642,0.8698578860065818,0.0,2.5,0.5531141800266504
5.586111478514714,-1.3179170278729644,0.832990111921638,0.0,2.5,0.527850712124549
5.586111478514714,-1.3079170278729646,0.8821778143748151,0.0,2.5,0.5556597885423791
5.586111478514714,-1.2979170278729648,0.7938843425048757,0.0,2.5,0.5170534930771739
5.586111478514714,-1.287917027872965,0.789711547592587,0.0,2.5,0.5193966144984042
5.586111478514714,-1.2779170278729652,0.769223376314333,0.0,2.5,0.5264811481611804
5.586111478514714,-1.2679170278729655,0.7469198282866302,0.0,2.5,0.5118531695382241
5.586111478514714,-1.2579170278729657,0.7491653071408625,0.0,2.5,0.5194842139771451
5.586111478514714,-1.2479170278729659,0.7515733180220333,0.0,2.5,0.5282407166208107
5.586111478514714,-1.237917027872966,0.7539472091614233,0.0,2.5,0.5291681389025961
5.586111478514714,-1.2279170278729663,0.7507852658097985,0.0,2.5,0.5262042994862594
5.586111478514714,-1.2179170278729665,0.7490791334146356,0.0,2.5,0.5270504527925999
5.586111478514714,-1.2079170278729667,0.7458543447705118,0.0,2.5,0.5387394536109448
5.586111478514714,-1.197917027872967,0.7561472476700745,0.0,2.5,0.5435146648080843
5.586111478514714,-1.1879170278729672,0.7546315069615088,0.0,2.5,0.5414390796758936
5.586111478514714,-1.1779170278729674,0.7314213549455276,0.0,2.5,0.5215880974462281
5.586111478514714,-1.1679170278729676,0.72742519795658,0.0,2.5,0.5189940230518529
5.586111478514714,-1.1579170278729678,0.7143226214719105,0.0,2.5,0.5094793331099381
5.586111478514714,-1.147917027872968,0.7176829509079247,0.0,2.5,0.5122890698695295
5.586111478514714,-1.1379170278729682,0.7381211860167227,0.0,2.5,0.5105517112141691
5.586111478514714,-1.1279170278729684,0.7556753526738982,0.0,2.5,0.5203796349321301
5.586111478514714,-1.1179170278729686,0.7461299827410656,0.0,2.5,0.5149816556704425
5.586111478514714,-1.1079170278729689,0.7337525862664787,0.0,2.5,0.507923604223465
5.586111478514714,-1.097917027872969,0.7521284087730117,0.0,2.5,0.5134387277948712
5.586111478514714,-1.0879170278729693,0.7677255706558016,0.0,2.5,0.5183770411735569
5.586111478514714,-1.0779170278729695,0.7434010755391338,0.0,2.5,0.49688698177215573
5.586111478514714,-1.0679170278729697,0.7382820156162482,0.0,2.5,0.49347044652115085
5.586111478514714,-1.05791702787297,0.745326662590645,0.0,2.5,0.4974846979577779
5.586111478514714,-1.0479170278729701,0.7749576434034793,0.0,2.5,0.5194826247905052
5.586111478514714,-1.0379170278729704,0.7483605114945762,0.0,2.5,0.5077320683856571
5.586111478514714,-1.0279170278729706,0.7602924112825166,0.0,2.5,0.5160391970292658
5.586111478514714,-1.0179170278729708,0.746478572993335,0.0,2.5,0.5049453666258173
5.586111478514714,-1.007917027872971,0.7327052596932019,0.0,2.5,0.4932581433485827
5.586111478514714,-0.9979170278729712,0.741815000167903,0.0,2.5,0.4964816704952904
5.586111478514714,-0.9879170278729714,0.7521586930878471,0.0,2.5,0.4964679494083633
5.586111478514714,-0.9779170278729716,0.7224154919120658,0.0,2.5,0.47027547464235947
5.586111478514714,-0.9679170278729718,0.7701331296443978,0.0,2.5,0.5269382221582289
5.586111478514714,-0.9579170278729721,0.8112561283484994,0.0,2.5,0.5518512564041769
5.586111478514714,-0.9479170278729723,0.8116584559072851,0.0,2.5,0.5398664521135818
5.586111478514714,-0.9379170278729725,0.7978133747970427,0.0,2.5,0.5091803188291752
5.586111478514714,-0.9279170278729727,0.7984469485719526,0.0,2.5,0.5045856208034476
5.586111478514714,-0.9179170278729729,0.8045408326532105,0.0,2.5,0.5137817012797878
5.586111478514714,-0.9079170278729731,0.7670682472131485,0.0,2.5,0.521470565127607
5.586111478514714,-0.8979170278729733,0.7138527310287722,0.0,2.5,0.48021347369212763
5.586111478514714,-0.8879170278729736,0.731025028236473,0.0,2.5,0.499033912029339
5.586111478514714,-0.8779170278729738,0.7156524053930314,0.0,2.5,0.5276982918776778
5.586111478514714,-0.867917027872974,0.6510914871752042,0.0,2.5,0.5099469031844686
5.586111478514714,-0.8579170278729742,0.6869042481031024,0.0,2.5,0.5307564528320302
5.586111478514714,-0.8479170278729744,0.6941099196686233,0.0,2.5,0.5351880296513879
5.586111478514714,-0.8379170278729746,0.7447878264722929,0.0,2.5,0.5767476200149176
5.586111478514714,-0.8279170278729748,0.6918470453524983,0.0,2.5,0.5723821075042753
5.586111478514714,-0.817917027872975,0.7139655467699242,0.0,2.5,0.6323485645796101
5.586111478514714,-0.8079170278729753,0.6667635335415202,0.0,2.5,0.6009172276755085
5.586111478514714,-0.7979170278729755,0.6619370342868779,0.0,2.5,0.6069956000803522
5.586111478514714,-0.7879170278729757,0.6113069185050275,0.0,2.5,0.5583243176596064
5.586111478514714,-0.7779170278729759,0.5910533400565994,0.0,2.5,0.5491795752514295
5.586111478514714,-0.7679170278729761,0.6085731386660321,0.0,2.5,0.5281865049800057
5.586111478514714,-0.7579170278729763,0.5825358740075969,0.0,2.5,0.5173952610731568
5.586111478514714,-0.7479170278729765,0.5807326906822551,0.0,2.5,0.5180014034453958
5.586111478514714,-0.7379170278729767,0.5920082860618695,0.0,2.5,0.5493320128258021
5.586111478514714,-0.727917027872977,0.6137960135410789,0.0,2.5,0.5597392989430131
5.586111478514714,-0.7179170278729772,0.6195224726714734,0.0,2.5,0.5535114796458994
5.586111478514714,-0.7079170278729774,0.6318014780808812,0.0,2.5,0.5653091505834663
5.586111478514714,-0.6979170278729776,0.47773069114606437,0.0,2.5,0.5188204559286366
5.586111478514714,-0.6879170278729778,0.3644993843999012,0.0,2.5,0.4366763524970431
5.586111478514714,-0.677917027872978,0.2813709967563804,0.0,2.5,0.39731884394017647
5.586111478514714,-0.6679170278729782,0.2664563005554058,0.0,2.5,0.38589778156205035
5.586111478514714,-0.6579170278729785,0.27686840599719126,0.0,2.5,0.38866675256474165
5.586111478514714,-0.6479170278729787,0.2825809414581846,0.0,2.5,0.39334303308001023
5.586111478514714,-0.6379170278729789,0.2835268787118438,0.0,2.5,0.4081316642918552
5.586111478514714,-0.6279170278729791,0.3290187605203899,0.0,2.5,0.4629978287338786
5.586111478514714,-0.6179170278729793,0.36176868104851195,0.0,2.5,0.47658619152461584
5.586111478514714,-0.6079170278729795,0.36371171320169954,0.0,2.5,0.46928867484466436
5.586111478514714,-0.5979170278729797,0.3553965419735949,0.0,2.5,0.4681326726332355
5.586111478514714,-0.58791702787298,0.35232608714784136,0.0,2.5,0.46664195417715476
5.586111478514714,-0.5779170278729802,0.3555098220320167,0.0,2.5,0.47413175009552205
5.586111478514714,-0.5679170278729804,0.3476614072565396,0.0,2.5,0.47175428892474136
5.586111478514714,-0.5579170278729806,0.3489901960582075,0.0,2.5,0.4757542889247413
5.586111478514714,-0.5479170278729808,0.3542317201454225,0.0,2.5,0.49460414256302465
5.586111478514714,-0.537917027872981,0.3441167514885675,0.0,2.5,0.49894726398425504
5.586111478514714,-0.5279170278729812,0.3386326938809599,0.0,2.5,0.4924998414877559
5.586111478514714,-0.5179170278729814,0.3216141750757704,0.0,2.5,0.4688593677221567
5.586111478514714,-0.5079170278729817,0.34087215872836407,0.0,2.5,0.4779657979950501
5.586111478514714,-0.49791702787298187,0.29766036886474484,0.0,2.5,0.41372905675372523
5.586111478514714,-0.4879170278729821,0.327048358149214,0.0,2.5,0.4871735652569543
5.586111478514714,-0.4779170278729823,0.3072719814852716,0.0,2.5,0.45806215798362676
5.586111478514714,-0.4679170278729825,0.3166708314696904,0.0,2.5,0.4643734422116608
5.586111478514714,-0.4579170278729827,0.31892296149122795,0.0,2.5,0.466760234664491
5.586111478514714,-0.44791702787298293,0.31892296149122795,0.0,2.5,0.466760234664491
5.586111478514714,-0.43791702787298314,0.31892296149122795,0.0,2.5,0.466760234664491
5.586111478514714,-0.42791702787298336,0.32002521676113804,0.0,2.5,0.46837344221166083
5.586111478514714,-0.41791702787298357,0.33501824940775193,0.0,2.5,0.4912383158669778
5.586111478514714,-0.4079170278729838,0.38645266062041983,0.0,2.5,0.4789055565301478
5.596111478514714,-1.6379170278729576,0.8144986844756654,0.0,2.5,0.5846451291053784
5.596111478514714,-1.6279170278729578,0.9593686707381519,0.0,2.5,0.6135319334748571
5.596111478514714,-1.617917027872958,0.9815547721639669,0.0,2.5,0.6249396584138435
5.596111478514714,-1.6079170278729582,0.9746201412815176,0.0,2.5,0.6159942911785513
5.596111478514714,-1.5979170278729584,0.9456982256160853,0.0,2.5,0.6020119874774228
5.596111478514714,-1.5879170278729586,0.9382354416377564,0.0,2.5,0.6019995396695316
5.596111478514714,-1.5779170278729588,0.9385098524368157,0.0,2.5,0.6144661260810472
5.596111478514714,-1.567917027872959,0.9193155229207881,0.0,2.5,0.6152641783659135
5.596111478514714,-1.5579170278729593,0.9322690436810488,0.0,2.5,0.6233698275559316
5.596111478514714,-1.5479170278729595,0.933330883285535,0.0,2.5,0.648290031258577
5.596111478514714,-1.5379170278729597,0.9326352038500928,0.0,2.5,0.6513341840668186
5.596111478514714,-1.52791702787296,0.9090232286505296,0.0,2.5,0.6561970387712881
5.596111478514714,-1.5179170278729601,0.9397705664474569,0.0,2.5,0.668578705864736
5.596111478514714,-1.5079170278729603,0.929293918552397,0.0,2.5,0.6746040756509191
5.596111478514714,-1.4979170278729605,0.9638912298842659,0.0,2.5,0.6445227774716276
5.596111478514714,-1.4879170278729608,0.9024110796082884,0.0,2.5,0.6056154860084081
5.596111478514714,-1.477917027872961,0.8616614930495674,0.0,2.5,0.564446983968062
5.596111478514714,-1.4679170278729612,0.9192726038909119,0.0,2.5,0.5998529215459112
5.596111478514714,-1.4579170278729614,0.9329699471483521,0.0,2.5,0.6627382279110812
5.596111478514714,-1.4479170278729616,0.7946035577622804,0.0,2.5,0.6516265169171771
5.596111478514714,-1.4379170278729618,0.8164752821521087,0.0,2.5,0.667873698207469
5.596111478514714,-1.427917027872962,0.8226500198285976,0.0,2.5,0.6776995976677473
5.596111478514714,-1.4179170278729623,0.8605520554203676,0.0,2.5,0.6931555400309588
5.596111478514714,-1.4079170278729625,0.9388336978471999,0.0,2.5,0.682939517981947
5.596111478514714,-1.3979170278729627,0.9608162076833434,0.0,2.5,0.648329097147671
5.596111478514714,-1.387917027872963,0.8839087251485546,0.0,2.5,0.6305191401150229
5.596111478514714,-1.377917027872963,0.8479056261782544,0.0,2.5,0.6084636958408495
5.596111478514714,-1.3679170278729633,0.8543146588832928,0.0,2.5,0.5944774120217535
5.596111478514714,-1.3579170278729635,0.8391206648929493,0.0,2.5,0.57863580624232
5.596111478514714,-1.3479170278729637,0.8656683083707714,0.0,2.5,0.5917903436996104
5.596111478514714,-1.337917027872964,0.8575390550313491,0.0,2.5,0.5572773947771746
5.596111478514714,-1.3279170278729642,0.8481683489353231,0.0,2.5,0.5458612671610363
5.596111478514714,-1.3179170278729644,0.8414873630175848,0.0,2.5,0.5319045227755398
5.596111478514714,-1.3079170278729646,0.8608925576212513,0.0,2.5,0.5419295522359093
5.596111478514714,-1.2979170278729648,0.81479332427432,0.0,2.5,0.5213446973659304
5.596111478514714,-1.287917027872965,0.7784459481229979,0.0,2.5,0.5163045613115086
5.596111478514714,-1.2779170278729652,0.7725534617067572,0.0,2.5,0.519115473871167
5.596111478514714,-1.2679170278729655,0.7647155722403763,0.0,2.5,0.5129116033494094
5.596111478514714,-1.2579170278729657,0.7607174584614591,0.0,2.5,0.515748338043287
5.596111478514714,-1.2479170278729659,0.7589904021252144,0.0,2.5,0.5157543120740371
5.596111478514714,-1.237917027872966,0.7539905604728017,0.0,2.5,0.5130379132529284
5.596111478514714,-1.2279170278729663,0.7458403338219287,0.0,2.5,0.5147633924350862
5.596111478514714,-1.2179170278729665,0.7496195783614815,0.0,2.5,0.5205886502190388
5.596111478514714,-1.2079170278729667,0.7562734122078708,0.0,2.5,0.5250942958986765
5.596111478514714,-1.197917027872967,0.758297075517372,0.0,2.5,0.5252195865212547
5.596111478514714,-1.1879170278729672,0.7576684571151499,0.0,2.5,0.5246438467642135
5.596111478514714,-1.1779170278729674,0.7356539695145368,0.0,2.5,0.5168909593785115
5.596111478514714,-1.1679170278729676,0.7364514019098023,0.0,2.5,0.5100632801009035
5.596111478514714,-1.1579170278729678,0.7267358496859312,0.0,2.5,0.5081781762154901
5.596111478514714,-1.147917027872968,0.7286109126164193,0.0,2.5,0.5044370853619852
5.596111478514714,-1.1379170278729682,0.7484187616170078,0.0,2.5,0.5014251914699469
5.596111478514714,-1.1279170278729684,0.7515864707163121,0.0,2.5,0.5037232638011103
5.596111478514714,-1.1179170278729686,0.7362863401680237,0.0,2.5,0.49617179556491303
5.596111478514714,-1.1079170278729689,0.7255495655691427,0.0,2.5,0.48819416537837673
5.596111478514714,-1.097917027872969,0.7398677860445609,0.0,2.5,0.5077856111439719
5.596111478514714,-1.0879170278729693,0.7482494216768987,0.0,2.5,0.5064436997402532
5.596111478514714,-1.0779170278729695,0.7683192853076186,0.0,2.5,0.5179298386760679
5.596111478514714,-1.0679170278729697,0.7421814952385736,0.0,2.5,0.4951000627427084
5.596111478514714,-1.05791702787297,0.7371762518602063,0.0,2.5,0.49362864797524236
5.596111478514714,-1.0479170278729701,0.7466380594582044,0.0,2.5,0.5000026116420853
5.596111478514714,-1.0379170278729704,0.7671215131607338,0.0,2.5,0.5136079154130835
5.596111478514714,-1.0279170278729706,0.7461405507001829,0.0,2.5,0.5050138873656164
5.596111478514714,-1.0179170278729708,0.7695511314478994,0.0,2.5,0.5220416554498784
5.596111478514714,-1.007917027872971,0.7535405854403011,0.0,2.5,0.5099105286355159
5.596111478514714,-0.9979170278729712,0.7347886809300349,0.0,2.5,0.49550551279046173
5.596111478514714,-0.9879170278729714,0.7550144405178654,0.0,2.5,0.49981075680566234
5.596111478514714,-0.9779170278729716,0.7518296017791282,0.0,2.5,0.4951591864433615
5.596111478514714,-0.9679170278729718,0.7707191005969655,0.0,2.5,0.5304430517750444
5.596111478514714,-0.9579170278729721,0.8329828315390003,0.0,2.5,0.5717822932059694
5.596111478514714,-0.9479170278729723,0.8054512579464717,0.0,2.5,0.5453858466415543
5.596111478514714,-0.9379170278729725,0.8160203597127305,0.0,2.5,0.5299170185345171
5.596111478514714,-0.9279170278729727,0.7999248797289988,0.0,2.5,0.5220125135024083
5.596111478514714,-0.9179170278729729,0.8028133148807384,0.0,2.5,0.5222685100940131
5.596111478514714,-0.9079170278729731,0.758989062223224,0.0,2.5,0.5072873255515982
5.596111478514714,-0.8979170278729733,0.7476471827978386,0.0,2.5,0.5112886029703636
5.596111478514714,-0.8879170278729736,0.729946874594928,0.0,2.5,0.5279197027486882
5.596111478514714,-0.8779170278729738,0.6488825787426071,0.0,2.5,0.5287573789343064
5.596111478514714,-0.867917027872974,0.6025499260907615,0.0,2.5,0.5149872799566693
5.596111478514714,-0.8579170278729742,0.6743414658496424,0.0,2.5,0.5476630965260482
5.596111478514714,-0.8479170278729744,0.6964629733469111,0.0,2.5,0.5421870510244419
5.596111478514714,-0.8379170278729746,0.6881301503143036,0.0,2.5,0.5403376722033475
5.596111478514714,-0.8279170278729748,0.7118757818426903,0.0,2.5,0.5854714103082964
5.596111478514714,-0.817917027872975,0.6635646037444686,0.0,2.5,0.557278175647994
5.596111478514714,-0.8079170278729753,0.6714178277863471,0.0,2.5,0.5463627155222396
5.596111478514714,-0.7979170278729755,0.6878975458707085,0.0,2.5,0.5583929964827744
5.596111478514714,-0.7879170278729757,0.6683885013322249,0.0,2.5,0.5592180086430707
5.596111478514714,-0.7779170278729759,0.6211454108624372,0.0,2.5,0.531033198268511
5.596111478514714,-0.7679170278729761,0.582400661167708,0.0,2.5,0.5054141632672207
5.596111478514714,-0.7579170278729763,0.540218290643327,0.0,2.5,0.47871695534695874
5.596111478514714,-0.7479170278729765,0.6043181372646782,0.0,2.5,0.5311630076954298
5.596111478514714,-0.7379170278729767,0.6404705742030024,0.0,2.5,0.5547719411141421
5.596111478514714,-0.727917027872977,0.6513705683121761,0.0,2.5,0.5543286926359977
5.596111478514714,-0.7179170278729772,0.6039120741616797,0.0,2.5,0.5535215344059355
5.596111478514714,-0.7079170278729774,0.6190343861391387,0.0,2.5,0.5901232244941291
5.596111478514714,-0.6979170278729776,0.5055519891840002,0.0,2.5,0.5815167311375452
5.596111478514714,-0.6879170278729778,0.3940249260697343,0.0,2.5,0.4637687671758253
5.596111478514714,-0.677917027872978,0.32196065897747894,0.0,2.5,0.38777431642274396
5.596111478514714,-0.6679170278729782,0.3234771742540967,0.0,2.5,0.3918878223685746
5.596111478514714,-0.6579170278729785,0.3118670051178959,0.0,2.5,0.37798857927384283
5.596111478514714,-0.6479170278729787,0.32265363654484874,0.0,2.5,0.4084000485276798
5.596111478514714,-0.6379170278729789,0.33298788703854293,0.0,2.5,0.47757095150060613
5.596111478514714,-0.6279170278729791,0.36867083512787097,0.0,2.5,0.4915724923065593
5.596111478514714,-0.6179170278729793,0.37231684043682206,0.0,2.5,0.49263989457941043
5.596111478514714,-0.6079170278729795,0.3744830285152654,0.0,2.5,0.4986398945794105
5.596111478514714,-0.5979170278729797,0.36856444848302045,0.0,2.5,0.4963321921435974
5.596111478514714,-0.58791702787298,0.36001035191548714,0.0,2.5,0.4939713217818021
5.596111478514714,-0.5779170278729802,0.3664137487639082,0.0,2.5,0.5034738684414916
5.596111478514714,-0.5679170278729804,0.3613272448780152,0.0,2.5,0.5043115028500937
5.596111478514714,-0.5579170278729806,0.3556083045062192,0.0,2.5,0.5096166495877797
5.596111478514714,-0.5479170278729808,0.33975776818116,0.0,2.5,0.49996818333011106
5.596111478514714,-0.537917027872981,0.3366624610377374,0.0,2.5,0.4961399997785218
5.596111478514714,-0.5279170278729812,0.31723055803016564,0.0,2.5,0.47053057002743526
5.596111478514714,-0.5179170278729814,0.321700158791615,0.0,2.5,0.4764267824019391
5.596111478514714,-0.5079170278729817,0.33870877830783735,0.0,2.5,0.484588364305408
5.596111478514714,-0.49791702787298187,0.3013692813818653,0.0,2.5,0.4262805153191056
5.596111478514714,-0.4879170278729821,0.3288290195233524,0.0,2.5,0.486588364305408
5.596111478514714,-0.4779170278729823,0.3079102839214956,0.0,2.5,0.45806215798362676
5.596111478514714,-0.4679170278729825,0.3166708314696904,0.0,2.5,0.4643734422116608
5.596111478514714,-0.4579170278729827,0.31892296149122795,0.0,2.5,0.466760234664491
5.596111478514714,-0.44791702787298293,0.31892296149122795,0.0,2.5,0.466760234664491
5.596111478514714,-0.43791702787298314,0.32002521676113804,0.0,2.5,0.46837344221166083
5.596111478514714,-0.42791702787298336,0.34948569158291776,0.0,2.5,0.5102264746613067
5.596111478514714,-0.41791702787298357,0.4184293589178558,0.0,2.5,0.4898599206181645
5.6061114785147135,-1.807917027872954,0.7218655456009219,0.0,2.5,0.558034381807592
5.6061114785147135,-1.6579170278729571,0.998476572574355,0.0,2.5,0.6364268228115415
5.6061114785147135,-1.6479170278729574,1.00097707407386,0.0,2.5,0.6363770601850697
5.6061114785147135,-1.6379170278729576,1.0201998217878878,0.0,2.5,0.6409048363656873
5.6061114785147135,-1.6279170278729578,0.9952386095949286,0.0,2.5,0.6314697424171508
5.6061114785147135,-1.617917027872958,0.9785013620231635,0.0,2.5,0.6203079213060543
5.6061114785147135,-1.6079170278729582,0.9536425333432867,0.0,2.5,0.608659353003366
5.6061114785147135,-1.5979170278729584,0.9405366252052485,0.0,2.5,0.6033262428487254
5.6061114785147135,-1.5879170278729586,0.9508194415381399,0.0,2.5,0.6181715679734496
5.6061114785147135,-1.5779170278729588,0.9149038512568956,0.0,2.5,0.6111171992918953
5.6061114785147135,-1.567917027872959,0.9222457727236487,0.0,2.5,0.6153281911348941
5.6061114785147135,-1.5579170278729593,0.9284495687202535,0.0,2.5,0.6304790967624128
5.6061114785147135,-1.5479170278729595,0.9334190585380879,0.0,2.5,0.6525028145771036
5.6061114785147135,-1.5379170278729597,0.912589356645221,0.0,2.5,0.6484522687495057
5.6061114785147135,-1.52791702787296,0.9149859294552388,0.0,2.5,0.6582333200731166
5.6061114785147135,-1.5179170278729601,0.9266762909690699,0.0,2.5,0.6707847970483026
5.6061114785147135,-1.5079170278729603,0.9675337659895763,0.0,2.5,0.6420404766967486
5.6061114785147135,-1.4979170278729605,0.9219563938939223,0.0,2.5,0.5996781282561694
5.6061114785147135,-1.4879170278729608,0.8815316797752295,0.0,2.5,0.5700358948544535
5.6061114785147135,-1.477917027872961,0.8739583792669056,0.0,2.5,0.5651647781164372
5.6061114785147135,-1.4679170278729612,0.9247518909660477,0.0,2.5,0.5981099353547964
5.6061114785147135,-1.4579170278729614,0.9556656133744056,0.0,2.5,0.6672887595322978
5.6061114785147135,-1.4479170278729616,0.7945790934662027,0.0,2.5,0.6476365922032453
5.6061114785147135,-1.4379170278729618,0.6858103501259458,0.0,2.5,0.6481512463145209
5.6061114785147135,-1.427917027872962,0.8303590213564194,0.0,2.5,0.6820899773318438
5.6061114785147135,-1.4179170278729623,0.8759207052801409,0.0,2.5,0.6852499749989533
5.6061114785147135,-1.4079170278729625,0.9220854205642649,0.0,2.5,0.6615192405406362
5.6061114785147135,-1.3979170278729627,0.9811950112083512,0.0,2.5,0.6466550078958844
5.6061114785147135,-1.387917027872963,0.9301274302773507,0.0,2.5,0.6225350909790338
5.6061114785147135,-1.377917027872963,0.8486860336909235,0.0,2.5,0.6048075549303616
5.6061114785147135,-1.3679170278729633,0.8408620175205709,0.0,2.5,0.5918538768298616
5.6061114785147135,-1.3579170278729635,0.8531356319382638,0.0,2.5,0.5877990715484426
5.6061114785147135,-1.3479170278729637,0.8730535862710717,0.0,2.5,0.5935472180420336
5.6061114785147135,-1.337917027872964,0.8743023282204972,0.0,2.5,0.5790152716171172
5.6061114785147135,-1.3279170278729642,0.8190298915826524,0.0,2.5,0.5326953161668039
5.6061114785147135,-1.3179170278729644,0.8376249385829738,0.0,2.5,0.528537856108873
5.6061114785147135,-1.3079170278729646,0.8545316020280851,0.0,2.5,0.5416636525680637
5.6061114785147135,-1.2979170278729648,0.845543108584727,0.0,2.5,0.5389610049124326
5.6061114785147135,-1.287917027872965,0.8050975558843811,0.0,2.5,0.5341953505201771
5.6061114785147135,-1.2779170278729652,0.7556431411162978,0.0,2.5,0.5191141953428006
5.6061114785147135,-1.2679170278729655,0.7491123707290142,0.0,2.5,0.5439760151407548
5.6061114785147135,-1.2579170278729657,0.780966379021813,0.0,2.5,0.5733266049596003
5.6061114785147135,-1.2479170278729659,0.7736277154770603,0.0,2.5,0.5776705116943973
5.6061114785147135,-1.237917027872966,0.7765627777000289,0.0,2.5,0.585996135288395
5.6061114785147135,-1.2279170278729663,0.7344493901007939,0.0,2.5,0.5786393911320854
5.6061114785147135,-1.2179170278729665,0.7321901786099374,0.0,2.5,0.574249301933413
5.6061114785147135,-1.2079170278729667,0.7469355295847552,0.0,2.5,0.5750423655956908
5.6061114785147135,-1.197917027872967,0.7499580398745518,0.0,2.5,0.5738424661622085
5.6061114785147135,-1.1879170278729672,0.7106390688394353,0.0,2.5,0.5470748514483559
5.6061114785147135,-1.1779170278729674,0.7189679323646918,0.0,2.5,0.5497277967508248
5.6061114785147135,-1.1679170278729676,0.7404565877134867,0.0,2.5,0.5590033013995166
5.6061114785147135,-1.1579170278729678,0.7469542874678292,0.0,2.5,0.5588516046564941
5.6061114785147135,-1.147917027872968,0.7795793598412227,0.0,2.5,0.5538066957110784
5.6061114785147135,-1.1379170278729682,0.7868564083542423,0.0,2.5,0.5531122008224352
5.6061114785147135,-1.1279170278729684,0.7843571516630213,0.0,2.5,0.5549262899856011
5.6061114785147135,-1.1179170278729686,0.7671432984300962,0.0,2.5,0.5425029401010109
5.6061114785147135,-1.1079170278729689,0.7513583146212385,0.0,2.5,0.5313414588162186
5.6061114785147135,-1.097917027872969,0.7411231200984089,0.0,2.5,0.5254726403210053
5.6061114785147135,-1.0879170278729693,0.7498753534370884,0.0,2.5,0.5243947261878031
5.6061114785147135,-1.0779170278729695,0.7564798010698527,0.0,2.5,0.527352668891415
5.6061114785147135,-1.0679170278729697,0.7334526522876806,0.0,2.5,0.5100268348629307
5.6061114785147135,-1.05791702787297,0.7212179476452654,0.0,2.5,0.5013222968250322
5.6061114785147135,-1.0479170278729701,0.7478691399242867,0.0,2.5,0.5218487864977783
5.6061114785147135,-1.0379170278729704,0.7464681283325514,0.0,2.5,0.51848206795818
5.6061114785147135,-1.0279170278729706,0.7653783182640771,0.0,2.5,0.5345867274071198
5.6061114785147135,-1.0179170278729708,0.7568249866987073,0.0,2.5,0.5250572478329224
5.6061114785147135,-1.007917027872971,0.7633537350060945,0.0,2.5,0.5221985480316661
5.6061114785147135,-0.9979170278729712,0.7570526792802245,0.0,2.5,0.5135016404208345
5.6061114785147135,-0.9879170278729714,0.7591619103876805,0.0,2.5,0.5135684262623499
5.6061114785147135,-0.9779170278729716,0.7209277512413607,0.0,2.5,0.4841869662457171
5.6061114785147135,-0.9679170278729718,0.7228918207276239,0.0,2.5,0.48333154307498116
5.6061114785147135,-0.9579170278729721,0.6971039832568648,0.0,2.5,0.48787763882099605
5.6061114785147135,-0.9479170278729723,0.7497509729816659,0.0,2.5,0.5245000008070277
5.6061114785147135,-0.9379170278729725,0.7698171209233617,0.0,2.5,0.5051117880201753
5.6061114785147135,-0.9279170278729727,0.7749383417716803,0.0,2.5,0.5178271521788038
5.6061114785147135,-0.9179170278729729,0.7563851793841045,0.0,2.5,0.5202741065295946
5.6061114785147135,-0.9079170278729731,0.7664634068583666,0.0,2.5,0.5282785420549516
5.6061114785147135,-0.8979170278729733,0.7163729551012993,0.0,2.5,0.525553641774994
5.6061114785147135,-0.8879170278729736,0.6330539485923445,0.0,2.5,0.5230302469949285
5.6061114785147135,-0.8779170278729738,0.5516877114178991,0.0,2.5,0.5284314082571039
5.6061114785147135,-0.867917027872974,0.5436812404935513,0.0,2.5,0.4885925089514336
5.6061114785147135,-0.8579170278729742,0.6029214209002408,0.0,2.5,0.4915415898311836
5.6061114785147135,-0.8479170278729744,0.6729663126554597,0.0,2.5,0.5078505199660893
5.6061114785147135,-0.8379170278729746,0.647811042171212,0.0,2.5,0.4997061576706466
5.6061114785147135,-0.8279170278729748,0.6364294338003293,0.0,2.5,0.5123233650568956
5.6061114785147135,-0.817917027872975,0.6477970241880567,0.0,2.5,0.510807947774808
5.6061114785147135,-0.8079170278729753,0.6838714393484141,0.0,2.5,0.5375344070410867
5.6061114785147135,-0.7979170278729755,0.6785694516958795,0.0,2.5,0.5386745134283867
5.6061114785147135,-0.7879170278729757,0.6335597895040375,0.0,2.5,0.5160794607486315
5.6061114785147135,-0.7779170278729759,0.6342010858495123,0.0,2.5,0.5230184259830228
5.6061114785147135,-0.7679170278729761,0.6213217851227901,0.0,2.5,0.5233015604635345
5.6061114785147135,-0.7579170278729763,0.6093578210964534,0.0,2.5,0.5325570498120477
5.6061114785147135,-0.7479170278729765,0.6309942852556377,0.0,2.5,0.5347620611534514
5.6061114785147135,-0.7379170278729767,0.6464076625678659,0.0,2.5,0.552714757038245
5.6061114785147135,-0.727917027872977,0.6661925769646805,0.0,2.5,0.5719398830989345
5.6061114785147135,-0.7179170278729772,0.6848787811907152,0.0,2.5,0.6003159806432222
5.6061114785147135,-0.7079170278729774,0.6182984620666756,0.0,2.5,0.5898180628992675
5.6061114785147135,-0.6979170278729776,0.5624563661466022,0.0,2.5,0.5801757368420798
5.6061114785147135,-0.6879170278729778,0.43482783838897304,0.0,2.5,0.5039420694966393
5.6061114785147135,-0.677917027872978,0.3619303306633885,0.0,2.5,0.4261541691304189
5.6061114785147135,-0.6679170278729782,0.33069820378034404,0.0,2.5,0.39068913844124326
5.6061114785147135,-0.6579170278729785,0.3407321308455914,0.0,2.5,0.41968945071845376
5.6061114785147135,-0.6479170278729787,0.33322813014396774,0.0,2.5,0.4760369056849346
5.6061114785147135,-0.6379170278729789,0.3622185948804228,0.0,2.5,0.49309990059475434
5.6061114785147135,-0.6279170278729791,0.37755955421158177,0.0,2.5,0.5053268699141182
5.6061114785147135,-0.6179170278729793,0.37268680637808266,0.0,2.5,0.4988606264901008
5.6061114785147135,-0.6079170278729795,0.36655028604792217,0.0,2.5,0.4995105506324196
5.6061114785147135,-0.5979170278729797,0.3658467355957089,0.0,2.5,0.5029977681392764
5.6061114785147135,-0.58791702787298,0.35811712768455756,0.0,2.5,0.50913964957084
5.6061114785147135,-0.5779170278729802,0.3536086171679665,0.0,2.5,0.5077158550883989
5.6061114785147135,-0.5679170278729804,0.3694792846364586,0.0,2.5,0.46390957008038824
5.6061114785147135,-0.5579170278729806,0.36555621325782356,0.0,2.5,0.4656208852205073
5.6061114785147135,-0.5479170278729808,0.3458431578685812,0.0,2.5,0.44144528232636265
5.6061114785147135,-0.537917027872981,0.3452575055664277,0.0,2.5,0.4422663232019774
5.6061114785147135,-0.5279170278729812,0.3598913137478558,0.0,2.5,0.4661499174785719
5.6061114785147135,-0.5179170278729814,0.35590189177336623,0.0,2.5,0.5092905601178273
5.6061114785147135,-0.5079170278729817,0.3343009106053901,0.0,2.5,0.4699342833394231
5.6061114785147135,-0.49791702787298187,0.3038496914168488,0.0,2.5,0.42640158797288646
5.6061114785147135,-0.4879170278729821,0.3365596573268952,0.0,2.5,0.4834250989992856
5.6061114785147135,-0.4779170278729823,0.3079102839214956,0.0,2.5,0.45806215798362676
5.6061114785147135,-0.4679170278729825,0.3166708314696904,0.0,2.5,0.4643734422116608
5.6061114785147135,-0.4579170278729827,0.32002521676113804,0.0,2.5,0.46837344221166083
5.6061114785147135,-0.44791702787298293,0.34862957224973545,0.0,2.5,0.5095931413279733
5.6061114785147135,-0.43791702787298314,0.4163228032269325,0.0,2.5,0.48900148802579674
5.616111478514713,-1.8179170278729537,0.7391026532547937,0.0,2.5,0.566490509344
5.616111478514713,-1.807917027872954,0.8624062540899077,0.0,2.5,0.5956376888846411
5.616111478514713,-1.7979170278729542,0.8893164459498925,0.0,2.5,0.5935423218753794
5.616111478514713,-1.7879170278729544,0.8925005260132176,0.0,2.5,0.5930264847713069
5.616111478514713,-1.7779170278729546,0.8886583381070943,0.0,2.5,0.5894281652346774
5.616111478514713,-1.667917027872957,1.007476355386279,0.0,2.5,0.6399968670344729
5.616111478514713,-1.6579170278729571,0.9928794148250979,0.0,2.5,0.6335411186330157
5.616111478514713,-1.6479170278729574,1.000418151774225,0.0,2.5,0.6380464037733196
5.616111478514713,-1.6379170278729576,1.0293135247673444,0.0,2.5,0.644947920289439
5.616111478514713,-1.6279170278729578,0.9803599341823515,0.0,2.5,0.6132394734689041
5.616111478514713,-1.617917027872958,0.9554162775594078,0.0,2.5,0.6107215172404639
5.616111478514713,-1.6079170278729582,0.9665360258061094,0.0,2.5,0.6183280877802599
5.616111478514713,-1.5979170278729584,0.9721699273913992,0.0,2.5,0.6300513963969223
5.616111478514713,-1.5879170278729586,0.9292208323489878,0.0,2.5,0.6185404466515966
5.616111478514713,-1.5779170278729588,0.9182149782990823,0.0,2.5,0.6078151678183403
5.616111478514713,-1.567917027872959,0.9264909687996967,0.0,2.5,0.6300744205854002
5.616111478514713,-1.5579170278729593,0.8846207588245241,0.0,2.5,0.6302860590351734
5.616111478514713,-1.5479170278729595,0.9003367981505763,0.0,2.5,0.6394838660860687
5.616111478514713,-1.5379170278729597,0.904966220715944,0.0,2.5,0.647739026513323
5.616111478514713,-1.52791702787296,0.9059211321503337,0.0,2.5,0.6546097176050638
5.616111478514713,-1.5179170278729601,0.9879904985333714,0.0,2.5,0.6415147520205179
5.616111478514713,-1.5079170278729603,0.9290220787711959,0.0,2.5,0.603223036178322
5.616111478514713,-1.4979170278729605,0.8882995400749061,0.0,2.5,0.5768200116796597
5.616111478514713,-1.4879170278729608,0.9402105756507779,0.0,2.5,0.6046130926208926
5.616111478514713,-1.477917027872961,0.8672284749996743,0.0,2.5,0.5623942254624545
5.616111478514713,-1.4679170278729612,0.9801813924325775,0.0,2.5,0.6318558002791779
5.616111478514713,-1.4579170278729614,0.8361351444447986,0.0,2.5,0.6507832940971802
5.616111478514713,-1.4479170278729616,0.799084177815801,0.0,2.5,0.6507297577177722
5.616111478514713,-1.4379170278729618,0.6947668547145941,0.0,2.5,0.6544573161670956
5.616111478514713,-1.427917027872962,0.8330500060343357,0.0,2.5,0.6699708323055656
5.616111478514713,-1.4179170278729623,0.8546012143304121,0.0,2.5,0.6577712776308033
5.616111478514713,-1.4079170278729625,0.9069171041752117,0.0,2.5,0.6525157878517864
5.616111478514713,-1.3979170278729627,0.9208850465947899,0.0,2.5,0.6346861572793656
5.616111478514713,-1.387917027872963,0.8919909408458916,0.0,2.5,0.6039090026745099
5.616111478514713,-1.377917027872963,0.8682382881066075,0.0,2.5,0.6061413862056858
5.616111478514713,-1.3679170278729633,0.8738538369222417,0.0,2.5,0.5982095340095446
5.616111478514713,-1.3579170278729635,0.8717640101149253,0.0,2.5,0.6059040809748926
5.616111478514713,-1.3479170278729637,0.8687321195877351,0.0,2.5,0.5893852002153577
5.616111478514713,-1.337917027872964,0.8736772861322364,0.0,2.5,0.5825422792765206
5.616111478514713,-1.3279170278729642,0.8072351869323413,0.0,2.5,0.5324400962163346
5.616111478514713,-1.3179170278729644,0.8265983156358049,0.0,2.5,0.5297656297720106
5.616111478514713,-1.3079170278729646,0.8347745272875691,0.0,2.5,0.5306324047412121
5.616111478514713,-1.2979170278729648,0.8163846450643742,0.0,2.5,0.5366802826010055
5.616111478514713,-1.287917027872965,0.7937505720996385,0.0,2.5,0.5246398011995087
5.616111478514713,-1.2779170278729652,0.7906013008439045,0.0,2.5,0.5261748710907054
5.616111478514713,-1.2679170278729655,0.7619488843499269,0.0,2.5,0.5123663180432417
5.616111478514713,-1.2579170278729657,0.7464510190817388,0.0,2.5,0.5255837645505423
5.616111478514713,-1.2479170278729659,0.7677364991630505,0.0,2.5,0.5603846360322728
5.616111478514713,-1.237917027872966,0.7706660612000018,0.0,2.5,0.568540962288705
5.616111478514713,-1.2279170278729663,0.7442712809185781,0.0,2.5,0.5760951092751488
5.616111478514713,-1.2179170278729665,0.7213725102591313,0.0,2.5,0.5818522344395524
5.616111478514713,-1.2079170278729667,0.7279386949235096,0.0,2.5,0.5830185026418917
5.616111478514713,-1.197917027872967,0.6797626923120211,0.0,2.5,0.5568936280741926
5.616111478514713,-1.1879170278729672,0.6029947733510694,0.0,2.5,0.5227520330465172
5.616111478514713,-1.1779170278729674,0.5799226326591801,0.0,2.5,0.5188840619651718
5.616111478514713,-1.1679170278729676,0.5800011933545175,0.0,2.5,0.52279081079419
5.616111478514713,-1.1579170278729678,0.6141038018098838,0.0,2.5,0.527112607297152
5.616111478514713,-1.147917027872968,0.6283085471747154,0.0,2.5,0.5337632787653462
5.616111478514713,-1.1379170278729682,0.659341701079025,0.0,2.5,0.5415208629712951
5.616111478514713,-1.1279170278729684,0.7069331152672566,0.0,2.5,0.5440949269367535
5.616111478514713,-1.1179170278729686,0.7005983621337739,0.0,2.5,0.5420131664269745
5.616111478514713,-1.1079170278729689,0.7043641327805246,0.0,2.5,0.5458481764873366
5.616111478514713,-1.097917027872969,0.7109821719794527,0.0,2.5,0.5496480280701248
5.616111478514713,-1.0879170278729693,0.7191892287656149,0.0,2.5,0.540588187928826
5.616111478514713,-1.0779170278729695,0.7188437475978486,0.0,2.5,0.5506058124213948
5.616111478514713,-1.0679170278729697,0.6952470844002434,0.0,2.5,0.5331813772882734
5.616111478514713,-1.05791702787297,0.7097072885802552,0.0,2.5,0.5462167209945729
5.616111478514713,-1.0479170278729701,0.7136407641241593,0.0,2.5,0.5535752196414048
5.616111478514713,-1.0379170278729704,0.7423462123129788,0.0,2.5,0.5955962520318838
5.616111478514713,-1.0279170278729706,0.7207943798497561,0.0,2.5,0.585569170078024
5.616111478514713,-1.0179170278729708,0.7125363192940766,0.0,2.5,0.5798850824326007
5.616111478514713,-1.007917027872971,0.720846280536943,0.0,2.5,0.5778785699920166
5.616111478514713,-0.9979170278729712,0.7064636612802402,0.0,2.5,0.564867166436105
5.616111478514713,-0.9879170278729714,0.6605264159295833,0.0,2.5,0.5213541972169939
5.616111478514713,-0.9779170278729716,0.6853193307609602,0.0,2.5,0.5146559842238013
5.616111478514713,-0.9679170278729718,0.7036521352326442,0.0,2.5,0.5050501839961955
5.616111478514713,-0.9579170278729721,0.737079499709771,0.0,2.5,0.5015339660192941
5.616111478514713,-0.9479170278729723,0.7236742898282014,0.0,2.5,0.5229049353190038
5.616111478514713,-0.9379170278729725,0.757280696412801,0.0,2.5,0.548181163832592
5.616111478514713,-0.9279170278729727,0.750134683949719,0.0,2.5,0.5509787275001653
5.616111478514713,-0.9179170278729729,0.733940880864578,0.0,2.5,0.5530999389301416
5.616111478514713,-0.9079170278729731,0.6809490218999009,0.0,2.5,0.5728677972127696
5.616111478514713,-0.8979170278729733,0.6202172518725475,0.0,2.5,0.5861092783424122
5.616111478514713,-0.8879170278729736,0.5064461593582147,0.0,2.5,0.49543567536888783
5.616111478514713,-0.8779170278729738,0.5768621359575491,0.0,2.5,0.5513329309436827
5.616111478514713,-0.867917027872974,0.5360564822807461,0.0,2.5,0.4973662289250043
5.616111478514713,-0.8579170278729742,0.5612509882107902,0.0,2.5,0.5087010928430055
5.616111478514713,-0.8479170278729744,0.6074279261497532,0.0,2.5,0.5062286321012828
5.616111478514713,-0.8379170278729746,0.6177576917123672,0.0,2.5,0.5072176343692626
5.616111478514713,-0.8279170278729748,0.6658693910251765,0.0,2.5,0.540144646505244
5.616111478514713,-0.817917027872975,0.6838909519684879,0.0,2.5,0.5490515444469714
5.616111478514713,-0.8079170278729753,0.665616406094555,0.0,2.5,0.5401580191757565
5.616111478514713,-0.7979170278729755,0.6483027987130705,0.0,2.5,0.5186704794288675
5.616111478514713,-0.7879170278729757,0.6704350785479813,0.0,2.5,0.5367907914162395
5.616111478514713,-0.7779170278729759,0.6360767252791981,0.0,2.5,0.5223620126445029
5.616111478514713,-0.7679170278729761,0.6051838526504758,0.0,2.5,0.5143394545381643
5.616111478514713,-0.7579170278729763,0.6318323919071221,0.0,2.5,0.5384677151856104
5.616111478514713,-0.7479170278729765,0.6260116985677794,0.0,2.5,0.5308641467197898
5.616111478514713,-0.7379170278729767,0.6551589900335141,0.0,2.5,0.5586067407492484
5.616111478514713,-0.727917027872977,0.6732212765627738,0.0,2.5,0.5897126840010006
5.616111478514713,-0.7179170278729772,0.6667305048680701,0.0,2.5,0.6015983702785281
5.616111478514713,-0.7079170278729774,0.6136992319227272,0.0,2.5,0.5782332832695168
5.616111478514713,-0.6979170278729776,0.6115296181571344,0.0,2.5,0.5993119219255881
5.616111478514713,-0.6879170278729778,0.5380760466540528,0.0,2.5,0.5671610022867598
5.616111478514713,-0.677917027872978,0.4311046041799902,0.0,2.5,0.519794997948634
5.616111478514713,-0.6679170278729782,0.37660383909834705,0.0,2.5,0.44526797791805317
5.616111478514713,-0.6579170278729785,0.3887984720908363,0.0,2.5,0.47989841376445347
5.616111478514713,-0.6479170278729787,0.4397318800176404,0.0,2.5,0.5228105381726392
5.616111478514713,-0.6379170278729789,0.4239064430578427,0.0,2.5,0.5130302479650672
5.616111478514713,-0.6279170278729791,0.42291029635314675,0.0,2.5,0.514783707084564
5.616111478514713,-0.6179170278729793,0.4261480376481037,0.0,2.5,0.5187482880991466
5.616111478514713,-0.6079170278729795,0.41568070910729377,0.0,2.5,0.5216545564973138
5.616111478514713,-0.5979170278729797,0.41428799723775594,0.0,2.5,0.5199060902396451
5.616111478514713,-0.58791702787298,0.4048646254150208,0.0,2.5,0.5119754018379411
5.616111478514713,-0.5779170278729802,0.395688088639673,0.0,2.5,0.5007433917912906
5.616111478514713,-0.5679170278729804,0.3893635881652449,0.0,2.5,0.49502976445201413
5.616111478514713,-0.5579170278729806,0.38896564364848624,0.0,2.5,0.4995390688189221
5.616111478514713,-0.5479170278729808,0.40802862048400107,0.0,2.5,0.5176005491747095
5.616111478514713,-0.537917027872981,0.40248336967198134,0.0,2.5,0.5073081918099396
5.616111478514713,-0.5279170278729812,0.39395343228834706,0.0,2.5,0.4752932801767862
5.616111478514713,-0.5179170278729814,0.3586957727896227,0.0,2.5,0.49454019483321604
5.616111478514713,-0.5079170278729817,0.3315117756592514,0.0,2.5,0.46189338118691065
5.616111478514713,-0.49791702787298187,0.307316900282958,0.0,2.5,0.4147263942580031
5.616111478514713,-0.4879170278729821,0.3374227298423383,0.0,2.5,0.484588364305408
5.616111478514713,-0.4779170278729823,0.3079102839214956,0.0,2.5,0.45806215798362676
5.616111478514713,-0.4679170278729825,0.3166708314696904,0.0,2.5,0.4643734422116608
5.616111478514713,-0.4579170278729827,0.3491323535718996,0.0,2.5,0.5115931413279733
5.616111478514713,-0.44791702787298293,0.4203392959781104,0.0,2.5,0.503721489575433
5.626111478514713,-1.8179170278729537,0.7530302948060386,0.0,2.5,0.5720468392800783
5.626111478514713,-1.807917027872954,0.8530695092938142,0.0,2.5,0.6100181659982623
5.626111478514713,-1.7979170278729542,0.9180049881218284,0.0,2.5,0.6010492348324611
5.626111478514713,-1.7879170278729544,0.9225658378715635,0.0,2.5,0.6022125001385836
5.626111478514713,-1.7779170278729546,0.9223788694994396,0.0,2.5,0.60180096410978
5.626111478514713,-1.7679170278729548,0.9132406504611366,0.0,2.5,0.5964675934990953
5.626111478514713,-1.757917027872955,0.9133390888335603,0.0,2.5,0.5967719002799149
5.626111478514713,-1.7479170278729552,0.9055143200237207,0.0,2.5,0.5910797536639526
5.626111478514713,-1.6879170278729565,1.0046657830715056,0.0,2.5,0.63860239357313
5.626111478514713,-1.6779170278729567,0.9986995958324661,0.0,2.5,0.6336725737896743
5.626111478514713,-1.667917027872957,0.9940317630142514,0.0,2.5,0.6373407783580735
5.626111478514713,-1.6579170278729571,0.9919845672100217,0.0,2.5,0.6335369928335104
5.626111478514713,-1.6479170278729574,1.024740552953271,0.0,2.5,0.6450286428896945
5.626111478514713,-1.6379170278729576,0.9958206882343363,0.0,2.5,0.6251091460009565
5.626111478514713,-1.6279170278729578,1.004912535473488,0.0,2.5,0.6274108160698766
5.626111478514713,-1.617917027872958,0.9610731351288407,0.0,2.5,0.6143134669786082
5.626111478514713,-1.6079170278729582,0.9974962763776856,0.0,2.5,0.6455616828282018
5.626111478514713,-1.5979170278729584,0.9627461943285609,0.0,2.5,0.6319322073111133
5.626111478514713,-1.5879170278729586,0.9243033082914918,0.0,2.5,0.6170444594828959
5.626111478514713,-1.5779170278729588,0.9524097494657372,0.0,2.5,0.6332394560943295
5.626111478514713,-1.567917027872959,0.9058221995739771,0.0,2.5,0.623883858940439
5.626111478514713,-1.5579170278729593,0.8826627015356598,0.0,2.5,0.623009892566425
5.626111478514713,-1.5479170278729595,0.9120365247025921,0.0,2.5,0.6475503687819841
5.626111478514713,-1.5379170278729597,0.9099554320617901,0.0,2.5,0.637531217413448
5.626111478514713,-1.52791702787296,0.9723123117822177,0.0,2.5,0.6211335770001287
5.626111478514713,-1.5179170278729601,0.9416507292440169,0.0,2.5,0.59518565784418
5.626111478514713,-1.5079170278729603,0.9035671695805276,0.0,2.5,0.5752522553649285
5.626111478514713,-1.4979170278729605,0.9337987780954964,0.0,2.5,0.5918394567561185
5.626111478514713,-1.4879170278729608,0.8999689955513642,0.0,2.5,0.5897076360548188
5.626111478514713,-1.477917027872961,0.8769313326969339,0.0,2.5,0.5626157304753361
5.626111478514713,-1.4679170278729612,0.9638392747587278,0.0,2.5,0.6420447716192172
5.626111478514713,-1.4579170278729614,0.8163408560448253,0.0,2.5,0.6582264157039501
5.626111478514713,-1.4479170278729616,0.7832468524393883,0.0,2.5,0.660721067875005
5.626111478514713,-1.4379170278729618,0.6909752013459498,0.0,2.5,0.6553320919274931
5.626111478514713,-1.427917027872962,0.7955378804096005,0.0,2.5,0.6613620594502984
5.626111478514713,-1.4179170278729623,0.8328290317315398,0.0,2.5,0.6410815053193077
5.626111478514713,-1.4079170278729625,0.8741673822944744,0.0,2.5,0.6476533603420349
5.626111478514713,-1.3979170278729627,0.9176195161458323,0.0,2.5,0.6360644243731561
5.626111478514713,-1.387917027872963,0.8910501080480815,0.0,2.5,0.6046056849562277
5.626111478514713,-1.377917027872963,0.8797350008230221,0.0,2.5,0.6002506205593512
5.626111478514713,-1.3679170278729633,0.869848136986828,0.0,2.5,0.6088428673428777
5.626111478514713,-1.3579170278729635,0.9181646299344356,0.0,2.5,0.6075851653055788
5.626111478514713,-1.3479170278729637,0.8503286626555192,0.0,2.5,0.5846012747435213
5.626111478514713,-1.337917027872964,0.8588402463988298,0.0,2.5,0.5797327220425829
5.626111478514713,-1.3279170278729642,0.8249799686368526,0.0,2.5,0.5467768880237454
5.626111478514713,-1.3179170278729644,0.8086044331023192,0.0,2.5,0.5279207338281123
5.626111478514713,-1.3079170278729646,0.8260626751304668,0.0,2.5,0.5291614369992768
5.626111478514713,-1.2979170278729648,0.7906049974218412,0.0,2.5,0.525334605481648
5.626111478514713,-1.287917027872965,0.7847488624067285,0.0,2.5,0.5207882464496703
5.626111478514713,-1.2779170278729652,0.7821906364572465,0.0,2.5,0.5210814793887439
5.626111478514713,-1.2679170278729655,0.7785126229530294,0.0,2.5,0.5190050567220494
5.626111478514713,-1.2579170278729657,0.777244296326884,0.0,2.5,0.5200590055654662
5.626111478514713,-1.2479170278729659,0.7387191627659334,0.0,2.5,0.5051949849043981
5.626111478514713,-1.237917027872966,0.7381980073861699,0.0,2.5,0.5367998575486899
5.626111478514713,-1.2279170278729663,0.7737115990393363,0.0,2.5,0.5689028847444535
5.626111478514713,-1.2179170278729665,0.7724414912814049,0.0,2.5,0.582216814082344
5.626111478514713,-1.2079170278729667,0.6922843781547143,0.0,2.5,0.5529053771945025
5.626111478514713,-1.197917027872967,0.6821921674918456,0.0,2.5,0.5569492214341493
5.626111478514713,-1.1879170278729672,0.6924374026016626,0.0,2.5,0.552772405250473
5.626111478514713,-1.1779170278729674,0.6055334227599173,0.0,2.5,0.5388984845998739
5.626111478514713,-1.1679170278729676,0.5587100000807202,0.0,2.5,0.4961040270844192
5.626111478514713,-1.1579170278729678,0.4811366391827978,0.0,2.5,0.42466232471724463
5.626111478514713,-1.147917027872968,0.5202702312634848,0.0,2.5,0.4595769977644038
5.626111478514713,-1.1379170278729682,0.5178923199648182,0.0,2.5,0.46953075580797066
5.626111478514713,-1.1279170278729684,0.5246016208239804,0.0,2.5,0.47420091382707863
5.626111478514713,-1.1179170278729686,0.52102867339246,0.0,2.5,0.47082975120728104
5.626111478514713,-1.1079170278729689,0.5127906903150506,0.0,2.5,0.4652293587240714
5.626111478514713,-1.097917027872969,0.5036900202064236,0.0,2.5,0.44534759275020863
5.626111478514713,-1.0879170278729693,0.49980074716890127,0.0,2.5,0.439665329009052
5.626111478514713,-1.0779170278729695,0.4959270409466987,0.0,2.5,0.4345969293395204
5.626111478514713,-1.0679170278729697,0.5001574403450197,0.0,2.5,0.43377678545462833
5.626111478514713,-1.05791702787297,0.5082221478193453,0.0,2.5,0.4372851421893149
5.626111478514713,-1.0479170278729701,0.5471496569626112,0.0,2.5,0.4693880807183421
5.626111478514713,-1.0379170278729704,0.5466760414091605,0.0,2.5,0.4822164270898495
5.626111478514713,-1.0279170278729706,0.5409728030881189,0.0,2.5,0.47857605655144364
5.626111478514713,-1.0179170278729708,0.5743656297655,0.0,2.5,0.5142562368154568
5.626111478514713,-1.007917027872971,0.634349646987772,0.0,2.5,0.5422897454326344
5.626111478514713,-0.9979170278729712,0.7145085617647385,0.0,2.5,0.5640131371394116
5.626111478514713,-0.9879170278729714,0.6872773606425117,0.0,2.5,0.5517435297020891
5.626111478514713,-0.9779170278729716,0.7276515074907427,0.0,2.5,0.5410417885132192
5.626111478514713,-0.9679170278729718,0.764615838679199,0.0,2.5,0.5295867336754162
5.626111478514713,-0.9579170278729721,0.7036876372416089,0.0,2.5,0.505235740333604
5.626111478514713,-0.9479170278729723,0.705911088364896,0.0,2.5,0.4938662034537388
5.626111478514713,-0.9379170278729725,0.7754497772008551,0.0,2.5,0.5457359913677806
5.626111478514713,-0.9279170278729727,0.7506549237214202,0.0,2.5,0.5409396364409093
5.626111478514713,-0.9179170278729729,0.7209964157344947,0.0,2.5,0.5416166806416526
5.626111478514713,-0.9079170278729731,0.6539245789769652,0.0,2.5,0.5714205423269639
5.626111478514713,-0.8979170278729733,0.4957794122483757,0.0,2.5,0.485515534864931
5.626111478514713,-0.8879170278729736,0.47657916035679865,0.0,2.5,0.4493623382688188
5.626111478514713,-0.8779170278729738,0.46312289988504896,0.0,2.5,0.4489549951696278
5.626111478514713,-0.867917027872974,0.5083683351241073,0.0,2.5,0.5034939719274522
5.626111478514713,-0.8579170278729742,0.5229252944946476,0.0,2.5,0.5255600129063782
5.626111478514713,-0.8479170278729744,0.5675736255715319,0.0,2.5,0.5289490673446958
5.626111478514713,-0.8379170278729746,0.5858935508899847,0.0,2.5,0.5428190889912392
5.626111478514713,-0.8279170278729748,0.6278446689329004,0.0,2.5,0.5728149831255492
5.626111478514713,-0.817917027872975,0.6472365286965249,0.0,2.5,0.5624667639639337
5.626111478514713,-0.8079170278729753,0.6957043732397727,0.0,2.5,0.5787161657186785
5.626111478514713,-0.7979170278729755,0.6860694501032873,0.0,2.5,0.5551502319462902
5.626111478514713,-0.7879170278729757,0.6806599988238736,0.0,2.5,0.5546622029042926
5.626111478514713,-0.7779170278729759,0.657551937764125,0.0,2.5,0.550716643906323
5.626111478514713,-0.7679170278729761,0.633581773632316,0.0,2.5,0.5348160098645716
5.626111478514713,-0.7579170278729763,0.6463201879418834,0.0,2.5,0.5433111368994282
5.626111478514713,-0.7479170278729765,0.6469203079456646,0.0,2.5,0.5492776880725688
5.626111478514713,-0.7379170278729767,0.654360351320848,0.0,2.5,0.5751106340567748
5.626111478514713,-0.727917027872977,0.6826665564719814,0.0,2.5,0.6120148952982634
5.626111478514713,-0.7179170278729772,0.6495918700551409,0.0,2.5,0.6155397527519747
5.626111478514713,-0.7079170278729774,0.6144554800569842,0.0,2.5,0.6068944499775057
5.626111478514713,-0.6979170278729776,0.5570471504882857,0.0,2.5,0.582753610901337
5.626111478514713,-0.6879170278729778,0.5565827155540503,0.0,2.5,0.5840455306743562
5.626111478514713,-0.677917027872978,0.526095496877414,0.0,2.5,0.570659506120925
5.626111478514713,-0.6679170278729782,0.4693444265336367,0.0,2.5,0.5425339938142376
5.626111478514713,-0.6579170278729785,0.47110575761250845,0.0,2.5,0.5377070239445819
5.626111478514713,-0.6479170278729787,0.45109203999624475,0.0,2.5,0.5356508552511003
5.626111478514713,-0.6379170278729789,0.43817249756419624,0.0,2.5,0.5359585576869133
5.626111478514713,-0.6279170278729791,0.42574073593268885,0.0,2.5,0.5266444022569782
5.626111478514713,-0.6179170278729793,0.4131596732864511,0.0,2.5,0.5249280046142775
5.626111478514713,-0.6079170278729795,0.4118314956501044,0.0,2.5,0.5267604345947524
5.626111478514713,-0.5979170278729797,0.41302818416560777,0.0,2.5,0.5297828283246946
5.626111478514713,-0.58791702787298,0.4104556627626426,0.0,2.5,0.5280905307605076
5.626111478514713,-0.5779170278729802,0.4126129584983208,0.0,2.5,0.5306195630185722
5.626111478514713,-0.5679170278729804,0.41675826839741287,0.0,2.5,0.5312345555345963
5.626111478514713,-0.5579170278729806,0.44098575217813457,0.0,2.5,0.5377463829812051
5.626111478514713,-0.5479170278729808,0.44427020885397167,0.0,2.5,0.5332688077611981
5.626111478514713,-0.537917027872981,0.40737485488994196,0.0,2.5,0.48602705792278944
5.626111478514713,-0.5279170278729812,0.3775752522393262,0.0,2.5,0.5118565379089896
5.626111478514713,-0.5179170278729814,0.3386593911375026,0.0,2.5,0.45906804608228063
5.626111478514713,-0.5079170278729817,0.3500490220372313,0.0,2.5,0.46956119018018894
5.626111478514713,-0.49791702787298187,0.33810283250733975,0.0,2.5,0.45107710917119714
5.626111478514713,-0.4879170278729821,0.32694817428360035,0.0,2.5,0.4871735652569543
5.626111478514713,-0.4779170278729823,0.30884376721219425,0.0,2.5,0.4604052794048572
5.626111478514713,-0.4679170278729825,0.3432548319381393,0.0,2.5,0.5033156428122402
5.626111478514713,-0.4579170278729827,0.4117377505807537,0.0,2.5,0.5026690211471364
5.636111478514713,-1.8279170278729535,0.7923351147414927,0.0,2.5,0.576930674344792
5.636111478514713,-1.8179170278729537,0.8972308973647294,0.0,2.5,0.6223349785687562
5.636111478514713,-1.807917027872954,0.9891326830746813,0.0,2.5,0.6306718029744686
5.636111478514713,-1.7979170278729542,0.9993728964058118,0.0,2.5,0.6374146199140984
5.636111478514713,-1.7879170278729544,0.9880918541174553,0.0,2.5,0.6302110889348326
5.636111478514713,-1.7779170278729546,0.9811147368568898,0.0,2.5,0.6256387529522852
5.636111478514713,-1.7679170278729548,0.9775621691572219,0.0,2.5,0.621378447522596
5.636111478514713,-1.757917027872955,0.9807086000418292,0.0,2.5,0.623378447522596
5.636111478514713,-1.7479170278729552,0.9771046067807202,0.0,2.5,0.6225417128287185
5.636111478514713,-1.7379170278729554,1.0050862699207104,0.0,2.5,0.6213169275936153
5.636111478514713,-1.7279170278729556,0.9714637654677507,0.0,2.5,0.6195054409436193
5.636111478514713,-1.7179170278729559,0.8949131557723414,0.0,2.5,0.5876246321925461
5.636111478514713,-1.707917027872956,0.9371450860569593,0.0,2.5,0.6128907691311871
5.636111478514713,-1.6979170278729563,0.9960522030206833,0.0,2.5,0.6354366085224594
5.636111478514713,-1.6879170278729565,0.9975518559274119,0.0,2.5,0.6321414434863482
5.636111478514713,-1.6779170278729567,1.0017696833378993,0.0,2.5,0.6403443133352515
5.636111478514713,-1.667917027872957,0.9739044098163048,0.0,2.5,0.621581935350676
5.636111478514713,-1.6579170278729571,1.0203988901549401,0.0,2.5,0.6428125049475905
5.636111478514713,-1.6479170278729574,0.9995531969271332,0.0,2.5,0.6304053428998724
5.636111478514713,-1.6379170278729576,0.9927321968115521,0.0,2.5,0.6233523239860999
5.636111478514713,-1.6279170278729578,1.002612373893189,0.0,2.5,0.631822909692913
5.636111478514713,-1.617917027872958,1.004128880633219,0.0,2.5,0.6373244715801969
5.636111478514713,-1.6079170278729582,0.9823132895558898,0.0,2.5,0.6448942681621729
5.636111478514713,-1.5979170278729584,0.9443914084115664,0.0,2.5,0.6292334594237805
5.636111478514713,-1.5879170278729586,0.9501973889339703,0.0,2.5,0.6367622451664401
5.636111478514713,-1.5779170278729588,0.9250392450103528,0.0,2.5,0.6291976161140768
5.636111478514713,-1.567917027872959,0.8948651317939154,0.0,2.5,0.6195498041387498
5.636111478514713,-1.5579170278729593,0.9152556336349255,0.0,2.5,0.6458739631789172
5.636111478514713,-1.5479170278729595,0.9524454883724262,0.0,2.5,0.6403960338848145
5.636111478514713,-1.5379170278729597,0.9489769780511256,0.0,2.5,0.5956593639115555
5.636111478514713,-1.52791702787296,0.9247502339428629,0.0,2.5,0.5745305417389527
5.636111478514713,-1.5179170278729601,0.9249044706771749,0.0,2.5,0.5846531848737568
5.636111478514713,-1.5079170278729603,0.9330324713761842,0.0,2.5,0.5942275155234567
5.636111478514713,-1.4979170278729605,0.9505032205666323,0.0,2.5,0.6255315485366834
5.636111478514713,-1.4879170278729608,0.9092725525344124,0.0,2.5,0.5982127187782318
5.636111478514713,-1.477917027872961,0.9240687994401592,0.0,2.5,0.5736938070450751
5.636111478514713,-1.4679170278729612,0.9331543538813835,0.0,2.5,0.6330043383503786
5.636111478514713,-1.4579170278729614,0.8108728109310619,0.0,2.5,0.6550648129985271
5.636111478514713,-1.4479170278729616,0.7036500373299699,0.0,2.5,0.65809617828922
5.636111478514713,-1.4379170278729618,0.6991231682750687,0.0,2.5,0.6440183403486599
5.636111478514713,-1.427917027872962,0.7123421600715216,0.0,2.5,0.6277883710345178
5.636111478514713,-1.4179170278729623,0.8333857795334518,0.0,2.5,0.6317436819470104
5.636111478514713,-1.4079170278729625,0.840906787318933,0.0,2.5,0.6173886651276425
5.636111478514713,-1.3979170278729627,0.8839568335933532,0.0,2.5,0.6078315831483603
5.636111478514713,-1.387917027872963,0.9009759139471705,0.0,2.5,0.6018408537189404
5.636111478514713,-1.377917027872963,0.8722780305861149,0.0,2.5,0.5953760499575274
5.636111478514713,-1.3679170278729633,0.8740216730034608,0.0,2.5,0.6088428673428778
5.636111478514713,-1.3579170278729635,0.8959094078507103,0.0,2.5,0.6061274979329792
5.636111478514713,-1.3479170278729637,0.8713162079949436,0.0,2.5,0.5830909817656104
5.636111478514713,-1.337917027872964,0.8602980389555002,0.0,2.5,0.5776084106990559
5.636111478514713,-1.3279170278729642,0.8328179957132831,0.0,2.5,0.5530241045413039
5.636111478514713,-1.3179170278729644,0.8017274902760398,0.0,2.5,0.5255858600049027
5.636111478514713,-1.3079170278729646,0.801213877330909,0.0,2.5,0.5356920793938577
5.636111478514713,-1.2979170278729648,0.7792441362034392,0.0,2.5,0.5206795466360776
5.636111478514713,-1.287917027872965,0.7769028484668393,0.0,2.5,0.5232870458295621
5.636111478514713,-1.2779170278729652,0.7744750202783035,0.0,2.5,0.5172955786054539
5.636111478514713,-1.2679170278729655,0.7705841531488342,0.0,2.5,0.513295578605454
5.636111478514713,-1.2579170278729657,0.7628510780031753,0.0,2.5,0.5062317245186857
5.636111478514713,-1.2479170278729659,0.7656652773083185,0.0,2.5,0.5133289926064026
5.636111478514713,-1.237917027872966,0.7711765824537691,0.0,2.5,0.5175984741552659
5.636111478514713,-1.2279170278729663,0.7558034520095573,0.0,2.5,0.5300604129541117
5.636111478514713,-1.2179170278729665,0.7502130288704013,0.0,2.5,0.5459473817162716
5.636111478514713,-1.2079170278729667,0.7581902341454793,0.0,2.5,0.5483910189303417
5.636111478514713,-1.197917027872967,0.7456791665323252,0.0,2.5,0.5616696366442038
5.636111478514713,-1.1879170278729672,0.7138075817377454,0.0,2.5,0.5596843459986588
5.636111478514713,-1.1779170278729674,0.727366804935646,0.0,2.5,0.5532202390656558
5.636111478514713,-1.1679170278729676,0.7248291651462906,0.0,2.5,0.550970533890364
5.636111478514713,-1.1579170278729678,0.6371878741089735,0.0,2.5,0.531698891917535
5.636111478514713,-1.147917027872968,0.49260996289925746,0.0,2.5,0.43902415440738357
5.636111478514713,-1.1379170278729682,0.48427586168721687,0.0,2.5,0.426328643903638
5.636111478514713,-1.1279170278729684,0.508750879179064,0.0,2.5,0.4571160250418628
5.636111478514713,-1.1179170278729686,0.5257851977293542,0.0,2.5,0.472209691094432
5.636111478514713,-1.1079170278729689,0.5208868440531899,0.0,2.5,0.4599654785949333
5.636111478514713,-1.097917027872969,0.517058475771327,0.0,2.5,0.4543505682493183
5.636111478514713,-1.0879170278729693,0.5267478743406926,0.0,2.5,0.45683734664616055
5.636111478514713,-1.0779170278729695,0.5565827716560369,0.0,2.5,0.47572021382308427
5.636111478514713,-1.0679170278729697,0.5809757504474744,0.0,2.5,0.4896816359036385
5.636111478514713,-1.05791702787297,0.5966442893301244,0.0,2.5,0.494799654914808
5.636111478514713,-1.0479170278729701,0.5867429056197585,0.0,2.5,0.4900832560936992
5.636111478514713,-1.0379170278729704,0.5612174166250086,0.0,2.5,0.4720158388221565
5.636111478514713,-1.0279170278729706,0.5502816369182562,0.0,2.5,0.4825268352660258
5.636111478514713,-1.0179170278729708,0.6319811219211084,0.0,2.5,0.5527355420245805
5.636111478514713,-1.007917027872971,0.7351698846900454,0.0,2.5,0.551081426408393
5.636111478514713,-0.9979170278729712,0.7199463251407119,0.0,2.5,0.5463915970084584
5.636111478514713,-0.9879170278729714,0.7489331223627899,0.0,2.5,0.5634842530352269
5.636111478514713,-0.9779170278729716,0.794679018623629,0.0,2.5,0.5770279352406362
5.636111478514713,-0.9679170278729718,0.7462826982240067,0.0,2.5,0.5424341383458966
5.636111478514713,-0.9579170278729721,0.7263615404383994,0.0,2.5,0.5253056273774499
5.636111478514713,-0.9479170278729723,0.7911974652689915,0.0,2.5,0.5630579829593703
5.636111478514713,-0.9379170278729725,0.7704716708188097,0.0,2.5,0.5651137566731775
5.636111478514713,-0.9279170278729727,0.7547054122568836,0.0,2.5,0.5696002796410238
5.636111478514713,-0.9179170278729729,0.6719825095009253,0.0,2.5,0.611206214245053
5.636111478514713,-0.9079170278729731,0.5511623423989573,0.0,2.5,0.5271270568213949
5.636111478514713,-0.8979170278729733,0.49480832923195495,0.0,2.5,0.4775961241045013
5.636111478514713,-0.8879170278729736,0.5487250189613028,0.0,2.5,0.5262246142787217
5.636111478514713,-0.8779170278729738,0.48090700933380176,0.0,2.5,0.4667484508206013
5.636111478514713,-0.867917027872974,0.48765569046528673,0.0,2.5,0.47315056347579293
5.636111478514713,-0.8579170278729742,0.47612175150005026,0.0,2.5,0.46937092384840634
5.636111478514713,-0.8479170278729744,0.5229275609920794,0.0,2.5,0.5234470298566447
5.636111478514713,-0.8379170278729746,0.550322361053662,0.0,2.5,0.5600913335100424
5.636111478514713,-0.8279170278729748,0.6107517843199741,0.0,2.5,0.5800399252142836
5.636111478514713,-0.817917027872975,0.6200470546121409,0.0,2.5,0.5915187334414717
5.636111478514713,-0.8079170278729753,0.6445302870325903,0.0,2.5,0.5979564662822509
5.636111478514713,-0.7979170278729755,0.6641426902442821,0.0,2.5,0.5790127492266657
5.636111478514713,-0.7879170278729757,0.6743392943436153,0.0,2.5,0.5827772057203053
5.636111478514713,-0.7779170278729759,0.6892472454204926,0.0,2.5,0.5852739280148707
5.636111478514713,-0.7679170278729761,0.6848926951357802,0.0,2.5,0.5795809788830733
5.636111478514713,-0.7579170278729763,0.6493020868320732,0.0,2.5,0.5538204854702874
5.636111478514713,-0.7479170278729765,0.6409121437808732,0.0,2.5,0.5533411156399333
5.636111478514713,-0.7379170278729767,0.6764359582435365,0.0,2.5,0.5967059592202846
5.636111478514713,-0.727917027872977,0.6454056743313007,0.0,2.5,0.6097315671730119
5.636111478514713,-0.7179170278729772,0.6222310981563939,0.0,2.5,0.6368508577692514
5.636111478514713,-0.7079170278729774,0.5969068061821127,0.0,2.5,0.6004440396926108
5.636111478514713,-0.6979170278729776,0.5998541151726287,0.0,2.5,0.6123830508292147
5.636111478514713,-0.6879170278729778,0.5710825554717956,0.0,2.5,0.6055756425052345
5.636111478514713,-0.677917027872978,0.5492326991911461,0.0,2.5,0.58251871710075
5.636111478514713,-0.6679170278729782,0.4927088323319811,0.0,2.5,0.5641984759755406
5.636111478514713,-0.6579170278729785,0.4657971393429254,0.0,2.5,0.5376213139842315
5.636111478514713,-0.6479170278729787,0.48355858184277195,0.0,2.5,0.5625079284196772
5.636111478514713,-0.6379170278729789,0.488759765997158,0.0,2.5,0.5676877845347851
5.636111478514713,-0.6279170278729791,0.4739022174354702,0.0,2.5,0.5742177165075742
5.636111478514713,-0.6179170278729793,0.47180455412426997,0.0,2.5,0.5748757934168809
5.636111478514713,-0.6079170278729795,0.47328193011403263,0.0,2.5,0.5760827297546032
5.636111478514713,-0.5979170278729797,0.47555745969381036,0.0,2.5,0.5802525604111474
5.636111478514713,-0.58791702787298,0.49084495390612576,0.0,2.5,0.5707694638836216
5.636111478514713,-0.5779170278729802,0.4776939882426179,0.0,2.5,0.5620393823038096
5.636111478514713,-0.5679170278729804,0.46531071141324837,0.0,2.5,0.5443335953170557
5.636111478514713,-0.5579170278729806,0.48344804229963856,0.0,2.5,0.5310265506940927
5.636111478514713,-0.5479170278729808,0.46423251002091814,0.0,2.5,0.5077678405815005
5.636111478514713,-0.537917027872981,0.4163079956718739,0.0,2.5,0.5174136467456131
5.636111478514713,-0.5279170278729812,0.3700935689060788,0.0,2.5,0.49030807123345194
5.636111478514713,-0.5179170278729814,0.34951928473124594,0.0,2.5,0.464770998828397
5.636111478514713,-0.5079170278729817,0.35858018561317123,0.0,2.5,0.48221448272929457
5.636111478514713,-0.49791702787298187,0.3388725664660768,0.0,2.5,0.4457803861716204
5.636111478514713,-0.4879170278729821,0.33962450652974063,0.0,2.5,0.5014737840993331
5.636111478514713,-0.4779170278729823,0.33073910031269654,0.0,2.5,0.4937126887874531
5.636111478514713,-0.4679170278729825,0.40019677998920594,0.0,2.5,0.5016755286683922
5.646111478514713,-1.8279170278729535,0.8212471462637697,0.0,2.5,0.5917867405217754
5.646111478514713,-1.8179170278729537,0.9183670527518897,0.0,2.5,0.6317072430844355
5.646111478514713,-1.807917027872954,0.98893559225186,0.0,2.5,0.6371043856287099
5.646111478514713,-1.7979170278729542,0.9763336908566945,0.0,2.5,0.6215501290753026
5.646111478514713,-1.7879170278729544,1.0122754103286395,0.0,2.5,0.6251305804235345
5.646111478514713,-1.7779170278729546,1.025086821871516,0.0,2.5,0.6306015481654701
5.646111478514713,-1.7679170278729548,1.026446992506352,0.0,2.5,0.6314382828593479
5.646111478514713,-1.757917027872955,1.0275162590324889,0.0,2.5,0.6324168989847889
5.646111478514713,-1.7479170278729552,1.0248952079717537,0.0,2.5,0.6308036914376192
5.646111478514713,-1.7379170278729554,1.0207540868974034,0.0,2.5,0.6293327236956836
5.646111478514713,-1.7279170278729556,1.0197867216434418,0.0,2.5,0.6292388059414359
5.646111478514713,-1.7179170278729559,0.9166356637321096,0.0,2.5,0.5972874899478552
5.646111478514713,-1.707917027872956,0.9978091943042959,0.0,2.5,0.635559287282748
5.646111478514713,-1.6979170278729563,0.9938043049326716,0.0,2.5,0.6304043838310401
5.646111478514713,-1.6879170278729565,0.992443908699388,0.0,2.5,0.634819818996283
5.646111478514713,-1.6779170278729567,0.9733419057700424,0.0,2.5,0.6205583901052396
5.646111478514713,-1.667917027872957,1.0101732250777868,0.0,2.5,0.6433685113356616
5.646111478514713,-1.6579170278729571,1.0168915245174852,0.0,2.5,0.640330895025788
5.646111478514713,-1.6479170278729574,0.9836523594492964,0.0,2.5,0.6195394691070497
5.646111478514713,-1.6379170278729576,0.9813134110089073,0.0,2.5,0.620511932346328
5.646111478514713,-1.6279170278729578,1.0150887748929294,0.0,2.5,0.6447027930630245
5.646111478514713,-1.617917027872958,1.0188305806678015,0.0,2.5,0.654656227302166
5.646111478514713,-1.6079170278729582,0.9667999226296828,0.0,2.5,0.6436396797516891
5.646111478514713,-1.5979170278729584,0.976327510164802,0.0,2.5,0.6529311154404489
5.646111478514713,-1.5879170278729586,0.9243260800180021,0.0,2.5,0.6314130690234835
5.646111478514713,-1.5779170278729588,0.9273046409653125,0.0,2.5,0.6248490290459735
5.646111478514713,-1.567917027872959,0.9656080510435548,0.0,2.5,0.6388514833345168
5.646111478514713,-1.5579170278729593,0.9473270181237032,0.0,2.5,0.6311865693078903
5.646111478514713,-1.5479170278729595,0.972030979257945,0.0,2.5,0.5998536038759363
5.646111478514713,-1.5379170278729597,0.9152042811457806,0.0,2.5,0.5653295758658718
5.646111478514713,-1.52791702787296,0.9265303935466404,0.0,2.5,0.5876233087014049
5.646111478514713,-1.5179170278729601,0.9241097640130136,0.0,2.5,0.5942629592273818
5.646111478514713,-1.5079170278729603,1.0094892904573103,0.0,2.5,0.648390744307557
5.646111478514713,-1.4979170278729605,0.981242831368172,0.0,2.5,0.6260593020922502
5.646111478514713,-1.4879170278729608,0.9261519933805951,0.0,2.5,0.589574364277377
5.646111478514713,-1.477917027872961,0.9272332372680931,0.0,2.5,0.5755942806580548
5.646111478514713,-1.4679170278729612,0.9578999866278057,0.0,2.5,0.6446133533285842
5.646111478514713,-1.4579170278729614,0.8049178812261505,0.0,2.5,0.6521406976464501
5.646111478514713,-1.4479170278729616,0.7045973207350228,0.0,2.5,0.6556021226478613
5.646111478514713,-1.4379170278729618,0.6745738742948713,0.0,2.5,0.6184634171910585
5.646111478514713,-1.427917027872962,0.7000558403962299,0.0,2.5,0.6105326166409664
5.646111478514713,-1.4179170278729623,0.8462636943565643,0.0,2.5,0.6242610105845149
5.646111478514713,-1.4079170278729625,0.8247307948113162,0.0,2.5,0.6120896958086086
5.646111478514713,-1.3979170278729627,0.8292421908919464,0.0,2.5,0.6059535994430314
5.646111478514713,-1.387917027872963,0.8820325508279191,0.0,2.5,0.5980420937086072
5.646111478514713,-1.377917027872963,0.8630552010637071,0.0,2.5,0.5949409354537106
5.646111478514713,-1.3679170278729633,0.8583628678903701,0.0,2.5,0.6080227234579857
5.646111478514713,-1.3579170278729635,0.8745058157683255,0.0,2.5,0.6041960985363674
5.646111478514713,-1.3479170278729637,0.8783951431964206,0.0,2.5,0.5918532839833541
5.646111478514713,-1.337917027872964,0.8476700359840911,0.0,2.5,0.5732039873603431
5.646111478514713,-1.3279170278729642,0.8037686949206377,0.0,2.5,0.5508818647360696
5.646111478514713,-1.3179170278729644,0.7969152513557071,0.0,2.5,0.5396854329811192
5.646111478514713,-1.3079170278729646,0.7934355078475483,0.0,2.5,0.5432304405493447
5.646111478514713,-1.2979170278729648,0.7810566682890977,0.0,2.5,0.5279581147541373
5.646111478514713,-1.287917027872965,0.7686906904765909,0.0,2.5,0.5224019890846979
5.646111478514713,-1.2779170278729652,0.7693992094837552,0.0,2.5,0.518862227173392
5.646111478514713,-1.2679170278729655,0.775834165192561,0.0,2.5,0.5201323132993315
5.646111478514713,-1.2579170278729657,0.7523892181469398,0.0,2.5,0.4998762087714638
5.646111478514713,-1.2479170278729659,0.7572255837304654,0.0,2.5,0.5056399730760065
5.646111478514713,-1.237917027872966,0.7661190320095027,0.0,2.5,0.5136637748947868
5.646111478514713,-1.2279170278729663,0.7812245140618884,0.0,2.5,0.5187907470731026
5.646111478514713,-1.2179170278729665,0.7270248525320201,0.0,2.5,0.4812871127869034
5.646111478514713,-1.2079170278729667,0.734400991687527,0.0,2.5,0.519304999547404
5.646111478514713,-1.197917027872967,0.7416283283687156,0.0,2.5,0.5260154906300548
5.646111478514713,-1.1879170278729672,0.775720436878765,0.0,2.5,0.5558782711307246
5.646111478514713,-1.1779170278729674,0.7719956862986386,0.0,2.5,0.5599724061670276
5.646111478514713,-1.1679170278729676,0.7582991508684578,0.0,2.5,0.5674966170821147
5.646111478514713,-1.1579170278729678,0.7488741313043195,0.0,2.5,0.556165038336814
5.646111478514713,-1.147917027872968,0.7168534030689266,0.0,2.5,0.5376046307012038
5.646111478514713,-1.1379170278729682,0.7310023097028086,0.0,2.5,0.5605799608151931
5.646111478514713,-1.1279170278729684,0.7073840231407799,0.0,2.5,0.54104369260808
5.646111478514713,-1.1179170278729686,0.7343559321661447,0.0,2.5,0.5592752737124835
5.646111478514713,-1.1079170278729689,0.7254531447711327,0.0,2.5,0.5457850354882559
5.646111478514713,-1.097917027872969,0.6396848376160158,0.0,2.5,0.5347664442851403
5.646111478514713,-1.0879170278729693,0.6143632369666828,0.0,2.5,0.5298659272972095
5.646111478514713,-1.0779170278729695,0.6112320320939835,0.0,2.5,0.5242934389823452
5.646111478514713,-1.0679170278729697,0.6056526543171451,0.0,2.5,0.517987499618287
5.646111478514713,-1.05791702787297,0.599724305310491,0.0,2.5,0.5049022423366787
5.646111478514713,-1.0479170278729701,0.5805933275689136,0.0,2.5,0.4987115419932308
5.646111478514713,-1.0379170278729704,0.6360303457316282,0.0,2.5,0.5319843515860013
5.646111478514713,-1.0279170278729706,0.7233851552564037,0.0,2.5,0.5522400322274571
5.646111478514713,-1.0179170278729708,0.7705653146931719,0.0,2.5,0.5554764633836358
5.646111478514713,-1.007917027872971,0.7650122962704841,0.0,2.5,0.5587011454734763
5.646111478514713,-0.9979170278729712,0.7670129996236393,0.0,2.5,0.5610064499761845
5.646111478514713,-0.9879170278729714,0.758804984603808,0.0,2.5,0.5755763225439411
5.646111478514713,-0.9779170278729716,0.7607358526886722,0.0,2.5,0.5560832913421184
5.646111478514713,-0.9679170278729718,0.7451155905795193,0.0,2.5,0.5609342854873773
5.646111478514713,-0.9579170278729721,0.7957352844808809,0.0,2.5,0.5801637786708511
5.646111478514713,-0.9479170278729723,0.800731966545163,0.0,2.5,0.5909947955736858
5.646111478514713,-0.9379170278729725,0.7650702663741121,0.0,2.5,0.5791240163982191
5.646111478514713,-0.9279170278729727,0.7738080362583731,0.0,2.5,0.6403471076834925
5.646111478514713,-0.9179170278729729,0.6526384494472184,0.0,2.5,0.6256103107166604
5.646111478514713,-0.9079170278729731,0.5469730320973996,0.0,2.5,0.5285106664499273
5.646111478514713,-0.8979170278729733,0.5997190945637851,0.0,2.5,0.5638514745405782
5.646111478514713,-0.8879170278729736,0.5633441427408413,0.0,2.5,0.5394708243000836
5.646111478514713,-0.8779170278729738,0.4954276938627965,0.0,2.5,0.475456174852433
5.646111478514713,-0.867917027872974,0.4864697235835037,0.0,2.5,0.4832302266073238
5.646111478514713,-0.8579170278729742,0.5104738129320928,0.0,2.5,0.5077813057577184
5.646111478514713,-0.8479170278729744,0.49988969841679565,0.0,2.5,0.4966444115670087
5.646111478514713,-0.8379170278729746,0.516574346799604,0.0,2.5,0.5000871170212301
5.646111478514713,-0.8279170278729748,0.5270136585293781,0.0,2.5,0.5352971034281894
5.646111478514713,-0.817917027872975,0.5950526260482251,0.0,2.5,0.6128885796864507
5.646111478514713,-0.8079170278729753,0.5786753955849441,0.0,2.5,0.6013077720979902
5.646111478514713,-0.7979170278729755,0.6337492097022671,0.0,2.5,0.612653800226909
5.646111478514713,-0.7879170278729757,0.6256906920914607,0.0,2.5,0.6083043630384831
5.646111478514713,-0.7779170278729759,0.6344407815870153,0.0,2.5,0.6121963803758477
5.646111478514713,-0.7679170278729761,0.6533353408943451,0.0,2.5,0.5925187033805345
5.646111478514713,-0.7579170278729763,0.6783112184922376,0.0,2.5,0.5948086340455173
5.646111478514713,-0.7479170278729765,0.6761815907426747,0.0,2.5,0.5951529134154717
5.646111478514713,-0.7379170278729767,0.6494777703705934,0.0,2.5,0.5987349730320926
5.646111478514713,-0.727917027872977,0.6317276700428478,0.0,2.5,0.6394736362735169
5.646111478514713,-0.7179170278729772,0.6325802876330635,0.0,2.5,0.6460893178767592
5.646111478514713,-0.7079170278729774,0.6106359345144768,0.0,2.5,0.6026243879698429
5.646111478514713,-0.6979170278729776,0.5972604191098668,0.0,2.5,0.6056090077971786
5.646111478514713,-0.6879170278729778,0.5638084981562559,0.0,2.5,0.6053128601862332
5.646111478514713,-0.677917027872978,0.5474189558216159,0.0,2.5,0.5879738844515215
5.646111478514713,-0.6679170278729782,0.5354862017327887,0.0,2.5,0.5776288081546322
5.646111478514713,-0.6579170278729785,0.5295481724669711,0.0,2.5,0.5719285986923599
5.646111478514713,-0.6479170278729787,0.5343887646611836,0.0,2.5,0.5762551293046048
5.646111478514713,-0.6379170278729789,0.502354114225807,0.0,2.5,0.5791140878299075
5.646111478514713,-0.6279170278729791,0.5156355369146253,0.0,2.5,0.5954593054218643
5.646111478514713,-0.6179170278729793,0.5208985257369239,0.0,2.5,0.6010687589403702
5.646111478514713,-0.6079170278729795,0.5337259414683811,0.0,2.5,0.5841853600534437
5.646111478514713,-0.5979170278729797,0.5233239957263289,0.0,2.5,0.5884834210255926
5.646111478514713,-0.58791702787298,0.5585606762535305,0.0,2.5,0.5699139239457344
5.646111478514713,-0.5779170278729802,0.5243288611812849,0.0,2.5,0.5360652528559187
5.646111478514713,-0.5679170278729804,0.4953915156867858,0.0,2.5,0.5281440475902401
5.646111478514713,-0.5579170278729806,0.4831947989776487,0.0,2.5,0.511585501901671
5.646111478514713,-0.5479170278729808,0.43891054074189845,0.0,2.5,0.5170028066953682
5.646111478514713,-0.537917027872981,0.4211931851902293,0.0,2.5,0.49925900439902493
5.646111478514713,-0.5279170278729812,0.3994254376208736,0.0,2.5,0.4869143518650387
5.646111478514713,-0.5179170278729814,0.3515701687858305,0.0,2.5,0.46183865874799973
5.646111478514713,-0.5079170278729817,0.36973974684905697,0.0,2.5,0.49630840048354224
5.646111478514713,-0.49791702787298187,0.35440070545879676,0.0,2.5,0.4511003046860463
5.646111478514713,-0.4879170278729821,0.3945212966007153,0.0,2.5,0.4567639882513513
5.656111478514712,-1.8179170278729537,0.80614684940698,0.0,2.5,0.593074760093717
5.656111478514712,-1.807917027872954,0.9223126411074588,0.0,2.5,0.6220306366145093
5.656111478514712,-1.7979170278729542,0.9854097201469656,0.0,2.5,0.6256438441616791
5.656111478514712,-1.7879170278729544,0.9944762142252023,0.0,2.5,0.625989126953787
5.656111478514712,-1.7779170278729546,0.9874393928453614,0.0,2.5,0.6160776312874437
5.656111478514712,-1.7679170278729548,0.9984680817438779,0.0,2.5,0.6221871148937403
5.656111478514712,-1.757917027872955,1.0133245427755175,0.0,2.5,0.6292643090881103
5.656111478514712,-1.7479170278729552,0.9954865160927385,0.0,2.5,0.6196273011927113
5.656111478514712,-1.7379170278729554,1.007040625804101,0.0,2.5,0.6253620601002837
5.656111478514712,-1.7279170278729556,1.0220829480281022,0.0,2.5,0.6304300941387811
5.656111478514712,-1.7179170278729559,0.9844352809061426,0.0,2.5,0.6249206033719423
5.656111478514712,-1.707917027872956,0.9832077162802351,0.0,2.5,0.6252814022469273
5.656111478514712,-1.6979170278729563,0.9883156079811282,0.0,2.5,0.6320101645250198
5.656111478514712,-1.6879170278729565,0.972467582401728,0.0,2.5,0.6186907743450407
5.656111478514712,-1.6779170278729567,1.012351573692298,0.0,2.5,0.6457116327568919
5.656111478514712,-1.667917027872957,1.0158262397779196,0.0,2.5,0.640330895025788
5.656111478514712,-1.6579170278729571,0.985879082428216,0.0,2.5,0.6209523363792774
5.656111478514712,-1.6479170278729574,0.9709271360818341,0.0,2.5,0.6155234993274544
5.656111478514712,-1.6379170278729576,1.0056481357365827,0.0,2.5,0.6397407677465689
5.656111478514712,-1.6279170278729578,1.0197442291835699,0.0,2.5,0.6560363575346342
5.656111478514712,-1.617917027872958,1.0135512383079757,0.0,2.5,0.6613850480826968
5.656111478514712,-1.6079170278729582,0.9940188171994161,0.0,2.5,0.6609761419994975
5.656111478514712,-1.5979170278729584,0.9488366510727694,0.0,2.5,0.6452222455965616
5.656111478514712,-1.5879170278729586,0.9199737112112283,0.0,2.5,0.6229805216221392
5.656111478514712,-1.5779170278729588,0.9755526366701738,0.0,2.5,0.6463492527919451
5.656111478514712,-1.567917027872959,0.967563695564136,0.0,2.5,0.6396321436740494
5.656111478514712,-1.5579170278729593,0.9488600866126516,0.0,2.5,0.5774035161628666
5.656111478514712,-1.5479170278729595,0.9664487979963524,0.0,2.5,0.586234205635152
5.656111478514712,-1.5379170278729597,0.9690421460659803,0.0,2.5,0.6060670674944489
5.656111478514712,-1.52791702787296,0.9789145738799149,0.0,2.5,0.6325610445258718
5.656111478514712,-1.5179170278729601,0.9991101236232565,0.0,2.5,0.6439277111925384
5.656111478514712,-1.5079170278729603,0.9674632645332062,0.0,2.5,0.6230224195407563
5.656111478514712,-1.4979170278729605,0.9363132676825274,0.0,2.5,0.6163759767621598
5.656111478514712,-1.4879170278729608,0.9575142059098678,0.0,2.5,0.598897074281751
5.656111478514712,-1.477917027872961,0.9761929744930756,0.0,2.5,0.5994930922180819
5.656111478514712,-1.4679170278729612,0.9695580269610852,0.0,2.5,0.6423857471302232
5.656111478514712,-1.4579170278729614,0.8062917775081344,0.0,2.5,0.64381198599525
5.656111478514712,-1.4479170278729616,0.6963113811564077,0.0,2.5,0.6450144425670967
5.656111478514712,-1.4379170278729618,0.6903908028742883,0.0,2.5,0.601200449199675
5.656111478514712,-1.427917027872962,0.6851997028489112,0.0,2.5,0.5813742149877662
5.656111478514712,-1.4179170278729623,0.8138254170322194,0.0,2.5,0.5922218207149107
5.656111478514712,-1.4079170278729625,0.8163739559312039,0.0,2.5,0.5959415507487683
5.656111478514712,-1.3979170278729627,0.7986695852803453,0.0,2.5,0.6033921695662883
5.656111478514712,-1.387917027872963,0.8605494281269511,0.0,2.5,0.5968622375934992
5.656111478514712,-1.377917027872963,0.8591404609314468,0.0,2.5,0.5921063222052585
5.656111478514712,-1.3679170278729633,0.8311564443993795,0.0,2.5,0.594878286328295
5.656111478514712,-1.3579170278729635,0.8654863838386484,0.0,2.5,0.6011452646257797
5.656111478514712,-1.3479170278729637,0.8299852479699358,0.0,2.5,0.5905279292549243
5.656111478514712,-1.337917027872964,0.8335709269781457,0.0,2.5,0.561223436939437
5.656111478514712,-1.3279170278729642,0.7837223274051207,0.0,2.5,0.5382538861131135
5.656111478514712,-1.3179170278729644,0.7849100204028328,0.0,2.5,0.5321825806609302
5.656111478514712,-1.3079170278729646,0.7860221901465174,0.0,2.5,0.5395791208662963
5.656111478514712,-1.2979170278729648,0.775925062229445,0.0,2.5,0.5339215817627696
5.656111478514712,-1.287917027872965,0.7735756300753497,0.0,2.5,0.5288271157778739
5.656111478514712,-1.2779170278729652,0.7761551378499284,0.0,2.5,0.5273021227013319
5.656111478514712,-1.2679170278729655,0.7773208216098793,0.0,2.5,0.5247429454256543
5.656111478514712,-1.2579170278729657,0.7573014870964685,0.0,2.5,0.5118321680396336
5.656111478514712,-1.2479170278729659,0.7499904001023942,0.0,2.5,0.5062180374305827
5.656111478514712,-1.237917027872966,0.779153461787785,0.0,2.5,0.5155861629720198
5.656111478514712,-1.2279170278729663,0.729663570743624,0.0,2.5,0.4817514381033544
5.656111478514712,-1.2179170278729665,0.7335130062773598,0.0,2.5,0.48093076828552733
5.656111478514712,-1.2079170278729667,0.7429408914632375,0.0,2.5,0.4863563285637253
5.656111478514712,-1.197917027872967,0.7227920904014921,0.0,2.5,0.4853223539007296
5.656111478514712,-1.1879170278729672,0.7758533146878092,0.0,2.5,0.5251161706068224
5.656111478514712,-1.1779170278729674,0.8226658181091984,0.0,2.5,0.5525761945788604
5.656111478514712,-1.1679170278729676,0.8116128789796256,0.0,2.5,0.5610946463943167
5.656111478514712,-1.1579170278729678,0.7623148873543872,0.0,2.5,0.5465405142276955
5.656111478514712,-1.147917027872968,0.776656594832977,0.0,2.5,0.5378186356373927
5.656111478514712,-1.1379170278729682,0.7438194201013216,0.0,2.5,0.5185849249580559
5.656111478514712,-1.1279170278729684,0.7271091239402019,0.0,2.5,0.5238124220466084
5.656111478514712,-1.1179170278729686,0.7409177177308799,0.0,2.5,0.5376431376135371
5.656111478514712,-1.1079170278729689,0.7159047512729428,0.0,2.5,0.5229834343733496
5.656111478514712,-1.097917027872969,0.7413629641950723,0.0,2.5,0.5368132344543035
5.656111478514712,-1.0879170278729693,0.7318318008504046,0.0,2.5,0.5306439460938067
5.656111478514712,-1.0779170278729695,0.7367186243275988,0.0,2.5,0.5388569657118041
5.656111478514712,-1.0679170278729697,0.7521753871139719,0.0,2.5,0.5364437619009758
5.656111478514712,-1.05791702787297,0.7403977965896353,0.0,2.5,0.5281961951977943
5.656111478514712,-1.0479170278729701,0.6936983115439964,0.0,2.5,0.525202981071622
5.656111478514712,-1.0379170278729704,0.7323474807438792,0.0,2.5,0.53195915183456
5.656111478514712,-1.0279170278729706,0.7430709928419565,0.0,2.5,0.5283750157297112
5.656111478514712,-1.0179170278729708,0.7730408361134189,0.0,2.5,0.5467772983300322
5.656111478514712,-1.007917027872971,0.7478979378833582,0.0,2.5,0.5533092778891953
5.656111478514712,-0.9979170278729712,0.7817174292739446,0.0,2.5,0.5681150152996929
5.656111478514712,-0.9879170278729714,0.7555206581227707,0.0,2.5,0.5505135720655979
5.656111478514712,-0.9779170278729716,0.7659220436372871,0.0,2.5,0.5650521969302971
5.656111478514712,-0.9679170278729718,0.7825737410929243,0.0,2.5,0.5675174581135629
5.656111478514712,-0.9579170278729721,0.7885452593335092,0.0,2.5,0.5987650522077723
5.656111478514712,-0.9479170278729723,0.7571547651055681,0.0,2.5,0.5870824229896516
5.656111478514712,-0.9379170278729725,0.771383313577659,0.0,2.5,0.6216657301754785
5.656111478514712,-0.9279170278729727,0.7535743642872365,0.0,2.5,0.6478683513051692
5.656111478514712,-0.9179170278729729,0.5375507328174287,0.0,2.5,0.5282396394283271
5.656111478514712,-0.9079170278729731,0.54602914628197,0.0,2.5,0.5291434049641077
5.656111478514712,-0.8979170278729733,0.573602398221933,0.0,2.5,0.548630539692927
5.656111478514712,-0.8879170278729736,0.5798015334222674,0.0,2.5,0.5565087606473628
5.656111478514712,-0.8779170278729738,0.5142120562998579,0.0,2.5,0.5136966977158811
5.656111478514712,-0.867917027872974,0.5321124957002287,0.0,2.5,0.5370683991339847
5.656111478514712,-0.8579170278729742,0.5838840933505727,0.0,2.5,0.5866634623341821
5.656111478514712,-0.8479170278729744,0.5975511169904745,0.0,2.5,0.5972186241281319
5.656111478514712,-0.8379170278729746,0.5736086674247082,0.0,2.5,0.5830327132912976
5.656111478514712,-0.8279170278729748,0.5400328436038563,0.0,2.5,0.5418447949506392
5.656111478514712,-0.817917027872975,0.5603500386541778,0.0,2.5,0.545405739879136
5.656111478514712,-0.8079170278729753,0.5460559394423559,0.0,2.5,0.5536627726488554
5.656111478514712,-0.7979170278729755,0.5892037208282107,0.0,2.5,0.6082920639729494
5.656111478514712,-0.7879170278729757,0.5836215903012575,0.0,2.5,0.6265348061621022
5.656111478514712,-0.7779170278729759,0.6286221504443805,0.0,2.5,0.6261878128601441
5.656111478514712,-0.7679170278729761,0.6277056141350894,0.0,2.5,0.6218252353765342
5.656111478514712,-0.7579170278729763,0.6482218386370824,0.0,2.5,0.6419578682946703
5.656111478514712,-0.7479170278729765,0.6166501488380337,0.0,2.5,0.6028210408857244
5.656111478514712,-0.7379170278729767,0.649699421599016,0.0,2.5,0.6464042887216421
5.656111478514712,-0.727917027872977,0.6475169159962658,0.0,2.5,0.648428487431109
5.656111478514712,-0.7179170278729772,0.6318649810995087,0.0,2.5,0.6251924586004929
5.656111478514712,-0.7079170278729774,0.6291204431232648,0.0,2.5,0.6058101702403367
5.656111478514712,-0.6979170278729776,0.599757264734529,0.0,2.5,0.5959083103001285
5.656111478514712,-0.6879170278729778,0.5888740110357492,0.0,2.5,0.6029125819497256
5.656111478514712,-0.677917027872978,0.5715981497149866,0.0,2.5,0.61522695505495
5.656111478514712,-0.6679170278729782,0.5610281932959347,0.0,2.5,0.6005124366735768
5.656111478514712,-0.6579170278729785,0.5576084479807982,0.0,2.5,0.5898026855713097
5.656111478514712,-0.6479170278729787,0.5502279944977834,0.0,2.5,0.5944419118574625
5.656111478514712,-0.6379170278729789,0.5526943524984828,0.0,2.5,0.5944419118574625
5.656111478514712,-0.6279170278729791,0.5520516502598481,0.0,2.5,0.5847704405122808
5.656111478514712,-0.6179170278729793,0.5536725623166104,0.0,2.5,0.5768813683507841
5.656111478514712,-0.6079170278729795,0.6053652605801904,0.0,2.5,0.5806644085141585
5.656111478514712,-0.5979170278729797,0.5887362293649623,0.0,2.5,0.5666508085716547
5.656111478514712,-0.58791702787298,0.5586597433190235,0.0,2.5,0.5441728560196224
5.656111478514712,-0.5779170278729802,0.5411795480412128,0.0,2.5,0.5336663907858177
5.656111478514712,-0.5679170278729804,0.5489594011942506,0.0,2.5,0.546773899387978
5.656111478514712,-0.5579170278729806,0.5006478535060385,0.0,2.5,0.5418519618341632
5.656111478514712,-0.5479170278729808,0.43833208507177135,0.0,2.5,0.4996626225947986
5.656111478514712,-0.537917027872981,0.4109063305593023,0.0,2.5,0.48142429231726186
5.656111478514712,-0.5279170278729812,0.3945700227884133,0.0,2.5,0.4667248318740869
5.656111478514712,-0.5179170278729814,0.399192823545135,0.0,2.5,0.4843694349121618
5.656111478514712,-0.5079170278729817,0.408310110434291,0.0,2.5,0.5016018122568454
5.656111478514712,-0.49791702787298187,0.44993726146252944,0.0,2.5,0.4729044752172626
5.666111478514712,-1.8179170278729537,0.8541315105156183,0.0,2.5,0.6090110558943479
5.666111478514712,-1.807917027872954,0.8816099683497897,0.0,2.5,0.6177594512482265
5.666111478514712,-1.7979170278729542,0.9788403247391956,0.0,2.5,0.6258354770097971
5.666111478514712,-1.7879170278729544,0.9964228583521558,0.0,2.5,0.6258354770097971
5.666111478514712,-1.7779170278729546,0.9986483375380681,0.0,2.5,0.6238354770097971
5.666111478514712,-1.7679170278729548,0.9985398340625459,0.0,2.5,0.6234463135238456
5.666111478514712,-1.757917027872955,1.0127441481845703,0.0,2.5,0.6182984519916526
5.666111478514712,-1.7479170278729552,1.022458838160554,0.0,2.5,0.6232492368338913
5.666111478514712,-1.7379170278729554,1.0320732290833032,0.0,2.5,0.6343701202854347
5.666111478514712,-1.7279170278729556,1.0288004758142189,0.0,2.5,0.6315933594449035
5.666111478514712,-1.7179170278729559,1.017346242938163,0.0,2.5,0.6250376876262236
5.666111478514712,-1.707917027872956,0.9776312472230784,0.0,2.5,0.6260394874031235
5.666111478514712,-1.6979170278729563,0.9604920361529998,0.0,2.5,0.6142679123266078
5.666111478514712,-1.6879170278729565,1.0023417275753472,0.0,2.5,0.6386153675922673
5.666111478514712,-1.6779170278729567,1.0189421451446197,0.0,2.5,0.6426740164470184
5.666111478514712,-1.667917027872957,1.0025074122110584,0.0,2.5,0.6329341436148179
5.666111478514712,-1.6579170278729571,0.9713565562023625,0.0,2.5,0.6160534313002436
5.666111478514712,-1.6479170278729574,1.0041066340120035,0.0,2.5,0.6405852968337635
5.666111478514712,-1.6379170278729576,1.0142605846118962,0.0,2.5,0.6540231623806421
5.666111478514712,-1.6279170278729578,0.9963948312245603,0.0,2.5,0.6544220568939344
5.666111478514712,-1.617917027872958,1.0181751142584596,0.0,2.5,0.6691043626174435
5.666111478514712,-1.6079170278729582,1.0043739428279226,0.0,2.5,0.6575959641387326
5.666111478514712,-1.5979170278729584,0.9545891015699444,0.0,2.5,0.6241171653565928
5.666111478514712,-1.5879170278729586,0.9937677657014524,0.0,2.5,0.6423283636731343
5.666111478514712,-1.5779170278729588,1.0297470356798515,0.0,2.5,0.6564559476893047
5.666111478514712,-1.567917027872959,0.9783504422550479,0.0,2.5,0.5841027418076541
5.666111478514712,-1.5579170278729593,0.9642150045332252,0.0,2.5,0.5876992655610876
5.666111478514712,-1.5479170278729595,0.9601623407180963,0.0,2.5,0.6034621663396779
5.666111478514712,-1.5379170278729597,0.9680129424581421,0.0,2.5,0.6090222919998647
5.666111478514712,-1.52791702787296,0.9619830345237275,0.0,2.5,0.6065598813945969
5.666111478514712,-1.5179170278729601,0.8845330825541892,0.0,2.5,0.5805648972118779
5.666111478514712,-1.5079170278729603,0.8924497257264488,0.0,2.5,0.5884902943659154
5.666111478514712,-1.4979170278729605,0.9055888793086091,0.0,2.5,0.5778252569166266
5.666111478514712,-1.4879170278729608,0.9056529648296603,0.0,2.5,0.5626014037831121
5.666111478514712,-1.477917027872961,1.0118987165348448,0.0,2.5,0.6179224317620937
5.666111478514712,-1.4679170278729612,0.9248106176515797,0.0,2.5,0.6372304398090786
5.666111478514712,-1.4579170278729614,0.8187166308122796,0.0,2.5,0.6599039431559034
5.666111478514712,-1.4479170278729616,0.6993441966180106,0.0,2.5,0.6376150993127014
5.666111478514712,-1.4379170278729618,0.7005868257521245,0.0,2.5,0.5946567220859429
5.666111478514712,-1.427917027872962,0.7073652657974746,0.0,2.5,0.5824437241395474
5.666111478514712,-1.4179170278729623,0.7519999141918359,0.0,2.5,0.5928499705357201
5.666111478514712,-1.4079170278729625,0.7830723373599082,0.0,2.5,0.5796234197364359
5.666111478514712,-1.3979170278729627,0.7968835584100513,0.0,2.5,0.6025895941102346
5.666111478514712,-1.387917027872963,0.8751583235480839,0.0,2.5,0.5963929944850791
5.666111478514712,-1.377917027872963,0.8432693172522802,0.0,2.5,0.5867396555385919
5.666111478514712,-1.3679170278729633,0.8084683067004247,0.0,2.5,0.5785580101411517
5.666111478514712,-1.3579170278729635,0.8214733571957463,0.0,2.5,0.588174164581593
5.666111478514712,-1.3479170278729637,0.8117487468631025,0.0,2.5,0.577079806747076
5.666111478514712,-1.337917027872964,0.845024789323151,0.0,2.5,0.5748592336051681
5.666111478514712,-1.3279170278729642,0.7929714705251887,0.0,2.5,0.5441013021079523
5.666111478514712,-1.3179170278729644,0.794030097470706,0.0,2.5,0.5376097909551228
5.666111478514712,-1.3079170278729646,0.8045896602671273,0.0,2.5,0.552325614255274
5.666111478514712,-1.2979170278729648,0.7649289522036854,0.0,2.5,0.5314877268444949
5.666111478514712,-1.287917027872965,0.7579150015146605,0.0,2.5,0.5251289933467433
5.666111478514712,-1.2779170278729652,0.7658439322189239,0.0,2.5,0.5263088494618513
5.666111478514712,-1.2679170278729655,0.7735112232704359,0.0,2.5,0.5241326117375305
5.666111478514712,-1.2579170278729657,0.7574394194284398,0.0,2.5,0.5147672936179011
5.666111478514712,-1.2479170278729659,0.7579883154606429,0.0,2.5,0.5142639702131372
5.666111478514712,-1.237917027872966,0.7693044697549994,0.0,2.5,0.5162536612839345
5.666111478514712,-1.2279170278729663,0.7440051038465025,0.0,2.5,0.4884291587546915
5.666111478514712,-1.2179170278729665,0.7376519674978024,0.0,2.5,0.48493076828552734
5.666111478514712,-1.2079170278729667,0.7317961007801164,0.0,2.5,0.47739568082544326
5.666111478514712,-1.197917027872967,0.7497777421185904,0.0,2.5,0.4763467521916349
5.666111478514712,-1.1879170278729672,0.7418130397600663,0.0,2.5,0.46331436038390883
5.666111478514712,-1.1779170278729674,0.7528122915461383,0.0,2.5,0.49991243662822415
5.666111478514712,-1.1679170278729676,0.7308356207930687,0.0,2.5,0.4952957006638707
5.666111478514712,-1.1579170278729678,0.7714499285513213,0.0,2.5,0.529196921211388
5.666111478514712,-1.147917027872968,0.7405236768418275,0.0,2.5,0.5153321558328327
5.666111478514712,-1.1379170278729682,0.7314356338949191,0.0,2.5,0.48425586641726015
5.666111478514712,-1.1279170278729684,0.7561832617480895,0.0,2.5,0.5003957684700489
5.666111478514712,-1.1179170278729686,0.7454506364140736,0.0,2.5,0.5122219455569441
5.666111478514712,-1.1079170278729689,0.7384375809463566,0.0,2.5,0.5002718968148058
5.666111478514712,-1.097917027872969,0.7376062886622013,0.0,2.5,0.4979410268300732
5.666111478514712,-1.0879170278729693,0.7379810333236927,0.0,2.5,0.502047862512471
5.666111478514712,-1.0779170278729695,0.7490105815395752,0.0,2.5,0.5089599120437706
5.666111478514712,-1.0679170278729697,0.7595665979100402,0.0,2.5,0.5092058094865707
5.666111478514712,-1.05791702787297,0.7445329473478839,0.0,2.5,0.5201679768287715
5.666111478514712,-1.0479170278729701,0.7676120163665052,0.0,2.5,0.524716053647813
5.666111478514712,-1.0379170278729704,0.7477097987787309,0.0,2.5,0.519824855407541
5.666111478514712,-1.0279170278729706,0.7391894671755624,0.0,2.5,0.5078917993482241
5.666111478514712,-1.0179170278729708,0.7309455714457462,0.0,2.5,0.4873875420683698
5.666111478514712,-1.007917027872971,0.722133422198145,0.0,2.5,0.5157947453062393
5.666111478514712,-0.9979170278729712,0.7349691334583321,0.0,2.5,0.5183318090592289
5.666111478514712,-0.9879170278729714,0.727956400707637,0.0,2.5,0.5151701415159897
5.666111478514712,-0.9779170278729716,0.7683650906428456,0.0,2.5,0.5431341409391426
5.666111478514712,-0.9679170278729718,0.7773675486601271,0.0,2.5,0.5677342583655225
5.666111478514712,-0.9579170278729721,0.7281609494141417,0.0,2.5,0.5513992094167074
5.666111478514712,-0.9479170278729723,0.7013064473860555,0.0,2.5,0.5694782674098329
5.666111478514712,-0.9379170278729725,0.7332429020289811,0.0,2.5,0.6390271160947364
5.666111478514712,-0.9279170278729727,0.742265015105859,0.0,2.5,0.6545987234889207
5.666111478514712,-0.9179170278729729,0.5327767004400522,0.0,2.5,0.5283063975370464
5.666111478514712,-0.9079170278729731,0.5617363885054518,0.0,2.5,0.5429375164403002
5.666111478514712,-0.8979170278729733,0.5551538707862433,0.0,2.5,0.5381870928590333
5.666111478514712,-0.8879170278729736,0.5771190887434138,0.0,2.5,0.5514383283752582
5.666111478514712,-0.8779170278729738,0.5407804557570113,0.0,2.5,0.5324312330266924
5.666111478514712,-0.867917027872974,0.5660338305449808,0.0,2.5,0.5814686598858447
5.666111478514712,-0.8579170278729742,0.6258518832060341,0.0,2.5,0.5865506192993579
5.666111478514712,-0.8479170278729744,0.6451990522850299,0.0,2.5,0.6118508521745514
5.666111478514712,-0.8379170278729746,0.6660155845399479,0.0,2.5,0.6293924505648415
5.666111478514712,-0.8279170278729748,0.6089311551435721,0.0,2.5,0.624009808666496
5.666111478514712,-0.817917027872975,0.5943102083173711,0.0,2.5,0.6090333669753635
5.666111478514712,-0.8079170278729753,0.5686027351299755,0.0,2.5,0.5754312025475145
5.666111478514712,-0.7979170278729755,0.5617406402981869,0.0,2.5,0.5669942018162225
5.666111478514712,-0.7879170278729757,0.556318066201489,0.0,2.5,0.5649031179220696
5.666111478514712,-0.7779170278729759,0.5901845388590055,0.0,2.5,0.6189851198508468
5.666111478514712,-0.7679170278729761,0.6128594305426408,0.0,2.5,0.6507725690740832
5.666111478514712,-0.7579170278729763,0.6032209237498756,0.0,2.5,0.635926423503885
5.666111478514712,-0.7479170278729765,0.6491980836256838,0.0,2.5,0.6490182632078075
5.666111478514712,-0.7379170278729767,0.6613918551407509,0.0,2.5,0.6582869206674671
5.666111478514712,-0.727917027872977,0.6279710623196103,0.0,2.5,0.6631124548015799
5.666111478514712,-0.7179170278729772,0.5991234980834524,0.0,2.5,0.6194904477665485
5.666111478514712,-0.7079170278729774,0.643957584783437,0.0,2.5,0.6051807177098723
5.666111478514712,-0.6979170278729776,0.6191480870397926,0.0,2.5,0.600502505902789
5.666111478514712,-0.6879170278729778,0.5985116664287453,0.0,2.5,0.608052886752004
5.666111478514712,-0.677917027872978,0.6172358577383602,0.0,2.5,0.6329464356566732
5.666111478514712,-0.6679170278729782,0.6009555361795779,0.0,2.5,0.621898454044021
5.666111478514712,-0.6579170278729785,0.5859224804627736,0.0,2.5,0.6085593666721911
5.666111478514712,-0.6479170278729787,0.5889847660371904,0.0,2.5,0.5936716355170061
5.666111478514712,-0.6379170278729789,0.5949390434556635,0.0,2.5,0.5737683041161508
5.666111478514712,-0.6279170278729791,0.6209170494430185,0.0,2.5,0.5819600673875782
5.666111478514712,-0.6179170278729793,0.6355740991762326,0.0,2.5,0.5708876838116945
5.666111478514712,-0.6079170278729795,0.6043727930261334,0.0,2.5,0.553300001013537
5.666111478514712,-0.5979170278729797,0.6077936204101768,0.0,2.5,0.5536199931538985
5.666111478514712,-0.58791702787298,0.5599018240761039,0.0,2.5,0.5407350641609387
5.666111478514712,-0.5779170278729802,0.5825305841199573,0.0,2.5,0.5564790013638181
5.666111478514712,-0.5679170278729804,0.5374808881775976,0.0,2.5,0.558919735040114
5.666111478514712,-0.5579170278729806,0.5048459904052284,0.0,2.5,0.523686065010416
5.666111478514712,-0.5479170278729808,0.47851203928104274,0.0,2.5,0.4928057926921694
5.666111478514712,-0.537917027872981,0.44311835259087823,0.0,2.5,0.47554647624326324
5.666111478514712,-0.5279170278729812,0.39549995396938603,0.0,2.5,0.46405094446040884
5.666111478514712,-0.5179170278729814,0.3946907876627517,0.0,2.5,0.4626104086923062
5.666111478514712,-0.5079170278729817,0.43683311833947086,0.0,2.5,0.476573570136905
5.676111478514712,-1.807917027872954,0.7728297041289195,0.0,2.5,0.5716224539647276
5.676111478514712,-1.7979170278729542,0.9195859015185331,0.0,2.5,0.6094028293471306
5.676111478514712,-1.7879170278729544,0.978112384604006,0.0,2.5,0.6194450528997437
5.676111478514712,-1.7779170278729546,1.0099287444561038,0.0,2.5,0.620104029523775
5.676111478514712,-1.7679170278729548,1.0222647660317152,0.0,2.5,0.6252529358665411
5.676111478514712,-1.757917027872955,1.0200089828120507,0.0,2.5,0.6230438689747103
5.676111478514712,-1.7479170278729552,1.0278544945671915,0.0,2.5,0.6284079573322197
5.676111478514712,-1.7379170278729554,1.0365861177251114,0.0,2.5,0.6344146649962548
5.676111478514712,-1.7279170278729556,1.0321772671497351,0.0,2.5,0.6375618220629701
5.676111478514712,-1.7179170278729559,0.9921576962682576,0.0,2.5,0.618447493812849
5.676111478514712,-1.707917027872956,0.9472557855970197,0.0,2.5,0.6075539470267503
5.676111478514712,-1.6979170278729563,0.9927111013589864,0.0,2.5,0.6327843292464453
5.676111478514712,-1.6879170278729565,1.010988829328573,0.0,2.5,0.6379696659929419
5.676111478514712,-1.6779170278729567,1.0113589702628847,0.0,2.5,0.6372772650360482
5.676111478514712,-1.667917027872957,0.9749776946118632,0.0,2.5,0.6232332874153514
5.676111478514712,-1.6579170278729571,1.0022783038801542,0.0,2.5,0.6380230829577281
5.676111478514712,-1.6479170278729574,1.0171509746190908,0.0,2.5,0.6558228221056999
5.676111478514712,-1.6379170278729576,0.9964420358399453,0.0,2.5,0.6565234545063546
5.676111478514712,-1.6279170278729578,1.01127281194701,0.0,2.5,0.6697754837325178
5.676111478514712,-1.617917027872958,1.0390151577453528,0.0,2.5,0.6762083605302451
5.676111478514712,-1.6079170278729582,0.9956936478048055,0.0,2.5,0.6514689595223006
5.676111478514712,-1.5979170278729584,0.9996827952147014,0.0,2.5,0.644588601401657
5.676111478514712,-1.5879170278729586,1.0114941971166578,0.0,2.5,0.6388412327268738
5.676111478514712,-1.5779170278729588,0.9937228868282757,0.0,2.5,0.5928478773027692
5.676111478514712,-1.567917027872959,0.9675760958215145,0.0,2.5,0.5890642393712062
5.676111478514712,-1.5579170278729593,0.9664842347010525,0.0,2.5,0.5902163823526895
5.676111478514712,-1.5479170278729595,0.9673287972253631,0.0,2.5,0.5889928552059818
5.676111478514712,-1.5379170278729597,0.9443614847832987,0.0,2.5,0.5861372923356725
5.676111478514712,-1.52791702787296,0.9037369144180416,0.0,2.5,0.5707978716035269
5.676111478514712,-1.5179170278729601,0.905248663652001,0.0,2.5,0.5727978716035268
5.676111478514712,-1.5079170278729603,0.8964969676371493,0.0,2.5,0.5690988990690973
5.676111478514712,-1.4979170278729605,0.9046298961113587,0.0,2.5,0.5570803373661699
5.676111478514712,-1.4879170278729608,0.9687862899405356,0.0,2.5,0.6004860374945449
5.676111478514712,-1.477917027872961,0.9772875531362148,0.0,2.5,0.6559656470246038
5.676111478514712,-1.4679170278729612,0.8138987133085861,0.0,2.5,0.6279146640100953
5.676111478514712,-1.4579170278729614,0.7492632086554243,0.0,2.5,0.6673750603257661
5.676111478514712,-1.4479170278729616,0.6809020868577982,0.0,2.5,0.6063097492027318
5.676111478514712,-1.4379170278729618,0.6862086811178045,0.0,2.5,0.6017740455007393
5.676111478514712,-1.427917027872962,0.7337275216841193,0.0,2.5,0.5979879168637944
5.676111478514712,-1.4179170278729623,0.7062940778974096,0.0,2.5,0.5645892459624207
5.676111478514712,-1.4079170278729625,0.7668513762979672,0.0,2.5,0.5763353703958455
5.676111478514712,-1.3979170278729627,0.7727274081010646,0.0,2.5,0.5819909196926335
5.676111478514712,-1.387917027872963,0.857531343155125,0.0,2.5,0.5812065795068153
5.676111478514712,-1.377917027872963,0.7893833687958499,0.0,2.5,0.5722198205610929
5.676111478514712,-1.3679170278729633,0.8165655215872096,0.0,2.5,0.5871756523802243
5.676111478514712,-1.3579170278729635,0.8111877610172871,0.0,2.5,0.5862837641099103
5.676111478514712,-1.3479170278729637,0.8158837881454915,0.0,2.5,0.5858227396087267
5.676111478514712,-1.337917027872964,0.830255697515787,0.0,2.5,0.5748602127428065
5.676111478514712,-1.3279170278729642,0.8232849563199517,0.0,2.5,0.5470182125293865
5.676111478514712,-1.3179170278729644,0.79134716047819,0.0,2.5,0.534322729324195
5.676111478514712,-1.3079170278729646,0.8024787827226131,0.0,2.5,0.553365410939718
5.676111478514712,-1.2979170278729648,0.7885767640179601,0.0,2.5,0.5455480313369027
5.676111478514712,-1.287917027872965,0.7747176440310372,0.0,2.5,0.536827221718591
5.676111478514712,-1.2779170278729652,0.7651489178621003,0.0,2.5,0.5278027767584299
5.676111478514712,-1.2679170278729655,0.7482584445249857,0.0,2.5,0.5202695164010617
5.676111478514712,-1.2579170278729657,0.7667981159226152,0.0,2.5,0.5211319536678709
5.676111478514712,-1.2479170278729659,0.7636832930394644,0.0,2.5,0.516588620513959
5.676111478514712,-1.237917027872966,0.7293057141494147,0.0,2.5,0.4881520554256508
5.676111478514712,-1.2279170278729663,0.7395816672825463,0.0,2.5,0.4904951372636024
5.676111478514712,-1.2179170278729665,0.731319349132521,0.0,2.5,0.4819560003055655
5.676111478514712,-1.2079170278729667,0.7425709289185273,0.0,2.5,0.4833054508146117
5.676111478514712,-1.197917027872967,0.7631887088637648,0.0,2.5,0.47829946910672544
5.676111478514712,-1.1879170278729672,0.7470499813750874,0.0,2.5,0.4645613381341133
5.676111478514712,-1.1779170278729674,0.7233302080679297,0.0,2.5,0.4495166705876716
5.676111478514712,-1.1679170278729676,0.7070775259002166,0.0,2.5,0.4474236525481485
5.676111478514712,-1.1579170278729678,0.7342391349897665,0.0,2.5,0.4932104670901699
5.676111478514712,-1.147917027872968,0.7381362342202598,0.0,2.5,0.5001611303283908
5.676111478514712,-1.1379170278729682,0.6943993056632254,0.0,2.5,0.44499678257903347
5.676111478514712,-1.1279170278729684,0.7303283013074453,0.0,2.5,0.4705947187315322
5.676111478514712,-1.1179170278729686,0.7428695433973442,0.0,2.5,0.477335157823026
5.676111478514712,-1.1079170278729689,0.7397228727498335,0.0,2.5,0.4837481825568073
5.676111478514712,-1.097917027872969,0.7514565581277528,0.0,2.5,0.4843044935001742
5.676111478514712,-1.0879170278729693,0.7575266743322927,0.0,2.5,0.4866151824374567
5.676111478514712,-1.0779170278729695,0.734033661104515,0.0,2.5,0.47182993240926874
5.676111478514712,-1.0679170278729697,0.7126678178661165,0.0,2.5,0.4572375735782718
5.676111478514712,-1.05791702787297,0.7412599982998412,0.0,2.5,0.49094945800205775
5.676111478514712,-1.0479170278729701,0.7549880981825324,0.0,2.5,0.4907489772545416
5.676111478514712,-1.0379170278729704,0.7308897433961894,0.0,2.5,0.4934793899748468
5.676111478514712,-1.0279170278729706,0.7500173490927778,0.0,2.5,0.4898504034285207
5.676111478514712,-1.0179170278729708,0.7287445266715331,0.0,2.5,0.4929762328794948
5.676111478514712,-1.007917027872971,0.7702994485942265,0.0,2.5,0.5053405076664257
5.676111478514712,-0.9979170278729712,0.7716854444880171,0.0,2.5,0.5310985429482592
5.676111478514712,-0.9879170278729714,0.793517358917656,0.0,2.5,0.556738898477628
5.676111478514712,-0.9779170278729716,0.774618626661199,0.0,2.5,0.5669070279200554
5.676111478514712,-0.9679170278729718,0.7459992580814907,0.0,2.5,0.5560852541759268
5.676111478514712,-0.9579170278729721,0.6576438640036353,0.0,2.5,0.5173814151737739
5.676111478514712,-0.9479170278729723,0.6847277893109506,0.0,2.5,0.5407891440478296
5.676111478514712,-0.9379170278729725,0.7257315253648454,0.0,2.5,0.6345698322619667
5.676111478514712,-0.9279170278729727,0.6535600721574684,0.0,2.5,0.6384640989275379
5.676111478514712,-0.9179170278729729,0.5320308721484595,0.0,2.5,0.5318207333630882
5.676111478514712,-0.9079170278729731,0.5766973035097694,0.0,2.5,0.5565292054308337
5.676111478514712,-0.8979170278729733,0.555296968293326,0.0,2.5,0.5374285818833316
5.676111478514712,-0.8879170278729736,0.5848655034631939,0.0,2.5,0.5584276675047221
5.676111478514712,-0.8779170278729738,0.5325801043740781,0.0,2.5,0.5182673296864927
5.676111478514712,-0.867917027872974,0.6491593122978743,0.0,2.5,0.6137833541283213
5.676111478514712,-0.8579170278729742,0.6559688776695972,0.0,2.5,0.616325038066859
5.676111478514712,-0.8479170278729744,0.6537749240868364,0.0,2.5,0.6267693429260196
5.676111478514712,-0.8379170278729746,0.6470863068373244,0.0,2.5,0.6290842759673739
5.676111478514712,-0.8279170278729748,0.6395071378601616,0.0,2.5,0.6217744595500225
5.676111478514712,-0.817917027872975,0.6585676652465093,0.0,2.5,0.636517707435808
5.676111478514712,-0.8079170278729753,0.5963610218280915,0.0,2.5,0.6287758899610169
5.676111478514712,-0.7979170278729755,0.613086147590083,0.0,2.5,0.6427064239326674
5.676111478514712,-0.7879170278729757,0.5993923871121504,0.0,2.5,0.6249720130441825
5.676111478514712,-0.7779170278729759,0.5886858391453559,0.0,2.5,0.5968830646677417
5.676111478514712,-0.7679170278729761,0.5732733811382058,0.0,2.5,0.5834701973955141
5.676111478514712,-0.7579170278729763,0.5582928923738578,0.0,2.5,0.5827070571965106
5.676111478514712,-0.7479170278729765,0.606933637983446,0.0,2.5,0.6429374977214886
5.676111478514712,-0.7379170278729767,0.6156593060023355,0.0,2.5,0.6539439605717503
5.676111478514712,-0.727917027872977,0.5946884816153004,0.0,2.5,0.6189633455903659
5.676111478514712,-0.7179170278729772,0.6085266049479106,0.0,2.5,0.6102836610290673
5.676111478514712,-0.7079170278729774,0.6172455578727656,0.0,2.5,0.6241435669939833
5.676111478514712,-0.6979170278729776,0.6014843474553596,0.0,2.5,0.5959242311471846
5.676111478514712,-0.6879170278729778,0.6335846578259339,0.0,2.5,0.595676326037979
5.676111478514712,-0.677917027872978,0.6070786778849473,0.0,2.5,0.6029907495460243
5.676111478514712,-0.6679170278729782,0.6028223395746864,0.0,2.5,0.618703448052741
5.676111478514712,-0.6579170278729785,0.6341863479669787,0.0,2.5,0.5922655203373076
5.676111478514712,-0.6479170278729787,0.6450263376195807,0.0,2.5,0.5709813132433273
5.676111478514712,-0.6379170278729789,0.6509971923821997,0.0,2.5,0.5591236106580448
5.676111478514712,-0.6279170278729791,0.6166149026854468,0.0,2.5,0.5553995870066644
5.676111478514712,-0.6179170278729793,0.6408504712755765,0.0,2.5,0.5648822010154453
5.676111478514712,-0.6079170278729795,0.6240259517626701,0.0,2.5,0.5622738894888872
5.676111478514712,-0.5979170278729797,0.6044518735318345,0.0,2.5,0.5452454011356413
5.676111478514712,-0.58791702787298,0.6063155513805903,0.0,2.5,0.5529901346527393
5.676111478514712,-0.5779170278729802,0.5816732005322903,0.0,2.5,0.556545347561717
5.676111478514712,-0.5679170278729804,0.5504154602822625,0.0,2.5,0.5483639341947314
5.676111478514712,-0.5579170278729806,0.526394736738754,0.0,2.5,0.5316343779320497
5.676111478514712,-0.5479170278729808,0.4704806653746099,0.0,2.5,0.4852081025461944
5.676111478514712,-0.537917027872981,0.4479460094400351,0.0,2.5,0.46237027986286133
5.676111478514712,-0.5279170278729812,0.4540452185107858,0.0,2.5,0.467781824324376
5.676111478514712,-0.5179170278729814,0.4364217703758126,0.0,2.5,0.4704835666711666
5.676111478514712,-0.5079170278729817,0.4624206452251536,0.0,2.5,0.4806762424042889
5.686111478514712,-1.807917027872954,0.7454743143323074,0.0,2.5,0.5558052857258717
5.686111478514712,-1.7979170278729542,0.9289658474550672,0.0,2.5,0.6056656646932176
5.686111478514712,-1.7879170278729544,0.93403737166077,0.0,2.5,0.5972993338676496
5.686111478514712,-1.7779170278729546,0.9648974048354703,0.0,2.5,0.6125580911385451
5.686111478514712,-1.7679170278729548,0.9645769950491083,0.0,2.5,0.614620447784939
5.686111478514712,-1.757917027872955,0.9994030966722087,0.0,2.5,0.6188773101339174
5.686111478514712,-1.7479170278729552,0.9967401445943617,0.0,2.5,0.6185151841103489
5.686111478514712,-1.7379170278729554,1.041364480334087,0.0,2.5,0.6383948549603841
5.686111478514712,-1.7279170278729556,0.9852739040903431,0.0,2.5,0.6242092943990801
5.686111478514712,-1.7179170278729559,0.9547810028750345,0.0,2.5,0.6056425818425695
5.686111478514712,-1.707917027872956,0.967148071957846,0.0,2.5,0.6219388415379582
5.686111478514712,-1.6979170278729563,0.989003475147433,0.0,2.5,0.6291396750294324
5.686111478514712,-1.6879170278729565,1.0049490690446536,0.0,2.5,0.6333128617995434
5.686111478514712,-1.6779170278729567,0.9821486505271796,0.0,2.5,0.6269516957525147
5.686111478514712,-1.667917027872957,1.0063165772616363,0.0,2.5,0.6437494618546106
5.686111478514712,-1.6579170278729571,1.0181750385176198,0.0,2.5,0.6546429659905919
5.686111478514712,-1.6479170278729574,0.996699247109027,0.0,2.5,0.6558722722756404
5.686111478514712,-1.6379170278729576,1.0142514116319665,0.0,2.5,0.6734427592177746
5.686111478514712,-1.6279170278729578,1.0182680641116055,0.0,2.5,0.6677920745415034
5.686111478514712,-1.617917027872958,0.9865530973595443,0.0,2.5,0.647545806734578
5.686111478514712,-1.6079170278729582,1.0175836730918177,0.0,2.5,0.6445851023780579
5.686111478514712,-1.5979170278729584,0.9890339411935133,0.0,2.5,0.619519281228967
5.686111478514712,-1.5879170278729586,0.9928350383331597,0.0,2.5,0.5931415123835417
5.686111478514712,-1.5779170278729588,0.9897254826424222,0.0,2.5,0.5916037163176797
5.686111478514712,-1.567917027872959,0.9776488840429336,0.0,2.5,0.5834190671369985
5.686111478514712,-1.5579170278729593,0.9800321839638015,0.0,2.5,0.5862558018308761
5.686111478514712,-1.5479170278729595,0.9511952527994593,0.0,2.5,0.5703170490949147
5.686111478514712,-1.5379170278729597,0.9289415632354813,0.0,2.5,0.5660333142166971
5.686111478514712,-1.52791702787296,0.9199787071007053,0.0,2.5,0.5640333142166971
5.686111478514712,-1.5179170278729601,0.9255394175682312,0.0,2.5,0.5687223319501834
5.686111478514712,-1.5079170278729603,0.923119266923914,0.0,2.5,0.5610624924845731
5.686111478514712,-1.4979170278729605,0.9566547675823248,0.0,2.5,0.5868373846219721
5.686111478514712,-1.4879170278729608,0.9603102624233337,0.0,2.5,0.6412012897591663
5.686111478514712,-1.477917027872961,0.941651405643677,0.0,2.5,0.64671027901554
5.686111478514712,-1.4679170278729612,0.7967599353456722,0.0,2.5,0.6168082177678919
5.686111478514712,-1.4579170278729614,0.727683022763091,0.0,2.5,0.6507631470671272
5.686111478514712,-1.4479170278729616,0.6799315513061484,0.0,2.5,0.5774881491902037
5.686111478514712,-1.4379170278729618,0.6589437524937244,0.0,2.5,0.5669774264979328
5.686111478514712,-1.427917027872962,0.6999474160973542,0.0,2.5,0.5745598976452616
5.686111478514712,-1.4179170278729623,0.7375818745259783,0.0,2.5,0.550840847036243
5.686111478514712,-1.4079170278729625,0.7569158524865813,0.0,2.5,0.5711315619642422
5.686111478514712,-1.3979170278729627,0.7535101747935704,0.0,2.5,0.5859927380281783
5.686111478514712,-1.387917027872963,0.8425575514451045,0.0,2.5,0.5920807913297943
5.686111478514712,-1.377917027872963,0.8014282476611789,0.0,2.5,0.5868779128785186
5.686111478514712,-1.3679170278729633,0.810875212493468,0.0,2.5,0.5883555084953321
5.686111478514712,-1.3579170278729635,0.8176526868445637,0.0,2.5,0.5885015949085625
5.686111478514712,-1.3479170278729637,0.8169516859119943,0.0,2.5,0.5870025957238346
5.686111478514712,-1.337917027872964,0.8273652636987442,0.0,2.5,0.5732199249730223
5.686111478514712,-1.3279170278729642,0.8213767786589345,0.0,2.5,0.5459791463623999
5.686111478514712,-1.3179170278729644,0.7814252329593363,0.0,2.5,0.5315186863643763
5.686111478514712,-1.3079170278729646,0.799515365156438,0.0,2.5,0.5479959853450427
5.686111478514712,-1.2979170278729648,0.8026457476276376,0.0,2.5,0.5517375592708244
5.686111478514712,-1.287917027872965,0.7852620243423188,0.0,2.5,0.5408263272125289
5.686111478514712,-1.2779170278729652,0.7730346542609968,0.0,2.5,0.5335955820299785
5.686111478514712,-1.2679170278729655,0.7655129304180985,0.0,2.5,0.5324635231258306
5.686111478514712,-1.2579170278729657,0.7565773389693177,0.0,2.5,0.5235982160376599
5.686111478514712,-1.2479170278729659,0.7631082822305528,0.0,2.5,0.5193226621984732
5.686111478514712,-1.237917027872966,0.7313431510948606,0.0,2.5,0.48633464381048286
5.686111478514712,-1.2279170278729663,0.7391001483222599,0.0,2.5,0.4904261919061031
5.686111478514712,-1.2179170278729665,0.7371555006414015,0.0,2.5,0.4864869142814076
5.686111478514712,-1.2079170278729667,0.7747237330721864,0.0,2.5,0.4880787018029224
5.686111478514712,-1.197917027872967,0.775166068546091,0.0,2.5,0.4869101012330482
5.686111478514712,-1.1879170278729672,0.7410544225133054,0.0,2.5,0.4686752199056178
5.686111478514712,-1.1779170278729674,0.7203853987323869,0.0,2.5,0.4526965267027795
5.686111478514712,-1.1679170278729676,0.7054410542543109,0.0,2.5,0.4399706605757292
5.686111478514712,-1.1579170278729678,0.6944435315436042,0.0,2.5,0.4328498046450538
5.686111478514712,-1.147917027872968,0.7438758919009625,0.0,2.5,0.47766355742123234
5.686111478514712,-1.1379170278729682,0.9668273512794407,0.0,2.5,0.6026133251422445
5.686111478514712,-1.1279170278729684,0.7982207091596789,0.0,2.5,0.5008673316090072
5.686111478514712,-1.1179170278729686,0.7439192958782606,0.0,2.5,0.47826400903487193
5.686111478514712,-1.1079170278729689,0.7877408938262598,0.0,2.5,0.5032812161424467
5.686111478514712,-1.097917027872969,0.8188011870989028,0.0,2.5,0.5119315931577065
5.686111478514712,-1.0879170278729693,0.8210232864943559,0.0,2.5,0.5196203819003661
5.686111478514712,-1.0779170278729695,0.8002484570663592,0.0,2.5,0.5024828883380181
5.686111478514712,-1.0679170278729697,0.8131759056813787,0.0,2.5,0.5098159466674113
5.686111478514712,-1.05791702787297,0.7438771529091232,0.0,2.5,0.4708531481652814
5.686111478514712,-1.0479170278729701,0.7691104378652851,0.0,2.5,0.47232894969498934
5.686111478514712,-1.0379170278729704,0.7599363432245947,0.0,2.5,0.46379391168552303
5.686111478514712,-1.0279170278729706,0.7529382747544309,0.0,2.5,0.5013603021675563
5.686111478514712,-1.0179170278729708,0.8189338621031115,0.0,2.5,0.5422859059529198
5.686111478514712,-1.007917027872971,0.8019003565255775,0.0,2.5,0.5430877278371874
5.686111478514712,-0.9979170278729712,0.8001251043083341,0.0,2.5,0.5472001182031648
5.686111478514712,-0.9879170278729714,0.7903879242442771,0.0,2.5,0.5559748536343498
5.686111478514712,-0.9779170278729716,0.7747594662881425,0.0,2.5,0.561567278405873
5.686111478514712,-0.9679170278729718,0.7116490066376582,0.0,2.5,0.5316816092173638
5.686111478514712,-0.9579170278729721,0.6983945950667291,0.0,2.5,0.5362885936426317
5.686111478514712,-0.9479170278729723,0.6460809285744985,0.0,2.5,0.5084848861153153
5.686111478514712,-0.9379170278729725,0.6903431735442982,0.0,2.5,0.5743128799458235
5.686111478514712,-0.9279170278729727,0.6580796181314555,0.0,2.5,0.5963534977259537
5.686111478514712,-0.9179170278729729,0.5551701147523869,0.0,2.5,0.5526643657157682
5.686111478514712,-0.9079170278729731,0.5821950568258231,0.0,2.5,0.5616867311416152
5.686111478514712,-0.8979170278729733,0.556048254881833,0.0,2.5,0.5450368615906223
5.686111478514712,-0.8879170278729736,0.5737819800237186,0.0,2.5,0.5569790230246305
5.686111478514712,-0.8779170278729738,0.5310557799482998,0.0,2.5,0.5248758096203396
5.686111478514712,-0.867917027872974,0.6369831565270687,0.0,2.5,0.6192120859134406
5.686111478514712,-0.8579170278729742,0.6908172291494894,0.0,2.5,0.609473618735698
5.686111478514712,-0.8479170278729744,0.7074297131625512,0.0,2.5,0.624566765283631
5.686111478514712,-0.8379170278729746,0.7025623621584798,0.0,2.5,0.6350886107746802
5.686111478514712,-0.8279170278729748,0.6585173016134467,0.0,2.5,0.6345383076242557
5.686111478514712,-0.817917027872975,0.6404421693518415,0.0,2.5,0.6355765366410556
5.686111478514712,-0.8079170278729753,0.6345013729856025,0.0,2.5,0.6300488529292951
5.686111478514712,-0.7979170278729755,0.6707941193497764,0.0,2.5,0.6553720522874297
5.686111478514712,-0.7879170278729757,0.6153498587036771,0.0,2.5,0.6510327491778148
5.686111478514712,-0.7779170278729759,0.6269712632001921,0.0,2.5,0.6544550857814087
5.686111478514712,-0.7679170278729761,0.6107317329788647,0.0,2.5,0.635510550988663
5.686111478514712,-0.7579170278729763,0.5806239657089263,0.0,2.5,0.5893083308710187
5.686111478514712,-0.7479170278729765,0.5832184025573368,0.0,2.5,0.5919806201538103
5.686111478514712,-0.7379170278729767,0.5941720503692165,0.0,2.5,0.6012283747729693
5.686111478514712,-0.727917027872977,0.5656880394902161,0.0,2.5,0.5550121752787254
5.686111478514712,-0.7179170278729772,0.6022824679410007,0.0,2.5,0.599632866636622
5.686111478514712,-0.7079170278729774,0.6337542005339702,0.0,2.5,0.610965519376169
5.686111478514712,-0.6979170278729776,0.687643747087204,0.0,2.5,0.6143473287574398
5.686111478514712,-0.6879170278729778,0.6442188994737551,0.0,2.5,0.6025263948292297
5.686111478514712,-0.677917027872978,0.6601825325870518,0.0,2.5,0.5973456020303107
5.686111478514712,-0.6679170278729782,0.6622660469689554,0.0,2.5,0.5968392584135007
5.686111478514712,-0.6579170278729785,0.6573377037946512,0.0,2.5,0.5709150503387199
5.686111478514712,-0.6479170278729787,0.6122100835763522,0.0,2.5,0.5300996417131436
5.686111478514712,-0.6379170278729789,0.6396967737038566,0.0,2.5,0.5397028471704055
5.686111478514712,-0.6279170278729791,0.6020606190469731,0.0,2.5,0.5401822153938455
5.686111478514712,-0.6179170278729793,0.6049001715347341,0.0,2.5,0.5486368363131049
5.686111478514712,-0.6079170278729795,0.6080629365001088,0.0,2.5,0.5502076055490144
5.686111478514712,-0.5979170278729797,0.6632581521388519,0.0,2.5,0.5941599335092802
5.686111478514712,-0.58791702787298,0.5921315943799065,0.0,2.5,0.5573555849134642
5.686111478514712,-0.5779170278729802,0.5957211662378998,0.0,2.5,0.5536378200140039
5.686111478514712,-0.5679170278729804,0.5644760417502059,0.0,2.5,0.5331287561487631
5.686111478514712,-0.5579170278729806,0.5384208617247613,0.0,2.5,0.508563647938854
5.686111478514712,-0.5479170278729808,0.48380528354826907,0.0,2.5,0.4840473144359105
5.686111478514712,-0.537917027872981,0.475896709365073,0.0,2.5,0.4815113661983294
5.686111478514712,-0.5279170278729812,0.4445048933615588,0.0,2.5,0.4548436453199601
5.686111478514712,-0.5179170278729814,0.48558607106203705,0.0,2.5,0.4805599241551948
5.696111478514712,-1.7979170278729542,0.7878499046897611,0.0,2.5,0.591262894326639
5.696111478514712,-1.7879170278729544,0.9084295960766963,0.0,2.5,0.5990056833004168
5.696111478514712,-1.7779170278729546,0.8852039140509574,0.0,2.5,0.5794671825613413
5.696111478514712,-1.7679170278729548,0.8917878764280632,0.0,2.5,0.5814021549438613
5.696111478514712,-1.757917027872955,0.8949152525724078,0.0,2.5,0.5802222988287534
5.696111478514712,-1.7479170278729552,0.9336005906922352,0.0,2.5,0.6020822913291715
5.696111478514712,-1.7379170278729554,0.9690901737042189,0.0,2.5,0.6108820563269217
5.696111478514712,-1.7279170278729556,0.9476086078446844,0.0,2.5,0.6150854618025646
5.696111478514712,-1.7179170278729559,0.9718139038359331,0.0,2.5,0.6165911888495617
5.696111478514712,-1.707917027872956,0.9666661072190753,0.0,2.5,0.6268527243135064
5.696111478514712,-1.6979170278729563,0.9770864404777834,0.0,2.5,0.622696831684001
5.696111478514712,-1.6879170278729565,0.9783410554844618,0.0,2.5,0.6193658916541627
5.696111478514712,-1.6779170278729567,1.0105669387981078,0.0,2.5,0.6460759924668555
5.696111478514712,-1.667917027872957,1.0217270786778603,0.0,2.5,0.6591894887723666
5.696111478514712,-1.6579170278729571,1.0003029095039846,0.0,2.5,0.6548477050038579
5.696111478514712,-1.6479170278729574,1.0019430850705127,0.0,2.5,0.663501051051026
5.696111478514712,-1.6379170278729576,1.0135385959629493,0.0,2.5,0.6677920745415034
5.696111478514712,-1.6279170278729578,0.9919248449880468,0.0,2.5,0.645277012205036
5.696111478514712,-1.617917027872958,0.9856920097260987,0.0,2.5,0.6175780889388155
5.696111478514712,-1.6079170278729582,0.9858482222262428,0.0,2.5,0.6100790258234337
5.696111478514712,-1.5979170278729584,1.0095955536292534,0.0,2.5,0.6303132381312967
5.696111478514712,-1.5879170278729586,0.9970112767314537,0.0,2.5,0.6265620291456784
5.696111478514712,-1.5779170278729588,0.9952101573159725,0.0,2.5,0.5967209858250062
5.696111478514712,-1.567917027872959,0.9978470286762027,0.0,2.5,0.5988226843871053
5.696111478514712,-1.5579170278729593,0.9637793467932949,0.0,2.5,0.5759585869762586
5.696111478514712,-1.5479170278729595,0.9393712131469443,0.0,2.5,0.5699109358813683
5.696111478514712,-1.5379170278729597,0.9368813855816953,0.0,2.5,0.5666301743459848
5.696111478514712,-1.52791702787296,0.9407192668087012,0.0,2.5,0.5686480232433657
5.696111478514712,-1.5179170278729601,0.9389673211881514,0.0,2.5,0.5694681671282579
5.696111478514712,-1.5079170278729603,0.9123081917802867,0.0,2.5,0.5532824503198976
5.696111478514712,-1.4979170278729605,0.9583930752713141,0.0,2.5,0.6331273627998134
5.696111478514712,-1.4879170278729608,0.9342358996883322,0.0,2.5,0.6491556602683635
5.696111478514712,-1.477917027872961,0.8329785917025037,0.0,2.5,0.657416900050225
5.696111478514712,-1.4679170278729612,0.7902574290639972,0.0,2.5,0.6356432150057417
5.696111478514712,-1.4579170278729614,0.6775134238498581,0.0,2.5,0.5945389220907888
5.696111478514712,-1.4479170278729616,0.6676802679500309,0.0,2.5,0.5718857095674089
5.696111478514712,-1.4379170278729618,0.6881267950778087,0.0,2.5,0.5979381749615178
5.696111478514712,-1.427917027872962,0.7178613900173466,0.0,2.5,0.5921088115434957
5.696111478514712,-1.4179170278729623,0.7628525744705615,0.0,2.5,0.5834255569082539
5.696111478514712,-1.4079170278729625,0.7049960602647389,0.0,2.5,0.5609790735703091
5.696111478514712,-1.3979170278729627,0.7441597619560565,0.0,2.5,0.5906791904232178
5.696111478514712,-1.387917027872963,0.8112161426844289,0.0,2.5,0.5819095329165096
5.696111478514712,-1.377917027872963,0.8079896173663739,0.0,2.5,0.5924076685471168
5.696111478514712,-1.3679170278729633,0.8022284990181917,0.0,2.5,0.5844747976793695
5.696111478514712,-1.3579170278729635,0.8234276701985115,0.0,2.5,0.5855395695921066
5.696111478514712,-1.3479170278729637,0.7921917673380562,0.0,2.5,0.5691996572163642
5.696111478514712,-1.337917027872964,0.8118271301650072,0.0,2.5,0.5653815674801347
5.696111478514712,-1.3279170278729642,0.8066788580844844,0.0,2.5,0.5441939692399169
5.696111478514712,-1.3179170278729644,0.8153708961510604,0.0,2.5,0.5374282964773069
5.696111478514712,-1.3079170278729646,0.8054815060373136,0.0,2.5,0.5479633718189098
5.696111478514712,-1.2979170278729648,0.811419283059219,0.0,2.5,0.5544083445942203
5.696111478514712,-1.287917027872965,0.7942940334993325,0.0,2.5,0.5452344591901787
5.696111478514712,-1.2779170278729652,0.7813597417048496,0.0,2.5,0.5381034577306065
5.696111478514712,-1.2679170278729655,0.7751617995173189,0.0,2.5,0.5385233813768682
5.696111478514712,-1.2579170278729657,0.7798634281282011,0.0,2.5,0.538520855862821
5.696111478514712,-1.2479170278729659,0.7379388772046843,0.0,2.5,0.5062552480951473
5.696111478514712,-1.237917027872966,0.7311663172730267,0.0,2.5,0.4879328721823303
5.696111478514712,-1.2279170278729663,0.7251754942508369,0.0,2.5,0.48118374541818126
5.696111478514712,-1.2179170278729665,0.7377288070912165,0.0,2.5,0.48135484579397575
5.696111478514712,-1.2079170278729667,0.7972925637464109,0.0,2.5,0.4897459790166171
5.696111478514712,-1.197917027872967,0.7814720427137637,0.0,2.5,0.4856380188869338
5.696111478514712,-1.1879170278729672,0.7272201027611177,0.0,2.5,0.4569425570806594
5.696111478514712,-1.1779170278729674,0.7207555596055739,0.0,2.5,0.4593568658406197
5.696111478514712,-1.1679170278729676,0.7051637049915827,0.0,2.5,0.44790912092402857
5.696111478514712,-1.1579170278729678,0.6866390434895996,0.0,2.5,0.4368261367392298
5.696111478514712,-1.147917027872968,0.6988214189240727,0.0,2.5,0.44497122116778276
5.696111478514712,-1.1379170278729682,0.7250839149443785,0.0,2.5,0.4681364819937503
5.696111478514712,-1.1279170278729684,0.9321788743207836,0.0,2.5,0.5578250764282665
5.696111478514712,-1.1179170278729686,1.0209537828280206,0.0,2.5,0.6057757126117185
5.696111478514712,-1.1079170278729689,0.8317374625104579,0.0,2.5,0.4986776012818439
5.696111478514712,-1.097917027872969,0.7403112582763453,0.0,2.5,0.4624344779915728
5.696111478514712,-1.0879170278729693,0.7826927162359854,0.0,2.5,0.4905432027332007
5.696111478514712,-1.0779170278729695,0.7763809587762577,0.0,2.5,0.486738651958214
5.696111478514712,-1.0679170278729697,0.7897331798992888,0.0,2.5,0.5062654469001971
5.696111478514712,-1.05791702787297,0.8116154127900818,0.0,2.5,0.49216621878945216
5.696111478514712,-1.0479170278729701,0.8520522047153518,0.0,2.5,0.5147345495493644
5.696111478514712,-1.0379170278729704,0.821287475313828,0.0,2.5,0.5266710946893369
5.696111478514712,-1.0279170278729706,0.839642570950595,0.0,2.5,0.5332674227536062
5.696111478514712,-1.0179170278729708,0.8184454366758274,0.0,2.5,0.541090597337304
5.696111478514712,-1.007917027872971,0.7693580021484492,0.0,2.5,0.5196613763627865
5.696111478514712,-0.9979170278729712,0.7806819336769001,0.0,2.5,0.5280162258357345
5.696111478514712,-0.9879170278729714,0.7466329326703866,0.0,2.5,0.529664968581092
5.696111478514712,-0.9779170278729716,0.7128525648637111,0.0,2.5,0.5176465795567258
5.696111478514712,-0.9679170278729718,0.7086422528311749,0.0,2.5,0.5278724272360293
5.696111478514712,-0.9579170278729721,0.6928006424104655,0.0,2.5,0.5262305096070086
5.696111478514712,-0.9479170278729723,0.6724517773810205,0.0,2.5,0.5312381759722095
5.696111478514712,-0.9379170278729725,0.6884202828106184,0.0,2.5,0.5581043377208768
5.696111478514712,-0.9279170278729727,0.7113384358489693,0.0,2.5,0.6229158865033109
5.696111478514712,-0.9179170278729729,0.5391975979779862,0.0,2.5,0.5391055982157984
5.696111478514712,-0.9079170278729731,0.5742567864194144,0.0,2.5,0.5603222355913182
5.696111478514712,-0.8979170278729733,0.5725023639765583,0.0,2.5,0.5588380726953905
5.696111478514712,-0.8879170278729736,0.5371806182962574,0.0,2.5,0.5300624093776987
5.696111478514712,-0.8779170278729738,0.5114723677780563,0.0,2.5,0.5080193654207279
5.696111478514712,-0.867917027872974,0.7216349581522651,0.0,2.5,0.6665249613848219
5.696111478514712,-0.8579170278729742,0.7067176554580689,0.0,2.5,0.6073407933536045
5.696111478514712,-0.8479170278729744,0.7326196660301241,0.0,2.5,0.6184592202888405
5.696111478514712,-0.8379170278729746,0.7139119793951302,0.0,2.5,0.6231404697316737
5.696111478514712,-0.8279170278729748,0.6884638656161941,0.0,2.5,0.6303141481991164
5.696111478514712,-0.817917027872975,0.6765615499738954,0.0,2.5,0.6298654669541245
5.696111478514712,-0.8079170278729753,0.6566682820480293,0.0,2.5,0.6386904504868551
5.696111478514712,-0.7979170278729755,0.6503486982285794,0.0,2.5,0.6434382673002929
5.696111478514712,-0.7879170278729757,0.6647941862803598,0.0,2.5,0.653026483788221
5.696111478514712,-0.7779170278729759,0.6741841324847381,0.0,2.5,0.6549126822508122
5.696111478514712,-0.7679170278729761,0.6887977005108032,0.0,2.5,0.6622598669177846
5.696111478514712,-0.7579170278729763,0.6369604071036449,0.0,2.5,0.6595039332498791
5.696111478514712,-0.7479170278729765,0.6243354061575954,0.0,2.5,0.6333020542698871
5.696111478514712,-0.7379170278729767,0.6219597139728414,0.0,2.5,0.6133289747319549
5.696111478514712,-0.727917027872977,0.5969508717504772,0.0,2.5,0.6007552511471898
5.696111478514712,-0.7179170278729772,0.6128010446907923,0.0,2.5,0.6096328666366221
5.696111478514712,-0.7079170278729774,0.6281315746636018,0.0,2.5,0.6084496822720967
5.696111478514712,-0.6979170278729776,0.6819962429354679,0.0,2.5,0.6123473287574398
5.696111478514712,-0.6879170278729778,0.6870301776956378,0.0,2.5,0.6059351902710352
5.696111478514712,-0.677917027872978,0.6896273219013863,0.0,2.5,0.5878086149635107
5.696111478514712,-0.6679170278729782,0.6668243973249012,0.0,2.5,0.5721209506369118
5.696111478514712,-0.6579170278729785,0.6345957138394079,0.0,2.5,0.5379253221920361
5.696111478514712,-0.6479170278729787,0.586726544761744,0.0,2.5,0.5034568829485644
5.696111478514712,-0.6379170278729789,0.5968675555661657,0.0,2.5,0.512799441408026
5.696111478514712,-0.6279170278729791,0.606423999939794,0.0,2.5,0.5316626819197032
5.696111478514712,-0.6179170278729793,0.5889580211912409,0.0,2.5,0.5430503539940621
5.696111478514712,-0.6079170278729795,0.6463721408530367,0.0,2.5,0.5845432039048278
5.696111478514712,-0.5979170278729797,0.611328066341891,0.0,2.5,0.5756696497783926
5.696111478514712,-0.58791702787298,0.592054132630513,0.0,2.5,0.553280065310237
5.696111478514712,-0.5779170278729802,0.602370155911065,0.0,2.5,0.5533955355212792
5.696111478514712,-0.5679170278729804,0.5643291976152373,0.0,2.5,0.5239011340078957
5.696111478514712,-0.5579170278729806,0.5414390032761656,0.0,2.5,0.49854930639681244
5.696111478514712,-0.5479170278729808,0.5143860276417441,0.0,2.5,0.4831894138893023
5.696111478514712,-0.537917027872981,0.5160451017994203,0.0,2.5,0.4863586969315212
5.696111478514712,-0.5279170278729812,0.48754359492647814,0.0,2.5,0.48585856141967304
5.696111478514712,-0.5179170278729814,0.5259932037176187,0.0,2.5,0.5080596157494109
5.706111478514711,-1.7979170278729542,0.808702270236069,0.0,2.5,0.6197603933046368
5.706111478514711,-1.7879170278729544,0.9411386022285974,0.0,2.5,0.6294255434554292
5.706111478514711,-1.7779170278729546,0.9061652041155576,0.0,2.5,0.598035326149124
5.706111478514711,-1.7679170278729548,0.8942935258288127,0.0,2.5,0.590815138590975
5.706111478514711,-1.757917027872955,0.8969665993152768,0.0,2.5,0.5896402747451435
5.706111478514711,-1.7479170278729552,0.8906564137047066,0.0,2.5,0.5828849810287865
5.706111478514711,-1.7379170278729554,0.9481276303102066,0.0,2.5,0.6021435574196233
5.706111478514711,-1.7279170278729556,0.9337361235748869,0.0,2.5,0.6099794391870419
5.706111478514711,-1.7179170278729559,0.9244256200225918,0.0,2.5,0.613479933337842
5.706111478514711,-1.707917027872956,0.9845161381809119,0.0,2.5,0.6241164054371696
5.706111478514711,-1.6979170278729563,0.9654652097262754,0.0,2.5,0.6278946543469083
5.706111478514711,-1.6879170278729565,1.0079246716069838,0.0,2.5,0.6487463179731228
5.706111478514711,-1.6779170278729567,1.0102639469384405,0.0,2.5,0.6531493897035747
5.706111478514711,-1.667917027872957,0.9884393278607015,0.0,2.5,0.6448556755635771
5.706111478514711,-1.6579170278729571,0.9754781241943588,0.0,2.5,0.6413463139601765
5.706111478514711,-1.6479170278729574,0.9887060643495242,0.0,2.5,0.6524484177109892
5.706111478514711,-1.6379170278729576,1.0088783558744008,0.0,2.5,0.6462521293068779
5.706111478514711,-1.6279170278729578,0.9788455816768885,0.0,2.5,0.6176131091595908
5.706111478514711,-1.617917027872958,0.9993904264711527,0.0,2.5,0.6262065039024611
5.706111478514711,-1.6079170278729582,0.9908851703301191,0.0,2.5,0.6208546430994188
5.706111478514711,-1.5979170278729584,0.9860927226702355,0.0,2.5,0.6169800231528076
5.706111478514711,-1.5879170278729586,0.9893727958688487,0.0,2.5,0.6163466898194744
5.706111478514711,-1.5779170278729588,0.9979026012057086,0.0,2.5,0.6187671180550721
5.706111478514711,-1.567917027872959,0.9492723068999233,0.0,2.5,0.596541826307313
5.706111478514711,-1.5579170278729593,0.9449890012205373,0.0,2.5,0.5955356712985008
5.706111478514711,-1.5479170278729595,0.9595740199375723,0.0,2.5,0.6041274577696618
5.706111478514711,-1.5379170278729597,0.940622897543825,0.0,2.5,0.5967932290357812
5.706111478514711,-1.52791702787296,0.9261772079341396,0.0,2.5,0.558151446846986
5.706111478514711,-1.5179170278729601,0.9210326109212666,0.0,2.5,0.5547246346907626
5.706111478514711,-1.5079170278729603,0.9690106994819551,0.0,2.5,0.6428692341778328
5.706111478514711,-1.4979170278729605,0.9345736673043952,0.0,2.5,0.644939990222022
5.706111478514711,-1.4879170278729608,0.9242601851314113,0.0,2.5,0.6480590638916164
5.706111478514711,-1.477917027872961,0.7837396568295231,0.0,2.5,0.6445483923088533
5.706111478514711,-1.4679170278729612,0.7047761939792685,0.0,2.5,0.6275045958102198
5.706111478514711,-1.4579170278729614,0.6495005208831589,0.0,2.5,0.5665875639299924
5.706111478514711,-1.4479170278729616,0.6388593467728099,0.0,2.5,0.5699097592807534
5.706111478514711,-1.4379170278729618,0.6795247340399602,0.0,2.5,0.5986772835503692
5.706111478514711,-1.427917027872962,0.6850495222801488,0.0,2.5,0.5880255626273994
5.706111478514711,-1.4179170278729623,0.7557070580954736,0.0,2.5,0.5829922054761919
5.706111478514711,-1.4079170278729625,0.7463780137440604,0.0,2.5,0.5828502988079427
5.706111478514711,-1.3979170278729627,0.7473430985770596,0.0,2.5,0.5937739205413911
5.706111478514711,-1.387917027872963,0.8193624743343517,0.0,2.5,0.58762586060786
5.706111478514711,-1.377917027872963,0.8180511862612466,0.0,2.5,0.5947629477309608
5.706111478514711,-1.3679170278729633,0.8039087866325088,0.0,2.5,0.5860371029149082
5.706111478514711,-1.3579170278729635,0.8164501642768055,0.0,2.5,0.5785350770710382
5.706111478514711,-1.3479170278729637,0.7930351868406857,0.0,2.5,0.5690577757848005
5.706111478514711,-1.337917027872964,0.8112496711172473,0.0,2.5,0.5627307436230914
5.706111478514711,-1.3279170278729642,0.7951406226170125,0.0,2.5,0.5414677431092725
5.706111478514711,-1.3179170278729644,0.8214114045912089,0.0,2.5,0.5438504957117307
5.706111478514711,-1.3079170278729646,0.8073607813533907,0.0,2.5,0.5495662123454137
5.706111478514711,-1.2979170278729648,0.8097141764391709,0.0,2.5,0.5501647266777696
5.706111478514711,-1.287917027872965,0.7984868609959547,0.0,2.5,0.543185783385611
5.706111478514711,-1.2779170278729652,0.7849116403003504,0.0,2.5,0.5413511787160733
5.706111478514711,-1.2679170278729655,0.7962775145699381,0.0,2.5,0.5486604215778458
5.706111478514711,-1.2579170278729657,0.786883522962901,0.0,2.5,0.5414206311057841
5.706111478514711,-1.2479170278729659,0.7483559494011454,0.0,2.5,0.5079365118762196
5.706111478514711,-1.237917027872966,0.7457800006645982,0.0,2.5,0.5045236446039919
5.706111478514711,-1.2279170278729663,0.7439944783546009,0.0,2.5,0.49307122136071774
5.706111478514711,-1.2179170278729665,0.7707923953118941,0.0,2.5,0.48444157783156183
5.706111478514711,-1.2079170278729667,0.7976973845372219,0.0,2.5,0.4905074726945869
5.706111478514711,-1.197917027872967,0.769048938629721,0.0,2.5,0.47859394266662036
5.706111478514711,-1.1879170278729672,0.7354763414693737,0.0,2.5,0.4565702484878933
5.706111478514711,-1.1779170278729674,0.7263492680240434,0.0,2.5,0.4589571277446033
5.706111478514711,-1.1679170278729676,0.7025960377808377,0.0,2.5,0.44912169028419074
5.706111478514711,-1.1579170278729678,0.6901141340019422,0.0,2.5,0.4513310553921311
5.706111478514711,-1.147917027872968,0.726763210809757,0.0,2.5,0.4967387474306232
5.706111478514711,-1.1379170278729682,0.7252113487608456,0.0,2.5,0.5151305550980034
5.706111478514711,-1.1279170278729684,0.761897705265451,0.0,2.5,0.5065723545044808
5.706111478514711,-1.1179170278729686,0.820736481733829,0.0,2.5,0.5222474835853497
5.706111478514711,-1.1079170278729689,0.9834935731489215,0.0,2.5,0.6139483812793456
5.706111478514711,-1.097917027872969,1.01194893192281,0.0,2.5,0.5995911598980203
5.706111478514711,-1.0879170278729693,0.8309723980478629,0.0,2.5,0.4990356211361888
5.706111478514711,-1.0779170278729695,0.7429056289004831,0.0,2.5,0.4430303381619745
5.706111478514711,-1.0679170278729697,0.7698669033586544,0.0,2.5,0.45252030391509884
5.706111478514711,-1.05791702787297,0.8201551938082474,0.0,2.5,0.48703485968556215
5.706111478514711,-1.0479170278729701,0.871479400823049,0.0,2.5,0.5380938933412126
5.706111478514711,-1.0379170278729704,0.833502708307416,0.0,2.5,0.5285745266240597
5.706111478514711,-1.0279170278729706,0.8309455553702834,0.0,2.5,0.5316648763891428
5.706111478514711,-1.0179170278729708,0.8262166426703546,0.0,2.5,0.550359729651457
5.706111478514711,-1.007917027872971,0.8036334821441583,0.0,2.5,0.546976125693256
5.706111478514711,-0.9979170278729712,0.7784947798965955,0.0,2.5,0.538109932282031
5.706111478514711,-0.9879170278729714,0.7343664545302454,0.0,2.5,0.5186873814182023
5.706111478514711,-0.9779170278729716,0.7381252623279264,0.0,2.5,0.531574385656398
5.706111478514711,-0.9679170278729718,0.7341988073853537,0.0,2.5,0.5377090378399779
5.706111478514711,-0.9579170278729721,0.7248165991410385,0.0,2.5,0.5440530589759328
5.706111478514711,-0.9479170278729723,0.7091226341548286,0.0,2.5,0.5487940948808498
5.706111478514711,-0.9379170278729725,0.6709258537613876,0.0,2.5,0.5347050233570871
5.706111478514711,-0.9279170278729727,0.6918622210819864,0.0,2.5,0.5847360083556041
5.706111478514711,-0.9179170278729729,0.5545565661117198,0.0,2.5,0.5554958108596172
5.706111478514711,-0.9079170278729731,0.5660496995969736,0.0,2.5,0.5585742264628321
5.706111478514711,-0.8979170278729733,0.5677689194009147,0.0,2.5,0.5580576152888044
5.706111478514711,-0.8879170278729736,0.5401713185488295,0.0,2.5,0.5297329850609649
5.706111478514711,-0.8779170278729738,0.5378870815535307,0.0,2.5,0.5377844588917818
5.706111478514711,-0.867917027872974,0.714237005559395,0.0,2.5,0.6302619388734663
5.706111478514711,-0.8579170278729742,0.6979347368727166,0.0,2.5,0.5932245011594688
5.706111478514711,-0.8479170278729744,0.6978374002073247,0.0,2.5,0.593470785109955
5.706111478514711,-0.8379170278729746,0.7005126913711504,0.0,2.5,0.5999348231136094
5.706111478514711,-0.8279170278729748,0.7031395479944753,0.0,2.5,0.6118668436461426
5.706111478514711,-0.817917027872975,0.7012486537166086,0.0,2.5,0.6230307687510959
5.706111478514711,-0.8079170278729753,0.6924939453712338,0.0,2.5,0.6334410794056298
5.706111478514711,-0.7979170278729755,0.6956146522333713,0.0,2.5,0.6417620388431166
5.706111478514711,-0.7879170278729757,0.7050537959820742,0.0,2.5,0.6471665787860491
5.706111478514711,-0.7779170278729759,0.6819700393312608,0.0,2.5,0.6527153941280261
5.706111478514711,-0.7679170278729761,0.6829858092233653,0.0,2.5,0.6497214488497524
5.706111478514711,-0.7579170278729763,0.677030719761197,0.0,2.5,0.6445685094577223
5.706111478514711,-0.7479170278729765,0.6654803107850427,0.0,2.5,0.6299586814078766
5.706111478514711,-0.6979170278729776,0.6552995111527238,0.0,2.5,0.613888685253326
5.706111478514711,-0.6879170278729778,0.6932999205074611,0.0,2.5,0.602423658513736
5.706111478514711,-0.6579170278729785,0.640064301736917,0.0,2.5,0.5411721101663042
5.706111478514711,-0.6479170278729787,0.5793132015681925,0.0,2.5,0.5048617222029931
5.706111478514711,-0.6379170278729789,0.5521437565415876,0.0,2.5,0.48646017070065023
5.706111478514711,-0.6279170278729791,0.5935899307732768,0.0,2.5,0.5215421910486878
5.706111478514711,-0.6179170278729793,0.6271514712967032,0.0,2.5,0.5680831965473746
5.706111478514711,-0.6079170278729795,0.617350834945087,0.0,2.5,0.5707634784195822
5.706111478514711,-0.5979170278729797,0.5846822379984491,0.0,2.5,0.5608841214600768
5.706111478514711,-0.58791702787298,0.577743851006757,0.0,2.5,0.5632171122472107
5.706111478514711,-0.5779170278729802,0.5991328988452808,0.0,2.5,0.5554391103222789
5.706111478514711,-0.5679170278729804,0.5963140655699725,0.0,2.5,0.5488594948575132
5.706111478514711,-0.5579170278729806,0.550314940942537,0.0,2.5,0.49853127215057996
5.706111478514711,-0.5479170278729808,0.5486594540468598,0.0,2.5,0.504157530868124
5.706111478514711,-0.537917027872981,0.55896243277286,0.0,2.5,0.5269480276675124
5.706111478514711,-0.5279170278729812,0.5358170218790337,0.0,2.5,0.5206141471825845
5.706111478514711,-0.5179170278729814,0.5568864411415668,0.0,2.5,0.5191905366245972
5.716111478514711,-1.7979170278729542,0.786242612634832,0.0,2.5,0.6152483010948037
5.716111478514711,-1.7879170278729544,0.8575003724995727,0.0,2.5,0.5895659963595283
5.716111478514711,-1.7779170278729546,0.8638182576535993,0.0,2.5,0.587726724387325
5.716111478514711,-1.7679170278729548,0.8771410979964277,0.0,2.5,0.5908899896934474
5.716111478514711,-1.757917027872955,0.8824463231382262,0.0,2.5,0.5894722923700166
5.716111478514711,-1.7479170278729552,0.9047691319032458,0.0,2.5,0.5904399674993348
5.716111478514711,-1.7379170278729554,0.914389738650422,0.0,2.5,0.5858763323547758
5.716111478514711,-1.7279170278729556,0.9313507004619775,0.0,2.5,0.6067704964842915
5.716111478514711,-1.7179170278729559,0.9060519798208216,0.0,2.5,0.6064236439584617
5.716111478514711,-1.707917027872956,0.9212420525977149,0.0,2.5,0.6164541174375741
5.716111478514711,-1.6979170278729563,0.9896376150728308,0.0,2.5,0.6481631440449455
5.716111478514711,-1.6879170278729565,1.0065512984561085,0.0,2.5,0.6612304211111922
5.716111478514711,-1.6779170278729567,1.0057945189359618,0.0,2.5,0.6605426738413401
5.716111478514711,-1.667917027872957,1.0005647043524104,0.0,2.5,0.6655641474932107
5.716111478514711,-1.6579170278729571,0.9782957020485737,0.0,2.5,0.6433178100166986
5.716111478514711,-1.6479170278729574,0.9910441292676626,0.0,2.5,0.6378515670956626
5.716111478514711,-1.6379170278729576,0.9979113909031487,0.0,2.5,0.6396571535143304
5.716111478514711,-1.6279170278729578,0.9869703510152885,0.0,2.5,0.631366746500119
5.716111478514711,-1.617917027872958,1.0046939383297133,0.0,2.5,0.6443795413748818
5.716111478514711,-1.6079170278729582,1.0010676153158142,0.0,2.5,0.6413681087771931
5.716111478514711,-1.5979170278729584,1.0089016501685453,0.0,2.5,0.640160023550048
5.716111478514711,-1.5879170278729586,1.012108038870803,0.0,2.5,0.6380032657651812
5.716111478514711,-1.5779170278729588,0.9451914114217362,0.0,2.5,0.6076293859719882
5.716111478514711,-1.567917027872959,0.9498026271481654,0.0,2.5,0.6088004456714278
5.716111478514711,-1.5579170278729593,0.9603302799312297,0.0,2.5,0.6159707544772347
5.716111478514711,-1.5479170278729595,0.9540174997883822,0.0,2.5,0.6073780932765104
5.716111478514711,-1.5379170278729597,0.9185754234377835,0.0,2.5,0.5935629564331313
5.716111478514711,-1.52791702787296,0.9257034647935174,0.0,2.5,0.5970570351678017
5.716111478514711,-1.5179170278729601,0.9288136907662576,0.0,2.5,0.6147317950222967
5.716111478514711,-1.5079170278729603,0.8771795072829904,0.0,2.5,0.6053743404843147
5.716111478514711,-1.4979170278729605,0.8701653316625992,0.0,2.5,0.6428384798113497
5.716111478514711,-1.4879170278729608,0.7892739613944351,0.0,2.5,0.6470531203061167
5.716111478514711,-1.477917027872961,0.6697692847224893,0.0,2.5,0.626409323113118
5.716111478514711,-1.4679170278729612,0.6045135643817791,0.0,2.5,0.5684972039231947
5.716111478514711,-1.4579170278729614,0.6156425704613229,0.0,2.5,0.560197375822169
5.716111478514711,-1.4479170278729616,0.6566034267985761,0.0,2.5,0.5708832301555171
5.716111478514711,-1.4379170278729618,0.6734463630910352,0.0,2.5,0.5908369645651149
5.716111478514711,-1.427917027872962,0.6502136485987094,0.0,2.5,0.5636131347965024
5.716111478514711,-1.4179170278729623,0.7490133291388025,0.0,2.5,0.5810094607978326
5.716111478514711,-1.4079170278729625,0.7525381830592703,0.0,2.5,0.582159128142826
5.716111478514711,-1.3979170278729627,0.7151679523212964,0.0,2.5,0.568590965689496
5.716111478514711,-1.387917027872963,0.8177616705274998,0.0,2.5,0.5897806782316654
5.716111478514711,-1.377917027872963,0.8126840348648415,0.0,2.5,0.5867357486391493
5.716111478514711,-1.3679170278729633,0.8056306443680106,0.0,2.5,0.5879519769179734
5.716111478514711,-1.3579170278729635,0.8003175982938822,0.0,2.5,0.5740069445276984
5.716111478514711,-1.3479170278729637,0.7965182192654487,0.0,2.5,0.566095750468345
5.716111478514711,-1.337917027872964,0.788229114633586,0.0,2.5,0.5458940089292138
5.716111478514711,-1.3279170278729642,0.79372028921248,0.0,2.5,0.5406310084153949
5.716111478514711,-1.3179170278729644,0.8285377165910942,0.0,2.5,0.5497183786808181
5.716111478514711,-1.3079170278729646,0.8364394340446918,0.0,2.5,0.5504750694385069
5.716111478514711,-1.2979170278729648,0.8034693900498969,0.0,2.5,0.5488840857227624
5.716111478514711,-1.287917027872965,0.8011430110643651,0.0,2.5,0.5491842201452224
5.716111478514711,-1.2779170278729652,0.7832348382487064,0.0,2.5,0.5372914329790099
5.716111478514711,-1.2679170278729655,0.8016867693118275,0.0,2.5,0.547047214030676
5.716111478514711,-1.2579170278729657,0.7639486848895867,0.0,2.5,0.5204639147785761
5.716111478514711,-1.2479170278729659,0.7583039269015635,0.0,2.5,0.5141475162665373
5.716111478514711,-1.237917027872966,0.7532332433071663,0.0,2.5,0.5055187568058789
5.716111478514711,-1.2279170278729663,0.7435801683608426,0.0,2.5,0.498534694508279
5.716111478514711,-1.2179170278729665,0.8019478133885737,0.0,2.5,0.49510330994997487
5.716111478514711,-1.2079170278729667,0.8325313067241547,0.0,2.5,0.5075485084637332
5.716111478514711,-1.197917027872967,0.7528119147352391,0.0,2.5,0.46722059557365775
5.716111478514711,-1.1879170278729672,0.7309992432946802,0.0,2.5,0.45360732185261815
5.716111478514711,-1.1779170278729674,0.7493130583190983,0.0,2.5,0.4699892819169041
5.716111478514711,-1.1679170278729676,0.749364441686754,0.0,2.5,0.4775866194062435
5.716111478514711,-1.1579170278729678,0.7467339544591461,0.0,2.5,0.49721222155478706
5.716111478514711,-1.147917027872968,0.7315630986912222,0.0,2.5,0.5074121609317449
5.716111478514711,-1.1379170278729682,0.7384800498705281,0.0,2.5,0.5305661336740299
5.716111478514711,-1.1279170278729684,0.7625255702182379,0.0,2.5,0.5310735691673548
5.716111478514711,-1.1179170278729686,0.7680020603291354,0.0,2.5,0.5137484021681307
5.716111478514711,-1.1079170278729689,0.7786971697825422,0.0,2.5,0.5223171779062583
5.716111478514711,-1.097917027872969,0.9508428477536379,0.0,2.5,0.6314341065598092
5.716111478514711,-1.0879170278729693,1.0724423373356335,0.0,2.5,0.6415133657088027
5.716111478514711,-1.0779170278729695,1.0752522821829298,0.0,2.5,0.6231243775993786
5.716111478514711,-1.0679170278729697,1.0235213702394306,0.0,2.5,0.6097037820966239
5.716111478514711,-1.05791702787297,0.7614820106208988,0.0,2.5,0.4592386778895961
5.716111478514711,-1.0479170278729701,0.7688102400173868,0.0,2.5,0.47861422405863635
5.716111478514711,-1.0379170278729704,0.814510927134061,0.0,2.5,0.5088400117388776
5.716111478514711,-1.0279170278729706,0.8588932140395976,0.0,2.5,0.546044988481189
5.716111478514711,-1.0179170278729708,0.8135026188605017,0.0,2.5,0.5346864386278389
5.716111478514711,-1.007917027872971,0.7602415321563551,0.0,2.5,0.5287948306729899
5.716111478514711,-0.9979170278729712,0.7624675476780307,0.0,2.5,0.5334507861368712
5.716111478514711,-0.9879170278729714,0.7649607734859102,0.0,2.5,0.5350485336784239
5.716111478514711,-0.9779170278729716,0.7521619079736426,0.0,2.5,0.5382722162403365
5.716111478514711,-0.9679170278729718,0.7543605587776859,0.0,2.5,0.5448245049574378
5.716111478514711,-0.9579170278729721,0.7240176108739664,0.0,2.5,0.5380112238933246
5.716111478514711,-0.9479170278729723,0.721899269360687,0.0,2.5,0.5450835921062883
5.716111478514711,-0.9379170278729725,0.6960335060657066,0.0,2.5,0.5512467109477434
5.716111478514711,-0.9279170278729727,0.6899603509594784,0.0,2.5,0.5689081012571742
5.716111478514711,-0.9179170278729729,0.7151469142697344,0.0,2.5,0.588693881948189
5.716111478514711,-0.9079170278729731,0.570736045240775,0.0,2.5,0.5391222611056208
5.716111478514711,-0.8979170278729733,0.5415718401553052,0.0,2.5,0.512018705635966
5.716111478514711,-0.8879170278729736,0.517078754188222,0.0,2.5,0.5033895545885894
5.716111478514711,-0.8779170278729738,0.5969661742866712,0.0,2.5,0.5833230324861477
5.716111478514711,-0.867917027872974,0.7110338627984133,0.0,2.5,0.6135544545681774
5.716111478514711,-0.8579170278729742,0.66269151677969,0.0,2.5,0.5681243606921713
5.716111478514711,-0.8479170278729744,0.6828225580382463,0.0,2.5,0.5720032029403693
5.716111478514711,-0.8379170278729746,0.6908111391466105,0.0,2.5,0.5896395432592642
5.716111478514711,-0.8279170278729748,0.6796933234646141,0.0,2.5,0.5829303730222398
5.716111478514711,-0.817917027872975,0.7092012234332348,0.0,2.5,0.601768007430842
5.716111478514711,-0.8079170278729753,0.7121088586313,0.0,2.5,0.610600029648636
5.716111478514711,-0.7979170278729755,0.7218861856146339,0.0,2.5,0.6197823400545925
5.716111478514711,-0.7879170278729757,0.7324603460667065,0.0,2.5,0.6174633265411028
5.716111478514711,-0.6279170278729791,0.5448169374152783,0.0,2.5,0.4959347962382934
5.716111478514711,-0.6179170278729793,0.5357748864632482,0.0,2.5,0.5003357454396923
5.716111478514711,-0.6079170278729795,0.5945503068601126,0.0,2.5,0.5514259244312413
5.716111478514711,-0.5979170278729797,0.6124189003323526,0.0,2.5,0.5608201970613705
5.716111478514711,-0.58791702787298,0.6183930566099995,0.0,2.5,0.5591424710710773
5.716111478514711,-0.5779170278729802,0.5767072621919412,0.0,2.5,0.5544349556508145
5.716111478514711,-0.5679170278729804,0.5754904053267735,0.0,2.5,0.5504516044710052
5.716111478514711,-0.5579170278729806,0.5342772156759205,0.0,2.5,0.5102521738019409
5.716111478514711,-0.5479170278729808,0.5311729371259244,0.0,2.5,0.5065228402529849
5.716111478514711,-0.537917027872981,0.5460965958127701,0.0,2.5,0.5162248381783863
5.716111478514711,-0.5279170278729812,0.5471486334408389,0.0,2.5,0.517279149004643
5.716111478514711,-0.5179170278729814,0.5773312656109781,0.0,2.5,0.5245401167940412
5.726111478514711,-1.7979170278729542,0.8012576458280859,0.0,2.5,0.6349163005137125
5.726111478514711,-1.7879170278729544,0.8631813755536781,0.0,2.5,0.5988682205333732
5.726111478514711,-1.7779170278729546,0.8680713725614246,0.0,2.5,0.6000480766484813
5.726111478514711,-1.7679170278729548,0.8698321384157672,0.0,2.5,0.5989533465303081
5.726111478514711,-1.757917027872955,0.8692331156485581,0.0,2.5,0.5964617777559575
5.726111478514711,-1.7479170278729552,0.9023926793908926,0.0,2.5,0.5920552516267397
5.726111478514711,-1.7379170278729554,0.9038695390806167,0.0,2.5,0.5821309879177307
5.726111478514711,-1.7279170278729556,0.9516573669539949,0.0,2.5,0.6020960884719487
5.726111478514711,-1.7179170278729559,0.9041643144715107,0.0,2.5,0.6086010874931633
5.726111478514711,-1.707917027872956,0.9442680558372581,0.0,2.5,0.6419947004792997
5.726111478514711,-1.6979170278729563,0.9525215079046978,0.0,2.5,0.6638541835207371
5.726111478514711,-1.6879170278729565,0.9771128495131537,0.0,2.5,0.6587445048878047
5.726111478514711,-1.6779170278729567,0.9752828409206399,0.0,2.5,0.6627016702294405
5.726111478514711,-1.667917027872957,0.9838919006301549,0.0,2.5,0.6649772893751313
5.726111478514711,-1.6579170278729571,0.9784093259323325,0.0,2.5,0.6611986191973828
5.726111478514711,-1.6479170278729574,0.9769396973970006,0.0,2.5,0.6586686872245936
5.726111478514711,-1.6379170278729576,0.9752243395429704,0.0,2.5,0.6566686872245936
5.726111478514711,-1.6279170278729578,0.9771012423289857,0.0,2.5,0.6579820389784455
5.726111478514711,-1.617917027872958,0.9568087579022525,0.0,2.5,0.6412148893414468
5.726111478514711,-1.6079170278729582,0.9595017540508275,0.0,2.5,0.6397202286864871
5.726111478514711,-1.5979170278729584,0.9294913709496062,0.0,2.5,0.6182361458521675
5.726111478514711,-1.5879170278729586,0.9131171342912698,0.0,2.5,0.6182361458521675
5.726111478514711,-1.5779170278729588,0.8852508427993314,0.0,2.5,0.5988738589881184
5.726111478514711,-1.567917027872959,0.8680081349176081,0.0,2.5,0.5868816815883389
5.726111478514711,-1.5579170278729593,0.8933292243789649,0.0,2.5,0.5970519446584064
5.726111478514711,-1.5479170278729595,0.8891677214575869,0.0,2.5,0.5996670651671859
5.726111478514711,-1.5379170278729597,0.903963164487303,0.0,2.5,0.6082678039014878
5.726111478514711,-1.52791702787296,0.8858684525367264,0.0,2.5,0.6032949043938893
5.726111478514711,-1.5179170278729601,0.8417836955217003,0.0,2.5,0.5785995367000689
5.726111478514711,-1.5079170278729603,0.8745316817370917,0.0,2.5,0.6507349418975291
5.726111478514711,-1.4979170278729605,0.7342239732173229,0.0,2.5,0.6668148821116067
5.726111478514711,-1.4879170278729608,0.6465248691140743,0.0,2.5,0.6248747742700859
5.726111478514711,-1.477917027872961,0.6064354932317072,0.0,2.5,0.5748363254327146
5.726111478514711,-1.4679170278729612,0.633378876660142,0.0,2.5,0.5491849547002884
5.726111478514711,-1.4579170278729614,0.6238527102016156,0.0,2.5,0.5427315184468297
5.726111478514711,-1.4479170278729616,0.6071394699862712,0.0,2.5,0.5324601332678757
5.726111478514711,-1.4379170278729618,0.6283838374705355,0.0,2.5,0.5459046363456492
5.726111478514711,-1.427917027872962,0.6340157906058717,0.0,2.5,0.5516122714394721
5.726111478514711,-1.4179170278729623,0.7377770535035163,0.0,2.5,0.5731472159669453
5.726111478514711,-1.4079170278729625,0.7177840904574505,0.0,2.5,0.5565817320803153
5.726111478514711,-1.3979170278729627,0.7379262311221056,0.0,2.5,0.5705437263285446
5.726111478514711,-1.387917027872963,0.8000964351219573,0.0,2.5,0.586787185752921
5.726111478514711,-1.377917027872963,0.820122616852847,0.0,2.5,0.5941667922410531
5.726111478514711,-1.3679170278729633,0.8092155494717923,0.0,2.5,0.5872465211854243
5.726111478514711,-1.3579170278729635,0.7899652456427676,0.0,2.5,0.5661276669782883
5.726111478514711,-1.3479170278729637,0.7909302294768357,0.0,2.5,0.5652235967890501
5.726111478514711,-1.337917027872964,0.800894884255617,0.0,2.5,0.5544923819378865
5.726111478514711,-1.3279170278729642,0.7921895029398889,0.0,2.5,0.5391600406734596
5.726111478514711,-1.3179170278729644,0.8158970950107532,0.0,2.5,0.5490701573369445
5.726111478514711,-1.3079170278729646,0.8336778126087543,0.0,2.5,0.550131680808388
5.726111478514711,-1.2979170278729648,0.8267202266861136,0.0,2.5,0.5462866976778247
5.726111478514711,-1.287917027872965,0.7967685510135414,0.0,2.5,0.548594026331848
5.726111478514711,-1.2779170278729652,0.7870898100163716,0.0,2.5,0.5407167348176594
5.726111478514711,-1.2679170278729655,0.7886467121387619,0.0,2.5,0.5382448886441465
5.726111478514711,-1.2579170278729657,0.7559574232320817,0.0,2.5,0.5105627853723457
5.726111478514711,-1.2479170278729659,0.7634438878147529,0.0,2.5,0.5137307556434608
5.726111478514711,-1.237917027872966,0.7594188148537635,0.0,2.5,0.5088395973618276
5.726111478514711,-1.2279170278729663,0.7980981768218474,0.0,2.5,0.5081473920127767
5.726111478514711,-1.2179170278729665,0.8109261604102568,0.0,2.5,0.5032700764924849
5.726111478514711,-1.2079170278729667,0.826201344598673,0.0,2.5,0.5075506915632012
5.726111478514711,-1.197917027872967,0.7766178170246123,0.0,2.5,0.4818616437359818
5.726111478514711,-1.1879170278729672,0.7482071448867158,0.0,2.5,0.471520423305192
5.726111478514711,-1.1779170278729674,0.786317522675181,0.0,2.5,0.5053342877734494
5.726111478514711,-1.1679170278729676,0.7789594329003161,0.0,2.5,0.510580688845264
5.726111478514711,-1.1579170278729678,0.7856171746785973,0.0,2.5,0.5197698377302231
5.726111478514711,-1.147917027872968,0.7615870654212362,0.0,2.5,0.5383104936906692
5.726111478514711,-1.1379170278729682,0.7449301953448523,0.0,2.5,0.546448585143279
5.726111478514711,-1.1279170278729684,0.7302982695800494,0.0,2.5,0.5335109798132291
5.726111478514711,-1.1179170278729686,0.7460886402663913,0.0,2.5,0.5311574861068712
5.726111478514711,-1.1079170278729689,0.762869195101099,0.0,2.5,0.5202586149146635
5.726111478514711,-1.097917027872969,0.7957754195997504,0.0,2.5,0.5362082444414616
5.726111478514711,-1.0879170278729693,0.9714913363165631,0.0,2.5,0.617578424045094
5.726111478514711,-1.0779170278729695,1.026810694962613,0.0,2.5,0.6467369965498311
5.726111478514711,-1.0679170278729697,1.0626563916832479,0.0,2.5,0.6560826736691886
5.726111478514711,-1.05791702787297,1.0591440481481122,0.0,2.5,0.641304954254735
5.726111478514711,-1.0479170278729701,1.038696213372099,0.0,2.5,0.6239021516714229
5.726111478514711,-1.0379170278729704,0.8021907952892121,0.0,2.5,0.4850526572541644
5.726111478514711,-1.0279170278729706,0.7607736975326204,0.0,2.5,0.48095893215129293
5.726111478514711,-1.0179170278729708,0.8599277134776061,0.0,2.5,0.5514826549287157
5.726111478514711,-1.007917027872971,0.8223885517692657,0.0,2.5,0.5368891464806921
5.726111478514711,-0.9979170278729712,0.8155587984920925,0.0,2.5,0.539288189112136
5.726111478514711,-0.9879170278729714,0.773261281590422,0.0,2.5,0.536872551693772
5.726111478514711,-0.9779170278729716,0.7869305328963591,0.0,2.5,0.5510777725835362
5.726111478514711,-0.9679170278729718,0.7635645339067805,0.0,2.5,0.5502257038626397
5.726111478514711,-0.9579170278729721,0.742648084430946,0.0,2.5,0.548508195240201
5.726111478514711,-0.9479170278729723,0.7312595240192147,0.0,2.5,0.5597875922789496
5.726111478514711,-0.9379170278729725,0.7341888904500388,0.0,2.5,0.5690008851585058
5.726111478514711,-0.9279170278729727,0.7213452932138992,0.0,2.5,0.5687381520492745
5.726111478514711,-0.9179170278729729,0.7169746933999028,0.0,2.5,0.6181879089349775
5.726111478514711,-0.9079170278729731,0.5598338798550528,0.0,2.5,0.5230141846676505
5.726111478514711,-0.8979170278729733,0.508506758284593,0.0,2.5,0.49825797535980915
5.726111478514711,-0.8879170278729736,0.5046707618037519,0.0,2.5,0.4875138061706981
5.726111478514711,-0.8779170278729738,0.723749589851343,0.0,2.5,0.6033615208572305
5.726111478514711,-0.867917027872974,0.7186280636232905,0.0,2.5,0.6032472044714534
5.726111478514711,-0.8579170278729742,0.6738660688175946,0.0,2.5,0.5514177941918128
5.726111478514711,-0.8479170278729744,0.6779448050411635,0.0,2.5,0.5352095493726923
5.726111478514711,-0.8379170278729746,0.6757953205844098,0.0,2.5,0.5514721091878789
5.726111478514711,-0.8279170278729748,0.690234887645901,0.0,2.5,0.5659931159331149
5.726111478514711,-0.817917027872975,0.6935718679618408,0.0,2.5,0.5652004437980553
5.726111478514711,-0.58791702787298,0.615158947982405,0.0,2.5,0.5531076963421586
5.726111478514711,-0.5779170278729802,0.598614469803126,0.0,2.5,0.5317250500219701
5.726111478514711,-0.5679170278729804,0.585075376411591,0.0,2.5,0.5349523708982803
5.726111478514711,-0.5579170278729806,0.5315810369016937,0.0,2.5,0.5172902961696246
5.726111478514711,-0.5479170278729808,0.533217964617553,0.0,2.5,0.5145717115394954
5.726111478514711,-0.537917027872981,0.5284467533178866,0.0,2.5,0.5048215488147682
5.726111478514711,-0.5279170278729812,0.544917058988681,0.0,2.5,0.5159797565896208
5.726111478514711,-0.5179170278729814,0.590691001582383,0.0,2.5,0.5225556283412517
5.736111478514711,-1.7879170278729544,0.8042405960973,0.0,2.5,0.6329718406448038
5.736111478514711,-1.7779170278729546,0.8560739162335862,0.0,2.5,0.5909504768082497
5.736111478514711,-1.7679170278729548,0.8622961122612476,0.0,2.5,0.5931363876450839
5.736111478514711,-1.757917027872955,0.8608773119891365,0.0,2.5,0.5957973118297268
5.736111478514711,-1.7479170278729552,0.8462993426943435,0.0,2.5,0.5690779332240742
5.736111478514711,-1.7379170278729554,0.8530096189006442,0.0,2.5,0.5528200662798127
5.736111478514711,-1.7279170278729556,0.9480111074055682,0.0,2.5,0.6048544143909711
5.736111478514711,-1.7179170278729559,0.9538322514411576,0.0,2.5,0.6304636286266302
5.736111478514711,-1.707917027872956,0.9532539156929888,0.0,2.5,0.6524622128083835
5.736111478514711,-1.6979170278729563,0.9399223744056963,0.0,2.5,0.6600270189794942
5.736111478514711,-1.6879170278729565,0.9223767173465797,0.0,2.5,0.6718484902275923
5.736111478514711,-1.6779170278729567,0.7805923733791491,0.0,2.5,0.6539189441881795
5.736111478514711,-1.667917027872957,0.7904836468111233,0.0,2.5,0.665426619496456
5.736111478514711,-1.6579170278729571,0.8574968243586312,0.0,2.5,0.6718523802633822
5.736111478514711,-1.6479170278729574,0.8690151552420303,0.0,2.5,0.6655428278442134
5.736111478514711,-1.6379170278729576,0.9009108010914104,0.0,2.5,0.6730862011789612
5.736111478514711,-1.6279170278729578,0.9331184280906111,0.0,2.5,0.6750004553448589
5.736111478514711,-1.617917027872958,0.9824410669572476,0.0,2.5,0.6749673408461535
5.736111478514711,-1.6079170278729582,0.9683266860904963,0.0,2.5,0.660462563959171
5.736111478514711,-1.5979170278729584,0.9484891824010563,0.0,2.5,0.6562723577526188
5.736111478514711,-1.5879170278729586,0.9138808480433324,0.0,2.5,0.6350886146959598
5.736111478514711,-1.5779170278729588,0.9111351476624135,0.0,2.5,0.6319011555510783
5.736111478514711,-1.567917027872959,0.9117503493478801,0.0,2.5,0.6311346456984243
5.736111478514711,-1.5579170278729593,0.8922787420227605,0.0,2.5,0.628091538489651
5.736111478514711,-1.5479170278729595,0.8710778262435764,0.0,2.5,0.6096377719758044
5.736111478514711,-1.5379170278729597,0.8570733797374661,0.0,2.5,0.600731960089967
5.736111478514711,-1.52791702787296,0.858289351889845,0.0,2.5,0.6010506255632955
5.736111478514711,-1.5179170278729601,0.8366801316149466,0.0,2.5,0.6675059644738318
5.736111478514711,-1.5079170278729603,0.7914335149886677,0.0,2.5,0.6639086064607083
5.736111478514711,-1.4979170278729605,0.7546321468836995,0.0,2.5,0.6474583571449856
5.736111478514711,-1.4879170278729608,0.5820037203678364,0.0,2.5,0.5741463665549935
5.736111478514711,-1.477917027872961,0.6242315829783335,0.0,2.5,0.5409898586279208
5.736111478514711,-1.4679170278729612,0.6196222984339209,0.0,2.5,0.5358289047732103
5.736111478514711,-1.4579170278729614,0.6009317734203491,0.0,2.5,0.5238945768276166
5.736111478514711,-1.4479170278729616,0.5920870392574829,0.0,2.5,0.5241573238034488
5.736111478514711,-1.4379170278729618,0.6132615811838698,0.0,2.5,0.5349800791987505
5.736111478514711,-1.427917027872962,0.5862856739307963,0.0,2.5,0.5223887155645264
5.736111478514711,-1.4179170278729623,0.6865249902107883,0.0,2.5,0.5468361776894252
5.736111478514711,-1.4079170278729625,0.6823852010773598,0.0,2.5,0.5477308799826742
5.736111478514711,-1.3979170278729627,0.7204292806021569,0.0,2.5,0.566640564345552
5.736111478514711,-1.387917027872963,0.7620150596705183,0.0,2.5,0.5612077133444375
5.736111478514711,-1.377917027872963,0.8271370357382942,0.0,2.5,0.5971443562629202
5.736111478514711,-1.3679170278729633,0.8014624163340741,0.0,2.5,0.5797672014472044
5.736111478514711,-1.3579170278729635,0.8014487039200399,0.0,2.5,0.5735040980456059
5.736111478514711,-1.3479170278729637,0.7934465543561469,0.0,2.5,0.5686945645309855
5.736111478514711,-1.337917027872964,0.8088636279365988,0.0,2.5,0.5512022297836419
5.736111478514711,-1.3279170278729642,0.7772484276814133,0.0,2.5,0.5273172512578558
5.736111478514711,-1.3179170278729644,0.8144263311721195,0.0,2.5,0.5485931348732828
5.736111478514711,-1.3079170278729646,0.8359961716007233,0.0,2.5,0.5535407264516738
5.736111478514711,-1.2979170278729648,0.8274214836345362,0.0,2.5,0.5506173337274263
5.736111478514711,-1.287917027872965,0.8310172197312778,0.0,2.5,0.5534807398457079
5.736111478514711,-1.2779170278729652,0.7902758816263767,0.0,2.5,0.5433649561615329
5.736111478514711,-1.2679170278729655,0.7654680406739685,0.0,2.5,0.5206168715853193
5.736111478514711,-1.2579170278729657,0.7462183189172187,0.0,2.5,0.5047534705329446
5.736111478514711,-1.2479170278729659,0.7449296191043713,0.0,2.5,0.5001583461463945
5.736111478514711,-1.237917027872966,0.7603738336231151,0.0,2.5,0.5086128071954696
5.736111478514711,-1.2279170278729663,0.8154649357992374,0.0,2.5,0.5065341844656068
5.736111478514711,-1.2179170278729665,0.8289170615325222,0.0,2.5,0.5070118156308252
5.736111478514711,-1.2079170278729667,0.8134777955855602,0.0,2.5,0.5031770873129575
5.736111478514711,-1.197917027872967,0.7789814133839469,0.0,2.5,0.49636076129185236
5.736111478514711,-1.1879170278729672,0.7985733241215137,0.0,2.5,0.5146930098390744
5.736111478514711,-1.1779170278729674,0.7783001488153583,0.0,2.5,0.5117091706033703
5.736111478514711,-1.1679170278729676,0.7847095446287716,0.0,2.5,0.5181431717583599
5.736111478514711,-1.1579170278729678,0.7984961310359723,0.0,2.5,0.5319146923918169
5.736111478514711,-1.147917027872968,0.7606508920700896,0.0,2.5,0.5551563081290956
5.736111478514711,-1.1379170278729682,0.754198082908321,0.0,2.5,0.548960792186022
5.736111478514711,-1.1279170278729684,0.7689280186484716,0.0,2.5,0.5557955959636531
5.736111478514711,-1.1179170278729686,0.7450362809499655,0.0,2.5,0.5370049799322946
5.736111478514711,-1.1079170278729689,0.7196522689743503,0.0,2.5,0.5278838493200892
5.736111478514711,-1.097917027872969,0.746853081879689,0.0,2.5,0.5206438812164318
5.736111478514711,-1.0879170278729693,0.8261555896304367,0.0,2.5,0.5400307324899347
5.736111478514711,-1.0779170278729695,0.8974803264543603,0.0,2.5,0.5739375132460517
5.736111478514711,-1.0679170278729697,1.0385865308218527,0.0,2.5,0.6530410169822118
5.736111478514711,-1.05791702787297,1.0589526497055792,0.0,2.5,0.6643577284167989
5.736111478514711,-1.0479170278729701,1.0577281261322704,0.0,2.5,0.6519947347312168
5.736111478514711,-1.0379170278729704,1.0177773242028938,0.0,2.5,0.6209703142539729
5.736111478514711,-1.0279170278729706,1.0264856786152112,0.0,2.5,0.627166769802961
5.736111478514711,-1.0179170278729708,0.970194775988534,0.0,2.5,0.6004375871842174
5.736111478514711,-1.007917027872971,0.791879780104357,0.0,2.5,0.49921750613599014
5.736111478514711,-0.9979170278729712,0.8278563256447488,0.0,2.5,0.5380077761465952
5.736111478514711,-0.9879170278729714,0.805207232590882,0.0,2.5,0.5369954602743521
5.736111478514711,-0.9779170278729716,0.7833034629494056,0.0,2.5,0.5581097867010868
5.736111478514711,-0.9679170278729718,0.7647349351191397,0.0,2.5,0.5512961923924543
5.736111478514711,-0.9579170278729721,0.7666432203710576,0.0,2.5,0.5562858647477321
5.736111478514711,-0.9479170278729723,0.7247756738864378,0.0,2.5,0.5547327312327457
5.736111478514711,-0.9379170278729725,0.7266628227927041,0.0,2.5,0.5666311275435063
5.736111478514711,-0.9279170278729727,0.7173539146825484,0.0,2.5,0.560621026504455
5.736111478514711,-0.9179170278729729,0.7332989722842159,0.0,2.5,0.5971425980566859
5.736111478514711,-0.9079170278729731,0.6163187900236723,0.0,2.5,0.5289070924225298
5.736111478514711,-0.8979170278729733,0.5638074949776659,0.0,2.5,0.5313485663608583
5.736111478514711,-0.8879170278729736,0.6808090041684154,0.0,2.5,0.5735689052686913
5.736111478514711,-0.8779170278729738,0.7582436612854638,0.0,2.5,0.613033436935027
5.736111478514711,-0.8479170278729744,0.7045746554578903,0.0,2.5,0.5486073577730096
5.736111478514711,-0.8379170278729746,0.6981106856414842,0.0,2.5,0.5414558011958042
5.736111478514711,-0.5679170278729804,0.5577268062143795,0.0,2.5,0.4979728584342396
5.736111478514711,-0.5579170278729806,0.5479724198091229,0.0,2.5,0.4978601793508983
5.736111478514711,-0.5479170278729808,0.5897976174685065,0.0,2.5,0.5338634514311045
5.736111478514711,-0.537917027872981,0.5841268272947383,0.0,2.5,0.492348730674145
5.7461114785147105,-1.7779170278729546,0.8208641584085453,0.0,2.5,0.6090735969150151
5.7461114785147105,-1.7679170278729548,0.8628076222789546,0.0,2.5,0.5863971971863225
5.7461114785147105,-1.757917027872955,0.8552176589912085,0.0,2.5,0.5948682205333733
5.7461114785147105,-1.7479170278729552,0.8088913794884115,0.0,2.5,0.545008267307069
5.7461114785147105,-1.7379170278729554,0.8317308151656001,0.0,2.5,0.5464263782369749
5.7461114785147105,-1.7279170278729556,0.9487046182907944,0.0,2.5,0.6148567345998354
5.7461114785147105,-1.7179170278729559,0.947869909556416,0.0,2.5,0.6377499382106863
5.7461114785147105,-1.707917027872956,0.9097531481675754,0.0,2.5,0.6453997909335968
5.7461114785147105,-1.6979170278729563,0.9059713678347296,0.0,2.5,0.6798556567670933
5.7461114785147105,-1.6879170278729565,0.7782655469826206,0.0,2.5,0.6189779545037493
5.7461114785147105,-1.6779170278729567,0.6598003004554666,0.0,2.5,0.5826449066523736
5.7461114785147105,-1.667917027872957,0.6254845234986817,0.0,2.5,0.5769433468504848
5.7461114785147105,-1.6579170278729571,0.6386271611733996,0.0,2.5,0.5918273935423427
5.7461114785147105,-1.6479170278729574,0.6928848121932057,0.0,2.5,0.6398110244298217
5.7461114785147105,-1.6379170278729576,0.7122821147114803,0.0,2.5,0.6535909654655658
5.7461114785147105,-1.6279170278729578,0.8091403857332805,0.0,2.5,0.6581002789488334
5.7461114785147105,-1.617917027872958,0.7881458115303939,0.0,2.5,0.6482861050386144
5.7461114785147105,-1.6079170278729582,0.7362269104196933,0.0,2.5,0.6446159501889952
5.7461114785147105,-1.5979170278729584,0.7559672918557696,0.0,2.5,0.6692631692410087
5.7461114785147105,-1.5879170278729586,0.8554233583273911,0.0,2.5,0.6632966502006673
5.7461114785147105,-1.5779170278729588,0.8140506296866354,0.0,2.5,0.6442172203411685
5.7461114785147105,-1.567917027872959,0.8474436813920477,0.0,2.5,0.6666344490862575
5.7461114785147105,-1.5579170278729593,0.8428325587536017,0.0,2.5,0.6575951315286912
5.7461114785147105,-1.5479170278729595,0.8650820523105478,0.0,2.5,0.6629329629081538
5.7461114785147105,-1.5379170278729597,0.8630240931448315,0.0,2.5,0.6622026906604226
5.7461114785147105,-1.52791702787296,0.8183766356717157,0.0,2.5,0.6701581991170024
5.7461114785147105,-1.5179170278729601,0.8352989311350018,0.0,2.5,0.679297009256973
5.7461114785147105,-1.5079170278729603,0.7641970791142711,0.0,2.5,0.6586471691108021
5.7461114785147105,-1.4979170278729605,0.618875950323104,0.0,2.5,0.5990517426087949
5.7461114785147105,-1.4879170278729608,0.6055800122679024,0.0,2.5,0.5399297537715911
5.7461114785147105,-1.477917027872961,0.5845267922348522,0.0,2.5,0.5229719593611415
5.7461114785147105,-1.4679170278729612,0.5810929829671024,0.0,2.5,0.5187187347512413
5.7461114785147105,-1.4579170278729614,0.5630047337684135,0.0,2.5,0.5066392972783552
5.7461114785147105,-1.4479170278729616,0.5278483208259745,0.0,2.5,0.48646301912998396
5.7461114785147105,-1.4379170278729618,0.5577691568583761,0.0,2.5,0.5060721517897556
5.7461114785147105,-1.427917027872962,0.5718874229239151,0.0,2.5,0.5187015724176145
5.7461114785147105,-1.4179170278729623,0.6756940443205095,0.0,2.5,0.5427623243780115
5.7461114785147105,-1.4079170278729625,0.6951654676694031,0.0,2.5,0.5590169302330583
5.7461114785147105,-1.3979170278729627,0.761460898786848,0.0,2.5,0.5649000109086245
5.7461114785147105,-1.387917027872963,0.7941270268662246,0.0,2.5,0.58322209072297
5.7461114785147105,-1.377917027872963,0.8258949377376612,0.0,2.5,0.5971443562629202
5.7461114785147105,-1.3679170278729633,0.825800112986611,0.0,2.5,0.5873387582516175
5.7461114785147105,-1.3579170278729635,0.8110162312955531,0.0,2.5,0.5752426691545626
5.7461114785147105,-1.3479170278729637,0.8045050455153787,0.0,2.5,0.5703794884625332
5.7461114785147105,-1.337917027872964,0.8030511928466996,0.0,2.5,0.5498801338632997
5.7461114785147105,-1.3279170278729642,0.7864848271290863,0.0,2.5,0.5270854981891314
5.7461114785147105,-1.3179170278729644,0.8129649733301244,0.0,2.5,0.5478957520370078
5.7461114785147105,-1.3079170278729646,0.8365228755348441,0.0,2.5,0.5522959102046863
5.7461114785147105,-1.2979170278729648,0.8270628842361788,0.0,2.5,0.5524139323668821
5.7461114785147105,-1.287917027872965,0.8374430828058149,0.0,2.5,0.5581099676814848
5.7461114785147105,-1.2779170278729652,0.8374075989735027,0.0,2.5,0.5560131802051788
5.7461114785147105,-1.2679170278729655,0.7596379126201931,0.0,2.5,0.515993188608783
5.7461114785147105,-1.2579170278729657,0.755476754970522,0.0,2.5,0.5135228323130014
5.7461114785147105,-1.2479170278729659,0.7518177073360635,0.0,2.5,0.5066130965166421
5.7461114785147105,-1.237917027872966,0.7833552393411759,0.0,2.5,0.5070550260983999
5.7461114785147105,-1.2279170278729663,0.8133887873216312,0.0,2.5,0.5025064990652947
5.7461114785147105,-1.2179170278729665,0.8144121992366645,0.0,2.5,0.5004180861952047
5.7461114785147105,-1.2079170278729667,0.7978941295607089,0.0,2.5,0.5009478620631435
5.7461114785147105,-1.197917027872967,0.8209468638388691,0.0,2.5,0.5296356114743841
5.7461114785147105,-1.1879170278729672,0.774271475442079,0.0,2.5,0.5120861940801846
5.7461114785147105,-1.1779170278729674,0.7651732805290654,0.0,2.5,0.5098576770593258
5.7461114785147105,-1.1679170278729676,0.7624735729929821,0.0,2.5,0.5170009336769692
5.7461114785147105,-1.1579170278729678,0.7655007585236063,0.0,2.5,0.5387469388604944
5.7461114785147105,-1.147917027872968,0.7874035289582147,0.0,2.5,0.5502351485487827
5.7461114785147105,-1.1379170278729682,0.7222431176243926,0.0,2.5,0.5394760263664055
5.7461114785147105,-1.1279170278729684,0.7290621481343632,0.0,2.5,0.5514774144534501
5.7461114785147105,-1.1179170278729686,0.7191947613643171,0.0,2.5,0.5448431814053922
5.7461114785147105,-1.1079170278729689,0.7174085853929606,0.0,2.5,0.5463977538200059
5.7461114785147105,-1.097917027872969,0.7253215845966335,0.0,2.5,0.5253349972634186
5.7461114785147105,-1.0879170278729693,0.7882177900244769,0.0,2.5,0.5243897943896981
5.7461114785147105,-1.0779170278729695,0.8153705493047069,0.0,2.5,0.5529176075537015
5.7461114785147105,-1.0679170278729697,0.8662671001375656,0.0,2.5,0.5681540615860314
5.7461114785147105,-1.05791702787297,1.0172907050904247,0.0,2.5,0.6638791987749679
5.7461114785147105,-1.0479170278729701,1.031002177900219,0.0,2.5,0.6657784870690467
5.7461114785147105,-1.0379170278729704,1.0491543850459581,0.0,2.5,0.6668047356801978
5.7461114785147105,-1.0279170278729706,1.0313742470028935,0.0,2.5,0.6442843894311917
5.7461114785147105,-1.0179170278729708,1.0012589916509422,0.0,2.5,0.6217782879418097
5.7461114785147105,-1.007917027872971,1.0185330130849979,0.0,2.5,0.6256609606823433
5.7461114785147105,-0.9979170278729712,1.0084337545671094,0.0,2.5,0.6310057767167645
5.7461114785147105,-0.9879170278729714,0.8478282706089386,0.0,2.5,0.5483924758109079
5.7461114785147105,-0.9779170278729716,0.7767267478118243,0.0,2.5,0.5214926632412057
5.7461114785147105,-0.9679170278729718,0.7072972329910523,0.0,2.5,0.49342008200594367
5.75611147851471,-1.7779170278729546,0.8155512999639821,0.0,2.5,0.5527517274173502
5.75611147851471,-1.7679170278729548,0.8679235560546107,0.0,2.5,0.5855135932277089
5.75611147851471,-1.757917027872955,0.8285044470734698,0.0,2.5,0.5835122980436904
5.75611147851471,-1.7479170278729552,0.7916839662975934,0.0,2.5,0.5376248923266487
5.75611147851471,-1.7379170278729554,0.8273838852427033,0.0,2.5,0.5510651056480445
5.75611147851471,-1.7279170278729556,0.908782831009117,0.0,2.5,0.6012164275544979
5.75611147851471,-1.7179170278729559,0.9425011267427275,0.0,2.5,0.6356536694628089
5.75611147851471,-1.707917027872956,0.942479999697153,0.0,2.5,0.6465029492384581
5.75611147851471,-1.6979170278729563,0.658403102979675,0.0,2.5,0.5612512431807575
5.75611147851471,-1.6879170278729565,0.6555892883098876,0.0,2.5,0.573744118446127
5.75611147851471,-1.6779170278729567,0.6567398688204147,0.0,2.5,0.5743495081998156
5.75611147851471,-1.667917027872957,0.6849458591204874,0.0,2.5,0.5923108483153295
5.75611147851471,-1.6579170278729571,0.6953753414435385,0.0,2.5,0.5939772718854393
5.75611147851471,-1.6479170278729574,0.7153668411442411,0.0,2.5,0.6103797436681951
5.75611147851471,-1.6379170278729576,0.6965182455379472,0.0,2.5,0.6004115509908515
5.75611147851471,-1.6279170278729578,0.6378520274908179,0.0,2.5,0.5548154643132835
5.75611147851471,-1.617917027872958,0.6354256770467943,0.0,2.5,0.5832120447834465
5.75611147851471,-1.6079170278729582,0.643223899096516,0.0,2.5,0.5924554509746983
5.75611147851471,-1.5979170278729584,0.6003732845563028,0.0,2.5,0.5777763581979137
5.75611147851471,-1.5879170278729586,0.6340216614048438,0.0,2.5,0.6151971424160437
5.75611147851471,-1.5779170278729588,0.6323343465926821,0.0,2.5,0.6232368060631743
5.75611147851471,-1.567917027872959,0.7540418305370318,0.0,2.5,0.6494811541065992
5.75611147851471,-1.5579170278729593,0.8071845986730867,0.0,2.5,0.658635697998741
5.75611147851471,-1.5479170278729595,0.8234789059904366,0.0,2.5,0.6611808883056264
5.75611147851471,-1.5379170278729597,0.8143172848312155,0.0,2.5,0.6746482688981528
5.75611147851471,-1.52791702787296,0.8352452884356948,0.0,2.5,0.6665767909870789
5.75611147851471,-1.5179170278729601,0.7668566373813341,0.0,2.5,0.6661490436976759
5.75611147851471,-1.5079170278729603,0.6273980957420783,0.0,2.5,0.6159968612454514
5.75611147851471,-1.4979170278729605,0.6148255861281074,0.0,2.5,0.5604560358101799
5.75611147851471,-1.4879170278729608,0.5716248653968791,0.0,2.5,0.5157695803777494
5.75611147851471,-1.477917027872961,0.5623120568218656,0.0,2.5,0.5087408756198482
5.75611147851471,-1.4679170278729612,0.5348513635236969,0.0,2.5,0.4852716128444317
5.75611147851471,-1.4579170278729614,0.5256671963147856,0.0,2.5,0.479435680549521
5.75611147851471,-1.4479170278729616,0.5174744193712755,0.0,2.5,0.4772402626783777
5.75611147851471,-1.4379170278729618,0.5557157186743985,0.0,2.5,0.5061339795523098
5.75611147851471,-1.427917027872962,0.6704240686233086,0.0,2.5,0.5380910523147127
5.75611147851471,-1.4179170278729623,0.6820453642546468,0.0,2.5,0.5447623243780115
5.75611147851471,-1.4079170278729625,0.6986110111907389,0.0,2.5,0.5635898230968932
5.75611147851471,-1.3979170278729627,0.7976739668846777,0.0,2.5,0.5699232400285806
5.75611147851471,-1.387917027872963,0.7906954018923489,0.0,2.5,0.5791467673113232
5.75611147851471,-1.377917027872963,0.8208978735113528,0.0,2.5,0.5907783101711279
5.75611147851471,-1.3679170278729633,0.8202735617764173,0.0,2.5,0.5857255507044478
5.75611147851471,-1.3579170278729635,0.7954080308446392,0.0,2.5,0.5647187520117337
5.75611147851471,-1.3479170278729637,0.8087222448637228,0.0,2.5,0.5722619922332721
5.75611147851471,-1.337917027872964,0.8044000583223468,0.0,2.5,0.552606571160483
5.75611147851471,-1.3279170278729642,0.7759642411748927,0.0,2.5,0.5203090253358389
5.75611147851471,-1.3179170278729644,0.7855781999718308,0.0,2.5,0.5294274086433122
5.75611147851471,-1.3079170278729646,0.8319660173342016,0.0,2.5,0.556163525964885
5.75611147851471,-1.2979170278729648,0.8350310580086362,0.0,2.5,0.5576405265934766
5.75611147851471,-1.287917027872965,0.8503091095312691,0.0,2.5,0.5643043812628171
5.75611147851471,-1.2779170278729652,0.842321804115317,0.0,2.5,0.553298446662859
5.75611147851471,-1.2679170278729655,0.7873460699015193,0.0,2.5,0.5168554867226446
5.75611147851471,-1.2579170278729657,0.7738185387890384,0.0,2.5,0.5079160928004953
5.75611147851471,-1.2479170278729659,0.7570227495866979,0.0,2.5,0.511538501957482
5.75611147851471,-1.237917027872966,0.8103629516139549,0.0,2.5,0.5143884595554894
5.75611147851471,-1.2279170278729663,0.82894022559552,0.0,2.5,0.5199202262878386
5.75611147851471,-1.2179170278729665,0.8455795321307334,0.0,2.5,0.5319885765647936
5.75611147851471,-1.2079170278729667,0.8174708662549666,0.0,2.5,0.5272385480431585
5.75611147851471,-1.197917027872967,0.80415187231524,0.0,2.5,0.5252589391220572
5.75611147851471,-1.1879170278729672,0.8008158312623721,0.0,2.5,0.5339793910528364
5.75611147851471,-1.1779170278729674,0.763225836033432,0.0,2.5,0.5237725069009054
5.75611147851471,-1.1679170278729676,0.7400716840409576,0.0,2.5,0.5181598344832916
5.75611147851471,-1.1579170278729678,0.7764239546751049,0.0,2.5,0.5365493701286996
5.75611147851471,-1.147917027872968,0.7423411722492244,0.0,2.5,0.5471203343440846
5.75611147851471,-1.1379170278729682,0.7153771272924028,0.0,2.5,0.5422474010636392
5.75611147851471,-1.1279170278729684,0.6705978195621819,0.0,2.5,0.5243174111837029
5.75611147851471,-1.1179170278729686,0.6709662450269047,0.0,2.5,0.5229281359719543
5.75611147851471,-1.1079170278729689,0.6766956153104113,0.0,2.5,0.5331260636416784
5.75611147851471,-1.097917027872969,0.6987824244119643,0.0,2.5,0.531899950502185
5.75611147851471,-1.0879170278729693,0.7582612185721623,0.0,2.5,0.5275989578560937
5.75611147851471,-1.0779170278729695,0.7764026007282067,0.0,2.5,0.5323250419167214
5.75611147851471,-1.0679170278729697,0.8172030842565975,0.0,2.5,0.5411448803252695
5.75611147851471,-1.05791702787297,0.8127967176268184,0.0,2.5,0.5501465621350085
5.75611147851471,-1.0479170278729701,0.8973788588800279,0.0,2.5,0.6222614641005328
5.76611147851471,-1.8179170278729537,0.6720872978315291,0.0,2.5,0.5020690549390755
5.76611147851471,-1.807917027872954,0.7625346248481599,0.0,2.5,0.5677300841552895
5.76611147851471,-1.7979170278729542,0.7745261524663901,0.0,2.5,0.5796082337356105
5.76611147851471,-1.7879170278729544,0.774915227430869,0.0,2.5,0.5801838249729067
5.76611147851471,-1.7779170278729546,0.8092685146006454,0.0,2.5,0.5758572943606619
5.76611147851471,-1.7679170278729548,0.8129724281234606,0.0,2.5,0.5718895129366908
5.76611147851471,-1.757917027872955,0.8276965323413463,0.0,2.5,0.5831837974241119
5.76611147851471,-1.7479170278729552,0.8057738935389971,0.0,2.5,0.5550108258734505
5.76611147851471,-1.7379170278729554,0.7995262124550794,0.0,2.5,0.5514288612061694
5.76611147851471,-1.7279170278729556,0.8715724183078661,0.0,2.5,0.5877663122383954
5.76611147851471,-1.7179170278729559,0.8642570963751469,0.0,2.5,0.6147449226730033
5.76611147851471,-1.707917027872956,0.6395240369558077,0.0,2.5,0.5544134917298632
5.76611147851471,-1.6979170278729563,0.5939176016880232,0.0,2.5,0.5570748596036591
5.76611147851471,-1.6879170278729565,0.598211516903711,0.0,2.5,0.5607343406955986
5.76611147851471,-1.6779170278729567,0.5965473431725801,0.0,2.5,0.5574616520564895
5.76611147851471,-1.667917027872957,0.6027282993675857,0.0,2.5,0.561541261952386
5.76611147851471,-1.6579170278729571,0.6079327432904582,0.0,2.5,0.5561038424677288
5.76611147851471,-1.6479170278729574,0.6253470279960406,0.0,2.5,0.5497924199583071
5.76611147851471,-1.6379170278729576,0.638754151554368,0.0,2.5,0.5611801570694318
5.76611147851471,-1.6279170278729578,0.6605216794991375,0.0,2.5,0.5765853879668312
5.76611147851471,-1.617917027872958,0.6336851989833175,0.0,2.5,0.5587450389708157
5.76611147851471,-1.6079170278729582,0.6027764107041096,0.0,2.5,0.5226533699269899
5.76611147851471,-1.5979170278729584,0.633206281416516,0.0,2.5,0.559284945022115
5.76611147851471,-1.5879170278729586,0.6533976726680091,0.0,2.5,0.5881683058937545
5.76611147851471,-1.5779170278729588,0.7901049839215472,0.0,2.5,0.6310594235842473
5.76611147851471,-1.567917027872959,0.769736446517102,0.0,2.5,0.6378330363015086
5.76611147851471,-1.5579170278729593,0.8304464841740493,0.0,2.5,0.6685908189799378
5.76611147851471,-1.5479170278729595,0.8474497350998842,0.0,2.5,0.6709038091173463
5.76611147851471,-1.5379170278729597,0.8114081049355983,0.0,2.5,0.6674978192839075
5.76611147851471,-1.52791702787296,0.7552049582499583,0.0,2.5,0.6707908873876361
5.76611147851471,-1.5179170278729601,0.6828895224542372,0.0,2.5,0.6615087076724278
5.76611147851471,-1.5079170278729603,0.6317594823312813,0.0,2.5,0.5830816459549049
5.76611147851471,-1.4979170278729605,0.5781737759276385,0.0,2.5,0.5149515675959536
5.76611147851471,-1.4879170278729608,0.5779582919271025,0.0,2.5,0.5236176172204264
5.76611147851471,-1.477917027872961,0.5272708870958931,0.0,2.5,0.479579690059792
5.76611147851471,-1.4679170278729612,0.5269758160908191,0.0,2.5,0.4783973601381799
5.76611147851471,-1.4579170278729614,0.5211982430459632,0.0,2.5,0.4753715383846504
5.76611147851471,-1.4479170278729616,0.5421745440570013,0.0,2.5,0.49682556761743
5.76611147851471,-1.4379170278729618,0.5662850279683909,0.0,2.5,0.5138813221012337
5.76611147851471,-1.427917027872962,0.6677131958082774,0.0,2.5,0.5344778447675429
5.76611147851471,-1.4179170278729623,0.6722950452618934,0.0,2.5,0.5437378654103756
5.76611147851471,-1.4079170278729625,0.7127968117433964,0.0,2.5,0.5707184625594216
5.76611147851471,-1.3979170278729627,0.8360574941529249,0.0,2.5,0.6016179133271838
5.76611147851471,-1.387917027872963,0.8125461393121781,0.0,2.5,0.5983267997044222
5.76611147851471,-1.377917027872963,0.822161040726445,0.0,2.5,0.6031122208192456
5.76611147851471,-1.3679170278729633,0.8160416482018357,0.0,2.5,0.5828560476431388
5.76611147851471,-1.3579170278729635,0.8027117440457046,0.0,2.5,0.5717647203178916
5.76611147851471,-1.3479170278729637,0.809758116196011,0.0,2.5,0.5638729926049093
5.76611147851471,-1.337917027872964,0.7980268288242724,0.0,2.5,0.5480755855316577
5.76611147851471,-1.3279170278729642,0.7704776524919912,0.0,2.5,0.5192899517855886
5.76611147851471,-1.3179170278729644,0.7898969092031748,0.0,2.5,0.5296706357437433
5.76611147851471,-1.3079170278729646,0.8196513798746595,0.0,2.5,0.5542381420375879
5.76611147851471,-1.2979170278729648,0.8298923378565257,0.0,2.5,0.5595232497462075
5.76611147851471,-1.287917027872965,0.8355091137296873,0.0,2.5,0.5577695836911318
5.76611147851471,-1.2779170278729652,0.8125020281531277,0.0,2.5,0.5362733578598212
5.76611147851471,-1.2679170278729655,0.797904742399128,0.0,2.5,0.5220593380725317
5.76611147851471,-1.2579170278729657,0.7886241359505223,0.0,2.5,0.5186147758916532
5.76611147851471,-1.2479170278729659,0.7855582756599477,0.0,2.5,0.5103042692478121
5.76611147851471,-1.237917027872966,0.7865591363545449,0.0,2.5,0.5125410375970334
5.76611147851471,-1.2279170278729663,0.8429854335669266,0.0,2.5,0.543543133880014
5.76611147851471,-1.2179170278729665,0.8230323763938574,0.0,2.5,0.5516399633434245
5.76611147851471,-1.2079170278729667,0.7990517312914893,0.0,2.5,0.5330102618432759
5.76611147851471,-1.197917027872967,0.7980483280942293,0.0,2.5,0.5325190211976947
5.76611147851471,-1.1879170278729672,0.7923736982131971,0.0,2.5,0.5404951309453231
5.76611147851471,-1.1779170278729674,0.7515152666761976,0.0,2.5,0.5253696024054417
5.76611147851471,-1.1679170278729676,0.7745594856063407,0.0,2.5,0.5252225669161296
5.76611147851471,-1.1579170278729678,0.7480678036646353,0.0,2.5,0.5551202057345052
5.77611147851471,-1.807917027872954,0.6499116231578944,0.0,2.5,0.5032944648487268
5.77611147851471,-1.7979170278729542,0.7283025114251861,0.0,2.5,0.5526630059619211
5.77611147851471,-1.7879170278729544,0.7441742574227319,0.0,2.5,0.560558969898246
5.77611147851471,-1.7779170278729546,0.7376926735436736,0.0,2.5,0.5602129787549573
5.77611147851471,-1.7679170278729548,0.7841770945857336,0.0,2.5,0.5664763901128116
5.77611147851471,-1.757917027872955,0.8171395884816143,0.0,2.5,0.5764295484022448
5.77611147851471,-1.7479170278729552,0.7967493460334584,0.0,2.5,0.553336312775054
5.77611147851471,-1.7379170278729554,0.7821682577435336,0.0,2.5,0.5451472481232754
5.77611147851471,-1.7279170278729556,0.759855756234564,0.0,2.5,0.5693160531458098
5.77611147851471,-1.7179170278729559,0.6822597977414767,0.0,2.5,0.5920190253780158
5.77611147851471,-1.707917027872956,0.5749335157690012,0.0,2.5,0.5223839595847175
5.77611147851471,-1.6979170278729563,0.5828212649976883,0.0,2.5,0.5281043538673728
5.77611147851471,-1.6879170278729565,0.609948289939061,0.0,2.5,0.5615106274310214
5.77611147851471,-1.6779170278729567,0.5934467295785065,0.0,2.5,0.5480701893732604
5.77611147851471,-1.667917027872957,0.6076372973053353,0.0,2.5,0.5518307856855701
5.77611147851471,-1.6579170278729571,0.6101331841153039,0.0,2.5,0.5524644255698464
5.77611147851471,-1.6479170278729574,0.6116587558771873,0.0,2.5,0.5400707926306143
5.77611147851471,-1.6379170278729576,0.6042250914089763,0.0,2.5,0.5387684788801866
5.77611147851471,-1.6279170278729578,0.61055556634837,0.0,2.5,0.5418586075019876
5.77611147851471,-1.617917027872958,0.5859706480539928,0.0,2.5,0.5229564560040184
5.77611147851471,-1.6079170278729582,0.5664672995062019,0.0,2.5,0.4986626770371272
5.77611147851471,-1.5979170278729584,0.5408189048202127,0.0,2.5,0.49175371766466286
5.77611147851471,-1.5879170278729586,0.5966944690006435,0.0,2.5,0.5318903412425074
5.77611147851471,-1.5779170278729588,0.7419070583117007,0.0,2.5,0.5833684897424309
5.77611147851471,-1.567917027872959,0.7834980795982227,0.0,2.5,0.6181910028887968
5.77611147851471,-1.5579170278729593,0.8437501933267387,0.0,2.5,0.6264199527225198
5.77611147851471,-1.5479170278729595,0.8417730485579646,0.0,2.5,0.6641863725518062
5.77611147851471,-1.5379170278729597,0.8080875182748318,0.0,2.5,0.6454406879470201
5.77611147851471,-1.52791702787296,0.6818789741596033,0.0,2.5,0.6236310566455865
5.77611147851471,-1.5179170278729601,0.6222482128699789,0.0,2.5,0.5741801982563969
5.77611147851471,-1.5079170278729603,0.6099541027605907,0.0,2.5,0.5501237926021597
5.77611147851471,-1.4979170278729605,0.5803495372172236,0.0,2.5,0.523081862064957
5.77611147851471,-1.4879170278729608,0.528884854378568,0.0,2.5,0.48519282637598754
5.77611147851471,-1.477917027872961,0.5196310785330335,0.0,2.5,0.4742745028440072
5.77611147851471,-1.4679170278729612,0.5244208470230676,0.0,2.5,0.47774872149949726
5.77611147851471,-1.4579170278729614,0.5276500747686684,0.0,2.5,0.48435245126919835
5.77611147851471,-1.4479170278729616,0.5567633209386152,0.0,2.5,0.5082415950057948
5.77611147851471,-1.4379170278729618,0.5771589202190276,0.0,2.5,0.5283263430655452
5.77611147851471,-1.427917027872962,0.6723673716061054,0.0,2.5,0.5416696711589882
5.77611147851471,-1.4179170278729623,0.682312903160381,0.0,2.5,0.5503888030507037
5.77611147851471,-1.4079170278729625,0.773456745477975,0.0,2.5,0.5877890777427994
5.77611147851471,-1.3979170278729627,0.810919326897153,0.0,2.5,0.5943896878891816
5.77611147851471,-1.387917027872963,0.816789920362478,0.0,2.5,0.5975818056706557
5.77611147851471,-1.377917027872963,0.8001536260671881,0.0,2.5,0.5811399619620112
5.77611147851471,-1.3679170278729633,0.8031833472044232,0.0,2.5,0.5791564675000608
5.77611147851471,-1.3579170278729635,0.7877479504257675,0.0,2.5,0.5670308970732115
5.77611147851471,-1.3479170278729637,0.798025011835597,0.0,2.5,0.5599875016249972
5.77611147851471,-1.337917027872964,0.7911784245220491,0.0,2.5,0.5467709647269066
5.77611147851471,-1.3279170278729642,0.755965709112311,0.0,2.5,0.5153798234227494
5.77611147851471,-1.3179170278729644,0.7840561439861534,0.0,2.5,0.5263039690770767
5.77611147851471,-1.3079170278729646,0.8046046024154196,0.0,2.5,0.5427172407114411
5.77611147851471,-1.2979170278729648,0.8135523141149643,0.0,2.5,0.548052282004272
5.77611147851471,-1.287917027872965,0.8298016138671612,0.0,2.5,0.5535838824068766
5.77611147851471,-1.2779170278729652,0.8020888236592453,0.0,2.5,0.5354532139749291
5.77611147851471,-1.2679170278729655,0.7754330018186708,0.0,2.5,0.5168987041977134
5.77611147851471,-1.2579170278729657,0.7585297774995969,0.0,2.5,0.507495188306499
5.77611147851471,-1.2479170278729659,0.7781572294026978,0.0,2.5,0.5113070037220968
5.77611147851471,-1.237917027872966,0.8471424248814877,0.0,2.5,0.5375627807073516
5.77611147851471,-1.2279170278729663,0.847793596989819,0.0,2.5,0.5449896756187723
5.77611147851471,-1.2179170278729665,0.8064483398605663,0.0,2.5,0.542709415877865
5.77611147851471,-1.2079170278729667,0.8005025837800288,0.0,2.5,0.5427637822878275
5.77611147851471,-1.197917027872967,0.7796408656340563,0.0,2.5,0.5361035210561271
5.77611147851471,-1.1879170278729672,0.7936596371793966,0.0,2.5,0.5329046560672197
5.77611147851471,-1.1779170278729674,0.7578528841442081,0.0,2.5,0.5270231997561307
5.77611147851471,-1.1679170278729676,0.765508038130021,0.0,2.5,0.5384737964879432
5.78611147851471,-1.807917027872954,0.6166489218912993,0.0,2.5,0.4823171957172871
5.78611147851471,-1.7979170278729542,0.685263183254811,0.0,2.5,0.5207371077589641
5.78611147851471,-1.7879170278729544,0.7175593081513286,0.0,2.5,0.5418526537385902
5.78611147851471,-1.7779170278729546,0.7099152441617667,0.0,2.5,0.540396609601451
5.78611147851471,-1.7679170278729548,0.785074783451882,0.0,2.5,0.5645018212951826
5.78611147851471,-1.757917027872955,0.8190381466316977,0.0,2.5,0.5881845930424321
5.78611147851471,-1.7479170278729552,0.7677464855334376,0.0,2.5,0.5584045846686311
5.78611147851471,-1.7379170278729554,0.7051383904888623,0.0,2.5,0.5522937458091894
5.78611147851471,-1.7279170278729556,0.6396642571367575,0.0,2.5,0.5393531732172017
5.78611147851471,-1.7179170278729559,0.5786712689736206,0.0,2.5,0.5019334160295434
5.78611147851471,-1.707917027872956,0.5884706673984772,0.0,2.5,0.5104202101647782
5.78611147851471,-1.6979170278729563,0.5739302120262827,0.0,2.5,0.5121347843700299
5.78611147851471,-1.6879170278729565,0.5654107769850152,0.0,2.5,0.5012100755397163
5.78611147851471,-1.6779170278729567,0.5749934648073832,0.0,2.5,0.5112505544224135
5.78611147851471,-1.667917027872957,0.6129567412107474,0.0,2.5,0.5381823365610172
5.78611147851471,-1.6579170278729571,0.6082265221437162,0.0,2.5,0.5480787683542622
5.78611147851471,-1.6479170278729574,0.5947766413572528,0.0,2.5,0.5210245758423477
5.78611147851471,-1.6379170278729576,0.6209964521144914,0.0,2.5,0.546696300029815
5.78611147851471,-1.6279170278729578,0.6237905981288575,0.0,2.5,0.5442676173545633
5.78611147851471,-1.617917027872958,0.5695019259906342,0.0,2.5,0.5023299021865341
5.78611147851471,-1.6079170278729582,0.540601048862651,0.0,2.5,0.4770952286001162
5.78611147851471,-1.5979170278729584,0.5170961455976304,0.0,2.5,0.47390343957060804
5.78611147851471,-1.5879170278729586,0.5643751436505284,0.0,2.5,0.5131186463673388
5.78611147851471,-1.5779170278729588,0.676953558127437,0.0,2.5,0.538545444830889
5.78611147851471,-1.567917027872959,0.7147014402877367,0.0,2.5,0.5659280680704217
5.78611147851471,-1.5579170278729593,0.692272123408928,0.0,2.5,0.5512059265693504
5.78611147851471,-1.5479170278729595,0.5774512560625117,0.0,2.5,0.5215686385470786
5.78611147851471,-1.5379170278729597,0.5594051845277156,0.0,2.5,0.5057876395938349
5.78611147851471,-1.52791702787296,0.5424577781994352,0.0,2.5,0.5007227095831946
5.78611147851471,-1.5179170278729601,0.5499288281367191,0.0,2.5,0.505604588356778
5.78611147851471,-1.5079170278729603,0.5297483143280554,0.0,2.5,0.48572002389844443
5.78611147851471,-1.4979170278729605,0.5634819203922654,0.0,2.5,0.5112768155901403
5.78611147851471,-1.4879170278729608,0.5229207083421865,0.0,2.5,0.4818341928953747
5.78611147851471,-1.477917027872961,0.5295165261107962,0.0,2.5,0.4834031237197968
5.78611147851471,-1.4679170278729612,0.5239365932353508,0.0,2.5,0.4813923035689141
5.78611147851471,-1.4579170278729614,0.527111996068232,0.0,2.5,0.4830185161090606
5.78611147851471,-1.4479170278729616,0.5390396337781658,0.0,2.5,0.4991752632126782
5.78611147851471,-1.4379170278729618,0.5584735007497409,0.0,2.5,0.5187819334972456
5.78611147851471,-1.427917027872962,0.6661733143562043,0.0,2.5,0.5421126739422618
5.78611147851471,-1.4179170278729623,0.6898547105531644,0.0,2.5,0.5625268381379132
5.78611147851471,-1.4079170278729625,0.7777634485416208,0.0,2.5,0.5944299576870821
5.78611147851471,-1.3979170278729627,0.800043531908563,0.0,2.5,0.5907525481334353
5.78611147851471,-1.387917027872963,0.8047048554536016,0.0,2.5,0.5886080353238308
5.78611147851471,-1.377917027872963,0.7948642643379082,0.0,2.5,0.5804108387274599
5.78611147851471,-1.3679170278729633,0.8000749849040525,0.0,2.5,0.5768902669541223
5.78611147851471,-1.3579170278729635,0.7865630301653455,0.0,2.5,0.5666549123251534
5.78611147851471,-1.3479170278729637,0.7926248232704336,0.0,2.5,0.5526300255733861
5.78611147851471,-1.337917027872964,0.7747532999201117,0.0,2.5,0.5299062429161674
5.78611147851471,-1.3279170278729642,0.7721265365387915,0.0,2.5,0.5200793937145304
5.78611147851471,-1.3179170278729644,0.8004936662208294,0.0,2.5,0.5370675888717993
5.78611147851471,-1.3079170278729646,0.8183504482538575,0.0,2.5,0.5450404818526657
5.78611147851471,-1.2979170278729648,0.8066652333070964,0.0,2.5,0.5392407609856462
5.78611147851471,-1.287917027872965,0.7545583624101512,0.0,2.5,0.5046237893160134
5.78611147851471,-1.2779170278729652,0.7460933572222641,0.0,2.5,0.49974563357546375
5.78611147851471,-1.2679170278729655,0.734667820801459,0.0,2.5,0.4937730922259196
5.78611147851471,-1.2579170278729657,0.7513525754548809,0.0,2.5,0.5096226549703863
5.78611147851471,-1.2479170278729659,0.78471887208946,0.0,2.5,0.5245005093507118
5.78611147851471,-1.237917027872966,0.803609032938016,0.0,2.5,0.5265475126006273
5.78611147851471,-1.2279170278729663,0.8312616486216351,0.0,2.5,0.5337502402865723
5.78611147851471,-1.2179170278729665,0.8186181489903478,0.0,2.5,0.5369711703967157
5.78611147851471,-1.2079170278729667,0.78829933089732,0.0,2.5,0.5265404788804623
5.78611147851471,-1.197917027872967,0.7878281554841483,0.0,2.5,0.5370960900338639
5.78611147851471,-1.1879170278729672,0.7449970468271563,0.0,2.5,0.5246273821190578
5.78611147851471,-1.1779170278729674,0.7337867439627663,0.0,2.5,0.5177055651859758
5.78611147851471,-1.1679170278729676,0.6988654738816468,0.0,2.5,0.5263048050355698
5.796111478514709,-1.807917027872954,0.584533407951986,0.0,2.5,0.5069015472323962
5.796111478514709,-1.7979170278729542,0.6301254528652792,0.0,2.5,0.5369361259337174
5.796111478514709,-1.7879170278729544,0.6440724731142567,0.0,2.5,0.5315939327530276
5.796111478514709,-1.7779170278729546,0.6848980509058215,0.0,2.5,0.5382328551709075
5.796111478514709,-1.7679170278729548,0.7583243179933497,0.0,2.5,0.5408179828019514
5.796111478514709,-1.757917027872955,0.773678901878007,0.0,2.5,0.5874679127370651
5.796111478514709,-1.7479170278729552,0.7961891803648776,0.0,2.5,0.5582742058587178
5.796111478514709,-1.7379170278729554,0.6529332205118579,0.0,2.5,0.504707406054289
5.796111478514709,-1.7279170278729556,0.6317171034760116,0.0,2.5,0.5316774331023754
5.796111478514709,-1.7179170278729559,0.6238485500269945,0.0,2.5,0.5245723201628959
5.796111478514709,-1.707917027872956,0.5980334540270213,0.0,2.5,0.5037335018606587
5.796111478514709,-1.6979170278729563,0.5962591418686639,0.0,2.5,0.5158981129868637
5.796111478514709,-1.6879170278729565,0.5517487251421325,0.0,2.5,0.48735638534792985
5.796111478514709,-1.6779170278729567,0.5612176562146977,0.0,2.5,0.49688404310905526
5.796111478514709,-1.667917027872957,0.5825364838073708,0.0,2.5,0.5067660936259714
5.796111478514709,-1.6579170278729571,0.6045461214015376,0.0,2.5,0.5129255025003877
5.796111478514709,-1.6479170278729574,0.5818006419283869,0.0,2.5,0.5024715156104445
5.796111478514709,-1.6379170278729576,0.6381788254815204,0.0,2.5,0.5437725422602824
5.796111478514709,-1.6279170278729578,0.6352175047128819,0.0,2.5,0.53845031636144
5.796111478514709,-1.617917027872958,0.5643206527883375,0.0,2.5,0.4936299397607907
5.796111478514709,-1.6079170278729582,0.5246665473903386,0.0,2.5,0.46804137838671644
5.796111478514709,-1.5979170278729584,0.5535165442499415,0.0,2.5,0.49632676053787383
5.796111478514709,-1.5879170278729586,0.5821094346598993,0.0,2.5,0.5206064828631134
5.796111478514709,-1.5779170278729588,0.6791191620786229,0.0,2.5,0.533322724637439
5.796111478514709,-1.567917027872959,0.5923382362715226,0.0,2.5,0.532215345193094
5.796111478514709,-1.5579170278729593,0.5566339807893832,0.0,2.5,0.5003343474663529
5.796111478514709,-1.5479170278729595,0.5276380461488474,0.0,2.5,0.4791952737216496
5.796111478514709,-1.5379170278729597,0.535065701752059,0.0,2.5,0.4820780955401079
5.796111478514709,-1.52791702787296,0.5141984682150803,0.0,2.5,0.4685294610599806
5.796111478514709,-1.5179170278729601,0.5684648121245794,0.0,2.5,0.5111301690321551
5.796111478514709,-1.5079170278729603,0.5681224442033913,0.0,2.5,0.5196626505572504
5.796111478514709,-1.4979170278729605,0.5640758985477166,0.0,2.5,0.507287552409655
5.796111478514709,-1.4879170278729608,0.5111429572274363,0.0,2.5,0.47214356832187504
5.796111478514709,-1.477917027872961,0.5249665419330056,0.0,2.5,0.48417168958403506
5.796111478514709,-1.4679170278729612,0.520393094149239,0.0,2.5,0.478841084964222
5.796111478514709,-1.4579170278729614,0.523978608138227,0.0,2.5,0.477764725574508
5.796111478514709,-1.4479170278729616,0.5618358493215264,0.0,2.5,0.5135886730265949
5.796111478514709,-1.4379170278729618,0.58852604520738,0.0,2.5,0.5366520601405534
5.796111478514709,-1.427917027872962,0.68743250128109,0.0,2.5,0.5515678699869779
5.796111478514709,-1.4179170278729623,0.7256301232184286,0.0,2.5,0.5890572338388227
5.796111478514709,-1.4079170278729625,0.8005187210231964,0.0,2.5,0.5972501275419166
5.796111478514709,-1.3979170278729627,0.8064569995640383,0.0,2.5,0.5907185556747357
5.796111478514709,-1.387917027872963,0.7945670649384914,0.0,2.5,0.5880817349174846
5.796111478514709,-1.377917027872963,0.7992537130664678,0.0,2.5,0.5817758385075211
5.796111478514709,-1.3679170278729633,0.7788553894642967,0.0,2.5,0.5551241128571455
5.796111478514709,-1.3579170278729635,0.7838687824047966,0.0,2.5,0.5601952800981156
5.796111478514709,-1.3479170278729637,0.8020407363527746,0.0,2.5,0.5532537692078151
5.796111478514709,-1.337917027872964,0.775363862159306,0.0,2.5,0.5239749865466536
5.796111478514709,-1.3279170278729642,0.7745521548359526,0.0,2.5,0.5179131941410267
5.796111478514709,-1.3179170278729644,0.8013595001924931,0.0,2.5,0.5341083843063126
5.796111478514709,-1.3079170278729646,0.8174363113602344,0.0,2.5,0.5434409976592047
5.796111478514709,-1.2979170278729648,0.8124719770421195,0.0,2.5,0.5361014231149788
5.796111478514709,-1.287917027872965,0.7412018249850125,0.0,2.5,0.496783608259008
5.796111478514709,-1.2779170278729652,0.7327653930503577,0.0,2.5,0.4919303028103158
5.796111478514709,-1.2679170278729655,0.7441869823177863,0.0,2.5,0.5058112285937
5.796111478514709,-1.2579170278729657,0.7548933673856892,0.0,2.5,0.5202489756083806
5.796111478514709,-1.2479170278729659,0.778247804463027,0.0,2.5,0.5254030754709366
5.796111478514709,-1.237917027872966,0.7988347598526185,0.0,2.5,0.5233929751433369
5.796111478514709,-1.2279170278729663,0.8303203173508453,0.0,2.5,0.5396547296621876
5.796111478514709,-1.2179170278729665,0.8001455067923197,0.0,2.5,0.5316762520775129
5.796111478514709,-1.2079170278729667,0.8077997143263995,0.0,2.5,0.5304278491703459
5.796111478514709,-1.197917027872967,0.7748070771290189,0.0,2.5,0.522725312503605
5.796111478514709,-1.1879170278729672,0.7588888333707796,0.0,2.5,0.5165228401748861
5.796111478514709,-1.1779170278729674,0.6757587117580934,0.0,2.5,0.4932744752230196
5.796111478514709,-1.1679170278729676,0.563834279286697,0.0,2.5,0.4962510279172173
5.806111478514709,-1.807917027872954,0.5553099965823036,0.0,2.5,0.475773790219517
5.806111478514709,-1.7979170278729542,0.6197497246028997,0.0,2.5,0.5286919409041748
5.806111478514709,-1.7879170278729544,0.6468548547354854,0.0,2.5,0.548181921953252
5.806111478514709,-1.7779170278729546,0.654975982729064,0.0,2.5,0.5476779094806442
5.806111478514709,-1.7679170278729548,0.5961489043369399,0.0,2.5,0.5072722537846382
5.806111478514709,-1.757917027872955,0.6578559120744507,0.0,2.5,0.5207047024440884
5.806111478514709,-1.7479170278729552,0.6980736636033306,0.0,2.5,0.5464753873136561
5.806111478514709,-1.7379170278729554,0.76662421761321,0.0,2.5,0.5619231238340868
5.806111478514709,-1.7279170278729556,0.6918697828943274,0.0,2.5,0.532739568124534
5.806111478514709,-1.7179170278729559,0.6696090598448633,0.0,2.5,0.55260162418982
5.806111478514709,-1.707917027872956,0.6177145744039733,0.0,2.5,0.5170782439128863
5.806111478514709,-1.6979170278729563,0.6070610793382638,0.0,2.5,0.4974572263564936
5.806111478514709,-1.6879170278729565,0.5896519057798966,0.0,2.5,0.5052950905232833
5.806111478514709,-1.6779170278729567,0.5174924949884699,0.0,2.5,0.4479192617894337
5.806111478514709,-1.667917027872957,0.5359506514390611,0.0,2.5,0.4610442383880804
5.806111478514709,-1.6579170278729571,0.5160282175074158,0.0,2.5,0.4345442370298936
5.806111478514709,-1.6479170278729574,0.5172290902509982,0.0,2.5,0.44270934906310055
5.806111478514709,-1.6379170278729576,0.5736156884646278,0.0,2.5,0.48766858954722436
5.806111478514709,-1.6279170278729578,0.5636867977186756,0.0,2.5,0.47142198811684466
5.806111478514709,-1.617917027872958,0.530029666653031,0.0,2.5,0.46135763807445573
5.806111478514709,-1.6079170278729582,0.5316344575889318,0.0,2.5,0.4758360257824216
5.806111478514709,-1.5979170278729584,0.5652184231797238,0.0,2.5,0.5015584605352985
5.806111478514709,-1.5879170278729586,0.5780858247334424,0.0,2.5,0.5129023096895122
5.806111478514709,-1.5779170278729588,0.54159388360955,0.0,2.5,0.4818856696836551
5.806111478514709,-1.567917027872959,0.5247400403359864,0.0,2.5,0.4676687685152457
5.806111478514709,-1.5579170278729593,0.5315537856255844,0.0,2.5,0.47248659993404296
5.806111478514709,-1.5479170278729595,0.5431346703549179,0.0,2.5,0.48827280088728875
5.806111478514709,-1.5379170278729597,0.60490859172065,0.0,2.5,0.5250972548634601
5.806111478514709,-1.52791702787296,0.5147224537202029,0.0,2.5,0.46704255308924514
5.806111478514709,-1.5179170278729601,0.5297132730731023,0.0,2.5,0.4723914776256289
5.806111478514709,-1.5079170278729603,0.5827511974571102,0.0,2.5,0.5270715304256886
5.806111478514709,-1.4979170278729605,0.5271688077489589,0.0,2.5,0.4856508656958193
5.806111478514709,-1.4879170278729608,0.5205554746765376,0.0,2.5,0.47837102941937343
5.806111478514709,-1.477917027872961,0.5252346990455624,0.0,2.5,0.4796542822976103
5.806111478514709,-1.4679170278729612,0.5222145031982163,0.0,2.5,0.477252881539725
5.806111478514709,-1.4579170278729614,0.5517364774329375,0.0,2.5,0.4990779757733797
5.806111478514709,-1.4479170278729616,0.5666664026596974,0.0,2.5,0.5152136783160115
5.806111478514709,-1.4379170278729618,0.6855740864439831,0.0,2.5,0.5461863755830808
5.806111478514709,-1.427917027872962,0.7009659124589857,0.0,2.5,0.5606148871345262
5.806111478514709,-1.4179170278729623,0.7981642696080151,0.0,2.5,0.5926683402884246
5.806111478514709,-1.4079170278729625,0.8080797621110151,0.0,2.5,0.5813265595087422
5.806111478514709,-1.3979170278729627,0.8005510588190147,0.0,2.5,0.5754690225237521
5.806111478514709,-1.387917027872963,0.7966522086414184,0.0,2.5,0.5706965483561915
5.806111478514709,-1.377917027872963,0.7974259742296679,0.0,2.5,0.5641929450982659
5.806111478514709,-1.3679170278729633,0.7872931453346839,0.0,2.5,0.5562324621552879
5.806111478514709,-1.3579170278729635,0.800988211103147,0.0,2.5,0.5476496843575648
5.806111478514709,-1.3479170278729637,0.7724959591167668,0.0,2.5,0.5199163447507251
5.806111478514709,-1.337917027872964,0.761174209846219,0.0,2.5,0.5032310629567203
5.806111478514709,-1.3279170278729642,0.7678835048311388,0.0,2.5,0.5073871087325268
5.806111478514709,-1.3179170278729644,0.7695796732346732,0.0,2.5,0.5084536311390857
5.806111478514709,-1.3079170278729646,0.7461899269643937,0.0,2.5,0.49419952263940303
5.806111478514709,-1.2979170278729648,0.7648632639532221,0.0,2.5,0.5064536311390857
5.806111478514709,-1.287917027872965,0.7596422943399262,0.0,2.5,0.5035734723688904
5.806111478514709,-1.2779170278729652,0.7331602195482546,0.0,2.5,0.4887596578248581
5.806111478514709,-1.2679170278729655,0.7349518587141939,0.0,2.5,0.49430589392076707
5.806111478514709,-1.2579170278729657,0.7798506039225992,0.0,2.5,0.5222145357606016
5.806111478514709,-1.2479170278729659,0.8101010872629903,0.0,2.5,0.5281593096705522
5.806111478514709,-1.237917027872966,0.8122687892807141,0.0,2.5,0.5253929751433368
5.806111478514709,-1.2279170278729663,0.8198704361781595,0.0,2.5,0.5364447175684316
5.806111478514709,-1.2179170278729665,0.7925416974975726,0.0,2.5,0.5283183710888443
5.806111478514709,-1.2079170278729667,0.7820184157425258,0.0,2.5,0.5278594990447708
5.806111478514709,-1.197917027872967,0.7923309966645797,0.0,2.5,0.5209028574814356
5.806111478514709,-1.1879170278729672,0.7460178989088374,0.0,2.5,0.5095437295046159
5.806111478514709,-1.1779170278729674,0.7434141958056419,0.0,2.5,0.5145167263542292
5.806111478514709,-1.1679170278729676,0.5720773769566851,0.0,2.5,0.5039067007688245
5.816111478514709,-1.807917027872954,0.5217846427813472,0.0,2.5,0.45349934212990645
5.816111478514709,-1.7979170278729542,0.6162657874325025,0.0,2.5,0.5197291385864249
5.816111478514709,-1.7879170278729544,0.6491488065677118,0.0,2.5,0.539357605042029
5.816111478514709,-1.7779170278729546,0.585035537346072,0.0,2.5,0.4846159212648198
5.816111478514709,-1.7679170278729548,0.601811719680902,0.0,2.5,0.5284075325742135
5.816111478514709,-1.757917027872955,0.5952722573782884,0.0,2.5,0.5113207442376787
5.816111478514709,-1.7479170278729552,0.5483634335284813,0.0,2.5,0.4739330267551198
5.816111478514709,-1.7379170278729554,0.583943386379189,0.0,2.5,0.493626574645745
5.816111478514709,-1.7279170278729556,0.6308295143320901,0.0,2.5,0.5334243247303138
5.816111478514709,-1.7179170278729559,0.6248826146583725,0.0,2.5,0.5417877977580994
5.816111478514709,-1.707917027872956,0.6739915597209856,0.0,2.5,0.5525488298526999
5.816111478514709,-1.6979170278729563,0.6178971009641165,0.0,2.5,0.4988009941121759
5.816111478514709,-1.6879170278729565,0.5684235757463122,0.0,2.5,0.4615638946229274
5.816111478514709,-1.6779170278729567,0.5498373857825296,0.0,2.5,0.4702347923593542
5.816111478514709,-1.667917027872957,0.5341663483673178,0.0,2.5,0.4595600754921528
5.816111478514709,-1.6579170278729571,0.4980506584828979,0.0,2.5,0.42771089799100936
5.816111478514709,-1.6479170278729574,0.5188857761017127,0.0,2.5,0.442530049423574
5.816111478514709,-1.6379170278729576,0.5520283649232901,0.0,2.5,0.46470131199455067
5.816111478514709,-1.6279170278729578,0.5477530595878799,0.0,2.5,0.45415765251811324
5.816111478514709,-1.617917027872958,0.469597285658629,0.0,2.5,0.41596320290270555
5.816111478514709,-1.6079170278729582,0.4601426844048872,0.0,2.5,0.4027890975582743
5.816111478514709,-1.5979170278729584,0.4991786474737476,0.0,2.5,0.43214895281297017
5.816111478514709,-1.5879170278729586,0.4763423236491207,0.0,2.5,0.4160312302654035
5.816111478514709,-1.5779170278729588,0.4805565904893405,0.0,2.5,0.4273986176318696
5.816111478514709,-1.567917027872959,0.5411158100841477,0.0,2.5,0.4620765923210405
5.816111478514709,-1.5579170278729593,0.5612961075119112,0.0,2.5,0.47938233589620993
5.816111478514709,-1.5479170278729595,0.5548734508362597,0.0,2.5,0.4776575010228666
5.816111478514709,-1.5379170278729597,0.5037848623327082,0.0,2.5,0.4511422767044921
5.816111478514709,-1.52791702787296,0.5459444152240887,0.0,2.5,0.4920052389389574
5.816111478514709,-1.5179170278729601,0.5453375159485712,0.0,2.5,0.4867921661448946
5.816111478514709,-1.5079170278729603,0.5599721690522602,0.0,2.5,0.4972724104498372
5.816111478514709,-1.4979170278729605,0.5001333772131921,0.0,2.5,0.4522408574079801
5.816111478514709,-1.4879170278729608,0.513911249161507,0.0,2.5,0.46245798968486435
5.816111478514709,-1.477917027872961,0.5030970629391238,0.0,2.5,0.4567958387679895
5.816111478514709,-1.4679170278729612,0.5009705505634919,0.0,2.5,0.4503711606463731
5.816111478514709,-1.4579170278729614,0.5408146030435019,0.0,2.5,0.48748159049806655
5.816111478514709,-1.4479170278729616,0.6583247316861003,0.0,2.5,0.5204550841112541
5.816111478514709,-1.4379170278729618,0.6552466000239985,0.0,2.5,0.5168936845752389
5.816111478514709,-1.427917027872962,0.7055307191462337,0.0,2.5,0.5570450369055453
5.816111478514709,-1.4179170278729623,0.7756125429254395,0.0,2.5,0.552106950551471
5.816111478514709,-1.4079170278729625,0.7476084828117233,0.0,2.5,0.5391071002790747
5.816111478514709,-1.3979170278729627,0.7508245086853672,0.0,2.5,0.5476366996081361
5.816111478514709,-1.387917027872963,0.762455580516562,0.0,2.5,0.5405056738807769
5.816111478514709,-1.377917027872963,0.7498479304724167,0.0,2.5,0.5274301442226919
5.816111478514709,-1.3679170278729633,0.7574027686007891,0.0,2.5,0.5274555423868004
5.816111478514709,-1.3579170278729635,0.7643294100336216,0.0,2.5,0.5157252870082196
5.816111478514709,-1.3479170278729637,0.7345072011899941,0.0,2.5,0.48879707861364835
5.816111478514709,-1.337917027872964,0.75357455353406,0.0,2.5,0.49634042051674415
5.816111478514709,-1.3279170278729642,0.769128127734537,0.0,2.5,0.5055579457805025
5.816111478514709,-1.3179170278729644,0.742239368229557,0.0,2.5,0.49291838914488295
5.816111478514709,-1.3079170278729646,0.7720300606776576,0.0,2.5,0.516119346520788
5.816111478514709,-1.2979170278729648,0.7404877165871877,0.0,2.5,0.49175512383876047
5.816111478514709,-1.287917027872965,0.7697874166585638,0.0,2.5,0.5067378018956104
5.816111478514709,-1.2779170278729652,0.745148490035832,0.0,2.5,0.4957395320386946
5.816111478514709,-1.2679170278729655,0.7414043086141876,0.0,2.5,0.49492158530211006
5.816111478514709,-1.2579170278729657,0.7894177573544962,0.0,2.5,0.5078741887127176
5.816111478514709,-1.2479170278729659,0.837314706114161,0.0,2.5,0.5251347423987699
5.816111478514709,-1.237917027872966,0.8221844626202686,0.0,2.5,0.5313008770781845
5.816111478514709,-1.2279170278729663,0.7911016811154267,0.0,2.5,0.5133357816969195
5.816111478514709,-1.2179170278729665,0.8030861258227328,0.0,2.5,0.5252482519013643
5.816111478514709,-1.2079170278729667,0.7857992621334247,0.0,2.5,0.5199290596872548
5.816111478514709,-1.197917027872967,0.7892849713515139,0.0,2.5,0.5182750072190309
5.816111478514709,-1.1879170278729672,0.7527259441214849,0.0,2.5,0.5084655761879532
5.816111478514709,-1.1779170278729674,0.7233494156141899,0.0,2.5,0.5236850669150865
5.816111478514709,-1.1679170278729676,0.594461858650876,0.0,2.5,0.5200233887969021
5.826111478514709,-1.807917027872954,0.5328740241828159,0.0,2.5,0.4519578281397881
5.826111478514709,-1.7979170278729542,0.5650812708833266,0.0,2.5,0.4785287762466027
5.826111478514709,-1.7879170278729544,0.6185981156401398,0.0,2.5,0.5007334345658305
5.826111478514709,-1.7779170278729546,0.5512849980087382,0.0,2.5,0.4575849901745439
5.826111478514709,-1.7679170278729548,0.596322475378626,0.0,2.5,0.5107550112966256
5.826111478514709,-1.757917027872955,0.6287573525899067,0.0,2.5,0.5469195442576773
5.826111478514709,-1.7479170278729552,0.6269241339806713,0.0,2.5,0.5576160742360099
5.826111478514709,-1.7379170278729554,0.5917604326690159,0.0,2.5,0.5247560746434679
5.826111478514709,-1.7279170278729556,0.6108363994580852,0.0,2.5,0.5267298647094821
5.826111478514709,-1.7179170278729559,0.5683984247539363,0.0,2.5,0.47916600500959067
5.826111478514709,-1.707917027872956,0.5832831351106866,0.0,2.5,0.4837184657060615
5.826111478514709,-1.6979170278729563,0.5756714271108885,0.0,2.5,0.459290068157029
5.826111478514709,-1.6879170278729565,0.5418856360722938,0.0,2.5,0.4370592803419244
5.826111478514709,-1.6779170278729567,0.5639741065520325,0.0,2.5,0.4607374806913029
5.826111478514709,-1.667917027872957,0.5096124005606303,0.0,2.5,0.42933281094028936
5.826111478514709,-1.6579170278729571,0.5155639149729161,0.0,2.5,0.4317039351218474
5.826111478514709,-1.6479170278729574,0.526926062286639,0.0,2.5,0.4468660772275813
5.826111478514709,-1.6379170278729576,0.5400904891206475,0.0,2.5,0.4506369250675136
5.826111478514709,-1.6279170278729578,0.5471010892642929,0.0,2.5,0.45323446333823025
5.826111478514709,-1.617917027872958,0.46211455817497143,0.0,2.5,0.4105980850552997
5.826111478514709,-1.6079170278729582,0.4505389400091724,0.0,2.5,0.39663848683876735
5.826111478514709,-1.5979170278729584,0.4554798434260619,0.0,2.5,0.40466773418469293
5.826111478514709,-1.5879170278729586,0.5114003447850686,0.0,2.5,0.43432540113993606
5.826111478514709,-1.5779170278729588,0.5289597721857897,0.0,2.5,0.44723466221050956
5.826111478514709,-1.567917027872959,0.5109817612183721,0.0,2.5,0.43350171209380944
5.826111478514709,-1.5579170278729593,0.5849423033034054,0.0,2.5,0.5081500512644395
5.826111478514709,-1.5479170278729595,0.6462465660633768,0.0,2.5,0.49939541534584814
5.826111478514709,-1.5379170278729597,0.5939838781322372,0.0,2.5,0.5242449910679738
5.826111478514709,-1.52791702787296,0.5288297817046198,0.0,2.5,0.47136789722670885
5.826111478514709,-1.5179170278729601,0.5175711835705537,0.0,2.5,0.4625602615721164
5.826111478514709,-1.5079170278729603,0.5029653474816562,0.0,2.5,0.4507476501198195
5.826111478514709,-1.4979170278729605,0.5107438631528208,0.0,2.5,0.4535841332071242
5.826111478514709,-1.4879170278729608,0.5008230502442864,0.0,2.5,0.44807739344519637
5.826111478514709,-1.477917027872961,0.5056878495213225,0.0,2.5,0.45055016269712633
5.826111478514709,-1.4679170278729612,0.5156611746997092,0.0,2.5,0.46072347765425303
5.826111478514709,-1.4579170278729614,0.562607457036061,0.0,2.5,0.5012584725395213
5.826111478514709,-1.4479170278729616,0.6549672492240518,0.0,2.5,0.5140337691834361
5.826111478514709,-1.4379170278729618,0.7030020792362117,0.0,2.5,0.5496698103426051
5.826111478514709,-1.427917027872962,0.7469466536682184,0.0,2.5,0.5496586917688479
5.826111478514709,-1.4179170278729623,0.7454826356809858,0.0,2.5,0.5341716626858592
5.826111478514709,-1.4079170278729625,0.7512416557317636,0.0,2.5,0.542400034261937
5.826111478514709,-1.3979170278729627,0.7556332761314465,0.0,2.5,0.5364236229769193
5.826111478514709,-1.387917027872963,0.7410894693003338,0.0,2.5,0.5178541660222555
5.826111478514709,-1.377917027872963,0.7489739642077677,0.0,2.5,0.5235747314726095
5.826111478514709,-1.3679170278729633,0.7661921987025386,0.0,2.5,0.5209007537341234
5.826111478514709,-1.3579170278729635,0.7347094362399409,0.0,2.5,0.4888148363462469
5.826111478514709,-1.3479170278729637,0.7429502914959912,0.0,2.5,0.489379108813571
5.826111478514709,-1.337917027872964,0.7524214165860331,0.0,2.5,0.4953753740401382
5.826111478514709,-1.3279170278729642,0.745829247319035,0.0,2.5,0.4959950508350255
5.826111478514709,-1.3179170278729644,0.7604571731669212,0.0,2.5,0.5216915916421357
5.826111478514709,-1.3079170278729646,0.7601991807939183,0.0,2.5,0.5378227784469124
5.826111478514709,-1.2979170278729648,0.7604571731669212,0.0,2.5,0.5216915916421357
5.826111478514709,-1.287917027872965,0.7415185463193479,0.0,2.5,0.4959950508350255
5.826111478514709,-1.2779170278729652,0.7539297449947836,0.0,2.5,0.4963684196036873
5.826111478514709,-1.2679170278729655,0.7644975361608819,0.0,2.5,0.494019064867969
5.826111478514709,-1.2579170278729657,0.7995782965774749,0.0,2.5,0.49745479240064494
5.826111478514709,-1.2479170278729659,0.8373425083723084,0.0,2.5,0.5202418699586231
5.826111478514709,-1.237917027872966,0.8180500998693324,0.0,2.5,0.5260908649844284
5.826111478514709,-1.2279170278729663,0.7855626015769083,0.0,2.5,0.5103134945398785
5.826111478514709,-1.2179170278729665,0.8088976121746325,0.0,2.5,0.5261097077244931
5.826111478514709,-1.2079170278729667,0.8005352385054992,0.0,2.5,0.5212822643962148
5.826111478514709,-1.197917027872967,0.759021124190983,0.0,2.5,0.5114778497977152
5.826111478514709,-1.1879170278729672,0.7859993138055053,0.0,2.5,0.5248976380098146
5.826111478514709,-1.1779170278729674,0.7446189701360725,0.0,2.5,0.5361847817245029
5.826111478514709,-1.1679170278729676,0.7453264411113159,0.0,2.5,0.5373801978289215
5.836111478514709,-1.7979170278729542,0.6193093340618232,0.0,2.5,0.479429954715857
5.836111478514709,-1.7879170278729544,0.5635716409359778,0.0,2.5,0.4655184466363736
5.836111478514709,-1.7779170278729546,0.523282585706067,0.0,2.5,0.43002971899261194
5.836111478514709,-1.7679170278729548,0.6196150966824268,0.0,2.5,0.5183773991970245
5.836111478514709,-1.757917027872955,0.621504186509088,0.0,2.5,0.5465496702472549
5.836111478514709,-1.7479170278729552,0.620078408128002,0.0,2.5,0.5380423589236866
5.836111478514709,-1.7379170278729554,0.6121719869739076,0.0,2.5,0.519734171120094
5.836111478514709,-1.7279170278729556,0.5831414794489937,0.0,2.5,0.48827184439751975
5.836111478514709,-1.7179170278729559,0.5093544557991283,0.0,2.5,0.41820181865294626
5.836111478514709,-1.707917027872956,0.5111222279935618,0.0,2.5,0.42534785449451307
5.836111478514709,-1.6979170278729563,0.5538300540937677,0.0,2.5,0.44582318795789655
5.836111478514709,-1.6879170278729565,0.5737150125536781,0.0,2.5,0.4455028337067724
5.836111478514709,-1.6779170278729567,0.5881561648918395,0.0,2.5,0.440151055050646
5.836111478514709,-1.667917027872957,0.5794773225186128,0.0,2.5,0.43343892340353907
5.836111478514709,-1.6579170278729571,0.5865363966770782,0.0,2.5,0.44216421684539
5.836111478514709,-1.6479170278729574,0.56924677802527,0.0,2.5,0.4330111796123917
5.836111478514709,-1.6379170278729576,0.6049128811341675,0.0,2.5,0.45165654011865597
5.836111478514709,-1.6279170278729578,0.5680648819437081,0.0,2.5,0.45013735161917934
5.836111478514709,-1.617917027872958,0.535998301382556,0.0,2.5,0.42803818592827664
5.836111478514709,-1.6079170278729582,0.5617042590052056,0.0,2.5,0.44575055916634915
5.836111478514709,-1.5979170278729584,0.5445878458553977,0.0,2.5,0.44434082724882396
5.836111478514709,-1.5879170278729586,0.5312664786449608,0.0,2.5,0.43942783901522336
5.836111478514709,-1.5779170278729588,0.6507441552651705,0.0,2.5,0.4989820123293049
5.836111478514709,-1.567917027872959,0.6994150573634161,0.0,2.5,0.5108074686327909
5.836111478514709,-1.5579170278729593,0.7160283250134565,0.0,2.5,0.5225954039762337
5.836111478514709,-1.5479170278729595,0.715236184827779,0.0,2.5,0.5574028639477637
5.836111478514709,-1.5379170278729597,0.7002820297888166,0.0,2.5,0.543036060314512
5.836111478514709,-1.52791702787296,0.5608052300327366,0.0,2.5,0.4962545578675299
5.836111478514709,-1.5179170278729601,0.513802747688942,0.0,2.5,0.45950523740381416
5.836111478514709,-1.5079170278729603,0.5095552800386567,0.0,2.5,0.45641639892981767
5.836111478514709,-1.4979170278729605,0.5036044537096545,0.0,2.5,0.44814585570094406
5.836111478514709,-1.4879170278729608,0.4972773542242302,0.0,2.5,0.44528953578157465
5.836111478514709,-1.477917027872961,0.5133777704581299,0.0,2.5,0.4599862721169666
5.836111478514709,-1.4679170278729612,0.5426737425440491,0.0,2.5,0.4841297178224537
5.836111478514709,-1.4579170278729614,0.6538849220796615,0.0,2.5,0.5103537796119314
5.836111478514709,-1.4479170278729616,0.6822753906767587,0.0,2.5,0.5378869875240093
5.836111478514709,-1.4379170278729618,0.7449292834731096,0.0,2.5,0.5502000320195947
5.836111478514709,-1.427917027872962,0.7717138466055717,0.0,2.5,0.542016211122171
5.836111478514709,-1.4179170278729623,0.7744772300727124,0.0,2.5,0.5465848456796918
5.836111478514709,-1.4079170278729625,0.7811864619296114,0.0,2.5,0.5445274838058625
5.836111478514709,-1.3979170278729627,0.7808427733293113,0.0,2.5,0.5377239455572482
5.836111478514709,-1.387917027872963,0.7741508884267356,0.0,2.5,0.5277238251083287
5.836111478514709,-1.377917027872963,0.7918620506706655,0.0,2.5,0.5246131243198445
5.836111478514709,-1.3679170278729633,0.7865447942077803,0.0,2.5,0.5003832834778926
5.836111478514709,-1.3579170278729635,0.7793821946539015,0.0,2.5,0.4905187961637986
5.836111478514709,-1.3479170278729637,0.7853918726716366,0.0,2.5,0.49749003260990454
5.836111478514709,-1.337917027872964,0.7990973619444848,0.0,2.5,0.5079501380798062
5.836111478514709,-1.3279170278729642,0.7947804370827449,0.0,2.5,0.5267642912957055
5.836111478514709,-1.3179170278729644,0.8062335223691445,0.0,2.5,0.5332016467712116
5.836111478514709,-1.3079170278729646,0.8202442295403035,0.0,2.5,0.5321915634834817
5.836111478514709,-1.2979170278729648,0.8062335223691445,0.0,2.5,0.5332016467712116
5.836111478514709,-1.287917027872965,0.8010689444745088,0.0,2.5,0.5267642912957055
5.836111478514709,-1.2779170278729652,0.8067788580065954,0.0,2.5,0.5079501380798062
5.836111478514709,-1.2679170278729655,0.8006782579556669,0.0,2.5,0.4946561676380854
5.836111478514709,-1.2579170278729657,0.8167812662225403,0.0,2.5,0.49937722875616647
5.836111478514709,-1.2479170278729659,0.8048132434736632,0.0,2.5,0.49595728793243044
5.836111478514709,-1.237917027872966,0.8139923221198354,0.0,2.5,0.5115027175388758
5.836111478514709,-1.2279170278729663,0.7888724468241735,0.0,2.5,0.5126547479067881
5.836111478514709,-1.2179170278729665,0.7879622477021268,0.0,2.5,0.5075822205610038
5.836111478514709,-1.2079170278729667,0.7869910039902638,0.0,2.5,0.512994513746314
5.836111478514709,-1.197917027872967,0.7687081174637674,0.0,2.5,0.508846219262827
5.836111478514709,-1.1879170278729672,0.7753799790531182,0.0,2.5,0.5337261405489212
5.836111478514709,-1.1779170278729674,0.7469588585726108,0.0,2.5,0.5375646435451619
5.836111478514709,-1.1679170278729676,0.735148733977369,0.0,2.5,0.5384503399308577
5.846111478514708,-1.7979170278729542,0.6424501401203765,0.0,2.5,0.48562752179127355
5.846111478514708,-1.7879170278729544,0.5870327357585324,0.0,2.5,0.4826389852376818
5.846111478514708,-1.7779170278729546,0.520740829795792,0.0,2.5,0.423893866775627
5.846111478514708,-1.7679170278729548,0.6019150373772255,0.0,2.5,0.5138348879860134
5.846111478514708,-1.757917027872955,0.6164862778532691,0.0,2.5,0.5290065616673019
5.846111478514708,-1.7479170278729552,0.6449538353921387,0.0,2.5,0.5406869752927658
5.846111478514708,-1.7379170278729554,0.612697616820399,0.0,2.5,0.518079512022766
5.846111478514708,-1.7279170278729556,0.5971253264025713,0.0,2.5,0.5015222368852149
5.846111478514708,-1.7179170278729559,0.5526991745947434,0.0,2.5,0.4306823090326812
5.846111478514708,-1.707917027872956,0.571994959115894,0.0,2.5,0.43337656412304576
5.846111478514708,-1.6979170278729563,0.4538752299113353,0.0,2.5,0.3535061291247321
5.846111478514708,-1.6879170278729565,0.5907300010368758,0.0,2.5,0.42642502476006067
5.846111478514708,-1.6779170278729567,0.6086072096820778,0.0,2.5,0.4372593404199188
5.846111478514708,-1.667917027872957,0.6030777777468322,0.0,2.5,0.4364085108573245
5.846111478514708,-1.6579170278729571,0.5962328000323455,0.0,2.5,0.4392094773336394
5.846111478514708,-1.6479170278729574,0.5834111533672954,0.0,2.5,0.43290900881398886
5.846111478514708,-1.6379170278729576,0.59870459561387,0.0,2.5,0.44130603571074895
5.846111478514708,-1.6279170278729578,0.602309786347705,0.0,2.5,0.45473397679007477
5.846111478514708,-1.617917027872958,0.6019873073478128,0.0,2.5,0.45149257942968585
5.846111478514708,-1.6079170278729582,0.5891253320553457,0.0,2.5,0.4457312612517334
5.846111478514708,-1.5979170278729584,0.70099168103962,0.0,2.5,0.4956387757322332
5.846111478514708,-1.5879170278729586,0.8056690554595713,0.0,2.5,0.5295141097633942
5.846111478514708,-1.5779170278729588,0.7552344410621373,0.0,2.5,0.5125430954207585
5.846111478514708,-1.567917027872959,0.7589502114037266,0.0,2.5,0.531647821729096
5.846111478514708,-1.5579170278729593,0.7352761323583477,0.0,2.5,0.5267497090345992
5.846111478514708,-1.5479170278729595,0.7593751913715923,0.0,2.5,0.5600678362469469
5.846111478514708,-1.5379170278729597,0.6995181824466296,0.0,2.5,0.5405573748773238
5.846111478514708,-1.52791702787296,0.5820997855056467,0.0,2.5,0.5136065023626326
5.846111478514708,-1.5179170278729601,0.5363222572502858,0.0,2.5,0.46611638381740395
5.846111478514708,-1.5079170278729603,0.5403430166753371,0.0,2.5,0.4505130570073337
5.846111478514708,-1.4979170278729605,0.5424568059914071,0.0,2.5,0.450275621353922
5.846111478514708,-1.4879170278729608,0.5390598517896333,0.0,2.5,0.4414702928137402
5.846111478514708,-1.477917027872961,0.5823666697715097,0.0,2.5,0.4799063342731022
5.846111478514708,-1.4679170278729612,0.6555695856477551,0.0,2.5,0.5070105756098541
5.846111478514708,-1.4579170278729614,0.7478307050805455,0.0,2.5,0.53407700133736
5.846111478514708,-1.4479170278729616,0.7806717500010684,0.0,2.5,0.5522831422445066
5.846111478514708,-1.4379170278729618,0.8076866710620169,0.0,2.5,0.5396178347296586
5.846111478514708,-1.427917027872962,0.8377853574043299,0.0,2.5,0.5406213864794783
5.846111478514708,-1.4179170278729623,0.8372542062112245,0.0,2.5,0.545784731927626
5.846111478514708,-1.4079170278729625,0.8491375915549748,0.0,2.5,0.5414464470415151
5.846111478514708,-1.3979170278729627,0.8296052713931749,0.0,2.5,0.5288798598089098
5.846111478514708,-1.387917027872963,0.8445785358632979,0.0,2.5,0.5322719246396851
5.846111478514708,-1.377917027872963,0.8354950309172218,0.0,2.5,0.5128292969038587
5.846111478514708,-1.3679170278729633,0.8095002068746048,0.0,2.5,0.49555909347591376
5.846111478514708,-1.3579170278729635,0.8100495277216136,0.0,2.5,0.49296100035184004
5.846111478514708,-1.3479170278729637,0.8361101554719264,0.0,2.5,0.5184431099482899
5.846111478514708,-1.337917027872964,0.8131007850838771,0.0,2.5,0.5250724134804805
5.846111478514708,-1.3279170278729642,0.8254445770883768,0.0,2.5,0.5364902026999123
5.846111478514708,-1.3179170278729644,0.8233494794438565,0.0,2.5,0.5323482180409445
5.846111478514708,-1.3079170278729646,0.8249931549172618,0.0,2.5,0.5322409942757385
5.846111478514708,-1.2979170278729648,0.8233494794438565,0.0,2.5,0.5323482180409445
5.846111478514708,-1.287917027872965,0.8304781059866124,0.0,2.5,0.5335281773834565
5.846111478514708,-1.2779170278729652,0.809281739963793,0.0,2.5,0.5222284481810616
5.846111478514708,-1.2679170278729655,0.8437823108882102,0.0,2.5,0.5257922860912464
5.846111478514708,-1.2579170278729657,0.8041822210765392,0.0,2.5,0.49335553085767625
5.846111478514708,-1.2479170278729659,0.7944935423109183,0.0,2.5,0.4918332141995347
5.846111478514708,-1.237917027872966,0.8072549707948558,0.0,2.5,0.5016572064540631
5.846111478514708,-1.2279170278729663,0.805027756157671,0.0,2.5,0.5149109901263467
5.846111478514708,-1.2179170278729665,0.7846054235609353,0.0,2.5,0.5072773878472491
5.846111478514708,-1.2079170278729667,0.7876697780393662,0.0,2.5,0.514257090735502
5.846111478514708,-1.197917027872967,0.7920980188873188,0.0,2.5,0.5280674303068701
5.846111478514708,-1.1879170278729672,0.7613645432080683,0.0,2.5,0.5400787466084993
5.846111478514708,-1.1779170278729674,0.7792963678110133,0.0,2.5,0.5461533377742479
5.846111478514708,-1.1679170278729676,0.7367367696613186,0.0,2.5,0.5409978355607624
5.856111478514708,-1.807917027872954,0.6070736278377267,0.0,2.5,0.47499311009032236
5.856111478514708,-1.7979170278729542,0.6136294014073216,0.0,2.5,0.4819726165766179
5.856111478514708,-1.7879170278729544,0.5972648817527284,0.0,2.5,0.48473070580965066
5.856111478514708,-1.7779170278729546,0.5399399427294169,0.0,2.5,0.44614532735816076
5.856111478514708,-1.7679170278729548,0.5983737860645753,0.0,2.5,0.5087819004750673
5.856111478514708,-1.757917027872955,0.6072701208387973,0.0,2.5,0.512565347618059
5.856111478514708,-1.7479170278729552,0.610491540256889,0.0,2.5,0.5168547232199054
5.856111478514708,-1.7379170278729554,0.6133671715219747,0.0,2.5,0.520250747160139
5.856111478514708,-1.7279170278729556,0.6193724831224104,0.0,2.5,0.5196665858406364
5.856111478514708,-1.7179170278729559,0.5658759794638528,0.0,2.5,0.43225819724918463
5.856111478514708,-1.707917027872956,0.5622694071467316,0.0,2.5,0.4330439401048863
5.856111478514708,-1.6979170278729563,0.4720331398475493,0.0,2.5,0.3680281016098899
5.856111478514708,-1.6879170278729565,0.47573377015545293,0.0,2.5,0.3705274179896671
5.856111478514708,-1.6779170278729567,0.5220999100457925,0.0,2.5,0.3808998649334098
5.856111478514708,-1.667917027872957,0.5309838516024039,0.0,2.5,0.3891575219523863
5.856111478514708,-1.6579170278729571,0.5657188770188167,0.0,2.5,0.4094006681896118
5.856111478514708,-1.6479170278729574,0.5465499268622379,0.0,2.5,0.4012776768152305
5.856111478514708,-1.6379170278729576,0.5645910984949941,0.0,2.5,0.4162479390789922
5.856111478514708,-1.6279170278729578,0.5677643088323854,0.0,2.5,0.4210648776403836
5.856111478514708,-1.617917027872958,0.7049500734579001,0.0,2.5,0.49168133931555885
5.856111478514708,-1.6079170278729582,0.7993434600003797,0.0,2.5,0.5074079624752788
5.856111478514708,-1.5979170278729584,0.8034932686228461,0.0,2.5,0.4967263741890687
5.856111478514708,-1.5879170278729586,0.7964103413122492,0.0,2.5,0.4892924804370039
5.856111478514708,-1.5779170278729588,0.7748623260484298,0.0,2.5,0.509047231523787
5.856111478514708,-1.567917027872959,0.8017259025042498,0.0,2.5,0.5422544609878316
5.856111478514708,-1.5579170278729593,0.7881718306022047,0.0,2.5,0.5631135394020672
5.856111478514708,-1.5479170278729595,0.806990267138245,0.0,2.5,0.5635050878019103
5.856111478514708,-1.5379170278729597,0.7581670728899538,0.0,2.5,0.5568161094582303
5.856111478514708,-1.52791702787296,0.7463318528036318,0.0,2.5,0.5274614989994887
5.856111478514708,-1.5179170278729601,0.5793114948645816,0.0,2.5,0.46660276529444705
5.856111478514708,-1.5079170278729603,0.5661917736315166,0.0,2.5,0.4580888108023632
5.856111478514708,-1.4979170278729605,0.5662306447118601,0.0,2.5,0.45908005599241947
5.856111478514708,-1.4879170278729608,0.5782975131163514,0.0,2.5,0.4712557131741094
5.856111478514708,-1.477917027872961,0.6050863421512136,0.0,2.5,0.49427782367595946
5.856111478514708,-1.4679170278729612,0.739159833963244,0.0,2.5,0.5240752611527038
5.856111478514708,-1.4579170278729614,0.7756528896199104,0.0,2.5,0.5522350297272879
5.856111478514708,-1.4479170278729616,0.803684141360883,0.0,2.5,0.5449208200964674
5.856111478514708,-1.4379170278729618,0.8258526163221231,0.0,2.5,0.5413098822243214
5.856111478514708,-1.427917027872962,0.8466337464136646,0.0,2.5,0.5475647397580965
5.856111478514708,-1.4179170278729623,0.8282815077261432,0.0,2.5,0.5362364349477591
5.856111478514708,-1.4079170278729625,0.8234882323144314,0.0,2.5,0.5288717212192441
5.856111478514708,-1.3979170278729627,0.8117594278496334,0.0,2.5,0.5294920358822618
5.856111478514708,-1.387917027872963,0.8181253191510934,0.0,2.5,0.5148601904703257
5.856111478514708,-1.377917027872963,0.783827818726821,0.0,2.5,0.48612432582636217
5.856111478514708,-1.3679170278729633,0.7910899289899642,0.0,2.5,0.4889380691695575
5.856111478514708,-1.3579170278729635,0.8110181260583291,0.0,2.5,0.51054069222242
5.856111478514708,-1.3479170278729637,0.7870063700951173,0.0,2.5,0.5106648680072914
5.856111478514708,-1.337917027872964,0.8060258351246757,0.0,2.5,0.5291027376146484
5.856111478514708,-1.3279170278729642,0.7933862452029156,0.0,2.5,0.5255995975233655
5.856111478514708,-1.3179170278729644,0.75654531429966,0.0,2.5,0.5235628539777417
5.856111478514708,-1.3079170278729646,0.7107567632939948,0.0,2.5,0.5012959952410734
5.856111478514708,-1.2979170278729648,0.7566313560530097,0.0,2.5,0.5227261192838641
5.856111478514708,-1.287917027872965,0.7880401524544176,0.0,2.5,0.5229487736663221
5.856111478514708,-1.2779170278729652,0.8008155722759588,0.0,2.5,0.5264082427260051
5.856111478514708,-1.2679170278729655,0.7857530978797074,0.0,2.5,0.5082780755544611
5.856111478514708,-1.2579170278729657,0.807582688968373,0.0,2.5,0.5076082767025399
5.856111478514708,-1.2479170278729659,0.7819513940206199,0.0,2.5,0.4827001458143187
5.856111478514708,-1.237917027872966,0.7724723050392212,0.0,2.5,0.47770023983924
5.856111478514708,-1.2279170278729663,0.7980740256716322,0.0,2.5,0.4994609144981908
5.856111478514708,-1.2179170278729665,0.7771235709053906,0.0,2.5,0.5041256172000621
5.856111478514708,-1.2079170278729667,0.7656240511785458,0.0,2.5,0.4944993801365761
5.856111478514708,-1.197917027872967,0.7726475139127069,0.0,2.5,0.5272344756420737
5.856111478514708,-1.1879170278729672,0.752760322980966,0.0,2.5,0.5349169073552104
5.856111478514708,-1.1779170278729674,0.7437782307545389,0.0,2.5,0.5523921420798263
5.866111478514708,-1.8379170278729533,0.5853782595975867,0.0,2.5,0.4947704730918618
5.866111478514708,-1.8279170278729535,0.6334850313535654,0.0,2.5,0.5044413014527114
5.866111478514708,-1.8179170278729537,0.6121759772661794,0.0,2.5,0.4833773634001291
5.866111478514708,-1.807917027872954,0.6007514249265169,0.0,2.5,0.47214117733384625
5.866111478514708,-1.7979170278729542,0.6074795641060731,0.0,2.5,0.462757066892841
5.866111478514708,-1.7879170278729544,0.6563524522953502,0.0,2.5,0.4850779203779846
5.866111478514708,-1.7779170278729546,0.5841565424761419,0.0,2.5,0.44888958843661003
5.866111478514708,-1.7679170278729548,0.6203657397818662,0.0,2.5,0.5036637803239056
5.866111478514708,-1.757917027872955,0.5995161200983748,0.0,2.5,0.5139126484522506
5.866111478514708,-1.7479170278729552,0.5993173708846904,0.0,2.5,0.5123785370665003
5.866111478514708,-1.7379170278729554,0.5974511084300447,0.0,2.5,0.5068338111080921
5.866111478514708,-1.7279170278729556,0.5822911503687231,0.0,2.5,0.4966857693536686
5.866111478514708,-1.7179170278729559,0.5974231021964356,0.0,2.5,0.4600775590568849
5.866111478514708,-1.707917027872956,0.5434121553570057,0.0,2.5,0.43205687250385466
5.866111478514708,-1.6979170278729563,0.4584355039877248,0.0,2.5,0.3667675570007404
5.866111478514708,-1.6879170278729565,0.5042946005508279,0.0,2.5,0.3759759560498526
5.866111478514708,-1.6779170278729567,0.538623637142869,0.0,2.5,0.4017028338055987
5.866111478514708,-1.667917027872957,0.5601266073950385,0.0,2.5,0.41381079789597336
5.866111478514708,-1.6579170278729571,0.5717899719098244,0.0,2.5,0.42173562449022645
5.866111478514708,-1.6479170278729574,0.5507812061648936,0.0,2.5,0.3951028193246564
5.866111478514708,-1.6379170278729576,0.6854384234820795,0.0,2.5,0.4662421535164422
5.866111478514708,-1.6279170278729578,0.7684551905585915,0.0,2.5,0.4866947073611007
5.866111478514708,-1.617917027872958,0.8095217745062846,0.0,2.5,0.49351885007871243
5.866111478514708,-1.6079170278729582,0.8685551829319603,0.0,2.5,0.525575249171875
5.866111478514708,-1.5979170278729584,0.7759428511403925,0.0,2.5,0.4657424698553011
5.866111478514708,-1.5879170278729586,0.8069965654245246,0.0,2.5,0.4817155940069635
5.866111478514708,-1.5779170278729588,0.8597137837226948,0.0,2.5,0.5211529090564367
5.866111478514708,-1.567917027872959,0.7977578763282912,0.0,2.5,0.5208491805130615
5.866111478514708,-1.5579170278729593,0.8517116866020238,0.0,2.5,0.560214906938869
5.866111478514708,-1.5479170278729595,0.8588259128198839,0.0,2.5,0.5506101216381406
5.866111478514708,-1.5379170278729597,0.8509859601688315,0.0,2.5,0.5752219340924809
5.866111478514708,-1.52791702787296,0.743901618116361,0.0,2.5,0.5303708529517178
5.866111478514708,-1.5179170278729601,0.5773535665130397,0.0,2.5,0.47516471177353836
5.866111478514708,-1.5079170278729603,0.5730432818471559,0.0,2.5,0.4709149701817952
5.866111478514708,-1.4979170278729605,0.5793326979051376,0.0,2.5,0.46986544059452606
5.866111478514708,-1.4579170278729614,0.7688361891018212,0.0,2.5,0.5256263957460217
5.866111478514708,-1.4479170278729616,0.8058693546717325,0.0,2.5,0.5241238490863321
5.866111478514708,-1.4379170278729618,0.809954002546683,0.0,2.5,0.5276332381966359
5.866111478514708,-1.427917027872962,0.7967634645597831,0.0,2.5,0.5239358557619107
5.866111478514708,-1.4179170278729623,0.7998418750097432,0.0,2.5,0.5223812470817997
5.866111478514708,-1.4079170278729625,0.7876058762206517,0.0,2.5,0.5116036554588766
5.866111478514708,-1.3979170278729627,0.8099702425050823,0.0,2.5,0.5109504474159408
5.866111478514708,-1.387917027872963,0.7847157303922503,0.0,2.5,0.48800617565796783
5.866111478514708,-1.377917027872963,0.7705126460749622,0.0,2.5,0.4782257730737053
5.866111478514708,-1.3679170278729633,0.7918641155195765,0.0,2.5,0.5043282172945431
5.866111478514708,-1.3579170278729635,0.7888650407316486,0.0,2.5,0.5109749430799819
5.866111478514708,-1.3479170278729637,0.7737893697402026,0.0,2.5,0.5152291977840974
5.866111478514708,-1.337917027872964,0.7694994537116886,0.0,2.5,0.5095310744317975
5.866111478514708,-1.3279170278729642,0.6928793667492785,0.0,2.5,0.4991391597212492
5.866111478514708,-1.3179170278729644,0.6696993828377755,0.0,2.5,0.47397491451601376
5.866111478514708,-1.3079170278729646,0.5446789221334936,0.0,2.5,0.4362020424241961
5.866111478514708,-1.2979170278729648,0.6720467452911154,0.0,2.5,0.47397491451601376
5.866111478514708,-1.287917027872965,0.6926680080925603,0.0,2.5,0.4991391597212492
5.866111478514708,-1.2779170278729652,0.779451318725152,0.0,2.5,0.5095310744317975
5.866111478514708,-1.2679170278729655,0.765274062529354,0.0,2.5,0.5066147529515671
5.866111478514708,-1.2579170278729657,0.7786496087721125,0.0,2.5,0.5064319685728982
5.866111478514708,-1.2479170278729659,0.7851524836631368,0.0,2.5,0.5040019346433895
5.866111478514708,-1.237917027872966,0.7621590527845171,0.0,2.5,0.4754804196342327
5.866111478514708,-1.2279170278729663,0.7881657301757695,0.0,2.5,0.49057106556288216
5.866111478514708,-1.2179170278729665,0.784048828280925,0.0,2.5,0.5015874053954201
5.866111478514708,-1.2079170278729667,0.7773661993767816,0.0,2.5,0.5151458896055945
5.866111478514708,-1.197917027872967,0.777549229941623,0.0,2.5,0.5352097894900921
5.866111478514708,-1.1879170278729672,0.7107290960454318,0.0,2.5,0.5507736520075068
5.876111478514708,-1.847917027872953,0.6144144207076327,0.0,2.5,0.5135057769425453
5.876111478514708,-1.8379170278729533,0.5791016588191495,0.0,2.5,0.48630770613290414
5.876111478514708,-1.8279170278729535,0.5887569582916641,0.0,2.5,0.49602900048547793
5.876111478514708,-1.8179170278729537,0.5817379503814207,0.0,2.5,0.4860774620960002
5.876111478514708,-1.807917027872954,0.5981638578284457,0.0,2.5,0.47458974228738604
5.876111478514708,-1.7979170278729542,0.6084563120422514,0.0,2.5,0.47206838869736995
5.876111478514708,-1.7879170278729544,0.6379315578994635,0.0,2.5,0.47851040463279
5.876111478514708,-1.7779170278729546,0.6252175735676543,0.0,2.5,0.45803260466728063
5.876111478514708,-1.7679170278729548,0.6724317771547472,0.0,2.5,0.5137420069838925
5.876111478514708,-1.757917027872955,0.6628577555133779,0.0,2.5,0.5170367769278444
5.876111478514708,-1.7479170278729552,0.6288214388345092,0.0,2.5,0.5040284051665794
5.876111478514708,-1.7379170278729554,0.591918857748764,0.0,2.5,0.48956837145543086
5.876111478514708,-1.7279170278729556,0.5585574611102939,0.0,2.5,0.4423150359694199
5.876111478514708,-1.7179170278729559,0.5763869991710174,0.0,2.5,0.4465398434051031
5.876111478514708,-1.707917027872956,0.5021388945868291,0.0,2.5,0.41274916383388566
5.876111478514708,-1.6979170278729563,0.4836325230952371,0.0,2.5,0.3751715165441835
5.876111478514708,-1.6879170278729565,0.5719636529556432,0.0,2.5,0.4231823011077603
5.876111478514708,-1.6779170278729567,0.553640213452196,0.0,2.5,0.4144778009517651
5.876111478514708,-1.667917027872957,0.5834596554736999,0.0,2.5,0.4335449685571701
5.876111478514708,-1.6579170278729571,0.7714494647284724,0.0,2.5,0.48857645520777054
5.876111478514708,-1.6479170278729574,0.7798231799425556,0.0,2.5,0.4782312567931772
5.876111478514708,-1.6379170278729576,0.8003809090364862,0.0,2.5,0.48486308671099126
5.876111478514708,-1.6279170278729578,0.8153017246693626,0.0,2.5,0.49524613662990674
5.876111478514708,-1.617917027872958,0.8048726220217519,0.0,2.5,0.48952460972495493
5.876111478514708,-1.6079170278729582,0.7903901303793122,0.0,2.5,0.4756164123433287
5.876111478514708,-1.5979170278729584,0.8203768751873618,0.0,2.5,0.49109573136490253
5.876111478514708,-1.5879170278729586,0.8496063294372709,0.0,2.5,0.5010371330349933
5.876111478514708,-1.5779170278729588,0.8294078872206972,0.0,2.5,0.5045346238992653
5.876111478514708,-1.567917027872959,0.8521165890299752,0.0,2.5,0.5367181047698603
5.876111478514708,-1.5579170278729593,0.8891458979411008,0.0,2.5,0.566340197561447
5.876111478514708,-1.5479170278729595,0.8981967027192785,0.0,2.5,0.5720914725301424
5.876111478514708,-1.5379170278729597,0.8463007553804756,0.0,2.5,0.5517481921624496
5.876111478514708,-1.52791702787296,0.7211689888606796,0.0,2.5,0.5169483551817903
5.876111478514708,-1.4579170278729614,0.7678996923788898,0.0,2.5,0.5170489725991255
5.876111478514708,-1.4479170278729616,0.7891264454336379,0.0,2.5,0.5165090695959317
5.876111478514708,-1.4379170278729618,0.7755046382175672,0.0,2.5,0.5126749040411893
5.876111478514708,-1.427917027872962,0.7856121930315738,0.0,2.5,0.5103609360871229
5.876111478514708,-1.4179170278729623,0.7756329586123881,0.0,2.5,0.5004200791580774
5.876111478514708,-1.4079170278729625,0.7933778264099133,0.0,2.5,0.5126712252275861
5.876111478514708,-1.3979170278729627,0.7914635394862987,0.0,2.5,0.4931708434964548
5.876111478514708,-1.387917027872963,0.7629862087303317,0.0,2.5,0.474192493007073
5.876111478514708,-1.377917027872963,0.7702681726464977,0.0,2.5,0.4995965849419976
5.876111478514708,-1.3679170278729633,0.7796161802567687,0.0,2.5,0.509113702832123
5.876111478514708,-1.3579170278729635,0.7656745421054103,0.0,2.5,0.5142298462839224
5.876111478514708,-1.3479170278729637,0.7576570551602265,0.0,2.5,0.5115938574695406
5.876111478514708,-1.337917027872964,0.6924675232680929,0.0,2.5,0.4980761385254011
5.876111478514708,-1.3279170278729642,0.5779444970561955,0.0,2.5,0.4609345028759002
5.876111478514708,-1.3179170278729644,0.51684362423155,0.0,2.5,0.41668314945745477
5.876111478514708,-1.3079170278729646,0.5238261307473281,0.0,2.5,0.42464178822935944
5.876111478514708,-1.2979170278729648,0.51684362423155,0.0,2.5,0.41668314945745477
5.876111478514708,-1.287917027872965,0.5803268876496107,0.0,2.5,0.4629345028759002
5.876111478514708,-1.2779170278729652,0.6868226042625489,0.0,2.5,0.49401587668481584
5.876111478514708,-1.2679170278729655,0.751096529231193,0.0,2.5,0.512757122775663
5.876111478514708,-1.2579170278729657,0.7767389757021764,0.0,2.5,0.5122298462839224
5.876111478514708,-1.2479170278729659,0.7806570433400661,0.0,2.5,0.5098565197717528
5.876111478514708,-1.237917027872966,0.7706881601821722,0.0,2.5,0.5002174007300696
5.876111478514708,-1.2279170278729663,0.7724677079315226,0.0,2.5,0.4842561959006396
5.876111478514708,-1.2179170278729665,0.7855825351194166,0.0,2.5,0.4939410348982851
5.876111478514708,-1.2079170278729667,0.7634482298755081,0.0,2.5,0.519185513428135
5.876111478514708,-1.197917027872967,0.7781855056416489,0.0,2.5,0.5284568840191507
5.876111478514708,-1.1879170278729672,0.7559089719252144,0.0,2.5,0.5602143541269586
5.8861114785147075,-1.8579170278729529,0.6145851948776353,0.0,2.5,0.5217227756994828
5.8861114785147075,-1.847917027872953,0.532546782446749,0.0,2.5,0.4561744738495021
5.8861114785147075,-1.8379170278729533,0.5899986617785664,0.0,2.5,0.49237751296482934
5.8861114785147075,-1.8279170278729535,0.580624529609202,0.0,2.5,0.485037657720374
5.8861114785147075,-1.8179170278729537,0.5600011911009843,0.0,2.5,0.4643842648170888
5.8861114785147075,-1.807917027872954,0.5483925374718643,0.0,2.5,0.4498060641531573
5.8861114785147075,-1.7979170278729542,0.6001020749578916,0.0,2.5,0.4594816096506656
5.8861114785147075,-1.7879170278729544,0.5930219203850466,0.0,2.5,0.44682850580346356
5.8861114785147075,-1.7779170278729546,0.5660100792895382,0.0,2.5,0.42654146171485724
5.8861114785147075,-1.7679170278729548,0.6572737891307416,0.0,2.5,0.5091302050922221
5.8861114785147075,-1.757917027872955,0.6788855750010775,0.0,2.5,0.5247022919896007
5.8861114785147075,-1.7479170278729552,0.5762597321991355,0.0,2.5,0.44425852923472275
5.8861114785147075,-1.7379170278729554,0.5663646446894557,0.0,2.5,0.43516799632655945
5.8861114785147075,-1.7279170278729556,0.5957509270786315,0.0,2.5,0.4511173060262683
5.8861114785147075,-1.7179170278729559,0.5630612337987864,0.0,2.5,0.43958128612073405
5.8861114785147075,-1.707917027872956,0.5299171221259984,0.0,2.5,0.42444350921618235
5.8861114785147075,-1.6979170278729563,0.5464825676851723,0.0,2.5,0.41973278242720036
5.8861114785147075,-1.6879170278729565,0.5510938067590185,0.0,2.5,0.42526769039758794
5.8861114785147075,-1.6779170278729567,0.6285662480298172,0.0,2.5,0.4376074297569997
5.8861114785147075,-1.667917027872957,0.7300322016663193,0.0,2.5,0.46868106594575604
5.8861114785147075,-1.6579170278729571,0.7958550016711974,0.0,2.5,0.4826488615021205
5.8861114785147075,-1.6479170278729574,0.7981106779961805,0.0,2.5,0.48699904601218924
5.8861114785147075,-1.6379170278729576,0.8298907453777163,0.0,2.5,0.49974205784880615
5.8861114785147075,-1.6279170278729578,0.7962247220553178,0.0,2.5,0.47739455647499235
5.8861114785147075,-1.617917027872958,0.7852690622842698,0.0,2.5,0.471861509889267
5.8861114785147075,-1.6079170278729582,0.8148282013268078,0.0,2.5,0.4905458658789049
5.8861114785147075,-1.5979170278729584,0.8637097241142498,0.0,2.5,0.5155285867315942
5.8861114785147075,-1.5879170278729586,0.8601983583356239,0.0,2.5,0.5162540404426843
5.8861114785147075,-1.5779170278729588,0.8223414454283584,0.0,2.5,0.4952820402817305
5.8861114785147075,-1.567917027872959,0.8649175450267866,0.0,2.5,0.5339716098881777
5.8861114785147075,-1.5579170278729593,0.8413619899889002,0.0,2.5,0.5377244210427058
5.8861114785147075,-1.5479170278729595,0.8518968167080114,0.0,2.5,0.5456601000340707
5.8861114785147075,-1.5379170278729597,0.8031872274293931,0.0,2.5,0.5258401763144552
5.8861114785147075,-1.52791702787296,0.7257504170472208,0.0,2.5,0.5219461256881857
5.8861114785147075,-1.5179170278729601,0.663717914293165,0.0,2.5,0.4810205413687299
5.8861114785147075,-1.4579170278729614,0.744449073496366,0.0,2.5,0.506610181744155
5.8861114785147075,-1.4479170278729616,0.7780340962280641,0.0,2.5,0.5139504230453995
5.8861114785147075,-1.4379170278729618,0.7885276724295645,0.0,2.5,0.5159851308144323
5.8861114785147075,-1.427917027872962,0.7902105015740367,0.0,2.5,0.5147296639831863
5.8861114785147075,-1.4179170278729623,0.7789753580695972,0.0,2.5,0.5068959201951586
5.8861114785147075,-1.4079170278729625,0.7796515931840867,0.0,2.5,0.49194103489828506
5.8861114785147075,-1.3979170278729627,0.7780408461103259,0.0,2.5,0.5012185266743038
5.8861114785147075,-1.387917027872963,0.7770265745959816,0.0,2.5,0.5172394928246974
5.8861114785147075,-1.377917027872963,0.7874573496168812,0.0,2.5,0.5262303905225072
5.8861114785147075,-1.3679170278729633,0.7900295947397968,0.0,2.5,0.5316395702727956
5.8861114785147075,-1.3579170278729635,0.7492408501389501,0.0,2.5,0.5253258074844003
5.8861114785147075,-1.3479170278729637,0.6862808121980072,0.0,2.5,0.49659585389090255
5.8861114785147075,-1.337917027872964,0.5507288691562812,0.0,2.5,0.4606430763408259
5.8861114785147075,-1.3279170278729642,0.4830351168135848,0.0,2.5,0.4106283395802537
5.8861114785147075,-1.3179170278729644,0.5458957928470007,0.0,2.5,0.4444676978919285
5.8861114785147075,-1.3079170278729646,0.5648274150657293,0.0,2.5,0.4540186597959424
5.8861114785147075,-1.287917027872965,0.48051640302992094,0.0,2.5,0.4089305697808384
5.8861114785147075,-1.2779170278729652,0.5477083626631076,0.0,2.5,0.45864047382765605
5.8861114785147075,-1.2679170278729655,0.6751010017187801,0.0,2.5,0.502526602760113
5.8861114785147075,-1.2579170278729657,0.7310946411850325,0.0,2.5,0.5263192999631444
5.8861114785147075,-1.2479170278729659,0.7642759996180125,0.0,2.5,0.5261595864068418
5.8861114785147075,-1.237917027872966,0.7661629274964294,0.0,2.5,0.5232238830012513
5.8861114785147075,-1.2279170278729663,0.7618383554485368,0.0,2.5,0.5157261432570899
5.8861114785147075,-1.2179170278729665,0.7698562209605732,0.0,2.5,0.5140222481220125
5.8861114785147075,-1.2079170278729667,0.7836826229197783,0.0,2.5,0.5259162541901957
5.8861114785147075,-1.197917027872967,0.7746860969896894,0.0,2.5,0.5374437051607579
5.8861114785147075,-1.1879170278729672,0.7581185887621341,0.0,2.5,0.5574428637740909
5.896111478514707,-1.8679170278729527,0.7020169160217473,0.0,2.5,0.5303500219225855
5.896111478514707,-1.8579170278729529,0.5211342971011516,0.0,2.5,0.4507253936948467
5.896111478514707,-1.847917027872953,0.5332416063268776,0.0,2.5,0.4602889970112686
5.896111478514707,-1.8379170278729533,0.545081004459736,0.0,2.5,0.4633687980800465
5.896111478514707,-1.8279170278729535,0.5886608510597756,0.0,2.5,0.48889842858656823
5.896111478514707,-1.8179170278729537,0.5391288245512004,0.0,2.5,0.4436233533183068
5.896111478514707,-1.807917027872954,0.5343255960212583,0.0,2.5,0.43916482183731603
5.896111478514707,-1.7979170278729542,0.5415354463348747,0.0,2.5,0.44056861028784533
5.896111478514707,-1.7879170278729544,0.5854603383667799,0.0,2.5,0.44498698525962516
5.896111478514707,-1.7779170278729546,0.5477241286927009,0.0,2.5,0.41866531009500696
5.896111478514707,-1.7679170278729548,0.629606549891612,0.0,2.5,0.48954540878467545
5.896111478514707,-1.757917027872955,0.5698024686128523,0.0,2.5,0.4674621688020255
5.896111478514707,-1.7479170278729552,0.5425883937334847,0.0,2.5,0.42127720904796306
5.896111478514707,-1.7379170278729554,0.5719808799383187,0.0,2.5,0.438342806320742
5.896111478514707,-1.7279170278729556,0.5823086818364547,0.0,2.5,0.45151960873183283
5.896111478514707,-1.7179170278729559,0.6103362207168241,0.0,2.5,0.4729672380673114
5.896111478514707,-1.707917027872956,0.5555608829671771,0.0,2.5,0.4480148095741509
5.896111478514707,-1.6979170278729563,0.5574276369012084,0.0,2.5,0.4462006139318062
5.896111478514707,-1.6879170278729565,0.8069386075388627,0.0,2.5,0.5281439085160714
5.896111478514707,-1.6779170278729567,0.8229559414999705,0.0,2.5,0.5284465749423793
5.896111478514707,-1.667917027872957,0.8009496110893878,0.0,2.5,0.4952019739499595
5.896111478514707,-1.6579170278729571,0.750691501901571,0.0,2.5,0.45297146015730444
5.896111478514707,-1.6479170278729574,0.7784994109637549,0.0,2.5,0.4703722609209882
5.896111478514707,-1.6379170278729576,0.7823068455341026,0.0,2.5,0.47153013954762996
5.896111478514707,-1.6279170278729578,0.795554015957148,0.0,2.5,0.48170364264362947
5.896111478514707,-1.617917027872958,0.8404751895817872,0.0,2.5,0.49961483248123634
5.896111478514707,-1.6079170278729582,0.8476668603346894,0.0,2.5,0.5126396452857358
5.896111478514707,-1.5979170278729584,0.8157117711608382,0.0,2.5,0.5009496678576171
5.896111478514707,-1.5879170278729586,0.8628519281430594,0.0,2.5,0.5168161852743179
5.896111478514707,-1.5779170278729588,0.8451692293236766,0.0,2.5,0.5097472674882366
5.896111478514707,-1.567917027872959,0.8275392265784677,0.0,2.5,0.5083660985083499
5.896111478514707,-1.5579170278729593,0.8311204085547287,0.0,2.5,0.5267617263251766
5.896111478514707,-1.5479170278729595,0.8358768570837539,0.0,2.5,0.5367627781041134
5.896111478514707,-1.5379170278729597,0.7765038664421141,0.0,2.5,0.5123560095376141
5.896111478514707,-1.52791702787296,0.7423953290498,0.0,2.5,0.5224465131314551
5.896111478514707,-1.5179170278729601,0.6556371614922449,0.0,2.5,0.5004874094106675
5.896111478514707,-1.5079170278729603,0.6456910036922873,0.0,2.5,0.4882437024255266
5.896111478514707,-1.4479170278729616,0.7676459274505547,0.0,2.5,0.5474882853331231
5.896111478514707,-1.4379170278729618,0.789098335376748,0.0,2.5,0.5386229199002444
5.896111478514707,-1.427917027872962,0.7761949718420388,0.0,2.5,0.5284935496211949
5.896111478514707,-1.4179170278729623,0.7837214740835807,0.0,2.5,0.5259162541901957
5.896111478514707,-1.4079170278729625,0.7849814357102282,0.0,2.5,0.5259162541901957
5.896111478514707,-1.3979170278729627,0.7822091751635737,0.0,2.5,0.5312796304172127
5.896111478514707,-1.387917027872963,0.7827878031810974,0.0,2.5,0.5357028180634531
5.896111478514707,-1.377917027872963,0.7742409970408085,0.0,2.5,0.5333988167948528
5.896111478514707,-1.3679170278729633,0.7371551754324605,0.0,2.5,0.5316689446204305
5.896111478514707,-1.3579170278729635,0.6846828648635152,0.0,2.5,0.505092246178731
5.896111478514707,-1.3479170278729637,0.5416957542547531,0.0,2.5,0.45482874213611574
5.896111478514707,-1.337917027872964,0.4919650473649562,0.0,2.5,0.42345519914025437
5.896111478514707,-1.3279170278729642,0.5505963020919642,0.0,2.5,0.4528512941944311
5.896111478514707,-1.3179170278729644,0.5646575643539377,0.0,2.5,0.45665711832176203
5.896111478514707,-1.3079170278729646,0.5594756990014192,0.0,2.5,0.46151134554563994
5.896111478514707,-1.2779170278729652,0.4933054500981854,0.0,2.5,0.42502008463643753
5.896111478514707,-1.2579170278729657,0.60501385091849,0.0,2.5,0.5063529226301692
5.896111478514707,-1.2479170278729659,0.7297752650792462,0.0,2.5,0.5349905193564773
5.896111478514707,-1.237917027872966,0.770934511046038,0.0,2.5,0.5386614491351159
5.896111478514707,-1.2279170278729663,0.7786474523867309,0.0,2.5,0.5460171522690056
5.896111478514707,-1.2179170278729665,0.776009625283211,0.0,2.5,0.5329063050759026
5.896111478514707,-1.2079170278729667,0.7852882947448833,0.0,2.5,0.5347907564072534
5.896111478514707,-1.197917027872967,0.7798308537377444,0.0,2.5,0.5435207137707876
5.896111478514707,-1.1879170278729672,0.760863416831247,0.0,2.5,0.538221843425297
5.906111478514707,-1.8879170278729522,0.8339328147058119,0.0,2.5,0.566915336324685
5.906111478514707,-1.8779170278729524,0.7824721198738848,0.0,2.5,0.561475131858282
5.906111478514707,-1.8679170278729527,0.7499265212239872,0.0,2.5,0.5575464700890486
5.906111478514707,-1.8579170278729529,0.5851758630170465,0.0,2.5,0.5004831093894779
5.906111478514707,-1.847917027872953,0.48980291989377966,0.0,2.5,0.42525803999661793
5.906111478514707,-1.8379170278729533,0.5311922824529665,0.0,2.5,0.45737522978594425
5.906111478514707,-1.8279170278729535,0.5351577189929846,0.0,2.5,0.43139366376065896
5.906111478514707,-1.8179170278729537,0.5535858391955752,0.0,2.5,0.44305835323812554
5.906111478514707,-1.807917027872954,0.5074422112772697,0.0,2.5,0.41729060847410426
5.906111478514707,-1.7979170278729542,0.5022764464717087,0.0,2.5,0.40815936649840584
5.906111478514707,-1.7879170278729544,0.523853798625266,0.0,2.5,0.4227502417609026
5.906111478514707,-1.7779170278729546,0.5567396380197593,0.0,2.5,0.4266030976722136
5.906111478514707,-1.7679170278729548,0.5260350846950465,0.0,2.5,0.4237543196761236
5.906111478514707,-1.757917027872955,0.5051206079670362,0.0,2.5,0.413653235120936
5.906111478514707,-1.7479170278729552,0.5484579488270447,0.0,2.5,0.4231921931318796
5.906111478514707,-1.7379170278729554,0.593470441465453,0.0,2.5,0.4553228426803603
5.906111478514707,-1.7279170278729556,0.5733539838507911,0.0,2.5,0.4461679367479979
5.906111478514707,-1.7179170278729559,0.5356295738101551,0.0,2.5,0.4422949069487864
5.906111478514707,-1.707917027872956,0.5733386486203473,0.0,2.5,0.47399066597916745
5.906111478514707,-1.6979170278729563,0.6943937853745049,0.0,2.5,0.4996617935133069
5.906111478514707,-1.6879170278729565,0.8014662664649664,0.0,2.5,0.5235608935544642
5.906111478514707,-1.6779170278729567,0.7988598066685935,0.0,2.5,0.5159334055996426
5.906111478514707,-1.667917027872957,0.789467102556992,0.0,2.5,0.5060937967952328
5.906111478514707,-1.6579170278729571,0.7909628364304319,0.0,2.5,0.4783979947070419
5.906111478514707,-1.6479170278729574,0.8367211045209773,0.0,2.5,0.4996990754241159
5.906111478514707,-1.6379170278729576,0.8075621080714682,0.0,2.5,0.4866076349318294
5.906111478514707,-1.6279170278729578,0.8497256064161534,0.0,2.5,0.5045077753084978
5.906111478514707,-1.617917027872958,0.8042851869068844,0.0,2.5,0.5039707655646124
5.906111478514707,-1.6079170278729582,0.8392412610742318,0.0,2.5,0.510967218387266
5.906111478514707,-1.5979170278729584,0.8404722932571955,0.0,2.5,0.5118737530012809
5.906111478514707,-1.5879170278729586,0.8625126109901872,0.0,2.5,0.5227461533044403
5.906111478514707,-1.5779170278729588,0.8601606562685323,0.0,2.5,0.5183861658636736
5.906111478514707,-1.567917027872959,0.8264129936210507,0.0,2.5,0.506062538538911
5.906111478514707,-1.5579170278729593,0.837878176583177,0.0,2.5,0.5181148129633929
5.906111478514707,-1.5479170278729595,0.8016623216256185,0.0,2.5,0.5327200267429159
5.906111478514707,-1.5379170278729597,0.775561543326595,0.0,2.5,0.5392714877480039
5.906111478514707,-1.52791702787296,0.7668025346139262,0.0,2.5,0.5315320485601348
5.906111478514707,-1.5179170278729601,0.6914771818643362,0.0,2.5,0.5276746123490687
5.906111478514707,-1.5079170278729603,0.7242847092952246,0.0,2.5,0.5301348674370838
5.906111478514707,-1.4179170278729623,0.7950024606137046,0.0,2.5,0.5482022457522553
5.906111478514707,-1.4079170278729625,0.7614369773173083,0.0,2.5,0.5367523222530164
5.906111478514707,-1.3979170278729627,0.7533022530461795,0.0,2.5,0.5413020650043427
5.906111478514707,-1.387917027872963,0.7557082072705025,0.0,2.5,0.5384185442312769
5.906111478514707,-1.377917027872963,0.6857603587318102,0.0,2.5,0.5283425549387363
5.906111478514707,-1.3679170278729633,0.6665539758980462,0.0,2.5,0.5027889975361223
5.906111478514707,-1.3579170278729635,0.5180632929621775,0.0,2.5,0.4441087762200028
5.906111478514707,-1.3479170278729637,0.4736300699926768,0.0,2.5,0.4156763551944842
5.906111478514707,-1.337917027872964,0.5303645033175061,0.0,2.5,0.4410760236817319
5.906111478514707,-1.3279170278729642,0.5442482319739914,0.0,2.5,0.44894576421422294
5.906111478514707,-1.3179170278729644,0.5275997968186936,0.0,2.5,0.44755245840520486
5.906111478514707,-1.2579170278729657,0.46222818607423793,0.0,2.5,0.4003343877565178
5.906111478514707,-1.2479170278729659,0.5754133886223377,0.0,2.5,0.4907839664431865
5.906111478514707,-1.237917027872966,0.6809874636166933,0.0,2.5,0.52577342361188
5.906111478514707,-1.2279170278729663,0.758490013686572,0.0,2.5,0.5415669215268593
5.906111478514707,-1.2179170278729665,0.7490086628890728,0.0,2.5,0.5457924929108071
5.906111478514707,-1.2079170278729667,0.7623986995295094,0.0,2.5,0.5431333396393924
5.906111478514707,-1.197917027872967,0.7774084561369938,0.0,2.5,0.5478696137446536
5.906111478514707,-1.1879170278729672,0.744631255507469,0.0,2.5,0.5348692716273471
5.916111478514707,-1.897917027872952,0.8189078057164692,0.0,2.5,0.5364408439126424
5.916111478514707,-1.8879170278729522,0.8872527999572193,0.0,2.5,0.5681551128399739
5.916111478514707,-1.8779170278729524,0.8365559942506371,0.0,2.5,0.5632324491522949
5.916111478514707,-1.8679170278729527,0.7720458224444657,0.0,2.5,0.5551890355231017
5.916111478514707,-1.8579170278729529,0.6897018317678782,0.0,2.5,0.5262704132274948
5.916111478514707,-1.847917027872953,0.5842195632052334,0.0,2.5,0.5014926897068014
5.916111478514707,-1.8379170278729533,0.4923091534944704,0.0,2.5,0.4213169249518656
5.916111478514707,-1.8279170278729535,0.487595153305904,0.0,2.5,0.4131971183132203
5.916111478514707,-1.8179170278729537,0.5445204993926281,0.0,2.5,0.43700445328331816
5.916111478514707,-1.807917027872954,0.5396475711697378,0.0,2.5,0.43986335396307885
5.916111478514707,-1.7979170278729542,0.4783452770147655,0.0,2.5,0.41649955283570683
5.916111478514707,-1.7879170278729544,0.5003616073651233,0.0,2.5,0.43373819469687186
5.916111478514707,-1.7779170278729546,0.5292145817669002,0.0,2.5,0.44212747922140205
5.916111478514707,-1.7679170278729548,0.512345950117967,0.0,2.5,0.4121215053401609
5.916111478514707,-1.757917027872955,0.5084022680882928,0.0,2.5,0.4290730247036147
5.916111478514707,-1.7479170278729552,0.5388923287135571,0.0,2.5,0.429912209890477
5.916111478514707,-1.7379170278729554,0.5313044259320968,0.0,2.5,0.43258886816463177
5.916111478514707,-1.7279170278729556,0.5148754061884129,0.0,2.5,0.4223988081133449
5.916111478514707,-1.7179170278729559,0.5494709794736008,0.0,2.5,0.4398781105975242
5.916111478514707,-1.707917027872956,0.5565577590153399,0.0,2.5,0.4497287401462256
5.916111478514707,-1.6979170278729563,0.6866342704400997,0.0,2.5,0.5009629513231121
5.916111478514707,-1.6879170278729565,0.8022051495860875,0.0,2.5,0.5289426594966842
5.916111478514707,-1.6779170278729567,0.7735412261255679,0.0,2.5,0.5126901727694206
5.916111478514707,-1.667917027872957,0.7835211781693736,0.0,2.5,0.4987014183202524
5.916111478514707,-1.6579170278729571,0.8455445171081495,0.0,2.5,0.5175261021087161
5.916111478514707,-1.6479170278729574,0.8325206871163849,0.0,2.5,0.5042915399732097
5.916111478514707,-1.6379170278729576,0.8733421107877428,0.0,2.5,0.5270030552324798
5.916111478514707,-1.6279170278729578,0.8535533493402097,0.0,2.5,0.5230989999279033
5.916111478514707,-1.617917027872958,0.841146856668541,0.0,2.5,0.5255462844274159
5.916111478514707,-1.6079170278729582,0.7744778128802992,0.0,2.5,0.482980406908331
5.916111478514707,-1.5979170278729584,0.8435928992833207,0.0,2.5,0.5096816336033403
5.916111478514707,-1.5879170278729586,0.8444119629409679,0.0,2.5,0.5218841919190202
5.916111478514707,-1.5779170278729588,0.8680161885362218,0.0,2.5,0.5290237262543749
5.916111478514707,-1.567917027872959,0.7981565033161693,0.0,2.5,0.5093617957466695
5.916111478514707,-1.5579170278729593,0.853811148836089,0.0,2.5,0.545323736349059
5.916111478514707,-1.5479170278729595,0.7882664191248836,0.0,2.5,0.5360964980623949
5.916111478514707,-1.5379170278729597,0.7888947283418372,0.0,2.5,0.5475852237290221
5.916111478514707,-1.52791702787296,0.7971415819648153,0.0,2.5,0.5547340313782625
5.916111478514707,-1.4079170278729625,0.7483442811010851,0.0,2.5,0.5616936698627919
5.916111478514707,-1.3979170278729627,0.7167039425879134,0.0,2.5,0.5485061403263469
5.916111478514707,-1.387917027872963,0.6889167428004539,0.0,2.5,0.5514780221447336
5.916111478514707,-1.377917027872963,0.5769180132848584,0.0,2.5,0.5086644805659335
5.916111478514707,-1.3679170278729633,0.5230601690259581,0.0,2.5,0.467086932743375
5.916111478514707,-1.3579170278729635,0.5030371600089171,0.0,2.5,0.45393714725847034
5.916111478514707,-1.3479170278729637,0.5494179014603355,0.0,2.5,0.4679650131045246
5.916111478514707,-1.237917027872966,0.5427455024635373,0.0,2.5,0.4816617087034926
5.916111478514707,-1.2279170278729663,0.6801817009012836,0.0,2.5,0.5392163009324896
5.916111478514707,-1.2179170278729665,0.7314662422310436,0.0,2.5,0.5644438079645261
5.916111478514707,-1.2079170278729667,0.7735131150135073,0.0,2.5,0.5740642081898889
5.916111478514707,-1.197917027872967,0.7511300314100394,0.0,2.5,0.5524328412922277
5.916111478514707,-1.1879170278729672,0.7454410908473186,0.0,2.5,0.542101046599089
5.926111478514707,-1.9079170278729518,0.8032631063986663,0.0,2.5,0.49897967003470844
5.926111478514707,-1.897917027872952,0.8537719621373618,0.0,2.5,0.5182009792607333
5.926111478514707,-1.8879170278729522,0.866651193802907,0.0,2.5,0.5435937578334037
5.926111478514707,-1.8779170278729524,0.836406344991076,0.0,2.5,0.5403324870192538
5.926111478514707,-1.8679170278729527,0.784431740997551,0.0,2.5,0.5400463194802836
5.926111478514707,-1.8579170278729529,0.7687486094984508,0.0,2.5,0.5302174847497659
5.926111478514707,-1.847917027872953,0.7061413624336331,0.0,2.5,0.5158800797835047
5.926111478514707,-1.8379170278729533,0.6144305749649606,0.0,2.5,0.4884226124974175
5.926111478514707,-1.8279170278729535,0.5015539334099086,0.0,2.5,0.423968275060967
5.926111478514707,-1.8179170278729537,0.46391682734262896,0.0,2.5,0.39463349490850996
5.926111478514707,-1.807917027872954,0.5279600032340255,0.0,2.5,0.4527879939371323
5.926111478514707,-1.7979170278729542,0.5194349343342755,0.0,2.5,0.442420088865614
5.926111478514707,-1.7879170278729544,0.511473798635889,0.0,2.5,0.44835296842228195
5.926111478514707,-1.7779170278729546,0.5276913461329711,0.0,2.5,0.4463889275484759
5.926111478514707,-1.7679170278729548,0.5065963662642489,0.0,2.5,0.4305814510770782
5.926111478514707,-1.757917027872955,0.5268861539388278,0.0,2.5,0.453530775524451
5.926111478514707,-1.7479170278729552,0.48107449976064015,0.0,2.5,0.4297820237499776
5.926111478514707,-1.7379170278729554,0.5497504403983986,0.0,2.5,0.4632378134573982
5.926111478514707,-1.7279170278729556,0.6037366522281788,0.0,2.5,0.4930690573412386
5.926111478514707,-1.7179170278729559,0.5730006822504919,0.0,2.5,0.45078489668986194
5.926111478514707,-1.707917027872956,0.6975668929057642,0.0,2.5,0.48424435355829476
5.926111478514707,-1.6979170278729563,0.7438159953943345,0.0,2.5,0.5158186030846105
5.926111478514707,-1.6879170278729565,0.7794412660519495,0.0,2.5,0.49600828485993814
5.926111478514707,-1.6379170278729576,0.83569119422484,0.0,2.5,0.5052130953453843
5.926111478514707,-1.5979170278729584,0.8473176616707915,0.0,2.5,0.5320686921504256
5.926111478514707,-1.5879170278729586,0.8333031012348319,0.0,2.5,0.5406143676340098
5.926111478514707,-1.5479170278729595,0.8276143863499437,0.0,2.5,0.5536909067461627
5.926111478514707,-1.5379170278729597,0.7825077066437095,0.0,2.5,0.5512206606863231
5.926111478514707,-1.52791702787296,0.7869793433247922,0.0,2.5,0.5857093158625358
5.926111478514707,-1.3679170278729633,0.5790689140256129,0.0,2.5,0.510743828877197
5.926111478514707,-1.3579170278729635,0.5728280126998898,0.0,2.5,0.495871321820908
5.926111478514707,-1.237917027872966,0.5081106101345151,0.0,2.5,0.46615473177333505
5.926111478514707,-1.2279170278729663,0.5604394164371839,0.0,2.5,0.5053435191987383
5.926111478514707,-1.2179170278729665,0.6861138117195308,0.0,2.5,0.5552214325393274
5.926111478514707,-1.2079170278729667,0.7374425423754863,0.0,2.5,0.5752300452184694
5.926111478514707,-1.197917027872967,0.8050379728308367,0.0,2.5,0.5706295046857087
5.936111478514706,-1.9079170278729518,0.7936653125710263,0.0,2.5,0.49624528072322316
5.936111478514706,-1.897917027872952,0.8509483482903529,0.0,2.5,0.5089340436497234
5.936111478514706,-1.8879170278729522,0.8244114426137309,0.0,2.5,0.4978758001877318
5.936111478514706,-1.8779170278729524,0.8182304296741943,0.0,2.5,0.5153691014379407
5.936111478514706,-1.8679170278729527,0.735927207524546,0.0,2.5,0.49499642270547767
5.936111478514706,-1.8579170278729529,0.7454721762693444,0.0,2.5,0.5197594864774508
5.936111478514706,-1.847917027872953,0.7730601960356214,0.0,2.5,0.5343658026715599
5.936111478514706,-1.8379170278729533,0.7092135425375253,0.0,2.5,0.5099860953179018
5.936111478514706,-1.8279170278729535,0.6715733889836463,0.0,2.5,0.495388172537624
5.936111478514706,-1.8179170278729537,0.49983081069029667,0.0,2.5,0.44105243979922676
5.936111478514706,-1.807917027872954,0.4492732303700371,0.0,2.5,0.40421743869565535
5.936111478514706,-1.7979170278729542,0.5283824939669424,0.0,2.5,0.4615248661500673
5.936111478514706,-1.7879170278729544,0.5418034420122403,0.0,2.5,0.4680082300796541
5.936111478514706,-1.7779170278729546,0.5281603396649003,0.0,2.5,0.45720300925839796
5.936111478514706,-1.7679170278729548,0.5400909769022084,0.0,2.5,0.4672684343001745
5.936111478514706,-1.757917027872955,0.4577854992044083,0.0,2.5,0.4099149416675949
5.936111478514706,-1.7479170278729552,0.5702439245820226,0.0,2.5,0.5188451314477082
5.936111478514706,-1.7379170278729554,0.7291152391044665,0.0,2.5,0.5668759115129138
5.936111478514706,-1.7279170278729556,0.7158949274765652,0.0,2.5,0.5266196476589773
5.936111478514706,-1.7179170278729559,0.7079792463160324,0.0,2.5,0.48544553996351464
5.936111478514706,-1.5379170278729597,0.6957481857067758,0.0,2.5,0.5538518864283448
5.936111478514706,-1.2179170278729665,0.6220225768015579,0.0,2.5,0.5012558437421226
5.936111478514706,-1.2079170278729667,0.7105079666492852,0.0,2.5,0.5296159880957144
5.946111478514706,-1.9179170278729516,0.7615966646987623,0.0,2.5,0.4789771835061924
5.946111478514706,-1.9079170278729518,0.831431195755825,0.0,2.5,0.5137508549072457
5.946111478514706,-1.897917027872952,0.8437744243498357,0.0,2.5,0.5124562945904593
5.946111478514706,-1.8879170278729522,0.8543204770755758,0.0,2.5,0.5136047966054545
5.946111478514706,-1.8779170278729524,0.7611190960557142,0.0,2.5,0.4621266460320209
5.946111478514706,-1.8679170278729527,0.7954537196310077,0.0,2.5,0.4985628855755545
5.946111478514706,-1.8579170278729529,0.7480322936034544,0.0,2.5,0.5025623580950629
5.946111478514706,-1.847917027872953,0.7595250147918269,0.0,2.5,0.5151021186177301
5.946111478514706,-1.8379170278729533,0.7637834761515734,0.0,2.5,0.5239785784575405
5.946111478514706,-1.8279170278729535,0.6981213639522551,0.0,2.5,0.5295850569731892
5.946111478514706,-1.8179170278729537,0.6494564947459714,0.0,2.5,0.5044792240541908
5.946111478514706,-1.807917027872954,0.4973665653636913,0.0,2.5,0.449544326795044
5.946111478514706,-1.7979170278729542,0.47397202356121576,0.0,2.5,0.41764917302213356
5.946111478514706,-1.7879170278729544,0.5539364359225585,0.0,2.5,0.48537071815823124
5.946111478514706,-1.7779170278729546,0.5401519644231582,0.0,2.5,0.46702665517066416
5.946111478514706,-1.7679170278729548,0.46491726763419183,0.0,2.5,0.43227358991071285
5.946111478514706,-1.757917027872955,0.7660412367672831,0.0,2.5,0.5988027164229112
5.946111478514706,-1.7479170278729552,0.7183440484929051,0.0,2.5,0.5834655206586196
5.946111478514706,-1.7379170278729554,0.7112403247283755,0.0,2.5,0.5433877609262772
5.946111478514706,-1.7279170278729556,0.7480156618242653,0.0,2.5,0.530317165964304
5.946111478514706,-1.7179170278729559,0.7919882646202041,0.0,2.5,0.5021704193146797
5.956111478514706,-1.9179170278729516,0.7765450136538982,0.0,2.5,0.4764086947375914
5.956111478514706,-1.9079170278729518,0.8485494520374731,0.0,2.5,0.5110153247282551
5.956111478514706,-1.897917027872952,0.8635737222226465,0.0,2.5,0.5203332961985909
5.956111478514706,-1.8879170278729522,0.8150765842364877,0.0,2.5,0.4971726729331772
5.956111478514706,-1.8779170278729524,0.8215785208622156,0.0,2.5,0.4981285007373477
5.956111478514706,-1.8679170278729527,0.7506049291943726,0.0,2.5,0.45543200967429925
5.956111478514706,-1.8579170278729529,0.760733069276534,0.0,2.5,0.4951645568929239
5.956111478514706,-1.847917027872953,0.757169829772451,0.0,2.5,0.5090564118015867
5.956111478514706,-1.8379170278729533,0.7745283170262415,0.0,2.5,0.5381934364906384
5.956111478514706,-1.8279170278729535,0.7296783853078177,0.0,2.5,0.5426605229469593
5.956111478514706,-1.8179170278729537,0.6998826621361203,0.0,2.5,0.5349539973771215
5.956111478514706,-1.807917027872954,0.6412730543275261,0.0,2.5,0.5137597446968538
5.956111478514706,-1.7979170278729542,0.6352110560283506,0.0,2.5,0.511844670233066
5.956111478514706,-1.7879170278729544,0.6875214472488322,0.0,2.5,0.5353049559820456
5.956111478514706,-1.7779170278729546,0.7615442719750841,0.0,2.5,0.5684168943633371
5.956111478514706,-1.7679170278729548,0.7628647018047592,0.0,2.5,0.5927791247587494
5.956111478514706,-1.757917027872955,0.7614410875834052,0.0,2.5,0.5900485478010331
5.956111478514706,-1.7479170278729552,0.7692987739927006,0.0,2.5,0.5952519121759474
5.956111478514706,-1.7379170278729554,0.776873125029835,0.0,2.5,0.5769906758840558
5.956111478514706,-1.7279170278729556,0.82298507098664,0.0,2.5,0.5510051208587948
5.966111478514706,-1.9279170278729514,0.8111130589673435,0.0,2.5,0.5175208748498734
5.966111478514706,-1.9179170278729516,0.8138879438631937,0.0,2.5,0.4964918626511868
5.966111478514706,-1.9079170278729518,0.7614980308444984,0.0,2.5,0.47104818525446585
5.966111478514706,-1.897917027872952,0.8401294560671277,0.0,2.5,0.506509034889192
5.966111478514706,-1.8879170278729522,0.8280192781889287,0.0,2.5,0.5014835203102084
5.966111478514706,-1.8779170278729524,0.7805731001159764,0.0,2.5,0.47923883461920147
5.966111478514706,-1.8679170278729527,0.8163600513738728,0.0,2.5,0.4966556689152355
5.966111478514706,-1.8579170278729529,0.7621691242519236,0.0,2.5,0.47749928244194223
5.966111478514706,-1.847917027872953,0.7792690640649891,0.0,2.5,0.5091923022492842
5.966111478514706,-1.8379170278729533,0.758815991388871,0.0,2.5,0.5364687568963122
5.966111478514706,-1.8279170278729535,0.7599852179727247,0.0,2.5,0.5407952875085572
5.966111478514706,-1.8179170278729537,0.7659718506329374,0.0,2.5,0.5376284810734131
5.966111478514706,-1.807917027872954,0.7642336644599389,0.0,2.5,0.5250922046477923
5.966111478514706,-1.7979170278729542,0.780646668555085,0.0,2.5,0.5327649456144139
5.966111478514706,-1.7879170278729544,0.7739146185475798,0.0,2.5,0.531151738067244
5.966111478514706,-1.7779170278729546,0.7815217725016647,0.0,2.5,0.5397232128925639
5.966111478514706,-1.7679170278729548,0.7794851786252553,0.0,2.5,0.5632724438328188
5.966111478514706,-1.7479170278729552,0.7676117262129968,0.0,2.5,0.5669554687235815
5.966111478514706,-1.7379170278729554,0.7358229113279766,0.0,2.5,0.5495194613180638
5.976111478514706,-1.9279170278729514,0.8190873243066374,0.0,2.5,0.506941829295715
5.976111478514706,-1.9179170278729516,0.8118436257982907,0.0,2.5,0.4942781884636667
5.976111478514706,-1.9079170278729518,0.72669926717403,0.0,2.5,0.4453195670707503
5.976111478514706,-1.897917027872952,0.7592748784611302,0.0,2.5,0.4695896993900265
5.976111478514706,-1.8879170278729522,0.7625453276734889,0.0,2.5,0.4648022696305973
5.976111478514706,-1.8779170278729524,0.8019224621490458,0.0,2.5,0.4835789294982465
5.976111478514706,-1.8679170278729527,0.7811109505723218,0.0,2.5,0.48171852946367694
5.976111478514706,-1.8579170278729529,0.8187848583197358,0.0,2.5,0.514724782544056
5.976111478514706,-1.847917027872953,0.7629280080082583,0.0,2.5,0.5003055235572883
5.976111478514706,-1.8379170278729533,0.8063891906482151,0.0,2.5,0.5357344830746238
5.976111478514706,-1.8279170278729535,0.8171486235547143,0.0,2.5,0.548601833965187
5.976111478514706,-1.8179170278729537,0.8029602233401374,0.0,2.5,0.5393667246503212
5.976111478514706,-1.807917027872954,0.7944011637928388,0.0,2.5,0.5305119949385648
5.976111478514706,-1.7979170278729542,0.8282804387134343,0.0,2.5,0.5548892942696544
5.976111478514706,-1.7879170278729544,0.793234192419927,0.0,2.5,0.5345497701207578
5.976111478514706,-1.7779170278729546,0.7330206362403129,0.0,2.5,0.5072358713925832
5.986111478514705,-1.9379170278729512,0.8482472210882896,0.0,2.5,0.5357772133678209
5.986111478514705,-1.9279170278729514,0.8506625186492686,0.0,2.5,0.5179470197034644
5.986111478514705,-1.9179170278729516,0.7858597818633052,0.0,2.5,0.4789018134246122
5.986111478514705,-1.9079170278729518,0.7385513527667636,0.0,2.5,0.45979536369808727
5.986111478514705,-1.897917027872952,0.6870554584746857,0.0,2.5,0.42445763839221673
5.986111478514705,-1.8879170278729522,0.718902442427191,0.0,2.5,0.44034056138149097
5.986111478514705,-1.8779170278729524,0.7221802525718559,0.0,2.5,0.4550188200669256
5.986111478514705,-1.8679170278729527,0.7272288643095721,0.0,2.5,0.45852009970477364
5.986111478514705,-1.8579170278729529,0.7023421809898689,0.0,2.5,0.44067746699235644
5.986111478514705,-1.847917027872953,0.7848294629717905,0.0,2.5,0.4813869407136809
5.986111478514705,-1.8379170278729533,0.8414280116818592,0.0,2.5,0.5205029715139443
5.986111478514705,-1.8279170278729535,0.8211080066653343,0.0,2.5,0.5146415347161216
5.986111478514705,-1.8179170278729537,0.8304190725775059,0.0,2.5,0.5318446676540901
5.986111478514705,-1.807917027872954,0.795640129131153,0.0,2.5,0.5084811475445065
5.986111478514705,-1.7979170278729542,0.8009694379721999,0.0,2.5,0.5058992811509863
5.996111478514705,-1.947917027872951,0.8636966780615241,0.0,2.5,0.5291661805236061
5.996111478514705,-1.9379170278729512,0.8764957267141292,0.0,2.5,0.5422190627436755
5.996111478514705,-1.9279170278729514,0.8532525432756863,0.0,2.5,0.525551276078206
5.996111478514705,-1.9179170278729516,0.73276868503468,0.0,2.5,0.449945802124404
5.996111478514705,-1.9079170278729518,0.704813421027169,0.0,2.5,0.4351827233466976
5.996111478514705,-1.897917027872952,0.6907772120333786,0.0,2.5,0.4301603933248026
5.996111478514705,-1.8879170278729522,0.6838986886585898,0.0,2.5,0.42865556706629865
5.996111478514705,-1.8779170278729524,0.7125326217939094,0.0,2.5,0.4369489038790797
5.996111478514705,-1.8679170278729527,0.7853400710216432,0.0,2.5,0.4671599190665576
5.996111478514705,-1.8579170278729529,0.8245522478646885,0.0,2.5,0.48404569970470074
5.996111478514705,-1.847917027872953,0.8489133881132145,0.0,2.5,0.49303490248495363
5.996111478514705,-1.8379170278729533,0.8859644332364801,0.0,2.5,0.5171135600296498
5.996111478514705,-1.8279170278729535,1.0159548040784288,0.0,2.5,0.5920162596206823
5.996111478514705,-1.8179170278729537,1.0931287850829554,0.0,2.5,0.6425479692204852
5.996111478514705,-1.807917027872954,1.0223895594745307,0.0,2.5,0.6153849446603512
5.996111478514705,-1.7979170278729542,0.9475093081070057,0.0,2.5,0.575916069365884
6.006111478514705,-1.9579170278729507,0.7943021863038047,0.0,2.5,0.49068173199542636
6.006111478514705,-1.947917027872951,0.845969539029998,0.0,2.5,0.5040886104748664
6.006111478514705,-1.9379170278729512,0.8478657148857986,0.0,2.5,0.5069732370124698
6.006111478514705,-1.9279170278729514,0.868983568435995,0.0,2.5,0.5023803349506917
6.006111478514705,-1.9179170278729516,0.878546563848052,0.0,2.5,0.49797597138563454
6.006111478514705,-1.9079170278729518,1.0661296512668363,0.0,2.5,0.5973340377227593
6.006111478514705,-1.897917027872952,1.0840458848082688,0.0,2.5,0.6086739775871136
6.006111478514705,-1.8879170278729522,1.0749508326784514,0.0,2.5,0.6206008702320955
6.006111478514705,-1.8779170278729524,1.023927730014818,0.0,2.5,0.6074298424089803
6.006111478514705,-1.8679170278729527,1.043878513087827,0.0,2.5,0.618245285885276
6.006111478514705,-1.8579170278729529,1.0183577583021202,0.0,2.5,0.6033798704266484
6.006111478514705,-1.847917027872953,1.0340618395482106,0.0,2.5,0.6108201464121396
6.006111478514705,-1.8379170278729533,1.0193484029658684,0.0,2.5,0.6056568811060171
6.006111478514705,-1.8279170278729535,1.0381654796668278,0.0,2.5,0.6137099975507234
6.006111478514705,-1.8179170278729537,0.9914506194451812,0.0,2.5,0.6262780839549272
6.016111478514705,-1.98791702787295,0.6516550725067528,0.0,2.5,0.5509079923213881
6.016111478514705,-1.9779170278729503,0.9387070811962239,0.0,2.5,0.6550214856371092
6.016111478514705,-1.9679170278729505,0.9071641596889063,0.0,2.5,0.6041697332381848
6.016111478514705,-1.9579170278729507,0.9426573997704145,0.0,2.5,0.6264697179375585
6.016111478514705,-1.947917027872951,0.9820048364519719,0.0,2.5,0.6392898618224507
6.016111478514705,-1.9379170278729512,0.9518592489145046,0.0,2.5,0.6250292217785705
6.016111478514705,-1.9279170278729514,1.000644116421142,0.0,2.5,0.6363561882141753
6.016111478514705,-1.8879170278729522,0.8744922961884053,0.0,2.5,0.5551723706915138
6.016111478514705,-1.8779170278729524,0.832536367956581,0.0,2.5,0.5100573857314472
6.016111478514705,-1.847917027872953,0.8214318364108367,0.0,2.5,0.5045505277657631
6.016111478514705,-1.8379170278729533,0.8198198320819202,0.0,2.5,0.5041005855247158
6.016111478514705,-1.8279170278729535,0.8248359861814873,0.0,2.5,0.5061822780549029
6.016111478514705,-1.8179170278729537,0.7599199400724754,0.0,2.5,0.5301720758905228
6.0261114785147045,-1.99791702787295,1.0063898042697426,0.0,2.5,0.614694227667284
6.0261114785147045,-1.98791702787295,0.9186543096711636,0.0,2.5,0.612158565022784
6.0261114785147045,-1.9779170278729503,0.9412517909628099,0.0,2.5,0.6156295327647194
6.0261114785147045,-1.9679170278729505,0.9301248466196772,0.0,2.5,0.6196295327647194
6.0261114785147045,-1.9579170278729507,0.9158451862268698,0.0,2.5,0.6181585650227839
6.0261114785147045,-1.947917027872951,0.7831881336267197,0.0,2.5,0.549721992879745
6.0261114785147045,-1.9379170278729512,0.8445512674198221,0.0,2.5,0.5120573857314472
6.0261114785147045,-1.9279170278729514,0.8214318364108367,0.0,2.5,0.5045505277657631
6.0261114785147045,-1.8879170278729522,0.8208934889554782,0.0,2.5,0.5029373202185934
6.0261114785147045,-1.8779170278729524,0.8241578857538653,0.0,2.5,0.5049373202185934
6.0261114785147045,-1.847917027872953,0.8241578857538653,0.0,2.5,0.5049373202185934
6.0261114785147045,-1.8379170278729533,0.8184590487066782,0.0,2.5,0.5032638508308382
6.0261114785147045,-1.8279170278729535,0.8189800987273972,0.0,2.5,0.502113833368779
6.0261114785147045,-1.8179170278729537,0.7312353144292403,0.0,2.5,0.5165479602977316
6.0261114785147045,-1.807917027872954,0.7085158189665847,0.0,2.5,0.5410465313441546
6.036111478514704,-2.0179170278729495,0.9832648503518423,0.0,2.5,0.6267020053930396
6.036111478514704,-2.0079170278729497,0.92274449870351,0.0,2.5,0.6161585650227839
6.036111478514704,-1.99791702787295,0.9419891142109198,0.0,2.5,0.6156295327647194
6.036111478514704,-1.98791702787295,0.9397181619299253,0.0,2.5,0.6141453698687918
6.036111478514704,-1.9779170278729503,0.937467399861972,0.0,2.5,0.6126744021268563
6.036111478514704,-1.9679170278729505,0.9392029528641954,0.0,2.5,0.6133794723294649
6.036111478514704,-1.9579170278729507,0.9490753630148865,0.0,2.5,0.6140427601434066
6.036111478514704,-1.947917027872951,0.9836087992069513,0.0,2.5,0.6160637630728978
6.036111478514704,-1.9379170278729512,0.7513195795309624,0.0,2.5,0.4940160007829886
6.046111478514704,-2.037917027872949,0.9836087992069513,0.0,2.5,0.6160637630728978
6.046111478514704,-2.0279170278729493,0.9490753630148865,0.0,2.5,0.6140427601434066
6.046111478514704,-2.0179170278729495,0.9392029528641954,0.0,2.5,0.6133794723294649
6.046111478514704,-2.0079170278729497,0.937467399861972,0.0,2.5,0.6126744021268563
6.046111478514704,-1.99791702787295,0.9397181619299253,0.0,2.5,0.6141453698687918
6.046111478514704,-1.98791702787295,0.9397181619299253,0.0,2.5,0.6141453698687918
6.046111478514704,-1.9779170278729503,0.9397181619299253,0.0,2.5,0.6141453698687918
6.046111478514704,-1.9679170278729505,0.9397181619299253,0.0,2.5,0.6141453698687918
6.046111478514704,-1.9579170278729507,0.9397181619299253,0.0,2.5,0.6141453698687918
6.046111478514704,-1.947917027872951,0.9397181619299253,0.0,2.5,0.6141453698687918
6.056111478514704,-2.047917027872949,0.9397181619299253,0.0,2.5,0.6141453698687918
6.056111478514704,-2.037917027872949,0.9397181619299253,0.0,2.5,0.6141453698687918
6.056111478514704,-2.0279170278729493,0.9397181619299253,0.0,2.5,0.6141453698687918
6.056111478514704,-2.0179170278729495,0.9397181619299253,0.0,2.5,0.6141453698687918
6.056111478514704,-2.0079170278729497,0.9397181619299253,0.0,2.5,0.6141453698687918
6.056111478514704,-1.99791702787295,0.9397181619299253,0.0,2.5,0.6141453698687918
6.056111478514704,-1.98791702787295,0.9397181619299253,0.0,2.5,0.6141453698687918
6.056111478514704,-1.9779170278729503,0.9397181619299253,0.0,2.5,0.6141453698687918
6.066111478514704,-2.0579170278729486,0.9397181619299253,0.0,2.5,0.6141453698687918
6.066111478514704,-2.047917027872949,0.9397181619299253,0.0,2.5,0.6141453698687918
6.066111478514704,-2.037917027872949,0.9397181619299253,0.0,2.5,0.6141453698687918
6.066111478514704,-2.0279170278729493,0.9397181619299253,0.0,2.5,0.6141453698687918
6.066111478514704,-2.0179170278729495,0.9397181619299253,0.0,2.5,0.6141453698687918
6.066111478514704,-2.0079170278729497,0.937467399861972,0.0,2.5,0.6126744021268563
6.066111478514704,-1.99791702787295,0.9376312984952389,0.0,2.5,0.6126513215271592
6.066111478514704,-1.98791702787295,0.9692896620440501,0.0,2.5,0.6214866393173247
6.066111478514704,-1.9779170278729503,0.990978981535006,0.0,2.5,0.6430214958186634
6.0761114785147035,-2.0679170278729484,0.7041207481939037,0.0,2.5,0.5081303296233254
6.0761114785147035,-2.0579170278729486,0.990978981535006,0.0,2.5,0.6430214958186634
6.0761114785147035,-2.047917027872949,0.9692896620440501,0.0,2.5,0.6214866393173247
6.0761114785147035,-2.037917027872949,0.9376312984952389,0.0,2.5,0.6126513215271592
6.0761114785147035,-2.0279170278729493,0.937467399861972,0.0,2.5,0.6126744021268563
6.0761114785147035,-2.0179170278729495,0.9397181619299253,0.0,2.5,0.6141453698687918
6.0761114785147035,-2.0079170278729497,0.937467399861972,0.0,2.5,0.6126744021268563
6.0761114785147035,-1.99791702787295,0.9376312984952389,0.0,2.5,0.6126513215271592
6.0761114785147035,-1.98791702787295,0.9666503027556983,0.0,2.5,0.6197943417531379
6.0761114785147035,-1.9779170278729503,0.9947494836307843,0.0,2.5,0.6430214958186634
6.086111478514703,-2.077917027872948,0.7375088519135763,0.0,2.5,0.5622221311766702
6.086111478514703,-2.0679170278729484,0.7375088519135763,0.0,2.5,0.5622221311766702
6.086111478514703,-2.0579170278729486,0.9947494836307843,0.0,2.5,0.6430214958186634
6.086111478514703,-2.047917027872949,0.9666503027556983,0.0,2.5,0.6197943417531379
6.086111478514703,-2.037917027872949,0.9376312984952389,0.0,2.5,0.6126513215271592
6.086111478514703,-2.0279170278729493,0.937467399861972,0.0,2.5,0.6126744021268563
6.086111478514703,-2.0179170278729495,0.937467399861972,0.0,2.5,0.6126744021268563
6.086111478514703,-2.0079170278729497,0.9376312984952389,0.0,2.5,0.6126513215271592
6.086111478514703,-1.99791702787295,0.9666503027556983,0.0,2.5,0.6197943417531379
6.086111478514703,-1.98791702787295,1.0001167741663295,0.0,2.5,0.6430214958186634
6.096111478514703,-2.0979170278729478,0.7552789308492591,0.0,2.5,0.5707829120943315
6.096111478514703,-2.087917027872948,0.7962851652299123,0.0,2.5,0.5858139621398217
6.096111478514703,-2.077917027872948,0.7962851652299123,0.0,2.5,0.5858139621398217
6.096111478514703,-2.0679170278729484,0.7552789308492591,0.0,2.5,0.5707829120943315
6.096111478514703,-2.0579170278729486,1.0001167741663295,0.0,2.5,0.6430214958186634
6.096111478514703,-2.047917027872949,0.9666503027556983,0.0,2.5,0.6197943417531379
6.096111478514703,-2.037917027872949,0.9376312984952389,0.0,2.5,0.6126513215271592
6.096111478514703,-2.0279170278729493,0.937467399861972,0.0,2.5,0.6126744021268563
6.096111478514703,-2.0179170278729495,0.937467399861972,0.0,2.5,0.6126744021268563
6.096111478514703,-2.0079170278729497,0.9376312984952389,0.0,2.5,0.6126513215271592
6.096111478514703,-1.99791702787295,0.9666503027556983,0.0,2.5,0.6197943417531379
6.096111478514703,-1.98791702787295,1.0001167741663295,0.0,2.5,0.6430214958186634
6.106111478514703,-2.137917027872947,0.7552789308492591,0.0,2.5,0.5707829120943315
6.106111478514703,-2.127917027872947,0.7962851652299123,0.0,2.5,0.5858139621398217
6.106111478514703,-2.1179170278729473,0.7978208871896001,0.0,2.5,0.5868208866932509
6.106111478514703,-2.1079170278729475,0.7978208871896001,0.0,2.5,0.5868208866932509
6.106111478514703,-2.0979170278729478,0.7978208871896001,0.0,2.5,0.5868208866932509
6.106111478514703,-2.087917027872948,0.7978208871896001,0.0,2.5,0.5868208866932509
6.106111478514703,-2.077917027872948,0.7962851652299123,0.0,2.5,0.5858139621398217
6.106111478514703,-2.0679170278729484,0.7552789308492591,0.0,2.5,0.5707829120943315
6.106111478514703,-2.0579170278729486,1.0001167741663295,0.0,2.5,0.6430214958186634
6.106111478514703,-2.047917027872949,0.9666503027556983,0.0,2.5,0.6197943417531379
6.106111478514703,-2.037917027872949,0.9376312984952389,0.0,2.5,0.6126513215271592
6.106111478514703,-2.0279170278729493,0.937467399861972,0.0,2.5,0.6126744021268563
6.106111478514703,-2.0179170278729495,0.937467399861972,0.0,2.5,0.6126744021268563
6.106111478514703,-2.0079170278729497,0.9376312984952389,0.0,2.5,0.6126513215271592
6.106111478514703,-1.99791702787295,0.9666503027556983,0.0,2.5,0.6197943417531379
6.106111478514703,-1.98791702787295,1.0001167741663295,0.0,2.5,0.6430214958186634
6.116111478514703,-2.1479170278729467,0.7552789308492591,0.0,2.5,0.5707829120943315
6.116111478514703,-2.137917027872947,0.7962851652299123,0.0,2.5,0.5858139621398217
6.116111478514703,-2.127917027872947,0.7978208871896001,0.0,2.5,0.5868208866932509
6.116111478514703,-2.1179170278729473,0.7978208871896001,0.0,2.5,0.5868208866932509
6.116111478514703,-2.1079170278729475,0.7978208871896001,0.0,2.5,0.5868208866932509
6.116111478514703,-2.0979170278729478,0.7978208871896001,0.0,2.5,0.5868208866932509
6.116111478514703,-2.087917027872948,0.7962851652299123,0.0,2.5,0.5858139621398217
6.116111478514703,-2.077917027872948,0.7552789308492591,0.0,2.5,0.5707829120943315
6.116111478514703,-2.0679170278729484,1.0001167741663295,0.0,2.5,0.6430214958186634
6.116111478514703,-2.0579170278729486,0.9666503027556983,0.0,2.5,0.6197943417531379
6.116111478514703,-2.047917027872949,0.9376312984952389,0.0,2.5,0.6126513215271592
6.116111478514703,-2.037917027872949,0.937467399861972,0.0,2.5,0.6126744021268563
6.116111478514703,-2.0279170278729493,0.9376312984952389,0.0,2.5,0.6126513215271592
6.116111478514703,-2.0179170278729495,0.9666503027556983,0.0,2.5,0.6197943417531379
6.116111478514703,-1.98791702787295,1.0001167741663295,0.0,2.5,0.6430214958186634
6.126111478514702,-2.1479170278729467,0.7552789308492591,0.0,2.5,0.5707829120943315
6.126111478514702,-2.137917027872947,0.7962851652299123,0.0,2.5,0.5858139621398217
6.126111478514702,-2.127917027872947,0.7978208871896001,0.0,2.5,0.5868208866932509
6.126111478514702,-2.1179170278729473,0.7978208871896001,0.0,2.5,0.5868208866932509
6.126111478514702,-2.1079170278729475,0.7978208871896001,0.0,2.5,0.5868208866932509
6.126111478514702,-2.0979170278729478,0.7978208871896001,0.0,2.5,0.5868208866932509
6.126111478514702,-2.087917027872948,0.7962851652299123,0.0,2.5,0.5858139621398217
6.126111478514702,-2.077917027872948,0.7552789308492591,0.0,2.5,0.5707829120943315
6.126111478514702,-2.0679170278729484,1.0001167741663295,0.0,2.5,0.6430214958186634
6.126111478514702,-2.0579170278729486,0.9684645670762917,0.0,2.5,0.6209576070592602
6.126111478514702,-2.047917027872949,0.9403566316119408,0.0,2.5,0.614002476421397
6.126111478514702,-2.037917027872949,0.9684645670762917,0.0,2.5,0.6209576070592602
6.126111478514702,-2.0279170278729493,1.0001167741663295,0.0,2.5,0.6430214958186634
6.136111478514702,-2.1579170278729465,0.7552789308492591,0.0,2.5,0.5707829120943315
6.136111478514702,-2.1479170278729467,0.7962851652299123,0.0,2.5,0.5858139621398217
6.136111478514702,-2.137917027872947,0.7978208871896001,0.0,2.5,0.5868208866932509
6.136111478514702,-2.127917027872947,0.7978208871896001,0.0,2.5,0.5868208866932509
6.136111478514702,-2.1179170278729473,0.7978208871896001,0.0,2.5,0.5868208866932509
6.136111478514702,-2.1079170278729475,0.7978208871896001,0.0,2.5,0.5868208866932509
6.136111478514702,-2.0979170278729478,0.7978208871896001,0.0,2.5,0.5868208866932509
6.136111478514702,-2.087917027872948,0.7962851652299123,0.0,2.5,0.5858139621398217
6.136111478514702,-2.077917027872948,0.7552789308492591,0.0,2.5,0.5707829120943315
6.136111478514702,-2.0679170278729484,1.0001167741663295,0.0,2.5,0.6430214958186634
6.136111478514702,-2.0579170278729486,0.9684645670762917,0.0,2.5,0.6209576070592602
6.136111478514702,-2.047917027872949,0.9403566316119408,0.0,2.5,0.614002476421397
6.136111478514702,-2.037917027872949,0.9684645670762917,0.0,2.5,0.6209576070592602
6.136111478514702,-2.0279170278729493,1.0001167741663295,0.0,2.5,0.6430214958186634
6.146111478514702,-2.1579170278729465,0.7552789308492591,0.0,2.5,0.5707829120943315
6.146111478514702,-2.1479170278729467,0.7962851652299123,0.0,2.5,0.5858139621398217
6.146111478514702,-2.137917027872947,0.7978208871896001,0.0,2.5,0.5868208866932509
6.146111478514702,-2.127917027872947,0.7978208871896001,0.0,2.5,0.5868208866932509
6.146111478514702,-2.1179170278729473,0.7978208871896001,0.0,2.5,0.5868208866932509
6.146111478514702,-2.1079170278729475,0.7978208871896001,0.0,2.5,0.5868208866932509
6.146111478514702,-2.0979170278729478,0.7978208871896001,0.0,2.5,0.5868208866932509
6.146111478514702,-2.087917027872948,0.7962851652299123,0.0,2.5,0.5858139621398217
6.146111478514702,-2.077917027872948,0.7552789308492591,0.0,2.5,0.5707829120943315
6.146111478514702,-2.0679170278729484,1.0001167741663295,0.0,2.5,0.6430214958186634
6.146111478514702,-2.0579170278729486,0.9684645670762917,0.0,2.5,0.6209576070592602
6.146111478514702,-2.047917027872949,0.9403566316119408,0.0,2.5,0.614002476421397
6.146111478514702,-2.037917027872949,0.9684645670762917,0.0,2.5,0.6209576070592602
6.146111478514702,-2.0279170278729493,1.0001167741663295,0.0,2.5,0.6430214958186634
6.156111478514702,-2.1579170278729465,0.7552789308492591,0.0,2.5,0.5707829120943315
6.156111478514702,-2.1479170278729467,0.7962851652299123,0.0,2.5,0.5858139621398217
6.156111478514702,-2.137917027872947,0.7978208871896001,0.0,2.5,0.5868208866932509
6.156111478514702,-2.127917027872947,0.7978208871896001,0.0,2.5,0.5868208866932509
6.156111478514702,-2.1179170278729473,0.7978208871896001,0.0,2.5,0.5868208866932509
6.156111478514702,-2.1079170278729475,0.7978208871896001,0.0,2.5,0.5868208866932509
6.156111478514702,-2.0979170278729478,0.7978208871896001,0.0,2.5,0.5868208866932509
6.156111478514702,-2.087917027872948,0.7962851652299123,0.0,2.5,0.5858139621398217
6.156111478514702,-2.077917027872948,0.7552789308492591,0.0,2.5,0.5707829120943315
6.156111478514702,-2.0679170278729484,1.0001167741663295,0.0,2.5,0.6430214958186634
6.156111478514702,-2.0579170278729486,0.9684645670762917,0.0,2.5,0.6209576070592602
6.156111478514702,-2.047917027872949,0.9403566316119408,0.0,2.5,0.614002476421397
6.156111478514702,-2.037917027872949,0.9684645670762917,0.0,2.5,0.6209576070592602
6.156111478514702,-2.0279170278729493,1.0001167741663295,0.0,2.5,0.6430214958186634
6.1661114785147015,-2.1579170278729465,0.7552789308492591,0.0,2.5,0.5707829120943315
6.1661114785147015,-2.1479170278729467,0.7962851652299123,0.0,2.5,0.5858139621398217
6.1661114785147015,-2.137917027872947,0.7978208871896001,0.0,2.5,0.5868208866932509
6.1661114785147015,-2.127917027872947,0.7978208871896001,0.0,2.5,0.5868208866932509
6.1661114785147015,-2.1179170278729473,0.7978208871896001,0.0,2.5,0.5868208866932509
6.1661114785147015,-2.1079170278729475,0.7978208871896001,0.0,2.5,0.5868208866932509
6.1661114785147015,-2.0979170278729478,0.7962851652299123,0.0,2.5,0.5858139621398217
6.1661114785147015,-2.087917027872948,0.7552789308492591,0.0,2.5,0.5707829120943315
6.1661114785147015,-2.077917027872948,1.0001167741663295,0.0,2.5,0.6430214958186634
6.1661114785147015,-2.0679170278729484,0.9666503027556983,0.0,2.5,0.6197943417531379
6.1661114785147015,-2.0579170278729486,0.9376312984952389,0.0,2.5,0.6126513215271592
6.1661114785147015,-2.047917027872949,0.9376312984952389,0.0,2.5,0.6126513215271592
6.1661114785147015,-2.037917027872949,0.9666503027556983,0.0,2.5,0.6197943417531379
6.1661114785147015,-2.0279170278729493,1.0001167741663295,0.0,2.5,0.6430214958186634
6.176111478514701,-2.1579170278729465,0.7552789308492591,0.0,2.5,0.5707829120943315
6.176111478514701,-2.1479170278729467,0.7962851652299123,0.0,2.5,0.5858139621398217
6.176111478514701,-2.137917027872947,0.7978208871896001,0.0,2.5,0.5868208866932509
6.176111478514701,-2.127917027872947,0.7978208871896001,0.0,2.5,0.5868208866932509
6.176111478514701,-2.1179170278729473,0.7978208871896001,0.0,2.5,0.5868208866932509
6.176111478514701,-2.1079170278729475,0.7978208871896001,0.0,2.5,0.5868208866932509
6.176111478514701,-2.0979170278729478,0.7962851652299123,0.0,2.5,0.5858139621398217
6.176111478514701,-2.087917027872948,0.7552789308492591,0.0,2.5,0.5707829120943315
6.176111478514701,-2.077917027872948,1.0001167741663295,0.0,2.5,0.6430214958186634
6.176111478514701,-2.0679170278729484,0.9666503027556983,0.0,2.5,0.6197943417531379
6.176111478514701,-2.0579170278729486,0.9376312984952389,0.0,2.5,0.6126513215271592
6.176111478514701,-2.047917027872949,0.9376312984952389,0.0,2.5,0.6126513215271592
6.176111478514701,-2.037917027872949,0.9666503027556983,0.0,2.5,0.6197943417531379
6.176111478514701,-2.0279170278729493,1.0001167741663295,0.0,2.5,0.6430214958186634
6.186111478514701,-2.1579170278729465,0.7552789308492591,0.0,2.5,0.5707829120943315
6.186111478514701,-2.1479170278729467,0.7962851652299123,0.0,2.5,0.5858139621398217
6.186111478514701,-2.137917027872947,0.7978208871896001,0.0,2.5,0.5868208866932509
6.186111478514701,-2.127917027872947,0.7978208871896001,0.0,2.5,0.5868208866932509
6.186111478514701,-2.1179170278729473,0.7978208871896001,0.0,2.5,0.5868208866932509
6.186111478514701,-2.1079170278729475,0.7978208871896001,0.0,2.5,0.5868208866932509
6.186111478514701,-2.0979170278729478,0.7962851652299123,0.0,2.5,0.5858139621398217
6.186111478514701,-2.087917027872948,0.7552789308492591,0.0,2.5,0.5707829120943315
6.186111478514701,-2.077917027872948,1.0001167741663295,0.0,2.5,0.6430214958186634
6.186111478514701,-2.0679170278729484,0.9684645670762917,0.0,2.5,0.6209576070592602
6.186111478514701,-2.0579170278729486,0.9403566316119408,0.0,2.5,0.614002476421397
6.186111478514701,-2.047917027872949,0.9684645670762917,0.0,2.5,0.6209576070592602
6.186111478514701,-2.037917027872949,1.0001167741663295,0.0,2.5,0.6430214958186634
6.196111478514701,-2.1479170278729467,0.7552789308492591,0.0,2.5,0.5707829120943315
6.196111478514701,-2.137917027872947,0.7962851652299123,0.0,2.5,0.5858139621398217
6.196111478514701,-2.127917027872947,0.7978208871896001,0.0,2.5,0.5868208866932509
6.196111478514701,-2.1179170278729473,0.7978208871896001,0.0,2.5,0.5868208866932509
6.196111478514701,-2.1079170278729475,0.7978208871896001,0.0,2.5,0.5868208866932509
6.196111478514701,-2.0979170278729478,0.7962851652299123,0.0,2.5,0.5858139621398217
6.196111478514701,-2.087917027872948,0.7552789308492591,0.0,2.5,0.5707829120943315
6.196111478514701,-2.077917027872948,1.0001167741663295,0.0,2.5,0.6430214958186634
6.196111478514701,-2.0679170278729484,0.9707253997572625,0.0,2.5,0.6209576070592602
6.196111478514701,-2.0579170278729486,0.9707253997572625,0.0,2.5,0.6209576070592602
6.196111478514701,-2.047917027872949,1.0001167741663295,0.0,2.5,0.6430214958186634
6.206111478514701,-2.1479170278729467,0.7552789308492591,0.0,2.5,0.5707829120943315
6.206111478514701,-2.137917027872947,0.7962851652299123,0.0,2.5,0.5858139621398217
6.206111478514701,-2.127917027872947,0.7978208871896001,0.0,2.5,0.5868208866932509
6.206111478514701,-2.1179170278729473,0.7978208871896001,0.0,2.5,0.5868208866932509
6.206111478514701,-2.1079170278729475,0.7978208871896001,0.0,2.5,0.5868208866932509
6.206111478514701,-2.0979170278729478,0.7962851652299123,0.0,2.5,0.5858139621398217
6.206111478514701,-2.087917027872948,0.7552789308492591,0.0,2.5,0.5707829120943315
6.206111478514701,-2.077917027872948,1.0001167741663295,0.0,2.5,0.6430214958186634
6.206111478514701,-2.0679170278729484,0.9684645670762917,0.0,2.5,0.6209576070592602
6.206111478514701,-2.0579170278729486,0.9403566316119408,0.0,2.5,0.614002476421397
6.206111478514701,-2.047917027872949,0.9666503027556983,0.0,2.5,0.6197943417531379
6.206111478514701,-2.037917027872949,0.9947494836307843,0.0,2.5,0.6430214958186634
6.2161114785147005,-2.1079170278729475,0.7375088519135763,0.0,2.5,0.5622221311766702
6.2161114785147005,-2.0979170278729478,0.7375088519135763,0.0,2.5,0.5622221311766702
6.2161114785147005,-2.087917027872948,0.9947494836307843,0.0,2.5,0.6430214958186634
6.2161114785147005,-2.077917027872948,0.9666503027556983,0.0,2.5,0.6197943417531379
6.2161114785147005,-2.0679170278729484,0.9376312984952389,0.0,2.5,0.6126513215271592
6.2161114785147005,-2.0579170278729486,0.937467399861972,0.0,2.5,0.6126744021268563
6.2161114785147005,-2.047917027872949,0.9376312984952389,0.0,2.5,0.6126513215271592
6.2161114785147005,-2.037917027872949,0.9692896620440501,0.0,2.5,0.6214866393173247
6.2161114785147005,-2.0279170278729493,0.990978981535006,0.0,2.5,0.6430214958186634
6.2261114785147,-2.0979170278729478,0.7041207481939037,0.0,2.5,0.5081303296233254
6.2261114785147,-2.087917027872948,0.990978981535006,0.0,2.5,0.6430214958186634
6.2261114785147,-2.077917027872948,0.9692896620440501,0.0,2.5,0.6214866393173247
6.2261114785147,-2.0679170278729484,0.9376312984952389,0.0,2.5,0.6126513215271592
6.2261114785147,-2.0579170278729486,0.937467399861972,0.0,2.5,0.6126744021268563
6.2261114785147,-2.047917027872949,0.9376312984952389,0.0,2.5,0.6126513215271592
6.2261114785147,-2.037917027872949,0.9692896620440501,0.0,2.5,0.6214866393173247
6.2261114785147,-2.0279170278729493,0.990978981535006,0.0,2.5,0.6430214958186634
6.2361114785147,-2.0979170278729478,0.7041207481939037,0.0,2.5,0.5081303296233254
6.2361114785147,-2.087917027872948,0.990978981535006,0.0,2.5,0.6430214958186634
6.2361114785147,-2.077917027872948,0.9692896620440501,0.0,2.5,0.6214866393173247
6.2361114785147,-2.0679170278729484,0.9376312984952389,0.0,2.5,0.6126513215271592
6.2361114785147,-2.0579170278729486,0.937467399861972,0.0,2.5,0.6126744021268563
6.2361114785147,-2.047917027872949,0.9376312984952389,0.0,2.5,0.6126513215271592
6.2361114785147,-2.037917027872949,0.9692896620440501,0.0,2.5,0.6214866393173247
6.2361114785147,-2.0279170278729493,0.990978981535006,0.0,2.5,0.6430214958186634
6.2461114785147,-2.0979170278729478,0.7041207481939037,0.0,2.5,0.5081303296233254
6.2461114785147,-2.087917027872948,0.990978981535006,0.0,2.5,0.6430214958186634
6.2461114785147,-2.077917027872948,0.9692896620440501,0.0,2.5,0.6214866393173247
6.2461114785147,-2.0679170278729484,0.9376312984952389,0.0,2.5,0.6126513215271592
6.2461114785147,-2.0579170278729486,0.937467399861972,0.0,2.5,0.6126744021268563
6.2461114785147,-2.047917027872949,0.9376312984952389,0.0,2.5,0.6126513215271592
6.2461114785147,-2.037917027872949,0.9692896620440501,0.0,2.5,0.6214866393173247
6.2461114785147,-2.0279170278729493,0.990978981535006,0.0,2.5,0.6430214958186634
6.2561114785147,-2.0979170278729478,0.7041207481939037,0.0,2.5,0.5081303296233254
6.2561114785147,-2.087917027872948,0.990978981535006,0.0,2.5,0.6430214958186634
6.2561114785147,-2.077917027872948,0.9692896620440501,0.0,2.5,0.6214866393173247
6.2561114785147,-2.0679170278729484,0.9376312984952389,0.0,2.5,0.6126513215271592
6.2561114785147,-2.0579170278729486,0.937467399861972,0.0,2.5,0.6126744021268563
6.2561114785147,-2.047917027872949,0.9397181619299253,0.0,2.5,0.6141453698687918
6.2561114785147,-2.037917027872949,0.9397181619299253,0.0,2.5,0.6141453698687918
6.2561114785147,-2.0279170278729493,0.9397181619299253,0.0,2.5,0.6141453698687918
6.2561114785147,-2.0179170278729495,0.9397181619299253,0.0,2.5,0.6141453698687918
6.266111478514699,-2.087917027872948,0.9397181619299253,0.0,2.5,0.6141453698687918
6.266111478514699,-2.077917027872948,0.9397181619299253,0.0,2.5,0.6141453698687918
6.266111478514699,-2.0679170278729484,0.9397181619299253,0.0,2.5,0.6141453698687918
6.266111478514699,-2.0579170278729486,0.9397181619299253,0.0,2.5,0.6141453698687918
6.266111478514699,-2.047917027872949,0.9397181619299253,0.0,2.5,0.6141453698687918
6.266111478514699,-2.037917027872949,0.9397181619299253,0.0,2.5,0.6141453698687918
6.266111478514699,-2.0279170278729493,0.9397181619299253,0.0,2.5,0.6141453698687918
6.266111478514699,-2.0179170278729495,0.9397181619299253,0.0,2.5,0.6141453698687918
6.276111478514699,-2.087917027872948,0.9397181619299253,0.0,2.5,0.6141453698687918
6.276111478514699,-2.077917027872948,0.9397181619299253,0.0,2.5,0.6141453698687918
6.276111478514699,-2.0679170278729484,0.9397181619299253,0.0,2.5,0.6141453698687918
6.276111478514699,-2.0579170278729486,0.9397181619299253,0.0,2.5,0.6141453698687918
6.276111478514699,-2.047917027872949,0.9397181619299253,0.0,2.5,0.6141453698687918
6.276111478514699,-2.037917027872949,0.9397181619299253,0.0,2.5,0.6141453698687918
6.276111478514699,-2.0279170278729493,0.9397181619299253,0.0,2.5,0.6141453698687918
6.276111478514699,-2.0179170278729495,0.9397181619299253,0.0,2.5,0.6141453698687918
6.276111478514699,-2.0079170278729497,0.9397181619299253,0.0,2.5,0.6141453698687918
6.286111478514699,-2.0979170278729478,0.9397181619299253,0.0,2.5,0.6141453698687918
6.286111478514699,-2.087917027872948,0.9397181619299253,0.0,2.5,0.6141453698687918
6.296111478514699,-2.0979170278729478,0.9397181619299253,0.0,2.5,0.6141453698687918
